ISO-10303-21;
HEADER;
FILE_DESCRIPTION (( 'STEP AP214' ),
    '1' );
FILE_NAME ('PICO_PCB_w_shield.STEP',
    '2022-04-27T07:33:38',
    ( '' ),
    ( '' ),
    'SwSTEP 2.0',
    'SolidWorks 2021',
    '' );
FILE_SCHEMA (( 'AUTOMOTIVE_DESIGN' ));
ENDSEC;

DATA;
#1 = VERTEX_POINT ( 'NONE', #5741 ) ;
#2 = VERTEX_POINT ( 'NONE', #10072 ) ;
#4 = ADVANCED_FACE ( 'NONE', ( #9194 ), #5451, .T. ) ;
#3 = LINE ( 'NONE', #9180, #10033 ) ;
#5 = ADVANCED_FACE ( 'NONE', ( #5684 ), #10690, .F. ) ;
#6 = CARTESIAN_POINT ( 'NONE',  ( 8.773800045999999853, -0.1499999080000011809, -0.2207106321186549924 ) ) ;
#7 = VERTEX_POINT ( 'NONE', #2390 ) ;
#8 = FACE_OUTER_BOUND ( 'NONE', #7881, .T. ) ;
#9 = EDGE_LOOP ( 'NONE', ( #166, #6435, #7533, #10381 ) ) ;
#10 = CARTESIAN_POINT ( 'NONE',  ( -8.802435257484010123, 0.01849220858897355005, -19.52539623682114822 ) ) ;
#11 = PLANE ( 'NONE',  #9026 ) ;
#12 = ORIENTED_EDGE ( 'NONE', *, *, #7335, .T. ) ;
#13 = AXIS2_PLACEMENT_3D ( 'NONE', #9838, #1478, #4849 ) ;
#15 = ADVANCED_FACE ( 'NONE', ( #5083 ), #4975, .T. ) ;
#14 = CARTESIAN_POINT ( 'NONE',  ( 8.871868808147619134, 0.01870651413289840109, -19.35422053667469910 ) ) ;
#16 = EDGE_CURVE ( 'NONE', #9224, #6107, #2333, .T. ) ;
#17 = PLANE ( 'NONE',  #267 ) ;
#18 = CARTESIAN_POINT ( 'NONE',  ( 8.623800091999999751, 4.600000016855879712E-08, -0.4707106321186549924 ) ) ;
#19 = CARTESIAN_POINT ( 'NONE',  ( 8.545613748222779193, -0.01423729588895105910, -19.53414299789869801 ) ) ;
#20 = ORIENTED_EDGE ( 'NONE', *, *, #4816, .T. ) ;
#21 = DIRECTION ( 'NONE',  ( 3.428527292728005007E-31, -9.035020874785489318E-17, 1.000000000000000000 ) ) ;
#22 = CARTESIAN_POINT ( 'NONE',  ( -8.004137898099989101, -0.06111922942101939704, -20.14389387961089639 ) ) ;
#23 = CARTESIAN_POINT ( 'NONE',  ( -9.000000000000000000, -1.550000000000000044, 0.000000000000000000 ) ) ;
#24 = VECTOR ( 'NONE', #10796, 1000.000000000000000 ) ;
#25 = ORIENTED_EDGE ( 'NONE', *, *, #5166, .T. ) ;
#26 = VERTEX_POINT ( 'NONE', #725 ) ;
#27 = ORIENTED_EDGE ( 'NONE', *, *, #1651, .F. ) ;
#28 = DIRECTION ( 'NONE',  ( 1.000000000000000000, 0.000000000000000000, 8.904572318030769708E-17 ) ) ;
#29 = ADVANCED_FACE ( 'NONE', ( #4096 ), #6667, .T. ) ;
#30 = CARTESIAN_POINT ( 'NONE',  ( -7.886015614097229509, -1.499999954000033942, -20.39880008000000089 ) ) ;
#31 = ORIENTED_EDGE ( 'NONE', *, *, #3195, .T. ) ;
#32 = CIRCLE ( 'NONE', #1601, 0.2999999999999999334 ) ;
#33 = CARTESIAN_POINT ( 'NONE',  ( 8.773800046000008734, -1.802799999999999958, -18.04101943999999946 ) ) ;
#34 = DIRECTION ( 'NONE',  ( -1.000000000000000000, 0.000000000000000000, 0.000000000000000000 ) ) ;
#35 = CARTESIAN_POINT ( 'NONE',  ( 0.9499999999999999556, 11.00000000000000000, 0.8719667599999999519 ) ) ;
#36 = DIRECTION ( 'NONE',  ( -0.7071067811865489050, -2.788888495891974609E-15, 0.7071067811865460184 ) ) ;
#37 = LINE ( 'NONE', #4899, #6708 ) ;
#38 = CARTESIAN_POINT ( 'NONE',  ( 7.890014929625221107, -1.499999953999898050, -79.67810574249129729 ) ) ;
#39 = ADVANCED_FACE ( 'NONE', ( #3275 ), #9137, .F. ) ;
#40 = EDGE_CURVE ( 'NONE', #3749, #10245, #780, .T. ) ;
#41 = ORIENTED_EDGE ( 'NONE', *, *, #3858, .T. ) ;
#42 = ORIENTED_EDGE ( 'NONE', *, *, #1090, .F. ) ;
#43 = AXIS2_PLACEMENT_3D ( 'NONE', #10106, #3418, #9286 ) ;
#44 = DIRECTION ( 'NONE',  ( 0.000000000000000000, 0.000000000000000000, -1.000000000000000000 ) ) ;
#45 = ADVANCED_FACE ( 'NONE', ( #8379 ), #17, .F. ) ;
#46 = ORIENTED_EDGE ( 'NONE', *, *, #5483, .T. ) ;
#47 = CARTESIAN_POINT ( 'NONE',  ( 1.123399497764047794, -1.499999954000070135, -20.39880008000000089 ) ) ;
#48 = VECTOR ( 'NONE', #10313, 1000.000000000000000 ) ;
#49 = CARTESIAN_POINT ( 'NONE',  ( -7.821022843680750292, -0.06112860361460539099, -20.21988381463575024 ) ) ;
#50 = ORIENTED_EDGE ( 'NONE', *, *, #8530, .F. ) ;
#51 = CARTESIAN_POINT ( 'NONE',  ( -9.000000000000000000, -5.000000000000000000, 0.8719667599999999519 ) ) ;
#52 = VECTOR ( 'NONE', #5464, 1000.000000000000000 ) ;
#53 = AXIS2_PLACEMENT_3D ( 'NONE', #8614, #4508, #4348 ) ;
#54 = EDGE_CURVE ( 'NONE', #2421, #10444, #6883, .T. ) ;
#55 = ORIENTED_EDGE ( 'NONE', *, *, #7095, .T. ) ;
#56 = ORIENTED_EDGE ( 'NONE', *, *, #9216, .T. ) ;
#57 = DIRECTION ( 'NONE',  ( 0.000000000000000000, -2.903302832784645416E-15, 1.000000000000000000 ) ) ;
#58 = VECTOR ( 'NONE', #2775, 1000.000000000000114 ) ;
#59 = LINE ( 'NONE', #8576, #4303 ) ;
#60 = ORIENTED_EDGE ( 'NONE', *, *, #2998, .F. ) ;
#61 = CARTESIAN_POINT ( 'NONE',  ( -6.383799999999999919, -1.499999954000070135, -4.872199104097219902 ) ) ;
#62 = ORIENTED_EDGE ( 'NONE', *, *, #6494, .T. ) ;
#63 =( NAMED_UNIT ( * ) PLANE_ANGLE_UNIT ( ) SI_UNIT ( $, .RADIAN. ) );
#64 = LINE ( 'NONE', #10122, #4459 ) ;
#65 = CARTESIAN_POINT ( 'NONE',  ( -7.886015114097229883, 0.01838498511474300282, -20.34708724893059895 ) ) ;
#66 = VECTOR ( 'NONE', #9688, 1000.000000000000000 ) ;
#67 = EDGE_CURVE ( 'NONE', #372, #8171, #3656, .T. ) ;
#68 = ORIENTED_EDGE ( 'NONE', *, *, #10518, .F. ) ;
#69 = DIRECTION ( 'NONE',  ( 0.000000000000000000, 0.000000000000000000, 1.000000000000000000 ) ) ;
#70 = DIRECTION ( 'NONE',  ( 0.000000000000000000, -1.000000000000000000, -3.491481338843135327E-15 ) ) ;
#71 = VECTOR ( 'NONE', #9851, 1000.000000000000114 ) ;
#72 = DIRECTION ( 'NONE',  ( 1.000000000000000000, 0.000000000000000000, 0.000000000000000000 ) ) ;
#73 = FACE_OUTER_BOUND ( 'NONE', #1193, .T. ) ;
#74 = CARTESIAN_POINT ( 'NONE',  ( 14.09646733281993924, 5.466489313404349760E-14, -14.09646733281990016 ) ) ;
#75 = EDGE_LOOP ( 'NONE', ( #8782, #9462, #8284, #6415 ) ) ;
#76 = CARTESIAN_POINT ( 'NONE',  ( 7.882819280485569458, -0.06570027392377560116, -20.22287096667145079 ) ) ;
#77 = SURFACE_STYLE_FILL_AREA ( #1561 ) ;
#78 = CARTESIAN_POINT ( 'NONE',  ( 8.702185907131779530, -0.1339376174114272067, -0.1508624293324375143 ) ) ;
#79 = DIRECTION ( 'NONE',  ( 3.848953698056000290E-15, -1.000000000000000000, -1.674047928902419981E-31 ) ) ;
#80 = EDGE_CURVE ( 'NONE', #10694, #2363, #7713, .T. ) ;
#81 = EDGE_CURVE ( 'NONE', #1230, #2079, #6945, .T. ) ;
#82 = ORIENTED_EDGE ( 'NONE', *, *, #3419, .F. ) ;
#83 = VECTOR ( 'NONE', #10654, 1000.000000000000000 ) ;
#84 = ORIENTED_EDGE ( 'NONE', *, *, #9850, .T. ) ;
#85 = ORIENTED_EDGE ( 'NONE', *, *, #938, .T. ) ;
#86 = DIRECTION ( 'NONE',  ( 1.000000000000000000, 0.000000000000000000, 0.000000000000000000 ) ) ;
#87 = CARTESIAN_POINT ( 'NONE',  ( 9.000000000000000000, 3.449999999999999734, 0.000000000000000000 ) ) ;
#88 = ORIENTED_EDGE ( 'NONE', *, *, #3552, .T. ) ;
#89 = FACE_OUTER_BOUND ( 'NONE', #4167, .T. ) ;
#90 = DIRECTION ( 'NONE',  ( 0.000000000000000000, 0.000000000000000000, -1.000000000000000000 ) ) ;
#91 = LINE ( 'NONE', #5103, #10125 ) ;
#92 = CARTESIAN_POINT ( 'NONE',  ( -8.773800045999999853, -1.499999954000060143, -3.976198864097220120 ) ) ;
#93 = DIRECTION ( 'NONE',  ( -7.401486830834660505E-14, -1.000000000000000000, 0.000000000000000000 ) ) ;
#94 = CARTESIAN_POINT ( 'NONE',  ( -8.923799999999999955, -1.802799999999999958, -9.297199144097220369 ) ) ;
#95 = EDGE_CURVE ( 'NONE', #3483, #2826, #3543, .T. ) ;
#96 = ORIENTED_EDGE ( 'NONE', *, *, #2844, .T. ) ;
#97 = ORIENTED_EDGE ( 'NONE', *, *, #1827, .F. ) ;
#98 = DIRECTION ( 'NONE',  ( -1.833260990695674992E-13, 1.000000000000000000, 3.848953698056000290E-15 ) ) ;
#99 = ORIENTED_EDGE ( 'NONE', *, *, #9452, .F. ) ;
#100 = CARTESIAN_POINT ( 'NONE',  ( 9.000000000000000000, 11.00000000000000000, 0.8719667599999999519 ) ) ;
#101 = AXIS2_PLACEMENT_3D ( 'NONE', #9308, #3384, #10022 ) ;
#102 = CARTESIAN_POINT ( 'NONE',  ( -8.002267239413990652, -1.802799999999999958, -20.39880008000000089 ) ) ;
#103 = ORIENTED_EDGE ( 'NONE', *, *, #3108, .F. ) ;
#104 = EDGE_CURVE ( 'NONE', #8794, #2964, #8270, .T. ) ;
#105 = DIRECTION ( 'NONE',  ( -1.000000000000000000, -3.629128540980805093E-15, -8.904572318030769708E-17 ) ) ;
#106 = EDGE_CURVE ( 'NONE', #7128, #8339, #2823, .T. ) ;
#107 = ORIENTED_EDGE ( 'NONE', *, *, #1755, .T. ) ;
#108 = VECTOR ( 'NONE', #1774, 1000.000000000000000 ) ;
#109 = EDGE_LOOP ( 'NONE', ( #1900, #3362, #2554, #9473 ) ) ;
#110 = CIRCLE ( 'NONE', #6609, 0.2999999999999999334 ) ;
#111 = CARTESIAN_POINT ( 'NONE',  ( -8.709538048580530045, -0.06564668205627209596, -19.44267638930880082 ) ) ;
#112 = CARTESIAN_POINT ( 'NONE',  ( -8.643143749512368856, 0.1499999999999988287, -19.36101569409725087 ) ) ;
#113 = ORIENTED_EDGE ( 'NONE', *, *, #2519, .F. ) ;
#114 = DIRECTION ( 'NONE',  ( 2.165663860217734623E-28, 0.000000000000000000, 1.000000000000000000 ) ) ;
#115 = EDGE_CURVE ( 'NONE', #5575, #3319, #10612, .T. ) ;
#116 = AXIS2_PLACEMENT_3D ( 'NONE', #1220, #7209, #4750 ) ;
#117 = EDGE_LOOP ( 'NONE', ( #55, #20, #9548, #6684 ) ) ;
#118 = VECTOR ( 'NONE', #1018, 1000.000000000000000 ) ;
#119 = LINE ( 'NONE', #2604, #3235 ) ;
#120 = CARTESIAN_POINT ( 'NONE',  ( -7.886015614097229509, -1.499999954000033942, -20.24880012599999901 ) ) ;
#121 = VERTEX_POINT ( 'NONE', #6064 ) ;
#122 = VECTOR ( 'NONE', #8729, 1000.000000000000000 ) ;
#123 = CARTESIAN_POINT ( 'NONE',  ( 14.09646733281990016, -1.499999954000502012, -14.09646733281993924 ) ) ;
#124 = FACE_OUTER_BOUND ( 'NONE', #1179, .T. ) ;
#125 = CARTESIAN_POINT ( 'NONE',  ( -7.962638661986080280, -0.06575385963319291260, -20.18967878509965175 ) ) ;
#126 = CARTESIAN_POINT ( 'NONE',  ( -6.383799999999999919, -1.499999954000070135, -8.976199024097221368 ) ) ;
#127 = EDGE_CURVE ( 'NONE', #1144, #1927, #7658, .T. ) ;
#128 = CARTESIAN_POINT ( 'NONE',  ( 9.000000000000000000, -7.799999999999999822, 0.8719667599999999519 ) ) ;
#129 = VERTEX_POINT ( 'NONE', #6998 ) ;
#130 = PLANE ( 'NONE',  #5854 ) ;
#131 = DIRECTION ( 'NONE',  ( 0.000000000000000000, 0.000000000000000000, 1.000000000000000000 ) ) ;
#132 = CARTESIAN_POINT ( 'NONE',  ( -8.013095926879879372, 4.600000109013059741E-08, -19.96370745392984958 ) ) ;
#133 = AXIS2_PLACEMENT_3D ( 'NONE', #9210, #3238, #10813 ) ;
#134 = CARTESIAN_POINT ( 'NONE',  ( -8.923799999999999955, -1.499999954000060143, -3.976198864097220120 ) ) ;
#135 = AXIS2_PLACEMENT_3D ( 'NONE', #7940, #7779, #2114 ) ;
#136 = ORIENTED_EDGE ( 'NONE', *, *, #522, .F. ) ;
#137 = ORIENTED_EDGE ( 'NONE', *, *, #6961, .T. ) ;
#138 = VERTEX_POINT ( 'NONE', #8536 ) ;
#139 = CARTESIAN_POINT ( 'NONE',  ( -3.449999999999999734, 11.00000000000000000, 0.000000000000000000 ) ) ;
#140 = VERTEX_POINT ( 'NONE', #9417 ) ;
#141 = CARTESIAN_POINT ( 'NONE',  ( 8.714678705099700551, -0.06575385963319539673, -19.44163805751400176 ) ) ;
#142 = DIRECTION ( 'NONE',  ( 0.000000000000000000, 0.000000000000000000, -1.000000000000000000 ) ) ;
#143 = EDGE_CURVE ( 'NONE', #7285, #8319, #3436, .T. ) ;
#144 = FACE_OUTER_BOUND ( 'NONE', #8904, .T. ) ;
#145 = EDGE_CURVE ( 'NONE', #738, #3112, #8587, .T. ) ;
#146 = FACE_OUTER_BOUND ( 'NONE', #6973, .T. ) ;
#147 = DIRECTION ( 'NONE',  ( 1.000000000000000000, 0.000000000000000000, 0.000000000000000000 ) ) ;
#148 = FACE_OUTER_BOUND ( 'NONE', #6822, .T. ) ;
#149 = CARTESIAN_POINT ( 'NONE',  ( -9.000000000000000000, 11.00000000000000000, 0.8719667599999999519 ) ) ;
#150 = ORIENTED_EDGE ( 'NONE', *, *, #2106, .T. ) ;
#151 = ORIENTED_EDGE ( 'NONE', *, *, #6200, .T. ) ;
#152 = DIRECTION ( 'NONE',  ( -1.000000000000000000, -3.629128540980805093E-15, -8.904572318030769708E-17 ) ) ;
#153 = ORIENTED_EDGE ( 'NONE', *, *, #1038, .F. ) ;
#154 = CARTESIAN_POINT ( 'NONE',  ( 8.923799999999999955, -1.499999954000104108, -17.04501940000000104 ) ) ;
#155 = ADVANCED_FACE ( 'NONE', ( #1936 ), #6169, .F. ) ;
#156 = DIRECTION ( 'NONE',  ( -1.833260990695839833E-13, 1.000000000000000000, 3.848953698056000290E-15 ) ) ;
#157 = VERTEX_POINT ( 'NONE', #6118 ) ;
#158 = LINE ( 'NONE', #6976, #1797 ) ;
#159 = EDGE_LOOP ( 'NONE', ( #2092, #4894, #2672, #5112 ) ) ;
#160 = ORIENTED_EDGE ( 'NONE', *, *, #173, .T. ) ;
#161 = ADVANCED_FACE ( 'NONE', ( #1053 ), #1109, .T. ) ;
#162 = PLANE ( 'NONE',  #3021 ) ;
#163 = EDGE_CURVE ( 'NONE', #991, #434, #5354, .T. ) ;
#164 = DIRECTION ( 'NONE',  ( 1.000000000000000000, 0.000000000000000000, 0.000000000000000000 ) ) ;
#165 = DIRECTION ( 'NONE',  ( 0.000000000000000000, 0.000000000000000000, 1.000000000000000000 ) ) ;
#166 = ORIENTED_EDGE ( 'NONE', *, *, #10355, .T. ) ;
#167 = PLANE ( 'NONE',  #4349 ) ;
#168 = ORIENTED_EDGE ( 'NONE', *, *, #4301, .T. ) ;
#169 = FILL_AREA_STYLE_COLOUR ( '', #1859 ) ;
#170 = CARTESIAN_POINT ( 'NONE',  ( -8.797243944478978506, 0.01870651413284295239, -19.53038157910724948 ) ) ;
#171 = DIRECTION ( 'NONE',  ( -1.000000000000000000, 0.000000000000000000, 0.000000000000000000 ) ) ;
#172 = ORIENTED_EDGE ( 'NONE', *, *, #8049, .T. ) ;
#173 = EDGE_CURVE ( 'NONE', #3483, #9766, #3493, .T. ) ;
#174 = ADVANCED_FACE ( 'NONE', ( #3600 ), #6941, .F. ) ;
#175 = DIRECTION ( 'NONE',  ( -0.7071067811865460184, 5.120605922953209958E-14, -0.7071067811865489050 ) ) ;
#176 = DIRECTION ( 'NONE',  ( 1.000000000000000000, 0.000000000000000000, 0.000000000000000000 ) ) ;
#177 = CARTESIAN_POINT ( 'NONE',  ( -9.000000000000000000, -2.200000000000000178, 0.000000000000000000 ) ) ;
#178 = ORIENTED_EDGE ( 'NONE', *, *, #6013, .F. ) ;
#179 = LINE ( 'NONE', #8698, #108 ) ;
#180 = ORIENTED_EDGE ( 'NONE', *, *, #5190, .F. ) ;
#181 = CARTESIAN_POINT ( 'NONE',  ( -9.000000000000000000, 2.799999999999999822, 0.8719667599999999519 ) ) ;
#182 = CARTESIAN_POINT ( 'NONE',  ( -8.923799999999999955, -1.802799999999999958, -18.04719942409725064 ) ) ;
#183 = DIRECTION ( 'NONE',  ( 0.000000000000000000, -1.000000000000000000, -3.848953698056000290E-15 ) ) ;
#184 = VECTOR ( 'NONE', #5877, 1000.000000000000000 ) ;
#185 = DIRECTION ( 'NONE',  ( 0.000000000000000000, 0.000000000000000000, 1.000000000000000000 ) ) ;
#186 = ORIENTED_EDGE ( 'NONE', *, *, #10042, .T. ) ;
#187 = ORIENTED_EDGE ( 'NONE', *, *, #7153, .T. ) ;
#188 = ADVANCED_FACE ( 'NONE', ( #4481 ), #1772, .F. ) ;
#189 = DIRECTION ( 'NONE',  ( 1.000000000000000000, 0.000000000000000000, 0.000000000000000000 ) ) ;
#190 = ORIENTED_EDGE ( 'NONE', *, *, #1436, .T. ) ;
#191 = CARTESIAN_POINT ( 'NONE',  ( 8.608731862337890561, -0.04087436630422584816, -19.51902977729680089 ) ) ;
#192 = CARTESIAN_POINT ( 'NONE',  ( -8.699999999999999289, -8.750000000000000000, 0.000000000000000000 ) ) ;
#193 = CARTESIAN_POINT ( 'NONE',  ( -1.735611465363390132E-22, 4.599997262596139721E-08, -0.4707106321186560471 ) ) ;
#194 = LINE ( 'NONE', #3621, #48 ) ;
#195 = LINE ( 'NONE', #1852, #10820 ) ;
#196 = CARTESIAN_POINT ( 'NONE',  ( -8.872087189141550922, 0.01838495531328099980, -19.36101569409725087 ) ) ;
#197 = VECTOR ( 'NONE', #10358, 1000.000000000000000 ) ;
#198 = CARTESIAN_POINT ( 'NONE',  ( -8.923799999999999955, -1.499999954000060143, -4.872199104097219902 ) ) ;
#199 = ORIENTED_EDGE ( 'NONE', *, *, #7335, .F. ) ;
#200 = EDGE_CURVE ( 'NONE', #2832, #896, #7601, .T. ) ;
#201 = ORIENTED_EDGE ( 'NONE', *, *, #4409, .F. ) ;
#202 = CIRCLE ( 'NONE', #6352, 0.2000000000000005107 ) ;
#203 = FACE_OUTER_BOUND ( 'NONE', #5367, .T. ) ;
#204 = ORIENTED_EDGE ( 'NONE', *, *, #9214, .T. ) ;
#205 = CARTESIAN_POINT ( 'NONE',  ( -6.383799999999999919, -1.499999954000070135, -9.872199264097220706 ) ) ;
#206 = DIRECTION ( 'NONE',  ( 0.000000000000000000, 0.000000000000000000, 1.000000000000000000 ) ) ;
#207 = VERTEX_POINT ( 'NONE', #1380 ) ;
#208 = LINE ( 'NONE', #920, #9166 ) ;
#209 = AXIS2_PLACEMENT_3D ( 'NONE', #3020, #2085, #9660 ) ;
#210 = EDGE_CURVE ( 'NONE', #9020, #9845, #5120, .T. ) ;
#211 = ORIENTED_EDGE ( 'NONE', *, *, #2059, .T. ) ;
#212 = ADVANCED_FACE ( 'NONE', ( #6283 ), #3758, .F. ) ;
#213 = EDGE_LOOP ( 'NONE', ( #7570, #2638, #1062, #4745 ) ) ;
#214 = LINE ( 'NONE', #2647, #5822 ) ;
#215 = VECTOR ( 'NONE', #2664, 1000.000000000000000 ) ;
#216 = CARTESIAN_POINT ( 'NONE',  ( 9.000000000000000000, -10.00000000000000000, 0.000000000000000000 ) ) ;
#217 = DIRECTION ( 'NONE',  ( 1.000000000000000000, 0.000000000000000000, 0.000000000000000000 ) ) ;
#218 = ORIENTED_EDGE ( 'NONE', *, *, #3405, .T. ) ;
#219 = LINE ( 'NONE', #10117, #7854 ) ;
#220 = VERTEX_POINT ( 'NONE', #9631 ) ;
#221 =( NAMED_UNIT ( * ) PLANE_ANGLE_UNIT ( ) SI_UNIT ( $, .RADIAN. ) );
#222 = CARTESIAN_POINT ( 'NONE',  ( -8.799839625516689523, 0.01859938495832570010, -19.52788893249945090 ) ) ;
#223 = PLANE ( 'NONE',  #10073 ) ;
#224 = AXIS2_PLACEMENT_3D ( 'NONE', #976, #4354, #7026 ) ;
#225 = VERTEX_POINT ( 'NONE', #4536 ) ;
#226 = EDGE_CURVE ( 'NONE', #9785, #3960, #9861, .T. ) ;
#227 = AXIS2_PLACEMENT_3D ( 'NONE', #4890, #8235, #10704 ) ;
#228 = DIRECTION ( 'NONE',  ( -1.000000000000000000, 0.000000000000000000, 0.000000000000000000 ) ) ;
#229 = DIRECTION ( 'NONE',  ( 1.000000000000000000, 0.000000000000000000, 8.904572318030769708E-17 ) ) ;
#230 = CARTESIAN_POINT ( 'NONE',  ( 61.95510655778610243, -0.9999999539999000486, -1.116018999999980110 ) ) ;
#231 = ORIENTED_EDGE ( 'NONE', *, *, #9885, .T. ) ;
#232 = LINE ( 'NONE', #8643, #3286 ) ;
#233 = ORIENTED_EDGE ( 'NONE', *, *, #1721, .T. ) ;
#234 = VECTOR ( 'NONE', #9382, 1000.000000000000000 ) ;
#235 = LINE ( 'NONE', #1005, #6559 ) ;
#236 = DIRECTION ( 'NONE',  ( 0.000000000000000000, 0.000000000000000000, 1.000000000000000000 ) ) ;
#237 = DIRECTION ( 'NONE',  ( 0.000000000000000000, 0.000000000000000000, -1.000000000000000000 ) ) ;
#238 = EDGE_CURVE ( 'NONE', #7005, #5913, #390, .T. ) ;
#239 = DIRECTION ( 'NONE',  ( -1.000000000000000000, 0.000000000000000000, 0.000000000000000000 ) ) ;
#240 = ADVANCED_FACE ( 'NONE', ( #338 ), #8962, .F. ) ;
#241 = ORIENTED_EDGE ( 'NONE', *, *, #6061, .F. ) ;
#242 = ORIENTED_EDGE ( 'NONE', *, *, #8744, .F. ) ;
#243 = AXIS2_PLACEMENT_3D ( 'NONE', #10748, #10806, #5795 ) ;
#244 = CARTESIAN_POINT ( 'NONE',  ( -8.923799999999999955, -1.802799999999999958, 2.696301859066384856E-30 ) ) ;
#245 = ORIENTED_EDGE ( 'NONE', *, *, #8760, .F. ) ;
#246 = CARTESIAN_POINT ( 'NONE',  ( -9.000000000000000000, 3.449999999999999734, 0.8719667599999999519 ) ) ;
#247 = DIRECTION ( 'NONE',  ( 0.000000000000000000, 0.000000000000000000, 1.000000000000000000 ) ) ;
#248 = DIRECTION ( 'NONE',  ( 1.000000000000000000, 0.000000000000000000, 0.000000000000000000 ) ) ;
#249 = CARTESIAN_POINT ( 'NONE',  ( -9.000000000000000000, 5.000000000000000000, 0.000000000000000000 ) ) ;
#250 = DIRECTION ( 'NONE',  ( 0.000000000000000000, 0.000000000000000000, 1.000000000000000000 ) ) ;
#251 = DIRECTION ( 'NONE',  ( 0.000000000000000000, 0.000000000000000000, -1.000000000000000000 ) ) ;
#252 = EDGE_CURVE ( 'NONE', #1152, #2934, #5571, .T. ) ;
#253 = FACE_OUTER_BOUND ( 'NONE', #2911, .T. ) ;
#254 = VECTOR ( 'NONE', #10342, 1000.000000000000000 ) ;
#255 = ORIENTED_EDGE ( 'NONE', *, *, #593, .T. ) ;
#256 = ORIENTED_EDGE ( 'NONE', *, *, #6039, .F. ) ;
#257 = CYLINDRICAL_SURFACE ( 'NONE', #4629, 0.1999999999999996503 ) ;
#258 = ORIENTED_EDGE ( 'NONE', *, *, #7441, .T. ) ;
#259 = VECTOR ( 'NONE', #8251, 1000.000000000000000 ) ;
#260 = DIRECTION ( 'NONE',  ( 1.000000000000000000, -2.307739471244675151E-14, 0.000000000000000000 ) ) ;
#261 = CARTESIAN_POINT ( 'NONE',  ( 5.127399617764049289, -1.499999954000126090, -20.39880008000000089 ) ) ;
#262 = CARTESIAN_POINT ( 'NONE',  ( 8.034229252261420484, -0.04918936753804199757, -20.10403196044725149 ) ) ;
#263 = EDGE_CURVE ( 'NONE', #3546, #4224, #1269, .T. ) ;
#264 = VERTEX_POINT ( 'NONE', #2940 ) ;
#265 = ORIENTED_EDGE ( 'NONE', *, *, #4933, .F. ) ;
#266 = ORIENTED_EDGE ( 'NONE', *, *, #7935, .T. ) ;
#267 = AXIS2_PLACEMENT_3D ( 'NONE', #6723, #10179, #1831 ) ;
#268 = CARTESIAN_POINT ( 'NONE',  ( 5.097000897764120353, -1.802800045999999989, 6.294442718274539613E-15 ) ) ;
#269 = VECTOR ( 'NONE', #395, 1000.000000000000000 ) ;
#270 = DIRECTION ( 'NONE',  ( 0.000000000000000000, 0.000000000000000000, 1.000000000000000000 ) ) ;
#271 = DIRECTION ( 'NONE',  ( 0.000000000000000000, 1.000000000000000000, 0.000000000000000000 ) ) ;
#272 = ORIENTED_EDGE ( 'NONE', *, *, #9310, .F. ) ;
#273 = LINE ( 'NONE', #5995, #468 ) ;
#274 = EDGE_CURVE ( 'NONE', #2919, #9630, #9579, .T. ) ;
#275 = ADVANCED_FACE ( 'NONE', ( #6331 ), #552, .F. ) ;
#276 = ORIENTED_EDGE ( 'NONE', *, *, #1773, .F. ) ;
#277 = DIRECTION ( 'NONE',  ( 0.000000000000000000, 0.000000000000000000, 1.000000000000000000 ) ) ;
#278 = LINE ( 'NONE', #2098, #3406 ) ;
#279 = VECTOR ( 'NONE', #7052, 1000.000000000000000 ) ;
#280 = CARTESIAN_POINT ( 'NONE',  ( 1.123399497764047794, -1.499999953999898050, -79.67810574249129729 ) ) ;
#281 = VERTEX_POINT ( 'NONE', #2154 ) ;
#282 = CARTESIAN_POINT ( 'NONE',  ( -9.000000000000000000, -3.750000000000000000, 0.000000000000000000 ) ) ;
#283 = AXIS2_PLACEMENT_3D ( 'NONE', #4484, #2825, #1171 ) ;
#284 = DIRECTION ( 'NONE',  ( 1.000000000000000000, 1.833260990695839833E-13, 5.322511827520820054E-28 ) ) ;
#285 = VECTOR ( 'NONE', #4075, 1000.000000000000000 ) ;
#286 = DIRECTION ( 'NONE',  ( 0.000000000000000000, 0.000000000000000000, 1.000000000000000000 ) ) ;
#287 = ORIENTED_EDGE ( 'NONE', *, *, #906, .F. ) ;
#288 = CARTESIAN_POINT ( 'NONE',  ( 8.923799999999999955, -1.499999954000104108, -4.545018999999999920 ) ) ;
#289 = EDGE_CURVE ( 'NONE', #10444, #2157, #8856, .T. ) ;
#290 = EDGE_LOOP ( 'NONE', ( #5882, #8128, #7058, #2404 ) ) ;
#291 = DIRECTION ( 'NONE',  ( -3.764865559144474816E-15, 1.000000000000000000, 0.000000000000000000 ) ) ;
#292 = DIRECTION ( 'NONE',  ( 0.000000000000000000, 1.000000000000000000, 0.000000000000000000 ) ) ;
#293 = LINE ( 'NONE', #5256, #1650 ) ;
#294 = VECTOR ( 'NONE', #8264, 1000.000000000000000 ) ;
#295 = ORIENTED_EDGE ( 'NONE', *, *, #10164, .F. ) ;
#296 = VERTEX_POINT ( 'NONE', #10559 ) ;
#297 = EDGE_CURVE ( 'NONE', #8823, #2079, #7264, .T. ) ;
#298 = DIRECTION ( 'NONE',  ( 0.000000000000000000, 0.000000000000000000, 1.000000000000000000 ) ) ;
#299 = VERTEX_POINT ( 'NONE', #7983 ) ;
#300 = VECTOR ( 'NONE', #8829, 1000.000000000000000 ) ;
#301 = CARTESIAN_POINT ( 'NONE',  ( -2.799999999999999822, 11.00000000000000000, 0.000000000000000000 ) ) ;
#302 = DIRECTION ( 'NONE',  ( 0.000000000000000000, 0.000000000000000000, 1.000000000000000000 ) ) ;
#303 = DIRECTION ( 'NONE',  ( -3.562560286365675406E-16, 1.751623080406019977E-46, -1.000000000000000000 ) ) ;
#304 = ADVANCED_FACE ( 'NONE', ( #3815 ), #10620, .T. ) ;
#305 = DIRECTION ( 'NONE',  ( 3.446013993391890312E-15, 1.000000000000000000, 0.000000000000000000 ) ) ;
#306 = DIRECTION ( 'NONE',  ( 0.000000000000000000, 1.000000000000000000, 0.000000000000000000 ) ) ;
#307 = FACE_OUTER_BOUND ( 'NONE', #7697, .T. ) ;
#308 = PLANE ( 'NONE',  #2167 ) ;
#309 = ORIENTED_EDGE ( 'NONE', *, *, #2692, .F. ) ;
#310 = ORIENTED_EDGE ( 'NONE', *, *, #9265, .F. ) ;
#311 = AXIS2_PLACEMENT_3D ( 'NONE', #2715, #5954, #9470 ) ;
#312 = ADVANCED_FACE ( 'NONE', ( #502 ), #5410, .F. ) ;
#313 = CARTESIAN_POINT ( 'NONE',  ( 8.088468867527419448, -0.1499999079999976004, -20.31659776741454948 ) ) ;
#314 = ORIENTED_EDGE ( 'NONE', *, *, #8984, .F. ) ;
#315 = CARTESIAN_POINT ( 'NONE',  ( -5.139999999999999680, -9.342999999999999972, 0.000000000000000000 ) ) ;
#316 = CARTESIAN_POINT ( 'NONE',  ( 0.1273994577637691805, 1.018240661238903925E-13, -20.24880012599999901 ) ) ;
#317 = CARTESIAN_POINT ( 'NONE',  ( 8.872087168930629986, 0.01838498511471440069, -19.36501450962520110 ) ) ;
#318 = DIRECTION ( 'NONE',  ( 0.000000000000000000, 0.000000000000000000, 1.000000000000000000 ) ) ;
#319 = ORIENTED_EDGE ( 'NONE', *, *, #8704, .F. ) ;
#320 = ORIENTED_EDGE ( 'NONE', *, *, #10080, .T. ) ;
#321 = ORIENTED_EDGE ( 'NONE', *, *, #848, .F. ) ;
#322 = EDGE_CURVE ( 'NONE', #2668, #6895, #2269, .T. ) ;
#323 = CARTESIAN_POINT ( 'NONE',  ( -3.876600662235899719, -1.802799999999830094, -79.67810574249129729 ) ) ;
#324 = CARTESIAN_POINT ( 'NONE',  ( 4.873399617764099467, -1.802800000000055025, -20.39880008000000089 ) ) ;
#325 = CARTESIAN_POINT ( 'NONE',  ( 9.000000000000000000, -5.950000000000000178, 0.000000000000000000 ) ) ;
#326 = EDGE_LOOP ( 'NONE', ( #988, #4002, #10732, #10359 ) ) ;
#327 = CARTESIAN_POINT ( 'NONE',  ( -8.699999999999999289, -5.000000000000000000, 0.8719667599999999519 ) ) ;
#328 = CARTESIAN_POINT ( 'NONE',  ( -7.875220641858379444, 0.01870654388755459835, -20.34686886791210014 ) ) ;
#329 = ORIENTED_EDGE ( 'NONE', *, *, #5206, .F. ) ;
#330 = DIRECTION ( 'NONE',  ( 1.000000000000000000, 0.000000000000000000, 0.000000000000000000 ) ) ;
#331 = LINE ( 'NONE', #9572, #6925 ) ;
#332 = ORIENTED_EDGE ( 'NONE', *, *, #4528, .T. ) ;
#333 = B_SPLINE_CURVE_WITH_KNOTS ( 'NONE', 3,
 ( #8967, #1598, #8320, #4753, #9966, #8095, #5735, #4970 ),
 .UNSPECIFIED., .F., .F.,
 ( 4, 2, 2, 4 ),
 ( 0.000000000000000000, 0.5000000000000000000, 0.7500000000000000000, 1.000000000000000000 ),
 .UNSPECIFIED. ) ;
#334 = ADVANCED_FACE ( 'NONE', ( #1593 ), #5673, .F. ) ;
#335 = EDGE_CURVE ( 'NONE', #9887, #9043, #2007, .T. ) ;
#336 = CARTESIAN_POINT ( 'NONE',  ( 8.453089367881347016, 0.1220950393015841906, -0.1539899843738101182 ) ) ;
#337 = ORIENTED_EDGE ( 'NONE', *, *, #3866, .F. ) ;
#338 = FACE_OUTER_BOUND ( 'NONE', #1192, .T. ) ;
#339 = ORIENTED_EDGE ( 'NONE', *, *, #1665, .F. ) ;
#340 = PLANE ( 'NONE',  #7667 ) ;
#341 = ORIENTED_EDGE ( 'NONE', *, *, #289, .T. ) ;
#342 = PLANE ( 'NONE',  #796 ) ;
#343 = CARTESIAN_POINT ( 'NONE',  ( 8.923799999999999955, -1.499999954000104108, -7.720018999999999743 ) ) ;
#344 = CARTESIAN_POINT ( 'NONE',  ( 3.877399577764045091, -1.499999954000070135, -20.24880012599999901 ) ) ;
#345 = ORIENTED_EDGE ( 'NONE', *, *, #7143, .T. ) ;
#346 = VERTEX_POINT ( 'NONE', #2321 ) ;
#347 = ADVANCED_FACE ( 'NONE', ( #10784 ), #9078, .F. ) ;
#348 = ADVANCED_FACE ( 'NONE', ( #10006 ), #1488, .F. ) ;
#349 = DIRECTION ( 'NONE',  ( 1.000000000000000000, 0.000000000000000000, 0.000000000000000000 ) ) ;
#350 = VECTOR ( 'NONE', #9433, 1000.000000000000000 ) ;
#351 = EDGE_LOOP ( 'NONE', ( #5568, #7487, #566, #3911 ) ) ;
#352 = DIRECTION ( 'NONE',  ( 1.000000000000000000, 0.000000000000000000, 0.000000000000000000 ) ) ;
#353 = CARTESIAN_POINT ( 'NONE',  ( -9.000000000000000000, 4.700000000000000178, 0.000000000000000000 ) ) ;
#354 = CARTESIAN_POINT ( 'NONE',  ( -8.923799999999999955, -0.9999999540000600318, -16.47619926409720037 ) ) ;
#355 = DIRECTION ( 'NONE',  ( -1.833260990695839833E-13, 1.000000000000000000, 3.848953698056000290E-15 ) ) ;
#356 = CARTESIAN_POINT ( 'NONE',  ( 9.000000000000000000, 9.050000000000000711, 0.000000000000000000 ) ) ;
#357 = CARTESIAN_POINT ( 'NONE',  ( -7.886015614097229509, -1.499999953999849867, -79.67810574249129729 ) ) ;
#358 = LINE ( 'NONE', #3726, #4645 ) ;
#359 = ORIENTED_EDGE ( 'NONE', *, *, #10717, .F. ) ;
#360 = EDGE_CURVE ( 'NONE', #3574, #8417, #8148, .T. ) ;
#361 = VERTEX_POINT ( 'NONE', #10060 ) ;
#362 = CIRCLE ( 'NONE', #13, 0.1010000000000003950 ) ;
#363 = LINE ( 'NONE', #3730, #8826 ) ;
#364 = ORIENTED_EDGE ( 'NONE', *, *, #2375, .T. ) ;
#365 = DIRECTION ( 'NONE',  ( 0.000000000000000000, 0.000000000000000000, -1.000000000000000000 ) ) ;
#366 = CARTESIAN_POINT ( 'NONE',  ( -9.000000000000000000, -1.250000000000000000, 0.000000000000000000 ) ) ;
#367 = CARTESIAN_POINT ( 'NONE',  ( -5.126600702236230767, -8.613256712244530958E-13, -20.24880012599999901 ) ) ;
#368 = DIRECTION ( 'NONE',  ( -8.904572318030769708E-17, -4.379057701015049943E-47, 1.000000000000000000 ) ) ;
#369 = EDGE_CURVE ( 'NONE', #2702, #591, #2632, .T. ) ;
#370 = CIRCLE ( 'NONE', #1074, 0.2999999999999999334 ) ;
#371 = ORIENTED_EDGE ( 'NONE', *, *, #3038, .T. ) ;
#372 = VERTEX_POINT ( 'NONE', #827 ) ;
#373 = B_SPLINE_CURVE_WITH_KNOTS ( 'NONE', 3,
 ( #10870, #3345, #2512, #6241 ),
 .UNSPECIFIED., .F., .F.,
 ( 4, 4 ),
 ( 0.000000000000000000, 1.000000000000000000 ),
 .UNSPECIFIED. ) ;
#374 = EDGE_CURVE ( 'NONE', #3696, #1927, #5780, .T. ) ;
#375 = EDGE_LOOP ( 'NONE', ( #1989, #1398, #668, #2047 ) ) ;
#376 = DIRECTION ( 'NONE',  ( 1.000000000000000000, 0.000000000000000000, 0.000000000000000000 ) ) ;
#377 = DIRECTION ( 'NONE',  ( 1.000000000000000000, 0.000000000000000000, 0.000000000000000000 ) ) ;
#378 = ORIENTED_EDGE ( 'NONE', *, *, #3443, .F. ) ;
#379 = DIRECTION ( 'NONE',  ( 0.000000000000000000, 3.885058976157851631E-15, -1.000000000000000000 ) ) ;
#380 = CARTESIAN_POINT ( 'NONE',  ( -3.241600662235954555, -1.499999954000050151, -20.24880012599999901 ) ) ;
#381 = VERTEX_POINT ( 'NONE', #5887 ) ;
#382 = CONTEXT_DEPENDENT_SHAPE_REPRESENTATION ( #2153, #2578 ) ;
#383 = CARTESIAN_POINT ( 'NONE',  ( 8.623800091999999751, 0.1499999999999999944, -0.4707106321186549924 ) ) ;
#384 = EDGE_CURVE ( 'NONE', #7475, #7162, #10490, .T. ) ;
#385 = LINE ( 'NONE', #6276, #8505 ) ;
#386 = EDGE_LOOP ( 'NONE', ( #8131, #6152, #3159, #2262 ) ) ;
#387 = AXIS2_PLACEMENT_3D ( 'NONE', #3512, #6851, #93 ) ;
#388 = CARTESIAN_POINT ( 'NONE',  ( 6.377399657764049934, -1.499999953999898050, -79.67810574249129729 ) ) ;
#389 = ORIENTED_EDGE ( 'NONE', *, *, #995, .T. ) ;
#390 = LINE ( 'NONE', #7105, #7869 ) ;
#391 = VERTEX_POINT ( 'NONE', #610 ) ;
#392 = DIRECTION ( 'NONE',  ( -1.000000000000000000, 0.000000000000000000, 0.000000000000000000 ) ) ;
#393 = ORIENTED_EDGE ( 'NONE', *, *, #6172, .F. ) ;
#394 = VECTOR ( 'NONE', #4779, 1000.000000000000000 ) ;
#395 = DIRECTION ( 'NONE',  ( -3.848953698056000290E-15, -1.000000000000000000, 1.371212958875460149E-30 ) ) ;
#396 = DIRECTION ( 'NONE',  ( 0.000000000000000000, 1.000000000000000000, 0.000000000000000000 ) ) ;
#397 = EDGE_CURVE ( 'NONE', #5868, #4952, #7978, .T. ) ;
#398 = CARTESIAN_POINT ( 'NONE',  ( -8.769810015626184452, 0.1220950853015796700, -0.4707106321187003450 ) ) ;
#399 = VECTOR ( 'NONE', #7346, 1000.000000000000000 ) ;
#400 = ORIENTED_EDGE ( 'NONE', *, *, #1340, .T. ) ;
#401 = DIRECTION ( 'NONE',  ( -8.904572318030769708E-17, -3.231583754459304999E-31, 1.000000000000000000 ) ) ;
#402 = CIRCLE ( 'NONE', #6727, 0.1999999999999996503 ) ;
#403 = VECTOR ( 'NONE', #3383, 1000.000000000000000 ) ;
#404 = ORIENTED_EDGE ( 'NONE', *, *, #8959, .T. ) ;
#405 = CARTESIAN_POINT ( 'NONE',  ( -8.391727009614228905, -1.499999953999987978, -20.00934030979979994 ) ) ;
#406 = CARTESIAN_POINT ( 'NONE',  ( 8.923799999999999955, -1.499999954000091895, -0.7950188799999839961 ) ) ;
#407 = DIRECTION ( 'NONE',  ( 1.000000000000000000, 0.000000000000000000, 0.000000000000000000 ) ) ;
#408 = AXIS2_PLACEMENT_3D ( 'NONE', #2555, #9258, #1728 ) ;
#409 = VERTEX_POINT ( 'NONE', #8316 ) ;
#410 = CARTESIAN_POINT ( 'NONE',  ( 3.877399577764045091, -1.499999954000126090, -20.39880008000000089 ) ) ;
#411 = LINE ( 'NONE', #10420, #6602 ) ;
#412 = PLANE ( 'NONE',  #4453 ) ;
#413 = EDGE_CURVE ( 'NONE', #1253, #7128, #1564, .T. ) ;
#414 = LINE ( 'NONE', #8111, #5518 ) ;
#415 = AXIS2_PLACEMENT_3D ( 'NONE', #4557, #1238, #7898 ) ;
#416 = ORIENTED_EDGE ( 'NONE', *, *, #1438, .F. ) ;
#417 = VERTEX_POINT ( 'NONE', #4085 ) ;
#418 = DIRECTION ( 'NONE',  ( 1.000000000000000000, 0.000000000000000000, 0.000000000000000000 ) ) ;
#419 = EDGE_LOOP ( 'NONE', ( #5045, #10531, #6429, #9570 ) ) ;
#420 = DIRECTION ( 'NONE',  ( 0.000000000000000000, 0.000000000000000000, 1.000000000000000000 ) ) ;
#421 = AXIS2_PLACEMENT_3D ( 'NONE', #4584, #7880, #6444 ) ;
#422 = LINE ( 'NONE', #3018, #7148 ) ;
#423 = DIRECTION ( 'NONE',  ( 0.000000000000000000, 0.000000000000000000, 1.000000000000000000 ) ) ;
#424 = AXIS2_PLACEMENT_3D ( 'NONE', #7490, #6556, #3214 ) ;
#425 = CARTESIAN_POINT ( 'NONE',  ( 3.250871628118515722E-17, -1.802799999999999958, -20.24880012599999901 ) ) ;
#426 = EDGE_CURVE ( 'NONE', #6282, #1, #4193, .T. ) ;
#427 = ORIENTED_EDGE ( 'NONE', *, *, #5940, .F. ) ;
#428 = ORIENTED_EDGE ( 'NONE', *, *, #3577, .F. ) ;
#429 = AXIS2_PLACEMENT_3D ( 'NONE', #8884, #4837, #4666 ) ;
#430 = CARTESIAN_POINT ( 'NONE',  ( -8.923799999999999955, -1.802799999999999958, -17.05119938409719893 ) ) ;
#431 = EDGE_CURVE ( 'NONE', #1146, #2964, #7993, .T. ) ;
#432 = DIRECTION ( 'NONE',  ( 0.000000000000000000, 0.000000000000000000, 1.000000000000000000 ) ) ;
#433 = CARTESIAN_POINT ( 'NONE',  ( -9.000000000000000000, -2.799999999999999822, 0.000000000000000000 ) ) ;
#434 = VERTEX_POINT ( 'NONE', #9960 ) ;
#435 = FACE_OUTER_BOUND ( 'NONE', #4706, .T. ) ;
#436 = DIRECTION ( 'NONE',  ( 0.000000000000000000, -2.903302832784645416E-15, 1.000000000000000000 ) ) ;
#437 = CIRCLE ( 'NONE', #9926, 0.2999999999999999334 ) ;
#438 = ADVANCED_FACE ( 'NONE', ( #4199 ), #10682, .F. ) ;
#439 = ORIENTED_EDGE ( 'NONE', *, *, #9550, .F. ) ;
#440 = CARTESIAN_POINT ( 'NONE',  ( -8.702186407140199975, -0.1178752809731870022, -0.001724950648684379917 ) ) ;
#441 = B_SPLINE_SURFACE_WITH_KNOTS ( 'NONE', 1, 3, ( 
 ( #1683, #2625, #9212, #2673 ),
 ( #7675, #855, #141, #2568 ) ),
 .UNSPECIFIED., .F., .F., .F.,
 ( 2, 2 ),
 ( 4, 4 ),
 ( 0.000000000000000000, 1.000000000000000000 ),
 ( 9.256969033943900245E-05, 1.000000000000000000 ),
 .UNSPECIFIED. ) ;
#442 = DIRECTION ( 'NONE',  ( -1.833260990695674992E-13, 1.000000000000000000, 3.848953698056000290E-15 ) ) ;
#443 = VERTEX_POINT ( 'NONE', #2379 ) ;
#444 = AXIS2_PLACEMENT_3D ( 'NONE', #6990, #277, #5345 ) ;
#445 = EDGE_CURVE ( 'NONE', #8364, #5874, #6604, .T. ) ;
#446 = PLANE ( 'NONE',  #2493 ) ;
#447 = DIRECTION ( 'NONE',  ( -3.562560286365675406E-16, 1.751623080406019977E-46, -1.000000000000000000 ) ) ;
#448 = ORIENTED_EDGE ( 'NONE', *, *, #6278, .T. ) ;
#449 = CARTESIAN_POINT ( 'NONE',  ( -4.740000000000000213, -9.342999999999999972, 0.8719667599999999519 ) ) ;
#450 = AXIS2_PLACEMENT_3D ( 'NONE', #4266, #843, #10135 ) ;
#451 = ORIENTED_EDGE ( 'NONE', *, *, #10484, .F. ) ;
#452 = DIRECTION ( 'NONE',  ( -3.562560286365675406E-16, 0.000000000000000000, -1.000000000000000000 ) ) ;
#453 = LINE ( 'NONE', #5517, #6892 ) ;
#454 = CARTESIAN_POINT ( 'NONE',  ( -8.623800091999999751, 0.1499999999999684086, -0.4707106321186560471 ) ) ;
#455 = VECTOR ( 'NONE', #7659, 1000.000000000000000 ) ;
#456 = AXIS2_PLACEMENT_3D ( 'NONE', #4684, #10611, #2094 ) ;
#457 = EDGE_CURVE ( 'NONE', #7435, #7642, #3642, .T. ) ;
#458 = DIRECTION ( 'NONE',  ( 1.000000000000000000, 0.000000000000000000, 0.000000000000000000 ) ) ;
#459 = ORIENTED_EDGE ( 'NONE', *, *, #10096, .F. ) ;
#460 = LINE ( 'NONE', #3826, #1189 ) ;
#461 = FACE_OUTER_BOUND ( 'NONE', #3102, .T. ) ;
#462 = B_SPLINE_CURVE_WITH_KNOTS ( 'NONE', 3,
 ( #10314, #6137, #9487, #1956, #8662, #4501 ),
 .UNSPECIFIED., .F., .F.,
 ( 4, 2, 4 ),
 ( 0.000000000000000000, 0.5000000000000000000, 1.000000000000000000 ),
 .UNSPECIFIED. ) ;
#463 = DIRECTION ( 'NONE',  ( 0.000000000000000000, 0.000000000000000000, 1.000000000000000000 ) ) ;
#464 = EDGE_LOOP ( 'NONE', ( #1348, #2499, #7146, #5197 ) ) ;
#465 = LINE ( 'NONE', #6300, #10241 ) ;
#466 = LINE ( 'NONE', #9755, #9582 ) ;
#467 = DIRECTION ( 'NONE',  ( 0.000000000000000000, -2.903302832784645416E-15, 1.000000000000000000 ) ) ;
#468 = VECTOR ( 'NONE', #5074, 1000.000000000000000 ) ;
#469 = AXIS2_PLACEMENT_3D ( 'NONE', #9541, #9595, #1341 ) ;
#470 = CARTESIAN_POINT ( 'NONE',  ( 8.923799999999999955, -1.499999954000104108, -19.36501500962519984 ) ) ;
#471 = ORIENTED_EDGE ( 'NONE', *, *, #1024, .T. ) ;
#472 = VERTEX_POINT ( 'NONE', #8628 ) ;
#473 = CIRCLE ( 'NONE', #4883, 0.1999999999999996503 ) ;
#474 = EDGE_CURVE ( 'NONE', #2928, #5055, #4827, .T. ) ;
#475 = CARTESIAN_POINT ( 'NONE',  ( 8.773800046000008734, -1.499999954000091895, 7.812693701354869467E-16 ) ) ;
#476 = ADVANCED_FACE ( 'NONE', ( #7750 ), #9343, .F. ) ;
#477 = ORIENTED_EDGE ( 'NONE', *, *, #4179, .F. ) ;
#478 = FACE_OUTER_BOUND ( 'NONE', #9504, .T. ) ;
#479 = LINE ( 'NONE', #8015, #3302 ) ;
#480 = DIRECTION ( 'NONE',  ( 3.848953698056000290E-15, 1.000000000000000000, -1.371212958875460149E-30 ) ) ;
#481 = CARTESIAN_POINT ( 'NONE',  ( -8.453089367881339911, 4.599994073185800194E-08, -0.4707106321186560471 ) ) ;
#482 = AXIS2_PLACEMENT_3D ( 'NONE', #8236, #2460, #691 ) ;
#483 = AXIS2_PLACEMENT_3D ( 'NONE', #4097, #5632, #4708 ) ;
#484 = ORIENTED_EDGE ( 'NONE', *, *, #1992, .T. ) ;
#485 = ORIENTED_EDGE ( 'NONE', *, *, #4236, .T. ) ;
#486 = DIRECTION ( 'NONE',  ( 1.000000000000000000, 0.000000000000000000, 0.000000000000000000 ) ) ;
#487 = EDGE_CURVE ( 'NONE', #1534, #869, #59, .T. ) ;
#488 = DIRECTION ( 'NONE',  ( 1.000000000000000000, 0.000000000000000000, 0.000000000000000000 ) ) ;
#489 = DIRECTION ( 'NONE',  ( -1.000000000000000000, 0.000000000000000000, 0.000000000000000000 ) ) ;
#490 = DIRECTION ( 'NONE',  ( 0.000000000000000000, -1.000000000000000000, 0.000000000000000000 ) ) ;
#491 = ORIENTED_EDGE ( 'NONE', *, *, #9810, .T. ) ;
#492 = CYLINDRICAL_SURFACE ( 'NONE', #2583, 0.2999999079999968177 ) ;
#493 = CARTESIAN_POINT ( 'NONE',  ( -9.000000000000000000, 1.250000000000000000, 0.8719667599999999519 ) ) ;
#494 = EDGE_LOOP ( 'NONE', ( #6766, #9428, #7920, #2725 ) ) ;
#495 = ITEM_DEFINED_TRANSFORMATION ( 'NONE', 'NONE', #2565,  #4673 ) ;
#496 = DIRECTION ( 'NONE',  ( -1.000000000000000000, 0.000000000000000000, 0.000000000000000000 ) ) ;
#497 = CARTESIAN_POINT ( 'NONE',  ( -9.000000000000000000, 2.500000000000000000, 0.000000000000000000 ) ) ;
#498 = ADVANCED_FACE ( 'NONE', ( #875 ), #1874, .F. ) ;
#499 = EDGE_LOOP ( 'NONE', ( #4784, #5852, #1401, #751 ) ) ;
#500 = ADVANCED_FACE ( 'NONE', ( #3425 ), #2701, .F. ) ;
#501 = CARTESIAN_POINT ( 'NONE',  ( -8.699999999999999289, -6.250000000000000000, 0.8719667599999999519 ) ) ;
#502 = FACE_OUTER_BOUND ( 'NONE', #7150, .T. ) ;
#503 = ORIENTED_EDGE ( 'NONE', *, *, #200, .F. ) ;
#504 = FACE_OUTER_BOUND ( 'NONE', #4477, .T. ) ;
#505 = ORIENTED_EDGE ( 'NONE', *, *, #9625, .T. ) ;
#506 = DIRECTION ( 'NONE',  ( 0.000000000000000000, 0.000000000000000000, 1.000000000000000000 ) ) ;
#507 = FACE_OUTER_BOUND ( 'NONE', #5617, .T. ) ;
#508 = CARTESIAN_POINT ( 'NONE',  ( -5.508000000000000007, 4.722999999999999865, 0.000000000000000000 ) ) ;
#509 = EDGE_CURVE ( 'NONE', #7642, #2287, #5993, .T. ) ;
#510 = B_SPLINE_SURFACE_WITH_KNOTS ( 'NONE', 1, 3, ( 
 ( #10879, #4067, #9115, #810 ),
 ( #4951, #6696, #5815, #5872 ) ),
 .UNSPECIFIED., .F., .F., .F.,
 ( 2, 2 ),
 ( 4, 4 ),
 ( 0.000000000000000000, 1.000000000000000000 ),
 ( 9.256969014530130066E-05, 1.000000000000000000 ),
 .UNSPECIFIED. ) ;
#511 = ADVANCED_FACE ( 'NONE', ( #3530 ), #1322, .T. ) ;
#512 = FACE_OUTER_BOUND ( 'NONE', #2974, .T. ) ;
#513 = ORIENTED_EDGE ( 'NONE', *, *, #10212, .F. ) ;
#514 = CARTESIAN_POINT ( 'NONE',  ( -8.702186407140199975, -0.1339376174865930247, -0.1508624293243419900 ) ) ;
#515 = CARTESIAN_POINT ( 'NONE',  ( 8.623800091999999751, -0.1499999080000000151, -19.36501500962519984 ) ) ;
#516 = DIRECTION ( 'NONE',  ( -3.428527292728165281E-31, -9.035020874785599019E-17, -1.000000000000000000 ) ) ;
#517 = ORIENTED_EDGE ( 'NONE', *, *, #593, .F. ) ;
#518 = CARTESIAN_POINT ( 'NONE',  ( -3.876600662235954786, -1.499999954000042157, -20.24880012599999901 ) ) ;
#519 = DIRECTION ( 'NONE',  ( 0.000000000000000000, 0.000000000000000000, 1.000000000000000000 ) ) ;
#520 = CARTESIAN_POINT ( 'NONE',  ( -8.773800046000008734, -1.499999954000060143, -9.551199144097219929 ) ) ;
#521 = CARTESIAN_POINT ( 'NONE',  ( -8.018642157755559552, -0.009679188572258820220, -20.25077037317069895 ) ) ;
#522 = EDGE_CURVE ( 'NONE', #2469, #2202, #7098, .T. ) ;
#523 = ORIENTED_EDGE ( 'NONE', *, *, #9637, .F. ) ;
#524 = ORIENTED_EDGE ( 'NONE', *, *, #7380, .T. ) ;
#525 = LINE ( 'NONE', #1194, #4282 ) ;
#526 = LINE ( 'NONE', #1976, #1359 ) ;
#527 = EDGE_LOOP ( 'NONE', ( #6989, #6596, #7754, #8893 ) ) ;
#528 = LINE ( 'NONE', #1522, #7107 ) ;
#529 = DIRECTION ( 'NONE',  ( 1.000000000000000000, 0.000000000000000000, 0.000000000000000000 ) ) ;
#530 = CARTESIAN_POINT ( 'NONE',  ( 3.877399577764045091, -1.499999954000070135, -20.39880008000000089 ) ) ;
#531 = CYLINDRICAL_SURFACE ( 'NONE', #5666, 0.2999999999999999334 ) ;
#532 = ADVANCED_FACE ( 'NONE', ( #4414 ), #1711, .F. ) ;
#533 = VECTOR ( 'NONE', #6373, 1000.000000000000000 ) ;
#534 = VERTEX_POINT ( 'NONE', #3587 ) ;
#535 = ORIENTED_EDGE ( 'NONE', *, *, #6464, .T. ) ;
#536 = DIRECTION ( 'NONE',  ( 0.000000000000000000, 0.000000000000000000, 1.000000000000000000 ) ) ;
#537 = CARTESIAN_POINT ( 'NONE',  ( -8.765804779252899692, -0.09759333884100224177, -0.4707106321186551035 ) ) ;
#538 = CARTESIAN_POINT ( 'NONE',  ( -8.693771171627890482, -0.01423729588891249967, -19.17246002141940053 ) ) ;
#539 = CARTESIAN_POINT ( 'NONE',  ( 9.000000000000000000, 5.000000000000000000, 0.000000000000000000 ) ) ;
#540 = ORIENTED_EDGE ( 'NONE', *, *, #7936, .T. ) ;
#541 = FACE_OUTER_BOUND ( 'NONE', #7851, .T. ) ;
#542 = LINE ( 'NONE', #10674, #7849 ) ;
#543 = ORIENTED_EDGE ( 'NONE', *, *, #1652, .F. ) ;
#544 = DIRECTION ( 'NONE',  ( 1.000000000000000000, 0.000000000000000000, 0.000000000000000000 ) ) ;
#545 = CIRCLE ( 'NONE', #9146, 0.2999999999999999334 ) ;
#546 = ADVANCED_FACE ( 'NONE', ( #10279 ), #9459, .T. ) ;
#547 = EDGE_CURVE ( 'NONE', #1832, #7758, #7807, .T. ) ;
#548 = DIRECTION ( 'NONE',  ( 3.510158894935835545E-31, -9.035020874785489318E-17, 1.000000000000000000 ) ) ;
#549 = ORIENTED_EDGE ( 'NONE', *, *, #9465, .F. ) ;
#550 = VECTOR ( 'NONE', #8797, 1000.000000000000000 ) ;
#551 = LINE ( 'NONE', #3206, #8631 ) ;
#552 = CYLINDRICAL_SURFACE ( 'NONE', #1720, 0.1010000000000003950 ) ;
#553 = VERTEX_POINT ( 'NONE', #3799 ) ;
#554 = FACE_OUTER_BOUND ( 'NONE', #9909, .T. ) ;
#555 = ORIENTED_EDGE ( 'NONE', *, *, #5147, .T. ) ;
#556 = CARTESIAN_POINT ( 'NONE',  ( -8.805030840337661147, 0.01838498511473629984, -19.52290349202930031 ) ) ;
#557 = EDGE_CURVE ( 'NONE', #2989, #5449, #7145, .T. ) ;
#558 = DIRECTION ( 'NONE',  ( 0.000000000000000000, 0.000000000000000000, 1.000000000000000000 ) ) ;
#559 = CIRCLE ( 'NONE', #2684, 0.1999999999999996503 ) ;
#560 = LINE ( 'NONE', #9591, #10737 ) ;
#561 = EDGE_LOOP ( 'NONE', ( #2097, #1763, #806, #890 ) ) ;
#562 = ADVANCED_FACE ( 'NONE', ( #1367 ), #2924, .F. ) ;
#563 = DIRECTION ( 'NONE',  ( 0.000000000000000000, -2.903302832784645416E-15, 1.000000000000000000 ) ) ;
#564 = DIRECTION ( 'NONE',  ( -0.7071067811865474617, -2.673765713835372737E-15, -0.7071067811865474617 ) ) ;
#565 = CARTESIAN_POINT ( 'NONE',  ( -7.875221141146669268, 0.01870651413292894957, -20.34686888814760053 ) ) ;
#566 = ORIENTED_EDGE ( 'NONE', *, *, #4379, .F. ) ;
#567 = AXIS2_PLACEMENT_3D ( 'NONE', #2993, #3661, #2109 ) ;
#568 = CARTESIAN_POINT ( 'NONE',  ( -4.872600702235899917, -1.802799999999830094, -79.67810574249129729 ) ) ;
#569 = DIRECTION ( 'NONE',  ( -6.180374837806370896E-15, 1.000000000000000000, 0.000000000000000000 ) ) ;
#570 = CARTESIAN_POINT ( 'NONE',  ( 8.747834439956060137, -0.06564668205623749864, -19.35422003738645103 ) ) ;
#571 = ADVANCED_FACE ( 'NONE', ( #10500 ), #9566, .T. ) ;
#572 = DIRECTION ( 'NONE',  ( 0.000000000000000000, 0.000000000000000000, 1.000000000000000000 ) ) ;
#573 = EDGE_LOOP ( 'NONE', ( #1782, #8338, #2938, #7396 ) ) ;
#574 = EDGE_LOOP ( 'NONE', ( #1112, #6193, #8965, #3174 ) ) ;
#575 = ORIENTED_EDGE ( 'NONE', *, *, #8049, .F. ) ;
#576 = VECTOR ( 'NONE', #1321, 1000.000000000000000 ) ;
#577 = CARTESIAN_POINT ( 'NONE',  ( -1.250000000000000000, 11.00000000000000000, 0.000000000000000000 ) ) ;
#578 = AXIS2_PLACEMENT_3D ( 'NONE', #4125, #9058, #865 ) ;
#579 = CARTESIAN_POINT ( 'NONE',  ( -3.622600662235954783, -1.499999953999869851, -79.67810574249129729 ) ) ;
#580 = VERTEX_POINT ( 'NONE', #2037 ) ;
#581 = ADVANCED_FACE ( 'NONE', ( #2201 ), #3692, .F. ) ;
#582 = FACE_BOUND ( 'NONE', #8740, .T. ) ;
#583 = FACE_OUTER_BOUND ( 'NONE', #6072, .T. ) ;
#584 = DIRECTION ( 'NONE',  ( 1.000000000000000000, 0.000000000000000000, 0.000000000000000000 ) ) ;
#585 = LINE ( 'NONE', #8994, #2688 ) ;
#586 = CARTESIAN_POINT ( 'NONE',  ( 4.769999999999999574, -9.342999999999999972, 0.000000000000000000 ) ) ;
#587 = VECTOR ( 'NONE', #239, 1000.000000000000000 ) ;
#588 = ORIENTED_EDGE ( 'NONE', *, *, #10174, .F. ) ;
#589 = ORIENTED_EDGE ( 'NONE', *, *, #369, .T. ) ;
#590 = DIRECTION ( 'NONE',  ( 0.000000000000000000, -1.000000000000000000, 3.491481338843135327E-15 ) ) ;
#591 = VERTEX_POINT ( 'NONE', #8076 ) ;
#592 = AXIS2_PLACEMENT_3D ( 'NONE', #8216, #1552, #996 ) ;
#593 = EDGE_CURVE ( 'NONE', #6924, #5035, #2977, .T. ) ;
#594 = LINE ( 'NONE', #7310, #7813 ) ;
#595 = LINE ( 'NONE', #3962, #10370 ) ;
#596 = CARTESIAN_POINT ( 'NONE',  ( 8.923799999999999955, -1.499999954000104108, -8.295019119999990309 ) ) ;
#597 = EDGE_LOOP ( 'NONE', ( #4328, #3392, #4662, #4030 ) ) ;
#598 = DIRECTION ( 'NONE',  ( -1.000000000000000000, -3.629128540980805093E-15, -8.904572318030769708E-17 ) ) ;
#599 = PLANE ( 'NONE',  #4165 ) ;
#600 = ORIENTED_EDGE ( 'NONE', *, *, #10793, .T. ) ;
#601 = CONTEXT_DEPENDENT_SHAPE_REPRESENTATION ( #7423, #4345 ) ;
#602 = LINE ( 'NONE', #2264, #4635 ) ;
#603 = DIRECTION ( 'NONE',  ( 0.000000000000000000, 0.000000000000000000, 1.000000000000000000 ) ) ;
#604 = VECTOR ( 'NONE', #1863, 1000.000000000000000 ) ;
#605 = EDGE_LOOP ( 'NONE', ( #2473, #10825, #4592, #6622 ) ) ;
#607 = ADVANCED_FACE ( 'NONE', ( #5340 ), #4681, .T. ) ;
#606 = DIRECTION ( 'NONE',  ( 0.000000000000000000, 0.000000000000000000, 1.000000000000000000 ) ) ;
#608 = ADVANCED_FACE ( 'NONE', ( #2141 ), #8682, .F. ) ;
#609 = B_SPLINE_CURVE_WITH_KNOTS ( 'NONE', 1,
 ( #7420, #5879 ),
 .UNSPECIFIED., .F., .F.,
 ( 2, 2 ),
 ( 0.000000000000000000, 1.000000000000000000 ),
 .UNSPECIFIED. ) ;
#610 = CARTESIAN_POINT ( 'NONE',  ( -9.000000000000000000, 5.950000000000000178, 0.8719667599999999519 ) ) ;
#611 = VERTEX_POINT ( 'NONE', #8843 ) ;
#612 = VECTOR ( 'NONE', #34, 1000.000000000000000 ) ;
#613 = CARTESIAN_POINT ( 'NONE',  ( 61.95510655778610243, -1.802799999999810110, -0.7950188799999790001 ) ) ;
#614 = ORIENTED_EDGE ( 'NONE', *, *, #5962, .F. ) ;
#615 = DIRECTION ( 'NONE',  ( -7.401486830834660505E-14, -1.000000000000000000, -3.848953698056000290E-15 ) ) ;
#616 = CARTESIAN_POINT ( 'NONE',  ( -9.000000000000000000, 5.000000000000000000, 0.000000000000000000 ) ) ;
#617 = LINE ( 'NONE', #6503, #2893 ) ;
#618 = CARTESIAN_POINT ( 'NONE',  ( 8.750725738253413155, -0.06216889456948949261, -0.4707106321186550479 ) ) ;
#619 = VECTOR ( 'NONE', #7946, 1000.000000000000000 ) ;
#620 = EDGE_CURVE ( 'NONE', #2989, #737, #437, .T. ) ;
#621 = B_SPLINE_SURFACE_WITH_KNOTS ( 'NONE', 1, 3, ( 
 ( #10498, #7192, #1472, #3958 ),
 ( #1255, #3847, #653, #2975 ) ),
 .UNSPECIFIED., .F., .F., .F.,
 ( 2, 2 ),
 ( 4, 4 ),
 ( 0.000000000000000000, 1.000000000000000000 ),
 ( 9.256969014844760116E-05, 1.000000000000000000 ),
 .UNSPECIFIED. ) ;
#622 = VERTEX_POINT ( 'NONE', #4572 ) ;
#623 = DIRECTION ( 'NONE',  ( 0.000000000000000000, 9.035022412278281565E-17, -1.000000000000000000 ) ) ;
#624 = DIRECTION ( 'NONE',  ( 0.000000000000000000, 0.000000000000000000, -1.000000000000000000 ) ) ;
#625 = CARTESIAN_POINT ( 'NONE',  ( -4.812999602235880303, -1.802800045999999989, 6.288372600416019592E-15 ) ) ;
#626 = VERTEX_POINT ( 'NONE', #10384 ) ;
#627 = CARTESIAN_POINT ( 'NONE',  ( -8.764668053671867298, -0.09046798262973593241, -19.36101569409725087 ) ) ;
#628 = DIRECTION ( 'NONE',  ( -8.904572318030769708E-17, -5.101376584211580244E-31, 1.000000000000000000 ) ) ;
#629 = DIRECTION ( 'NONE',  ( 0.7071067811865470176, -3.592653961575235902E-15, 0.7071067811865480168 ) ) ;
#630 = DIRECTION ( 'NONE',  ( 0.000000000000000000, 0.000000000000000000, -1.000000000000000000 ) ) ;
#631 = VECTOR ( 'NONE', #4709, 1000.000000000000114 ) ;
#632 = VECTOR ( 'NONE', #10132, 1000.000000000000000 ) ;
#633 = ORIENTED_EDGE ( 'NONE', *, *, #9214, .F. ) ;
#634 = EDGE_CURVE ( 'NONE', #6735, #7613, #9395, .T. ) ;
#635 = VERTEX_POINT ( 'NONE', #4737 ) ;
#636 = ORIENTED_EDGE ( 'NONE', *, *, #4755, .T. ) ;
#637 = DIRECTION ( 'NONE',  ( 1.000000000000000000, 0.000000000000000000, 0.000000000000000000 ) ) ;
#638 = EDGE_CURVE ( 'NONE', #931, #687, #7195, .T. ) ;
#639 = CARTESIAN_POINT ( 'NONE',  ( -9.000000000000000000, 2.799999999999999822, 0.000000000000000000 ) ) ;
#640 = VERTEX_POINT ( 'NONE', #8027 ) ;
#641 = CARTESIAN_POINT ( 'NONE',  ( -8.702186407140199975, -0.1178752809731870022, -0.001724950648684379917 ) ) ;
#642 = CARTESIAN_POINT ( 'NONE',  ( 9.000000000000000000, -10.00000000000000000, 0.000000000000000000 ) ) ;
#643 = AXIS2_PLACEMENT_3D ( 'NONE', #8212, #4918, #5729 ) ;
#644 = CARTESIAN_POINT ( 'NONE',  ( 9.000000000000000000, 6.550000000000000711, 0.000000000000000000 ) ) ;
#645 = VECTOR ( 'NONE', #1558, 1000.000000000000000 ) ;
#646 = DIRECTION ( 'NONE',  ( 0.000000000000000000, -1.000000000000000000, 0.000000000000000000 ) ) ;
#647 = CARTESIAN_POINT ( 'NONE',  ( 8.747943630465320197, -0.06580746144264229547, -19.36501450962520110 ) ) ;
#648 = VECTOR ( 'NONE', #5658, 1000.000000000000000 ) ;
#649 = ADVANCED_FACE ( 'NONE', ( #10443 ), #7091, .F. ) ;
#650 = ORIENTED_EDGE ( 'NONE', *, *, #906, .T. ) ;
#651 = VECTOR ( 'NONE', #8501, 1000.000000000000000 ) ;
#652 = ORIENTED_EDGE ( 'NONE', *, *, #10388, .T. ) ;
#653 = CARTESIAN_POINT ( 'NONE',  ( 7.886417105055399723, -0.06575385963318569615, -20.22290735845740173 ) ) ;
#654 = ORIENTED_EDGE ( 'NONE', *, *, #4795, .T. ) ;
#655 = LINE ( 'NONE', #8074, #259 ) ;
#656 = CARTESIAN_POINT ( 'NONE',  ( 32.48138229896110118, -1.802799999999900038, -44.10743720361814724 ) ) ;
#657 = ORIENTED_EDGE ( 'NONE', *, *, #9310, .T. ) ;
#659 = VECTOR ( 'NONE', #6470, 1000.000000000000000 ) ;
#658 = CARTESIAN_POINT ( 'NONE',  ( -8.922075049335118635, -0.1178752348228414015, -0.2216140942213130072 ) ) ;
#660 = LINE ( 'NONE', #2429, #5041 ) ;
#661 = EDGE_LOOP ( 'NONE', ( #1172, #439, #7010, #7101, #10055, #2949, #1182, #6181 ) ) ;
#662 = VECTOR ( 'NONE', #6400, 1000.000000000000000 ) ;
#663 = DIRECTION ( 'NONE',  ( 1.000000000000000000, 3.885058976157783789E-15, 0.000000000000000000 ) ) ;
#664 = EDGE_CURVE ( 'NONE', #5803, #2918, #6374, .T. ) ;
#665 = ORIENTED_EDGE ( 'NONE', *, *, #1861, .F. ) ;
#666 = DIRECTION ( 'NONE',  ( -2.626776916984869807E-16, 0.000000000000000000, -1.000000000000000000 ) ) ;
#667 = DIRECTION ( 'NONE',  ( 0.000000000000000000, 1.000000000000000000, 0.000000000000000000 ) ) ;
#668 = ORIENTED_EDGE ( 'NONE', *, *, #4356, .T. ) ;
#669 = CARTESIAN_POINT ( 'NONE',  ( 32.93347412123325313, -1.499999954000009961, -43.65534538134600240 ) ) ;
#670 = ORIENTED_EDGE ( 'NONE', *, *, #1718, .F. ) ;
#671 = LINE ( 'NONE', #4144, #6950 ) ;
#672 = PLANE ( 'NONE',  #1811 ) ;
#673 = DIRECTION ( 'NONE',  ( 0.000000000000000000, -2.903302832784645416E-15, 1.000000000000000000 ) ) ;
#674 = EDGE_CURVE ( 'NONE', #5021, #10110, #6157, .T. ) ;
#675 = DIRECTION ( 'NONE',  ( 0.000000000000000000, 0.000000000000000000, 1.000000000000000000 ) ) ;
#676 = CARTESIAN_POINT ( 'NONE',  ( 8.871868787912120524, 0.01870654388751220171, -19.35422003738664998 ) ) ;
#677 = CARTESIAN_POINT ( 'NONE',  ( 8.773800046000008734, -1.499999954000091895, -1.116018999999983885 ) ) ;
#678 = CARTESIAN_POINT ( 'NONE',  ( -8.043810271948380830, 4.600000084357570449E-08, -19.98660699651169992 ) ) ;
#679 = DIRECTION ( 'NONE',  ( 0.000000000000000000, 0.000000000000000000, 1.000000000000000000 ) ) ;
#680 = VERTEX_POINT ( 'NONE', #9619 ) ;
#681 = CARTESIAN_POINT ( 'NONE',  ( 8.773800046000008734, -1.802799999999999958, -4.291019000000000361 ) ) ;
#682 = CARTESIAN_POINT ( 'NONE',  ( 8.869574643773407985, 0.02207989053997215165, -19.29761575379007255 ) ) ;
#683 = CARTESIAN_POINT ( 'NONE',  ( 8.773800046000008734, -1.499999954000091895, -4.291019000000000361 ) ) ;
#684 = CARTESIAN_POINT ( 'NONE',  ( -9.000000000000000000, -2.500000000000000000, 0.000000000000000000 ) ) ;
#685 = EDGE_CURVE ( 'NONE', #6577, #3902, #5445, .T. ) ;
#686 = EDGE_CURVE ( 'NONE', #10652, #10190, #7971, .T. ) ;
#687 = VERTEX_POINT ( 'NONE', #3963 ) ;
#688 = ORIENTED_EDGE ( 'NONE', *, *, #4913, .F. ) ;
#689 = ORIENTED_EDGE ( 'NONE', *, *, #10528, .T. ) ;
#690 = FACE_OUTER_BOUND ( 'NONE', #1372, .T. ) ;
#691 = DIRECTION ( 'NONE',  ( 0.000000000000000000, 3.433307932418447706E-15, 1.000000000000000000 ) ) ;
#692 = ORIENTED_EDGE ( 'NONE', *, *, #5231, .T. ) ;
#693 = CARTESIAN_POINT ( 'NONE',  ( -8.619154227381640609, -0.1178752808228543947, -0.001724950664875419962 ) ) ;
#694 = DIRECTION ( 'NONE',  ( 0.000000000000000000, 0.000000000000000000, 1.000000000000000000 ) ) ;
#695 = DIRECTION ( 'NONE',  ( 1.833260990695674992E-13, -1.000000000000000000, -3.848953698056000290E-15 ) ) ;
#696 = CARTESIAN_POINT ( 'NONE',  ( -5.508000000000000007, 4.722999999999999865, 0.8719667599999999519 ) ) ;
#697 = CARTESIAN_POINT ( 'NONE',  ( -6.383799999999999919, -0.9999999540000689136, -1.122198984097179997 ) ) ;
#698 = EDGE_CURVE ( 'NONE', #8537, #2567, #7312, .T. ) ;
#699 = ORIENTED_EDGE ( 'NONE', *, *, #2276, .F. ) ;
#700 = ORIENTED_EDGE ( 'NONE', *, *, #297, .F. ) ;
#701 = CARTESIAN_POINT ( 'NONE',  ( 32.48138229896110118, -1.499999953999989977, -44.10743720361814724 ) ) ;
#702 = ORIENTED_EDGE ( 'NONE', *, *, #5010, .F. ) ;
#703 = ORIENTED_EDGE ( 'NONE', *, *, #7736, .F. ) ;
#704 = LINE ( 'NONE', #1536, #10264 ) ;
#705 = VECTOR ( 'NONE', #5901, 1000.000000000000000 ) ;
#706 = CARTESIAN_POINT ( 'NONE',  ( 8.453089367881339911, -0.1178752806737179970, -0.001724950680937660042 ) ) ;
#707 = ORIENTED_EDGE ( 'NONE', *, *, #10066, .F. ) ;
#708 = CARTESIAN_POINT ( 'NONE',  ( -8.699999999999999289, -5.000000000000000000, 0.000000000000000000 ) ) ;
#709 = EDGE_CURVE ( 'NONE', #10425, #10223, #8135, .T. ) ;
#710 = DIRECTION ( 'NONE',  ( 0.000000000000000000, 0.000000000000000000, -1.000000000000000000 ) ) ;
#711 = ORIENTED_EDGE ( 'NONE', *, *, #8324, .T. ) ;
#712 = CARTESIAN_POINT ( 'NONE',  ( -8.772937570667560081, -0.1339375714114210136, -0.2216140942213130072 ) ) ;
#713 = VERTEX_POINT ( 'NONE', #5610 ) ;
#714 = B_SPLINE_CURVE_WITH_KNOTS ( 'NONE', 3,
 ( #4920, #9967, #10688, #1600 ),
 .UNSPECIFIED., .F., .F.,
 ( 4, 4 ),
 ( 4.632000118907220057E-05, 1.000000000000000000 ),
 .UNSPECIFIED. ) ;
#715 = LINE ( 'NONE', #1592, #7753 ) ;
#716 = DIRECTION ( 'NONE',  ( 0.000000000000000000, 0.000000000000000000, 1.000000000000000000 ) ) ;
#717 = ORIENTED_EDGE ( 'NONE', *, *, #7088, .T. ) ;
#718 = DIRECTION ( 'NONE',  ( 0.000000000000000000, 0.000000000000000000, 1.000000000000000000 ) ) ;
#719 = ADVANCED_FACE ( 'NONE', ( #1419 ), #3086, .T. ) ;
#720 = ORIENTED_EDGE ( 'NONE', *, *, #7890, .F. ) ;
#721 = FACE_OUTER_BOUND ( 'NONE', #6320, .T. ) ;
#722 = CARTESIAN_POINT ( 'NONE',  ( 8.773800046000008734, -1.802799999999999958, -8.295019119999990309 ) ) ;
#723 = VECTOR ( 'NONE', #228, 1000.000000000000000 ) ;
#724 = LINE ( 'NONE', #9193, #2316 ) ;
#725 = CARTESIAN_POINT ( 'NONE',  ( 8.017095242407860312, 4.600000274353889722E-08, -19.96370745392984958 ) ) ;
#726 = DIRECTION ( 'NONE',  ( -8.904572318030729033E-17, -1.104356676306313890E-16, 1.000000000000000000 ) ) ;
#727 = LINE ( 'NONE', #8380, #9769 ) ;
#728 = ADVANCED_FACE ( 'NONE', ( #6004 ), #1108, .F. ) ;
#729 = CARTESIAN_POINT ( 'NONE',  ( 61.95510655778610243, -1.802799999999810110, -0.5410188799999788856 ) ) ;
#730 = ORIENTED_EDGE ( 'NONE', *, *, #3813, .T. ) ;
#731 = DIRECTION ( 'NONE',  ( 0.000000000000000000, 0.000000000000000000, 1.000000000000000000 ) ) ;
#732 = CARTESIAN_POINT ( 'NONE',  ( -8.773800045999999853, 3.434729301071215197E-14, -0.8011988640971789977 ) ) ;
#733 = CARTESIAN_POINT ( 'NONE',  ( 9.000000000000000000, -4.049999999999999822, 0.000000000000000000 ) ) ;
#734 = CARTESIAN_POINT ( 'NONE',  ( -8.702788389077070974, -0.1393154062177490160, -0.1502832331794559939 ) ) ;
#735 = VECTOR ( 'NONE', #3457, 1000.000000000000000 ) ;
#736 = EDGE_LOOP ( 'NONE', ( #9141, #6835, #5344, #9124 ) ) ;
#737 = VERTEX_POINT ( 'NONE', #3435 ) ;
#738 = VERTEX_POINT ( 'NONE', #10129 ) ;
#739 = CARTESIAN_POINT ( 'NONE',  ( 8.773800046000008734, -1.499999954000091895, -7.720018999999999743 ) ) ;
#740 = CIRCLE ( 'NONE', #4101, 0.2999999999999999334 ) ;
#741 = DIRECTION ( 'NONE',  ( -1.000000000000000000, 3.446013993391890312E-15, 3.562560286365675406E-16 ) ) ;
#742 = ORIENTED_EDGE ( 'NONE', *, *, #2235, .T. ) ;
#743 = CARTESIAN_POINT ( 'NONE',  ( -8.763742573118383561, 0.1215250636494481368, -19.17246586513302731 ) ) ;
#744 = FACE_OUTER_BOUND ( 'NONE', #597, .T. ) ;
#745 = EDGE_CURVE ( 'NONE', #2071, #1927, #10182, .T. ) ;
#746 = CARTESIAN_POINT ( 'NONE',  ( -8.923799999999999955, -1.499999954000060143, -0.8011988640971789977 ) ) ;
#747 = PLANE ( 'NONE',  #9528 ) ;
#748 = CARTESIAN_POINT ( 'NONE',  ( 8.923799999999999955, -1.499999954000091895, -4.291019000000000361 ) ) ;
#749 = AXIS2_PLACEMENT_3D ( 'NONE', #5707, #3186, #9053 ) ;
#750 = VECTOR ( 'NONE', #7569, 1000.000000000000000 ) ;
#751 = ORIENTED_EDGE ( 'NONE', *, *, #115, .F. ) ;
#752 = ORIENTED_EDGE ( 'NONE', *, *, #1612, .F. ) ;
#753 = VECTOR ( 'NONE', #98, 1000.000000000000000 ) ;
#754 = CYLINDRICAL_SURFACE ( 'NONE', #8141, 0.2999999999999999334 ) ;
#755 = ORIENTED_EDGE ( 'NONE', *, *, #2994, .F. ) ;
#756 = ORIENTED_EDGE ( 'NONE', *, *, #8933, .T. ) ;
#757 = CARTESIAN_POINT ( 'NONE',  ( -8.772937570667560081, -0.1339375714114210136, -0.2216140942213130072 ) ) ;
#758 = EDGE_CURVE ( 'NONE', #4720, #3439, #4427, .T. ) ;
#759 = VECTOR ( 'NONE', #6690, 1000.000000000000000 ) ;
#760 = LINE ( 'NONE', #706, #2479 ) ;
#761 = CIRCLE ( 'NONE', #7609, 0.2999999999999999334 ) ;
#762 = VERTEX_POINT ( 'NONE', #1771 ) ;
#763 = CARTESIAN_POINT ( 'NONE',  ( -8.002267239413990652, -0.1499999079999994045, -20.24880012599999901 ) ) ;
#764 = CARTESIAN_POINT ( 'NONE',  ( -9.000000000000000000, 1.250000000000000000, 0.000000000000000000 ) ) ;
#765 = EDGE_LOOP ( 'NONE', ( #10771, #7594, #8518, #752 ) ) ;
#766 = ADVANCED_FACE ( 'NONE', ( #7820 ), #2609, .F. ) ;
#767 = AXIS2_PLACEMENT_3D ( 'NONE', #4718, #572, #7283 ) ;
#768 = DIRECTION ( 'NONE',  ( -1.833260990695839833E-13, 1.000000000000000000, 3.848953698056000290E-15 ) ) ;
#769 = EDGE_CURVE ( 'NONE', #1649, #7087, #9158, .T. ) ;
#770 = CARTESIAN_POINT ( 'NONE',  ( 8.775770293170699787, -0.009679188572262189053, -19.49764155328355031 ) ) ;
#771 = ORIENTED_EDGE ( 'NONE', *, *, #8308, .T. ) ;
#772 = CARTESIAN_POINT ( 'NONE',  ( 8.923799999999999955, -1.499999954000091895, -8.041019119999980092 ) ) ;
#773 = VERTEX_POINT ( 'NONE', #8586 ) ;
#774 = CARTESIAN_POINT ( 'NONE',  ( -6.383799999999999919, -1.499999954000070135, -16.47619926409720037 ) ) ;
#775 = VECTOR ( 'NONE', #6327, 1000.000000000000000 ) ;
#776 = CARTESIAN_POINT ( 'NONE',  ( -8.699999999999999289, 1.250000000000000000, 0.000000000000000000 ) ) ;
#777 = EDGE_CURVE ( 'NONE', #2973, #1973, #7762, .T. ) ;
#778 = VECTOR ( 'NONE', #1464, 1000.000000000000000 ) ;
#779 = LINE ( 'NONE', #9806, #5294 ) ;
#780 = LINE ( 'NONE', #10016, #4146 ) ;
#781 = DIRECTION ( 'NONE',  ( 1.836841578568294975E-13, -1.000000000000000000, -3.848953698056000290E-15 ) ) ;
#782 = CARTESIAN_POINT ( 'NONE',  ( -8.089752096550569149, 0.02776144915796120022, -20.22950807806149953 ) ) ;
#783 = CARTESIAN_POINT ( 'NONE',  ( -9.000000000000000000, 5.299999999999999822, 0.000000000000000000 ) ) ;
#784 = ORIENTED_EDGE ( 'NONE', *, *, #9680, .F. ) ;
#785 = CARTESIAN_POINT ( 'NONE',  ( 8.773800046000008734, -1.499999954000104108, -19.36501500962519984 ) ) ;
#786 = CARTESIAN_POINT ( 'NONE',  ( 8.763961574239825580, 0.1213531473506409691, -19.17622197232967096 ) ) ;
#787 = CARTESIAN_POINT ( 'NONE',  ( 2.627399537764104842, -1.802799999999999958, -20.39880008000000089 ) ) ;
#788 = VECTOR ( 'NONE', #2257, 1000.000000000000000 ) ;
#789 = FACE_OUTER_BOUND ( 'NONE', #8932, .T. ) ;
#790 = VERTEX_POINT ( 'NONE', #2770 ) ;
#791 = ORIENTED_EDGE ( 'NONE', *, *, #834, .T. ) ;
#792 = EDGE_CURVE ( 'NONE', #8879, #9149, #941, .T. ) ;
#793 = AXIS2_PLACEMENT_3D ( 'NONE', #5032, #5788, #10797 ) ;
#794 = ORIENTED_EDGE ( 'NONE', *, *, #1356, .F. ) ;
#795 = LINE ( 'NONE', #2509, #6903 ) ;
#796 = AXIS2_PLACEMENT_3D ( 'NONE', #8646, #9422, #3045 ) ;
#797 = LINE ( 'NONE', #6683, #9441 ) ;
#798 = ORIENTED_EDGE ( 'NONE', *, *, #2480, .F. ) ;
#799 = CARTESIAN_POINT ( 'NONE',  ( 8.773800045999999853, 3.434729301071215197E-14, -4.291019000000000361 ) ) ;
#800 = DIRECTION ( 'NONE',  ( 0.000000000000000000, -1.000000000000000000, -3.491481338843135327E-15 ) ) ;
#801 = CARTESIAN_POINT ( 'NONE',  ( 6.377399657764099672, -1.802799999999999958, -20.24880012599999901 ) ) ;
#802 = CARTESIAN_POINT ( 'NONE',  ( -8.453089367881339911, 0.1499999769999724175, -0.2999999080000035345 ) ) ;
#803 = DIRECTION ( 'NONE',  ( -4.226909136920270110E-16, 0.000000000000000000, -1.000000000000000000 ) ) ;
#804 = VECTOR ( 'NONE', #3562, 1000.000000000000000 ) ;
#805 = CARTESIAN_POINT ( 'NONE',  ( 8.629465718112431460, -0.1499999079999965734, -19.35133697822525178 ) ) ;
#806 = ORIENTED_EDGE ( 'NONE', *, *, #10496, .T. ) ;
#807 = EDGE_CURVE ( 'NONE', #7073, #6734, #7656, .T. ) ;
#808 = ADVANCED_FACE ( 'NONE', ( #124 ), #9253, .F. ) ;
#809 = ORIENTED_EDGE ( 'NONE', *, *, #6076, .T. ) ;
#810 = CARTESIAN_POINT ( 'NONE',  ( -8.872087179035908378, 0.01838497021426349978, -19.36101569409725087 ) ) ;
#811 = ORIENTED_EDGE ( 'NONE', *, *, #3539, .T. ) ;
#812 = VECTOR ( 'NONE', #3720, 1000.000000000000000 ) ;
#813 = AXIS2_PLACEMENT_3D ( 'NONE', #9864, #7497, #9092 ) ;
#814 = ORIENTED_EDGE ( 'NONE', *, *, #8624, .T. ) ;
#815 = CARTESIAN_POINT ( 'NONE',  ( -5.299999999999999822, 11.00000000000000000, 0.000000000000000000 ) ) ;
#816 = DIRECTION ( 'NONE',  ( 0.000000000000000000, -0.1070822772595019651, -0.9942501626335895626 ) ) ;
#817 = ORIENTED_EDGE ( 'NONE', *, *, #3713, .T. ) ;
#818 = CARTESIAN_POINT ( 'NONE',  ( -4.049999999999999822, 11.00000000000000000, 0.000000000000000000 ) ) ;
#819 = VECTOR ( 'NONE', #9184, 1000.000000000000000 ) ;
#820 = EDGE_CURVE ( 'NONE', #10245, #10202, #2549, .T. ) ;
#821 = ORIENTED_EDGE ( 'NONE', *, *, #2261, .F. ) ;
#822 = VECTOR ( 'NONE', #5134, 1000.000000000000000 ) ;
#823 = ADVANCED_FACE ( 'NONE', ( #5247 ), #1723, .T. ) ;
#824 = ORIENTED_EDGE ( 'NONE', *, *, #2665, .T. ) ;
#825 = VECTOR ( 'NONE', #6418, 1000.000000000000000 ) ;
#826 = CARTESIAN_POINT ( 'NONE',  ( 61.95510655778610243, -0.9999999539998989384, -8.616019239999980428 ) ) ;
#827 = CARTESIAN_POINT ( 'NONE',  ( 1.550000000000000044, 11.00000000000000000, 0.000000000000000000 ) ) ;
#828 = ORIENTED_EDGE ( 'NONE', *, *, #10004, .T. ) ;
#829 = CARTESIAN_POINT ( 'NONE',  ( 4.769999999999999574, -9.342999999999999972, 0.000000000000000000 ) ) ;
#830 = VERTEX_POINT ( 'NONE', #5082 ) ;
#831 = LINE ( 'NONE', #3535, #8655 ) ;
#832 = EDGE_CURVE ( 'NONE', #3116, #7778, #3492, .T. ) ;
#833 = LINE ( 'NONE', #7438, #2535 ) ;
#834 = EDGE_CURVE ( 'NONE', #10425, #6806, #1052, .T. ) ;
#835 = CIRCLE ( 'NONE', #1011, 0.1999999999999987899 ) ;
#836 = AXIS2_PLACEMENT_3D ( 'NONE', #2771, #7602, #72 ) ;
#837 = DIRECTION ( 'NONE',  ( 0.000000000000000000, 0.000000000000000000, 1.000000000000000000 ) ) ;
#838 = CARTESIAN_POINT ( 'NONE',  ( -9.000000000000000000, 0.000000000000000000, 0.000000000000000000 ) ) ;
#839 = CARTESIAN_POINT ( 'NONE',  ( 8.088468867527419448, -0.1499999079999976004, -20.31659776741454948 ) ) ;
#840 = LINE ( 'NONE', #2869, #1162 ) ;
#841 = ORIENTED_EDGE ( 'NONE', *, *, #4570, .T. ) ;
#842 = CARTESIAN_POINT ( 'NONE',  ( 7.890014929625221107, -0.03774333245779810247, -20.26432490342769910 ) ) ;
#843 = DIRECTION ( 'NONE',  ( -1.000000000000000000, 0.000000000000000000, 0.000000000000000000 ) ) ;
#844 = EDGE_CURVE ( 'NONE', #8028, #1649, #3412, .T. ) ;
#845 = DIRECTION ( 'NONE',  ( 3.848953698056000290E-15, -1.000000000000000000, -1.674047928902419981E-31 ) ) ;
#846 = EDGE_CURVE ( 'NONE', #1475, #8509, #6062, .T. ) ;
#847 = DIRECTION ( 'NONE',  ( 0.000000000000000000, 0.000000000000000000, 1.000000000000000000 ) ) ;
#848 = EDGE_CURVE ( 'NONE', #6018, #4195, #5193, .T. ) ;
#849 = EDGE_LOOP ( 'NONE', ( #10009, #8260, #9974, #1974 ) ) ;
#850 = ORIENTED_EDGE ( 'NONE', *, *, #7923, .T. ) ;
#851 = ORIENTED_EDGE ( 'NONE', *, *, #10235, .F. ) ;
#852 = PLANE ( 'NONE',  #227 ) ;
#853 = CARTESIAN_POINT ( 'NONE',  ( 8.059381153377570328, 0.01870654388755344996, -20.27224365711920129 ) ) ;
#854 = ORIENTED_EDGE ( 'NONE', *, *, #6665, .F. ) ;
#855 = CARTESIAN_POINT ( 'NONE',  ( 8.712108926070358805, -0.06570027392379049203, -19.44415637078614978 ) ) ;
#856 = CARTESIAN_POINT ( 'NONE',  ( 5.097000897764120353, -1.499999954000106106, -2.540000000000000036 ) ) ;
#857 = DIRECTION ( 'NONE',  ( -0.7071067811865475727, -2.673765713835373920E-15, -0.7071067811865475727 ) ) ;
#858 = FACE_OUTER_BOUND ( 'NONE', #7410, .T. ) ;
#859 = PRODUCT_DEFINITION_CONTEXT ( 'detailed design', #1028, 'design' ) ;
#860 = DIRECTION ( 'NONE',  ( 1.000000000000000000, 0.000000000000000000, 0.000000000000000000 ) ) ;
#861 = ADVANCED_FACE ( 'NONE', ( #10252 ), #1739, .F. ) ;
#862 = CARTESIAN_POINT ( 'NONE',  ( 9.000000000000000000, 11.00000000000000000, 0.000000000000000000 ) ) ;
#863 = ORIENTED_EDGE ( 'NONE', *, *, #844, .F. ) ;
#864 = VERTEX_POINT ( 'NONE', #33 ) ;
#865 = DIRECTION ( 'NONE',  ( 0.000000000000000000, 3.523658141166344347E-15, 1.000000000000000000 ) ) ;
#866 = ORIENTED_EDGE ( 'NONE', *, *, #8617, .T. ) ;
#867 = CARTESIAN_POINT ( 'NONE',  ( -8.872362556445930082, -0.1232293470190346102, -0.2216140942213130072 ) ) ;
#868 = DIRECTION ( 'NONE',  ( -1.000000000000000000, -1.833260990695839833E-13, -5.322511827520820054E-28 ) ) ;
#869 = VERTEX_POINT ( 'NONE', #8497 ) ;
#870 = DIRECTION ( 'NONE',  ( 0.000000000000000000, -1.000000000000000000, 1.807004036420095116E-16 ) ) ;
#871 = EDGE_CURVE ( 'NONE', #5945, #2087, #4335, .T. ) ;
#872 = ORIENTED_EDGE ( 'NONE', *, *, #6855, .T. ) ;
#873 = ORIENTED_EDGE ( 'NONE', *, *, #1732, .F. ) ;
#874 = CARTESIAN_POINT ( 'NONE',  ( -8.629031880447950442, -0.04918936753830210201, -19.50523001673310119 ) ) ;
#875 = FACE_OUTER_BOUND ( 'NONE', #8597, .T. ) ;
#876 = ORIENTED_EDGE ( 'NONE', *, *, #2249, .F. ) ;
#877 = CARTESIAN_POINT ( 'NONE',  ( 7.879221455915749850, 0.01870648438081000051, -20.34686890838139917 ) ) ;
#878 = ADVANCED_FACE ( 'NONE', ( #3397 ), #441, .T. ) ;
#879 = ORIENTED_EDGE ( 'NONE', *, *, #6704, .T. ) ;
#880 = DIRECTION ( 'NONE',  ( 0.000000000000000000, 0.000000000000000000, 1.000000000000000000 ) ) ;
#881 = DIRECTION ( 'NONE',  ( 0.000000000000000000, 0.000000000000000000, 1.000000000000000000 ) ) ;
#882 = LINE ( 'NONE', #3432, #5522 ) ;
#883 = ORIENTED_EDGE ( 'NONE', *, *, #634, .F. ) ;
#884 = CARTESIAN_POINT ( 'NONE',  ( 8.747834450073810331, -0.06564669693355050517, -19.35422053667469910 ) ) ;
#885 = CARTESIAN_POINT ( 'NONE',  ( -6.383799999999999919, -0.9999999540000689136, -8.976199024097221368 ) ) ;
#886 = ORIENTED_EDGE ( 'NONE', *, *, #5810, .F. ) ;
#887 = CARTESIAN_POINT ( 'NONE',  ( -7.967675963413850759, -0.06564669693354639735, -20.18453848878409929 ) ) ;
#888 = CARTESIAN_POINT ( 'NONE',  ( 8.643143749512379514, 0.1499999999999999944, -19.36501500962519984 ) ) ;
#889 = ADVANCED_FACE ( 'NONE', ( #5209 ), #3507, .T. ) ;
#890 = ORIENTED_EDGE ( 'NONE', *, *, #9773, .T. ) ;
#891 = PLANE ( 'NONE',  #6561 ) ;
#892 = LINE ( 'NONE', #732, #1864 ) ;
#893 = PLANE ( 'NONE',  #1092 ) ;
#894 = DIRECTION ( 'NONE',  ( 1.000000000000000000, 1.833260990695839833E-13, 5.322511827520820054E-28 ) ) ;
#895 = EDGE_LOOP ( 'NONE', ( #2032, #7037, #977, #9388 ) ) ;
#896 = VERTEX_POINT ( 'NONE', #6796 ) ;
#897 = EDGE_LOOP ( 'NONE', ( #6445, #4264, #8986, #9980 ) ) ;
#898 = B_SPLINE_CURVE_WITH_KNOTS ( 'NONE', 3,
 ( #7324, #9796, #7376, #3154 ),
 .UNSPECIFIED., .F., .F.,
 ( 4, 4 ),
 ( 2.007249870337185058E-06, 1.000000000000000000 ),
 .UNSPECIFIED. ) ;
#899 = ADVANCED_FACE ( 'NONE', ( #89 ), #4667, .T. ) ;
#900 = LINE ( 'NONE', #2728, #5326 ) ;
#901 = CARTESIAN_POINT ( 'NONE',  ( 8.017095242407860312, 0.1500000000000275002, -19.96370745392984958 ) ) ;
#902 = ORIENTED_EDGE ( 'NONE', *, *, #8850, .F. ) ;
#903 = LINE ( 'NONE', #4389, #3702 ) ;
#904 = CARTESIAN_POINT ( 'NONE',  ( -8.772937570667560081, -0.1339375714114210136, -0.3046462735204270023 ) ) ;
#905 = DIRECTION ( 'NONE',  ( 1.000000000000000000, 0.000000000000000000, 0.000000000000000000 ) ) ;
#906 = EDGE_CURVE ( 'NONE', #2726, #3150, #903, .T. ) ;
#907 = CARTESIAN_POINT ( 'NONE',  ( -7.875220641858379444, -0.06564668205622339880, -20.22283451995604864 ) ) ;
#908 = CYLINDRICAL_SURFACE ( 'NONE', #10394, 0.2999999999999999334 ) ;
#909 = LINE ( 'NONE', #3909, #8312 ) ;
#910 = ORIENTED_EDGE ( 'NONE', *, *, #5057, .T. ) ;
#911 = ORIENTED_EDGE ( 'NONE', *, *, #1181, .T. ) ;
#912 = AXIS2_PLACEMENT_3D ( 'NONE', #9110, #10819, #8995 ) ;
#913 = ADVANCED_FACE ( 'NONE', ( #8395 ), #2913, .T. ) ;
#914 = CARTESIAN_POINT ( 'NONE',  ( 8.453089367881339911, -0.1499999539999994080, -0.2999999080000029794 ) ) ;
#915 = EDGE_LOOP ( 'NONE', ( #3793, #7180, #7362, #2740 ) ) ;
#916 = CYLINDRICAL_SURFACE ( 'NONE', #9563, 0.2999999999999999334 ) ;
#917 = VECTOR ( 'NONE', #7518, 1000.000000000000000 ) ;
#918 = CARTESIAN_POINT ( 'NONE',  ( 9.000000000000000000, -10.00000000000000000, 0.000000000000000000 ) ) ;
#919 = EDGE_LOOP ( 'NONE', ( #8188, #10047, #2289, #10350 ) ) ;
#920 = CARTESIAN_POINT ( 'NONE',  ( -8.703089367881348792, -1.499999954000106106, -0.1499999540000000187 ) ) ;
#921 = VECTOR ( 'NONE', #6406, 1000.000000000000000 ) ;
#922 = VECTOR ( 'NONE', #1459, 1000.000000000000000 ) ;
#923 = VERTEX_POINT ( 'NONE', #1788 ) ;
#924 = ORIENTED_EDGE ( 'NONE', *, *, #2235, .F. ) ;
#925 = EDGE_CURVE ( 'NONE', #5377, #2934, #3557, .T. ) ;
#926 = AXIS2_PLACEMENT_3D ( 'NONE', #9296, #6934, #5185 ) ;
#927 = VECTOR ( 'NONE', #36, 1000.000000000000114 ) ;
#928 = DIRECTION ( 'NONE',  ( 3.629128540980805093E-15, -1.000000000000000000, 0.000000000000000000 ) ) ;
#929 = VECTOR ( 'NONE', #6525, 1000.000000000000000 ) ;
#930 = CARTESIAN_POINT ( 'NONE',  ( -8.623800091999999751, 0.1499999999999949984, -19.16195333473704920 ) ) ;
#931 = VERTEX_POINT ( 'NONE', #1903 ) ;
#932 = LINE ( 'NONE', #6823, #8377 ) ;
#933 = ORIENTED_EDGE ( 'NONE', *, *, #3025, .T. ) ;
#934 = FACE_OUTER_BOUND ( 'NONE', #5272, .T. ) ;
#935 = CARTESIAN_POINT ( 'NONE',  ( -4.740000000000000213, -9.342999999999999972, 0.000000000000000000 ) ) ;
#936 = VECTOR ( 'NONE', #6951, 1000.000000000000000 ) ;
#937 = ORIENTED_EDGE ( 'NONE', *, *, #2734, .T. ) ;
#938 = EDGE_CURVE ( 'NONE', #9100, #7162, #373, .T. ) ;
#939 = ADVANCED_FACE ( 'NONE', ( #4442 ), #4651, .F. ) ;
#940 = CARTESIAN_POINT ( 'NONE',  ( 4.843000897764119905, -1.802800045999999989, -0.1499999539999936071 ) ) ;
#941 = LINE ( 'NONE', #4317, #9305 ) ;
#942 = VECTOR ( 'NONE', #10115, 1000.000000000000114 ) ;
#943 = DIRECTION ( 'NONE',  ( 1.000000000000000000, 0.000000000000000000, 0.000000000000000000 ) ) ;
#944 = VECTOR ( 'NONE', #8851, 1000.000000000000114 ) ;
#945 = CARTESIAN_POINT ( 'NONE',  ( 7.756777164227089294, -0.04087436630414230387, -20.20271583736125010 ) ) ;
#946 = CARTESIAN_POINT ( 'NONE',  ( 8.712108926070358805, -0.06570027392379049203, -19.44415637078614978 ) ) ;
#947 = ORIENTED_EDGE ( 'NONE', *, *, #3810, .F. ) ;
#948 = CARTESIAN_POINT ( 'NONE',  ( -9.000000000000000000, -6.550000000000000711, 0.000000000000000000 ) ) ;
#949 = DIRECTION ( 'NONE',  ( 0.000000000000000000, 0.000000000000000000, -1.000000000000000000 ) ) ;
#950 = CARTESIAN_POINT ( 'NONE',  ( 8.703089367881348792, -0.1499999539999989917, -0.1499999539999994080 ) ) ;
#951 = LINE ( 'NONE', #7770, #587 ) ;
#952 = ORIENTED_EDGE ( 'NONE', *, *, #297, .T. ) ;
#953 = AXIS2_PLACEMENT_3D ( 'NONE', #8407, #5876, #3308 ) ;
#954 = ORIENTED_EDGE ( 'NONE', *, *, #6013, .T. ) ;
#955 = EDGE_CURVE ( 'NONE', #1415, #7365, #9593, .T. ) ;
#956 = ORIENTED_EDGE ( 'NONE', *, *, #2597, .T. ) ;
#957 = LINE ( 'NONE', #4332, #3369 ) ;
#958 = DIRECTION ( 'NONE',  ( 0.000000000000000000, 0.000000000000000000, 1.000000000000000000 ) ) ;
#959 = ORIENTED_EDGE ( 'NONE', *, *, #163, .F. ) ;
#960 = DIRECTION ( 'NONE',  ( 3.562560286365675406E-16, -1.227663259911834029E-30, 1.000000000000000000 ) ) ;
#961 = LINE ( 'NONE', #7780, #7134 ) ;
#962 = FACE_OUTER_BOUND ( 'NONE', #1261, .T. ) ;
#963 = LINE ( 'NONE', #1070, #8820 ) ;
#964 = PLANE ( 'NONE',  #2591 ) ;
#965 = CARTESIAN_POINT ( 'NONE',  ( 61.95510655778610243, -1.499999953999900049, -16.79101939999999971 ) ) ;
#966 = DIRECTION ( 'NONE',  ( 1.000000000000000000, 0.000000000000000000, 0.000000000000000000 ) ) ;
#967 = EDGE_CURVE ( 'NONE', #8296, #6662, #2788, .T. ) ;
#968 = ORIENTED_EDGE ( 'NONE', *, *, #7095, .F. ) ;
#969 = EDGE_CURVE ( 'NONE', #923, #1456, #7841, .T. ) ;
#970 = ORIENTED_EDGE ( 'NONE', *, *, #7596, .F. ) ;
#971 = CIRCLE ( 'NONE', #5028, 0.2999999999999999334 ) ;
#972 = CARTESIAN_POINT ( 'NONE',  ( -8.923799999999999955, -1.802799999999999958, -17.05119938409719893 ) ) ;
#973 = ORIENTED_EDGE ( 'NONE', *, *, #1992, .F. ) ;
#974 = CARTESIAN_POINT ( 'NONE',  ( -8.923799999999999955, -1.802799999999999958, -17.05119938409719893 ) ) ;
#975 = VECTOR ( 'NONE', #10803, 1000.000000000000000 ) ;
#976 = CARTESIAN_POINT ( 'NONE',  ( -5.126600702235950102, -1.499999953999869851, -79.67810574249129729 ) ) ;
#977 = ORIENTED_EDGE ( 'NONE', *, *, #2409, .F. ) ;
#978 = DIRECTION ( 'NONE',  ( -3.562560286365675406E-16, 2.040969624998799666E-30, -1.000000000000000000 ) ) ;
#979 = B_SPLINE_CURVE_WITH_KNOTS ( 'NONE', 3,
 ( #8383, #3547, #842, #6887 ),
 .UNSPECIFIED., .F., .F.,
 ( 4, 4 ),
 ( 0.000000000000000000, 1.000000000000000000 ),
 .UNSPECIFIED. ) ;
#980 = EDGE_CURVE ( 'NONE', #9957, #7912, #1124, .T. ) ;
#981 = VERTEX_POINT ( 'NONE', #246 ) ;
#982 = AXIS2_PLACEMENT_3D ( 'NONE', #10311, #4443, #1848 ) ;
#983 = ORIENTED_EDGE ( 'NONE', *, *, #7202, .F. ) ;
#984 = VECTOR ( 'NONE', #6322, 1000.000000000000114 ) ;
#985 = CARTESIAN_POINT ( 'NONE',  ( 9.000000000000000000, -4.049999999999999822, 0.000000000000000000 ) ) ;
#986 = LINE ( 'NONE', #7701, #3315 ) ;
#987 = CARTESIAN_POINT ( 'NONE',  ( -9.000000000000000000, -6.250000000000000000, 0.000000000000000000 ) ) ;
#988 = ORIENTED_EDGE ( 'NONE', *, *, #9299, .T. ) ;
#989 = CARTESIAN_POINT ( 'NONE',  ( -8.841597687414569862, -0.09006359391997806330, -19.55946963199943411 ) ) ;
#990 = VECTOR ( 'NONE', #8318, 1000.000000000000000 ) ;
#991 = VERTEX_POINT ( 'NONE', #1338 ) ;
#992 = AXIS2_PLACEMENT_3D ( 'NONE', #5424, #2116, #6298 ) ;
#993 = PRESENTATION_STYLE_ASSIGNMENT (( #1821 ) ) ;
#994 = CARTESIAN_POINT ( 'NONE',  ( 8.923799999999999955, -1.802799999999999958, -8.041019119999980092 ) ) ;
#995 = EDGE_CURVE ( 'NONE', #7513, #10667, #9643, .T. ) ;
#996 = DIRECTION ( 'NONE',  ( -1.833260990695839833E-13, 1.000000000000000000, 0.000000000000000000 ) ) ;
#997 = ORIENTED_EDGE ( 'NONE', *, *, #3631, .T. ) ;
#998 = VECTOR ( 'NONE', #3024, 1000.000000000000000 ) ;
#999 = CARTESIAN_POINT ( 'NONE',  ( -9.000000000000000000, 11.00000000000000000, 0.000000000000000000 ) ) ;
#1000 = CARTESIAN_POINT ( 'NONE',  ( 8.923799999999999955, -0.1499999539999994080, -0.1499999539999994080 ) ) ;
#1001 = DIRECTION ( 'NONE',  ( 0.000000000000000000, 0.000000000000000000, 1.000000000000000000 ) ) ;
#1002 = ORIENTED_EDGE ( 'NONE', *, *, #4327, .T. ) ;
#1003 = DIRECTION ( 'NONE',  ( -1.000000000000000000, 0.000000000000000000, 0.000000000000000000 ) ) ;
#1004 = ORIENTED_EDGE ( 'NONE', *, *, #5560, .T. ) ;
#1005 = CARTESIAN_POINT ( 'NONE',  ( -9.000000000000000000, 11.00000000000000000, 0.000000000000000000 ) ) ;
#1006 = LINE ( 'NONE', #182, #3101 ) ;
#1007 = CARTESIAN_POINT ( 'NONE',  ( 8.923799999999999955, -1.802799999999999958, -18.04101943999999946 ) ) ;
#1008 = VECTOR ( 'NONE', #6103, 1000.000000000000000 ) ;
#1009 = ADVANCED_FACE ( 'NONE', ( #7011 ), #7170, .F. ) ;
#1010 = LINE ( 'NONE', #9262, #6385 ) ;
#1011 = AXIS2_PLACEMENT_3D ( 'NONE', #4818, #10741, #623 ) ;
#1012 = ORIENTED_EDGE ( 'NONE', *, *, #9552, .F. ) ;
#1013 = ORIENTED_EDGE ( 'NONE', *, *, #5218, .T. ) ;
#1014 = CARTESIAN_POINT ( 'NONE',  ( -9.000000000000000000, 0.000000000000000000, 0.000000000000000000 ) ) ;
#1015 = EDGE_LOOP ( 'NONE', ( #3782, #1949, #5355, #809 ) ) ;
#1016 = CARTESIAN_POINT ( 'NONE',  ( 8.628797010556489511, -0.04918077474458839443, -19.50945319669810019 ) ) ;
#1017 = DIRECTION ( 'NONE',  ( 1.000000000000000000, 0.000000000000000000, 0.000000000000000000 ) ) ;
#1018 = DIRECTION ( 'NONE',  ( 3.862650377299220792E-15, -1.000000000000000000, 1.369667924322631815E-17 ) ) ;
#1019 = DIRECTION ( 'NONE',  ( -1.000000000000000000, -3.252606517456518824E-15, 0.000000000000000000 ) ) ;
#1020 = LINE ( 'NONE', #6030, #804 ) ;
#1021 = B_SPLINE_CURVE_WITH_KNOTS ( 'NONE', 1,
 ( #7078, #10207 ),
 .UNSPECIFIED., .F., .F.,
 ( 2, 2 ),
 ( 0.000000000000000000, 1.000000000000000000 ),
 .UNSPECIFIED. ) ;
#1022 = LINE ( 'NONE', #4448, #735 ) ;
#1023 = EDGE_CURVE ( 'NONE', #10153, #3556, #4597, .T. ) ;
#1024 = EDGE_CURVE ( 'NONE', #9129, #9630, #5929, .T. ) ;
#1025 = LINE ( 'NONE', #6967, #1640 ) ;
#1026 = ORIENTED_EDGE ( 'NONE', *, *, #4932, .F. ) ;
#1027 = ORIENTED_EDGE ( 'NONE', *, *, #3039, .T. ) ;
#1028 = APPLICATION_CONTEXT ( 'automotive_design' ) ;
#1029 = CARTESIAN_POINT ( 'NONE',  ( -7.686953254737039387, 4.599999791883929583E-08, -20.09880017200000069 ) ) ;
#1030 = ORIENTED_EDGE ( 'NONE', *, *, #5560, .F. ) ;
#1031 = CARTESIAN_POINT ( 'NONE',  ( -9.000000000000000000, -3.750000000000000000, 0.000000000000000000 ) ) ;
#1032 = FACE_OUTER_BOUND ( 'NONE', #10751, .T. ) ;
#1033 = ORIENTED_EDGE ( 'NONE', *, *, #5479, .T. ) ;
#1034 = CARTESIAN_POINT ( 'NONE',  ( -6.383799999999999919, -1.802799999999999958, -16.79719938409719759 ) ) ;
#1035 = EDGE_CURVE ( 'NONE', #4188, #10273, #2836, .T. ) ;
#1036 = ORIENTED_EDGE ( 'NONE', *, *, #3727, .T. ) ;
#1037 = VERTEX_POINT ( 'NONE', #3001 ) ;
#1038 = EDGE_CURVE ( 'NONE', #9244, #9447, #2897, .T. ) ;
#1039 = EDGE_CURVE ( 'NONE', #4956, #8591, #6296, .T. ) ;
#1040 = CARTESIAN_POINT ( 'NONE',  ( -8.545521701107480439, -0.01432100015773792034, -19.53038652474985071 ) ) ;
#1041 = DIRECTION ( 'NONE',  ( 0.000000000000000000, 0.000000000000000000, 1.000000000000000000 ) ) ;
#1042 = CARTESIAN_POINT ( 'NONE',  ( -8.846464497300381424, 0.05163835851098119711, -19.24873779615195346 ) ) ;
#1043 = ORIENTED_EDGE ( 'NONE', *, *, #8016, .T. ) ;
#1044 = CARTESIAN_POINT ( 'NONE',  ( -7.872337582697300107, 0.1499999999999999944, -20.10446579811245371 ) ) ;
#1045 = ORIENTED_EDGE ( 'NONE', *, *, #7227, .T. ) ;
#1046 =( NAMED_UNIT ( * ) PLANE_ANGLE_UNIT ( ) SI_UNIT ( $, .RADIAN. ) );
#1047 = DIRECTION ( 'NONE',  ( 1.000000000000000000, 0.000000000000000000, 0.000000000000000000 ) ) ;
#1048 = DIRECTION ( 'NONE',  ( 0.000000000000000000, 1.000000000000000000, 2.903302832784645416E-15 ) ) ;
#1049 = ORIENTED_EDGE ( 'NONE', *, *, #9850, .F. ) ;
#1050 = EDGE_CURVE ( 'NONE', #4219, #2511, #3719, .T. ) ;
#1051 = DIRECTION ( 'NONE',  ( -1.833260990695839833E-13, 1.000000000000000000, 0.000000000000000000 ) ) ;
#1052 = LINE ( 'NONE', #9355, #7384 ) ;
#1053 = FACE_OUTER_BOUND ( 'NONE', #10863, .T. ) ;
#1054 = ORIENTED_EDGE ( 'NONE', *, *, #5976, .T. ) ;
#1055 = DIRECTION ( 'NONE',  ( -1.000000000000000000, 0.000000000000000000, 3.562560286365675406E-16 ) ) ;
#1056 = EDGE_LOOP ( 'NONE', ( #7398, #4665, #2104, #4608 ) ) ;
#1057 = PLANE ( 'NONE',  #6384 ) ;
#1058 = DIRECTION ( 'NONE',  ( 1.000000000000000000, 0.000000000000000000, 0.000000000000000000 ) ) ;
#1059 = DIRECTION ( 'NONE',  ( 0.000000000000000000, 0.000000000000000000, 1.000000000000000000 ) ) ;
#1060 = VECTOR ( 'NONE', #489, 1000.000000000000000 ) ;
#1061 = CARTESIAN_POINT ( 'NONE',  ( 8.772937570675658492, -0.1339375714865931877, -0.2216135942127749892 ) ) ;
#1062 = ORIENTED_EDGE ( 'NONE', *, *, #5323, .T. ) ;
#1063 = ORIENTED_EDGE ( 'NONE', *, *, #10795, .T. ) ;
#1064 = ADVANCED_FACE ( 'NONE', ( #5470 ), #8811, .F. ) ;
#1065 = LINE ( 'NONE', #244, #197 ) ;
#1066 = ORIENTED_EDGE ( 'NONE', *, *, #2126, .T. ) ;
#1067 = CARTESIAN_POINT ( 'NONE',  ( 8.707520766014930302, 0.05163835851081860495, -19.58817695215655164 ) ) ;
#1068 = DIRECTION ( 'NONE',  ( 0.000000000000000000, 0.000000000000000000, 1.000000000000000000 ) ) ;
#1069 = FACE_BOUND ( 'NONE', #2155, .T. ) ;
#1070 = CARTESIAN_POINT ( 'NONE',  ( -4.700000000000000178, 11.00000000000000000, 0.000000000000000000 ) ) ;
#1071 = CARTESIAN_POINT ( 'NONE',  ( -9.000000000000000000, 6.550000000000000711, 0.000000000000000000 ) ) ;
#1072 = UNCERTAINTY_MEASURE_WITH_UNIT (LENGTH_MEASURE( 1.000000000000000082E-05 ), #9246, 'distance_accuracy_value', 'NONE');
#1073 = DIRECTION ( 'NONE',  ( 1.000000000000000000, 0.000000000000000000, -3.562560286365675406E-16 ) ) ;
#1074 = AXIS2_PLACEMENT_3D ( 'NONE', #3870, #5419, #458 ) ;
#1075 = LINE ( 'NONE', #9546, #6909 ) ;
#1076 = VERTEX_POINT ( 'NONE', #5368 ) ;
#1077 = EDGE_LOOP ( 'NONE', ( #7967, #218, #3180, #10683 ) ) ;
#1078 = VECTOR ( 'NONE', #5408, 1000.000000000000000 ) ;
#1079 = EDGE_CURVE ( 'NONE', #7030, #9066, #460, .T. ) ;
#1080 = FACE_OUTER_BOUND ( 'NONE', #4270, .T. ) ;
#1081 = EDGE_CURVE ( 'NONE', #9616, #923, #9693, .T. ) ;
#1082 = ORIENTED_EDGE ( 'NONE', *, *, #4489, .T. ) ;
#1083 = LINE ( 'NONE', #5381, #4135 ) ;
#1084 = LINE ( 'NONE', #261, #9135 ) ;
#1085 = LINE ( 'NONE', #2748, #7760 ) ;
#1086 = CIRCLE ( 'NONE', #912, 0.2999999999999999334 ) ;
#1087 = ORIENTED_EDGE ( 'NONE', *, *, #638, .F. ) ;
#1088 = ORIENTED_EDGE ( 'NONE', *, *, #9076, .F. ) ;
#1089 = ORIENTED_EDGE ( 'NONE', *, *, #4781, .F. ) ;
#1090 = EDGE_CURVE ( 'NONE', #2800, #3249, #9483, .T. ) ;
#1091 = DIRECTION ( 'NONE',  ( 3.562560286365675406E-16, -3.224722585669675392E-31, 1.000000000000000000 ) ) ;
#1092 = AXIS2_PLACEMENT_3D ( 'NONE', #2557, #9476, #5200 ) ;
#1093 = DIRECTION ( 'NONE',  ( 0.000000000000000000, 0.000000000000000000, 1.000000000000000000 ) ) ;
#1094 = DIRECTION ( 'NONE',  ( 3.614008349914240101E-16, 6.123233995736629218E-17, 1.000000000000000000 ) ) ;
#1095 = ORIENTED_EDGE ( 'NONE', *, *, #1090, .T. ) ;
#1096 = FACE_OUTER_BOUND ( 'NONE', #5528, .T. ) ;
#1097 = VECTOR ( 'NONE', #9606, 1000.000000000000000 ) ;
#1098 = ORIENTED_EDGE ( 'NONE', *, *, #9049, .F. ) ;
#1099 = SHAPE_DEFINITION_REPRESENTATION ( #1654, #8460 ) ;
#1100 = CARTESIAN_POINT ( 'NONE',  ( -8.699999999999999289, -8.750000000000000000, 0.000000000000000000 ) ) ;
#1101 = CARTESIAN_POINT ( 'NONE',  ( -3.241600662235954555, -1.499999953999869851, -79.67810574249129729 ) ) ;
#1102 = EDGE_CURVE ( 'NONE', #1383, #4568, #7190, .T. ) ;
#1103 = VERTEX_POINT ( 'NONE', #10310 ) ;
#1104 = STYLED_ITEM ( 'NONE', ( #5626 ), #6717 ) ;
#1105 = EDGE_CURVE ( 'NONE', #1470, #8883, #8102, .T. ) ;
#1106 = AXIS2_PLACEMENT_3D ( 'NONE', #7515, #4895, #9106 ) ;
#1107 = LINE ( 'NONE', #123, #10204 ) ;
#1108 = CYLINDRICAL_SURFACE ( 'NONE', #10719, 0.2999999999999999334 ) ;
#1109 = PLANE ( 'NONE',  #5589 ) ;
#1110 = EDGE_LOOP ( 'NONE', ( #9079, #9340, #7891, #1030 ) ) ;
#1111 = CARTESIAN_POINT ( 'NONE',  ( 7.685426670433120222, 4.599999791419649649E-08, -20.13671091552319936 ) ) ;
#1112 = ORIENTED_EDGE ( 'NONE', *, *, #10343, .T. ) ;
#1113 = CYLINDRICAL_SURFACE ( 'NONE', #7611, 0.2999999999999999334 ) ;
#1114 = FACE_OUTER_BOUND ( 'NONE', #7957, .T. ) ;
#1115 = VECTOR ( 'NONE', #5690, 1000.000000000000000 ) ;
#1116 = LINE ( 'NONE', #7111, #52 ) ;
#1117 = DIRECTION ( 'NONE',  ( -1.000000000000000000, 0.000000000000000000, 0.000000000000000000 ) ) ;
#1118 = ADVANCED_FACE ( 'NONE', ( #10691 ), #4924, .T. ) ;
#1119 = ORIENTED_EDGE ( 'NONE', *, *, #4148, .F. ) ;
#1120 = ORIENTED_EDGE ( 'NONE', *, *, #8822, .T. ) ;
#1121 = VECTOR ( 'NONE', #2046, 1000.000000000000000 ) ;
#1122 = DIRECTION ( 'NONE',  ( 1.833260990695839833E-13, -1.000000000000000000, -3.848953698056000290E-15 ) ) ;
#1123 = ORIENTED_EDGE ( 'NONE', *, *, #7102, .F. ) ;
#1124 = LINE ( 'NONE', #301, #2074 ) ;
#1125 = CARTESIAN_POINT ( 'NONE',  ( 8.799840226329749271, 0.01859936015241460058, -19.53188767104554913 ) ) ;
#1126 = CARTESIAN_POINT ( 'NONE',  ( 1.123399497764103971, -1.802799999999999958, -20.24880012599999901 ) ) ;
#1127 = CARTESIAN_POINT ( 'NONE',  ( 8.702788389077070974, -0.1393154062177673902, -0.1502832331794544951 ) ) ;
#1128 = DIRECTION ( 'NONE',  ( 0.000000000000000000, -6.755151197360960217E-16, -1.000000000000000000 ) ) ;
#1129 = DIRECTION ( 'NONE',  ( 1.000000000000000000, 0.000000000000000000, 0.000000000000000000 ) ) ;
#1130 = DIRECTION ( 'NONE',  ( 1.000000000000000000, -3.491481338843135327E-15, -3.562560286365675406E-16 ) ) ;
#1131 = VECTOR ( 'NONE', #8728, 1000.000000000000000 ) ;
#1132 = EDGE_CURVE ( 'NONE', #299, #3818, #8922, .T. ) ;
#1133 = ORIENTED_EDGE ( 'NONE', *, *, #1868, .F. ) ;
#1134 = VERTEX_POINT ( 'NONE', #514 ) ;
#1135 = DIRECTION ( 'NONE',  ( 3.629128540980805093E-15, -1.000000000000000000, 0.000000000000000000 ) ) ;
#1136 = VERTEX_POINT ( 'NONE', #2279 ) ;
#1137 = AXIS2_PLACEMENT_3D ( 'NONE', #5050, #90, #6797 ) ;
#1138 = CARTESIAN_POINT ( 'NONE',  ( 5.950000000000000178, 11.00000000000000000, 0.000000000000000000 ) ) ;
#1139 = CARTESIAN_POINT ( 'NONE',  ( -7.872337582697300107, -0.1499999080000001817, -20.10446579811245371 ) ) ;
#1140 = CARTESIAN_POINT ( 'NONE',  ( -9.000000000000000000, 7.500000000000000000, 0.000000000000000000 ) ) ;
#1141 = EDGE_CURVE ( 'NONE', #140, #1549, #6104, .T. ) ;
#1142 = EDGE_CURVE ( 'NONE', #6253, #1835, #6634, .T. ) ;
#1143 = CIRCLE ( 'NONE', #4149, 0.2999999999999999334 ) ;
#1144 = VERTEX_POINT ( 'NONE', #1390 ) ;
#1145 = ORIENTED_EDGE ( 'NONE', *, *, #2984, .T. ) ;
#1146 = VERTEX_POINT ( 'NONE', #8974 ) ;
#1147 = CLOSED_SHELL ( 'NONE', ( #5949, #9147, #3737, #4, #766, #913, #878, #4958, #5255, #3205, #5710, #2033, #9386, #4439, #10095, #5916, #6757, #4112, #2423, #511, #2719, #8220, #29, #5093, #1611, #3158, #9347, #8354, #10563, #2182, #9505, #2804, #10468, #2922, #4003, #7814, #3537, #7361, #4732, #5416, #1910, #7759, #5443, #3836, #899, #2233, #6781, #5864, #9703, #6637, #7998, #6820, #10251, #823, #3353, #6718, #161, #9613, #4082, #10457, #7430, #2862, #5402, #3185, #6573, #15, #3107, #7757, #4093, #8754, #6732, #6098, #607, #6505, #2805, #304, #7491, #5458, #10013, #10367, #1939, #2855, #1917, #1745, #1009, #608, #1387, #4217, #6450, #8025, #9788, #2455, #6127, #348, #1400, #4164, #8618, #2530, #5220, #8246, #7987, #9940, #1579, #7584, #8388, #8365, #6981, #3654, #4615, #808, #1204, #334, #4921, #1546, #7348, #3518, #10807, #7407, #9103, #7682, #1991, #10176, #3460, #649, #9398, #155, #7007, #4294, #1577, #6691, #6477, #5693, #8590, #4746, #498, #9506, #3640, #9112, #9490, #4344, #10729, #10738, #1599, #6007, #3122, #6323, #2220, #3788, #10782, #45, #8098, #10661, #6547, #4723, #8997, #5, #2319, #4886, #9994, #2095, #1118, #5243, #10113, #4245, #8833, #7054, #3944, #1779, #7910, #4246, #7246, #1638, #1708, #1502, #10834, #7504, #10618, #546, #5067, #5545, #2505, #8313, #4825, #6140, #2096, #10014, #10142, #4359, #2768, #5798, #9626, #6148, #3377, #889, #6970, #2594, #6346, #8970, #719, #10687, #6202, #4015, #9983, #571, #10127, #2532, #8153, #5833, #9744, #1845, #8835, #8086, #3714, #7631, #6842 ) ) ;
#1148 = CARTESIAN_POINT ( 'NONE',  ( 8.773800045999999853, 3.434729301071215197E-14, -18.29501944000000080 ) ) ;
#1149 =( GEOMETRIC_REPRESENTATION_CONTEXT ( 3 ) GLOBAL_UNCERTAINTY_ASSIGNED_CONTEXT ( ( #6350 ) ) GLOBAL_UNIT_ASSIGNED_CONTEXT ( ( #2325, #1046, #10340 ) ) REPRESENTATION_CONTEXT ( 'NONE', 'WORKASPACE' ) );
#1150 = CARTESIAN_POINT ( 'NONE',  ( -5.126600702235910134, -1.802799999999999958, -20.39880008000000089 ) ) ;
#1151 = CARTESIAN_POINT ( 'NONE',  ( -6.072600842235959639, -1.499999953999869851, -79.67810574249129729 ) ) ;
#1152 = VERTEX_POINT ( 'NONE', #7276 ) ;
#1153 = LINE ( 'NONE', #8078, #10663 ) ;
#1154 = DIRECTION ( 'NONE',  ( -0.7071067811865475727, 0.000000000000000000, 0.7071067811865475727 ) ) ;
#1155 = VERTEX_POINT ( 'NONE', #9138 ) ;
#1156 = CARTESIAN_POINT ( 'NONE',  ( 0.000000000000000000, 0.000000000000000000, 0.000000000000000000 ) ) ;
#1157 = CARTESIAN_POINT ( 'NONE',  ( 3.250871628118515722E-17, -1.499999954000070135, -20.24880012599999901 ) ) ;
#1158 = EDGE_CURVE ( 'NONE', #2258, #6748, #10635, .T. ) ;
#1159 = VECTOR ( 'NONE', #3329, 1000.000000000000000 ) ;
#1160 = ADVANCED_FACE ( 'NONE', ( #9808 ), #5686, .F. ) ;
#1161 = B_SPLINE_SURFACE_WITH_KNOTS ( 'NONE', 1, 3, ( 
 ( #9932, #1844, #6020, #7724 ),
 ( #6844, #3614, #5148, #7009 ) ),
 .UNSPECIFIED., .F., .F., .F.,
 ( 2, 2 ),
 ( 4, 4 ),
 ( 0.000000000000000000, 1.000000000000000000 ),
 ( 4.632000118907220057E-05, 1.000000000000000000 ),
 .UNSPECIFIED. ) ;
#1162 = VECTOR ( 'NONE', #4212, 1000.000000000000000 ) ;
#1163 = DIRECTION ( 'NONE',  ( -3.848953698056000290E-15, 1.000000000000000000, -3.379345265849239682E-32 ) ) ;
#1164 = EDGE_LOOP ( 'NONE', ( #6382, #1914, #2646, #5353 ) ) ;
#1165 = CARTESIAN_POINT ( 'NONE',  ( -9.000000000000000000, -5.000000000000000000, 0.000000000000000000 ) ) ;
#1166 = AXIS2_PLACEMENT_3D ( 'NONE', #9568, #8741, #1208 ) ;
#1167 = EDGE_LOOP ( 'NONE', ( #3581, #4934, #8211, #10041 ) ) ;
#1168 = VECTOR ( 'NONE', #303, 1000.000000000000000 ) ;
#1169 = CARTESIAN_POINT ( 'NONE',  ( -7.960120327732250090, -0.06580747634335519514, -20.19224854314739659 ) ) ;
#1170 = ORIENTED_EDGE ( 'NONE', *, *, #5655, .T. ) ;
#1171 = DIRECTION ( 'NONE',  ( 1.000000000000000000, 0.000000000000000000, -3.562560286365675406E-16 ) ) ;
#1172 = ORIENTED_EDGE ( 'NONE', *, *, #7114, .F. ) ;
#1173 = CARTESIAN_POINT ( 'NONE',  ( -9.000000000000000000, -8.449999999999999289, 0.8719667599999999519 ) ) ;
#1174 = CARTESIAN_POINT ( 'NONE',  ( 8.453089367881339911, 0.1499999770000020050, -0.2999999080000029794 ) ) ;
#1175 = EDGE_CURVE ( 'NONE', #5449, #2796, #3165, .T. ) ;
#1176 = DIRECTION ( 'NONE',  ( -0.1070822767623922089, 0.9942501626871290688, 8.983070974637082095E-17 ) ) ;
#1177 = AXIS2_PLACEMENT_3D ( 'NONE', #3511, #1587, #3965 ) ;
#1178 = ORIENTED_EDGE ( 'NONE', *, *, #9903, .T. ) ;
#1179 = EDGE_LOOP ( 'NONE', ( #2711, #1520, #4485, #2739 ) ) ;
#1180 = DIRECTION ( 'NONE',  ( 1.000000000000000000, 0.000000000000000000, 0.000000000000000000 ) ) ;
#1181 = EDGE_CURVE ( 'NONE', #4171, #2508, #2334, .T. ) ;
#1182 = ORIENTED_EDGE ( 'NONE', *, *, #1105, .F. ) ;
#1183 = EDGE_CURVE ( 'NONE', #6952, #4515, #3872, .T. ) ;
#1184 = DIRECTION ( 'NONE',  ( 0.000000000000000000, 0.000000000000000000, -1.000000000000000000 ) ) ;
#1185 = CARTESIAN_POINT ( 'NONE',  ( 9.000000000000000000, 6.250000000000000000, 0.8719667599999999519 ) ) ;
#1186 = DIRECTION ( 'NONE',  ( 3.562560286365675406E-16, 4.774225427644279830E-30, 1.000000000000000000 ) ) ;
#1187 = CARTESIAN_POINT ( 'NONE',  ( 61.95510655778610243, -1.499999953999912039, -0.2207106321186494968 ) ) ;
#1188 = LINE ( 'NONE', #2902, #9759 ) ;
#1189 = VECTOR ( 'NONE', #10521, 1000.000000000000000 ) ;
#1190 = PLANE ( 'NONE',  #5149 ) ;
#1191 = CARTESIAN_POINT ( 'NONE',  ( 8.059385760277740118, -0.01432100015761135145, -20.02052178110720249 ) ) ;
#1192 = EDGE_LOOP ( 'NONE', ( #2353, #6347, #4261, #4935 ) ) ;
#1193 = EDGE_LOOP ( 'NONE', ( #10237, #7529, #8695, #62 ) ) ;
#1194 = CARTESIAN_POINT ( 'NONE',  ( -7.886015614097229509, 4.600000055616630157E-08, -20.39880008000000089 ) ) ;
#1195 = ORIENTED_EDGE ( 'NONE', *, *, #3894, .F. ) ;
#1196 = EDGE_CURVE ( 'NONE', #10084, #8880, #835, .T. ) ;
#1197 = DIRECTION ( 'NONE',  ( -3.848953698056000290E-15, 1.000000000000000000, 1.674047928902419981E-31 ) ) ;
#1198 = PLANE ( 'NONE',  #6626 ) ;
#1199 = CARTESIAN_POINT ( 'NONE',  ( -14.09446767505593989, -1.802799999999999958, -14.09446767505589904 ) ) ;
#1200 = FACE_OUTER_BOUND ( 'NONE', #8043, .T. ) ;
#1201 = EDGE_LOOP ( 'NONE', ( #9852, #10382, #2370, #10828 ) ) ;
#1202 = ORIENTED_EDGE ( 'NONE', *, *, #1897, .F. ) ;
#1203 = ORIENTED_EDGE ( 'NONE', *, *, #7029, .T. ) ;
#1204 = ADVANCED_FACE ( 'NONE', ( #7219 ), #3056, .F. ) ;
#1205 = CARTESIAN_POINT ( 'NONE',  ( -8.391727009614239563, -1.802799999999999958, -20.00934030979979994 ) ) ;
#1206 = DIRECTION ( 'NONE',  ( 0.000000000000000000, 1.000000000000000000, 0.000000000000000000 ) ) ;
#1207 = ORIENTED_EDGE ( 'NONE', *, *, #7218, .T. ) ;
#1208 = DIRECTION ( 'NONE',  ( 0.000000000000000000, 3.491481338843135327E-15, -1.000000000000000000 ) ) ;
#1209 = CARTESIAN_POINT ( 'NONE',  ( -8.699999999999999289, -8.750000000000000000, 0.8719667599999999519 ) ) ;
#1210 = ORIENTED_EDGE ( 'NONE', *, *, #7129, .F. ) ;
#1211 = FACE_OUTER_BOUND ( 'NONE', #10063, .T. ) ;
#1212 = CARTESIAN_POINT ( 'NONE',  ( 8.872014451439749649, 0.01849220858897835176, -19.36141651864169688 ) ) ;
#1213 = ORIENTED_EDGE ( 'NONE', *, *, #10516, .T. ) ;
#1215 = EDGE_CURVE ( 'NONE', #9298, #372, #7511, .T. ) ;
#1214 = CYLINDRICAL_SURFACE ( 'NONE', #8289, 0.2999999999999999334 ) ;
#1216 = VERTEX_POINT ( 'NONE', #9033 ) ;
#1217 = EDGE_CURVE ( 'NONE', #4224, #10647, #5742, .T. ) ;
#1218 = DIRECTION ( 'NONE',  ( 1.000000000000000000, 0.000000000000000000, 0.000000000000000000 ) ) ;
#1219 = VERTEX_POINT ( 'NONE', #677 ) ;
#1220 = CARTESIAN_POINT ( 'NONE',  ( -8.400000000000000355, 10.41999999999999993, 0.000000000000000000 ) ) ;
#1221 = ORIENTED_EDGE ( 'NONE', *, *, #9216, .F. ) ;
#1222 = DIRECTION ( 'NONE',  ( 1.000000000000000000, 0.000000000000000000, 0.000000000000000000 ) ) ;
#1223 = CARTESIAN_POINT ( 'NONE',  ( -43.81545899364920160, -1.802799999999810110, -55.07386204899199811 ) ) ;
#1224 = CARTESIAN_POINT ( 'NONE',  ( -8.923799999999999955, -1.499999954000060143, -9.872199264097220706 ) ) ;
#1225 = ORIENTED_EDGE ( 'NONE', *, *, #1468, .F. ) ;
#1226 = B_SPLINE_SURFACE_WITH_KNOTS ( 'NONE', 1, 3, ( 
 ( #5316, #8002, #8716, #9597 ),
 ( #5529, #7223, #1127, #2072 ) ),
 .UNSPECIFIED., .F., .F., .F.,
 ( 2, 2 ),
 ( 4, 4 ),
 ( 0.000000000000000000, 1.000000000000000000 ),
 ( 0.000000000000000000, 1.000000000000000000 ),
 .UNSPECIFIED. ) ;
#1227 = DIRECTION ( 'NONE',  ( -0.000000000000000000, 1.000000000000000000, 0.000000000000000000 ) ) ;
#1228 = EDGE_CURVE ( 'NONE', #4901, #2421, #4043, .T. ) ;
#1229 = AXIS2_PLACEMENT_3D ( 'NONE', #6997, #10291, #5953 ) ;
#1230 = VERTEX_POINT ( 'NONE', #6565 ) ;
#1231 = DIRECTION ( 'NONE',  ( 0.000000000000000000, 0.000000000000000000, 1.000000000000000000 ) ) ;
#1232 = CARTESIAN_POINT ( 'NONE',  ( 2.627399537764104842, -1.802799999999999958, -20.24880012599999901 ) ) ;
#1233 = CARTESIAN_POINT ( 'NONE',  ( -8.773800045999999853, -1.499999954000060143, 3.125719160439300062E-15 ) ) ;
#1234 = ORIENTED_EDGE ( 'NONE', *, *, #10518, .T. ) ;
#1235 = CARTESIAN_POINT ( 'NONE',  ( 8.923799999999999955, -1.802799999999999958, -19.48126663494194943 ) ) ;
#1236 = CARTESIAN_POINT ( 'NONE',  ( 8.773800046000008734, -1.499999954000091895, -4.545018999999999920 ) ) ;
#1237 = CARTESIAN_POINT ( 'NONE',  ( -0.2999999999999999889, 11.00000000000000000, 0.000000000000000000 ) ) ;
#1238 = DIRECTION ( 'NONE',  ( 0.000000000000000000, 0.000000000000000000, 1.000000000000000000 ) ) ;
#1239 = PRODUCT_DEFINITION ( 'UNKNOWN', '', #1503, #859 ) ;
#1240 = EDGE_CURVE ( 'NONE', #773, #8072, #9970, .T. ) ;
#1241 = ORIENTED_EDGE ( 'NONE', *, *, #8182, .F. ) ;
#1242 = ORIENTED_EDGE ( 'NONE', *, *, #10752, .T. ) ;
#1243 = CARTESIAN_POINT ( 'NONE',  ( -6.383799999999999919, -1.499999954000070135, -18.04719942409725064 ) ) ;
#1244 = EDGE_CURVE ( 'NONE', #1633, #8356, #8563, .T. ) ;
#1245 = ORIENTED_EDGE ( 'NONE', *, *, #7840, .F. ) ;
#1246 = CARTESIAN_POINT ( 'NONE',  ( -8.923799999999999955, -1.802799999999999958, -9.551199144097219929 ) ) ;
#1247 = DIRECTION ( 'NONE',  ( 1.000000000000000000, 0.000000000000000000, 0.000000000000000000 ) ) ;
#1248 = DIRECTION ( 'NONE',  ( 1.000000000000000000, 0.000000000000000000, 0.000000000000000000 ) ) ;
#1249 = DIRECTION ( 'NONE',  ( 1.000000000000000000, 0.000000000000000000, 0.000000000000000000 ) ) ;
#1250 = B_SPLINE_CURVE_WITH_KNOTS ( 'NONE', 3,
 ( #10039, #8905, #4231, #10614 ),
 .UNSPECIFIED., .F., .F.,
 ( 4, 4 ),
 ( 0.000000000000000000, 1.000000000000000000 ),
 .UNSPECIFIED. ) ;
#1251 = VECTOR ( 'NONE', #7386, 1000.000000000000114 ) ;
#1252 = EDGE_CURVE ( 'NONE', #10223, #2585, #6927, .T. ) ;
#1253 = VERTEX_POINT ( 'NONE', #10218 ) ;
#1254 = ORIENTED_EDGE ( 'NONE', *, *, #10589, .T. ) ;
#1255 = CARTESIAN_POINT ( 'NONE',  ( 7.879221455915749850, -0.06564671180959559538, -20.22283454019070348 ) ) ;
#1256 = CARTESIAN_POINT ( 'NONE',  ( 61.95510655778610243, -0.9999999539998989384, -7.720018999999999743 ) ) ;
#1257 = DIRECTION ( 'NONE',  ( -1.833260990695674992E-13, 1.000000000000000000, 0.000000000000000000 ) ) ;
#1258 = ORIENTED_EDGE ( 'NONE', *, *, #8774, .T. ) ;
#1259 = DIRECTION ( 'NONE',  ( -1.000000000000000000, 0.000000000000000000, 0.000000000000000000 ) ) ;
#1260 = DIRECTION ( 'NONE',  ( 0.000000000000000000, 0.000000000000000000, 1.000000000000000000 ) ) ;
#1261 = EDGE_LOOP ( 'NONE', ( #2196, #5657, #9222, #8551 ) ) ;
#1262 = DIRECTION ( 'NONE',  ( 0.000000000000000000, 9.035020874785599019E-17, 1.000000000000000000 ) ) ;
#1263 = DIRECTION ( 'NONE',  ( 0.000000000000000000, 0.000000000000000000, -1.000000000000000000 ) ) ;
#1264 = EDGE_CURVE ( 'NONE', #10339, #5698, #8681, .T. ) ;
#1265 = ORIENTED_EDGE ( 'NONE', *, *, #7188, .F. ) ;
#1266 = AXIS2_PLACEMENT_3D ( 'NONE', #4729, #9828, #7298 ) ;
#1267 = FACE_OUTER_BOUND ( 'NONE', #10593, .T. ) ;
#1268 = ORIENTED_EDGE ( 'NONE', *, *, #1302, .F. ) ;
#1269 = LINE ( 'NONE', #7928, #10851 ) ;
#1270 = ORIENTED_EDGE ( 'NONE', *, *, #10330, .T. ) ;
#1271 = DIRECTION ( 'NONE',  ( -0.000000000000000000, 1.000000000000000000, 0.000000000000000000 ) ) ;
#1272 = VERTEX_POINT ( 'NONE', #1150 ) ;
#1273 = AXIS2_PLACEMENT_3D ( 'NONE', #3789, #9881, #2415 ) ;
#1274 = PLANE ( 'NONE',  #8362 ) ;
#1275 = CARTESIAN_POINT ( 'NONE',  ( 61.95510655778610243, -1.499999953999900049, -8.041019119999980092 ) ) ;
#1276 = CARTESIAN_POINT ( 'NONE',  ( 8.773800046000008734, -1.499999954000081903, 1.794542018666009979E-15 ) ) ;
#1277 = AXIS2_PLACEMENT_3D ( 'NONE', #8334, #2285, #4104 ) ;
#1278 = EDGE_CURVE ( 'NONE', #5964, #8573, #8040, .T. ) ;
#1279 = ADVANCED_FACE ( 'NONE', ( #9458 ), #7495, .F. ) ;
#1280 = CIRCLE ( 'NONE', #2694, 0.2999999999999999334 ) ;
#1281 = CARTESIAN_POINT ( 'NONE',  ( 61.95510655778610243, -0.9999999539998989384, -8.616019239999980428 ) ) ;
#1282 = COLOUR_RGB ( '',0.7921568627450980005, 0.8196078431372548767, 0.9333333333333333481 ) ;
#1283 = VECTOR ( 'NONE', #3006, 1000.000000000000000 ) ;
#1284 = ORIENTED_EDGE ( 'NONE', *, *, #7286, .T. ) ;
#1285 = CARTESIAN_POINT ( 'NONE',  ( 9.000000000000000000, -6.250000000000000000, 0.000000000000000000 ) ) ;
#1286 = CARTESIAN_POINT ( 'NONE',  ( -9.000000000000000000, 11.00000000000000000, 0.000000000000000000 ) ) ;
#1287 = CARTESIAN_POINT ( 'NONE',  ( -8.923799999999999955, -0.9999999540000600318, -4.872199104097219902 ) ) ;
#1288 = VERTEX_POINT ( 'NONE', #4521 ) ;
#1289 = LINE ( 'NONE', #1187, #6910 ) ;
#1290 = CARTESIAN_POINT ( 'NONE',  ( -8.453089367881339911, 0.1499999999999405975, -1.230763197726323998E-18 ) ) ;
#1291 = CARTESIAN_POINT ( 'NONE',  ( -43.63585387122780190, -1.802799999999810110, -55.25346717141340491 ) ) ;
#1292 = CARTESIAN_POINT ( 'NONE',  ( -8.773800045999999853, -0.1499999079999984053, -0.2207106321186584896 ) ) ;
#1293 = EDGE_CURVE ( 'NONE', #9344, #9059, #5758, .T. ) ;
#1294 = AXIS2_PLACEMENT_3D ( 'NONE', #684, #630, #4051 ) ;
#1295 = ORIENTED_EDGE ( 'NONE', *, *, #4581, .F. ) ;
#1296 = ORIENTED_EDGE ( 'NONE', *, *, #8560, .F. ) ;
#1297 = CARTESIAN_POINT ( 'NONE',  ( -9.000000000000000000, -5.000000000000000000, 0.000000000000000000 ) ) ;
#1298 = ORIENTED_EDGE ( 'NONE', *, *, #3906, .T. ) ;
#1299 = CARTESIAN_POINT ( 'NONE',  ( -0.9499999999999999556, 11.00000000000000000, 0.000000000000000000 ) ) ;
#1300 = DIRECTION ( 'NONE',  ( -3.848953698056000290E-15, 1.000000000000000000, -3.427328655309160045E-31 ) ) ;
#1301 = LINE ( 'NONE', #3019, #6370 ) ;
#1302 = EDGE_CURVE ( 'NONE', #9887, #6355, #986, .T. ) ;
#1303 = VECTOR ( 'NONE', #5465, 1000.000000000000000 ) ;
#1304 = LINE ( 'NONE', #8123, #6880 ) ;
#1305 = EDGE_CURVE ( 'NONE', #1580, #7575, #7749, .T. ) ;
#1306 = ORIENTED_EDGE ( 'NONE', *, *, #832, .T. ) ;
#1307 = ORIENTED_EDGE ( 'NONE', *, *, #6812, .F. ) ;
#1308 = VECTOR ( 'NONE', #10718, 1000.000000000000000 ) ;
#1309 = CARTESIAN_POINT ( 'NONE',  ( 8.703089367881348792, -8.016048026975659750E-53, -0.1499999540000000187 ) ) ;
#1310 = CARTESIAN_POINT ( 'NONE',  ( -8.789324823427699940, -0.03774333245781424928, -19.36101569409725087 ) ) ;
#1311 = ADVANCED_FACE ( 'NONE', ( #10383 ), #4468, .F. ) ;
#1312 = LINE ( 'NONE', #4680, #1060 ) ;
#1313 = DIRECTION ( 'NONE',  ( -6.180374837806370896E-15, 1.000000000000000000, 0.000000000000000000 ) ) ;
#1314 = EDGE_LOOP ( 'NONE', ( #7578, #4086, #973, #6636 ) ) ;
#1315 = DIRECTION ( 'NONE',  ( -0.7071067811865474617, -2.662161967126743653E-15, 0.7071067811865474617 ) ) ;
#1316 = EDGE_CURVE ( 'NONE', #4355, #8171, #10855, .T. ) ;
#1317 = CARTESIAN_POINT ( 'NONE',  ( 9.000000000000000000, 3.449999999999999734, 0.8719667599999999519 ) ) ;
#1318 = AXIS2_PLACEMENT_3D ( 'NONE', #5499, #2866, #1980 ) ;
#1319 = ORIENTED_EDGE ( 'NONE', *, *, #2117, .F. ) ;
#1320 = APPLICATION_PROTOCOL_DEFINITION ( 'draft international standard', 'automotive_design', 1998, #10794 ) ;
#1321 = DIRECTION ( 'NONE',  ( 0.000000000000000000, 0.000000000000000000, 1.000000000000000000 ) ) ;
#1322 = B_SPLINE_SURFACE_WITH_KNOTS ( 'NONE', 1, 3, ( 
 ( #930, #4366, #8466, #9402, #1042, #2599, #5072, #5942 ),
 ( #5123, #4307, #3482, #7645, #10336, #6871, #5181, #6928 ) ),
 .UNSPECIFIED., .F., .F., .F.,
 ( 2, 2 ),
 ( 4, 2, 2, 4 ),
 ( 0.000000000000000000, 1.000000000000000000 ),
 ( 0.000000000000000000, 0.5000000000000000000, 0.7500000000000000000, 1.000000000000000000 ),
 .UNSPECIFIED. ) ;
#1323 = LINE ( 'NONE', #2932, #1121 ) ;
#1324 = ORIENTED_EDGE ( 'NONE', *, *, #2307, .T. ) ;
#1325 = CARTESIAN_POINT ( 'NONE',  ( -8.773800046000008734, 3.434729301071215197E-14, -17.05119938409719893 ) ) ;
#1326 = CARTESIAN_POINT ( 'NONE',  ( -0.9499999999999999556, 11.00000000000000000, 0.000000000000000000 ) ) ;
#1327 = ORIENTED_EDGE ( 'NONE', *, *, #8517, .T. ) ;
#1328 = CARTESIAN_POINT ( 'NONE',  ( -8.773800046000008734, -1.499999954000060143, -8.976199024097221368 ) ) ;
#1329 = EDGE_CURVE ( 'NONE', #3304, #1703, #2496, .T. ) ;
#1330 = AXIS2_PLACEMENT_3D ( 'NONE', #8057, #4656, #519 ) ;
#1331 = VERTEX_POINT ( 'NONE', #5839 ) ;
#1332 = CARTESIAN_POINT ( 'NONE',  ( -5.000000000000000000, 11.00000000000000000, 0.8719667599999999519 ) ) ;
#1333 = CARTESIAN_POINT ( 'NONE',  ( -3.876600662235954786, -1.499999954000042157, -20.39880008000000089 ) ) ;
#1334 = CARTESIAN_POINT ( 'NONE',  ( -8.923799999999999955, -1.499999954000060143, -0.8011988640971789977 ) ) ;
#1335 = VECTOR ( 'NONE', #6456, 1000.000000000000000 ) ;
#1336 = DIRECTION ( 'NONE',  ( 0.000000000000000000, 0.000000000000000000, -1.000000000000000000 ) ) ;
#1337 = VERTEX_POINT ( 'NONE', #1873 ) ;
#1338 = CARTESIAN_POINT ( 'NONE',  ( -9.000000000000000000, -2.200000000000000178, 0.000000000000000000 ) ) ;
#1339 = CARTESIAN_POINT ( 'NONE',  ( 9.000000000000000000, 2.500000000000000000, 0.8719667599999999519 ) ) ;
#1340 = EDGE_CURVE ( 'NONE', #2826, #4255, #8575, .T. ) ;
#1341 = DIRECTION ( 'NONE',  ( 1.000000000000000000, 0.000000000000000000, 0.000000000000000000 ) ) ;
#1342 = ORIENTED_EDGE ( 'NONE', *, *, #7665, .T. ) ;
#1343 = LINE ( 'NONE', #2839, #1283 ) ;
#1344 = DIRECTION ( 'NONE',  ( 1.000000000000000000, 0.000000000000000000, 8.904572318030769708E-17 ) ) ;
#1345 = CARTESIAN_POINT ( 'NONE',  ( -8.923799999999999955, -1.499999954000042157, -0.2207106321186584896 ) ) ;
#1346 = CARTESIAN_POINT ( 'NONE',  ( -5.126600702235950102, -1.499999954000042157, -20.39880008000000089 ) ) ;
#1347 = ORIENTED_EDGE ( 'NONE', *, *, #6186, .F. ) ;
#1348 = ORIENTED_EDGE ( 'NONE', *, *, #6612, .T. ) ;
#1349 = VECTOR ( 'NONE', #2920, 1000.000000000000000 ) ;
#1350 = DIRECTION ( 'NONE',  ( 0.000000000000000000, -1.000000000000000000, -3.848953698056000290E-15 ) ) ;
#1351 = CYLINDRICAL_SURFACE ( 'NONE', #1894, 0.2999999999999999334 ) ;
#1352 = EDGE_LOOP ( 'NONE', ( #404, #4181, #4845, #9042 ) ) ;
#1353 = CARTESIAN_POINT ( 'NONE',  ( 8.922075049335129293, -0.1178752348228534058, -0.4707101321186560328 ) ) ;
#1354 = EDGE_CURVE ( 'NONE', #6035, #7020, #2810, .T. ) ;
#1355 = CARTESIAN_POINT ( 'NONE',  ( -7.875220641858379444, 0.01870654388755459835, -20.34686886791210014 ) ) ;
#1356 = EDGE_CURVE ( 'NONE', #4842, #5965, #2756, .T. ) ;
#1357 = CARTESIAN_POINT ( 'NONE',  ( 0.2999999999999999889, 11.00000000000000000, 0.000000000000000000 ) ) ;
#1358 = CARTESIAN_POINT ( 'NONE',  ( -8.453089367881338134, -0.01599977926807388817, -0.2296920750114102294 ) ) ;
#1359 = VECTOR ( 'NONE', #4833, 1000.000000000000000 ) ;
#1360 = AXIS2_PLACEMENT_3D ( 'NONE', #9090, #3930, #8272 ) ;
#1361 = EDGE_LOOP ( 'NONE', ( #4100, #3224, #3232, #8060 ) ) ;
#1362 = ORIENTED_EDGE ( 'NONE', *, *, #6262, .F. ) ;
#1363 = CYLINDRICAL_SURFACE ( 'NONE', #4180, 0.2999999999999999334 ) ;
#1364 = CARTESIAN_POINT ( 'NONE',  ( -8.770899662147925824, -0.1150157578448115225, -0.4707106321186548814 ) ) ;
#1365 = EDGE_CURVE ( 'NONE', #10552, #443, #6155, .T. ) ;
#1366 = CARTESIAN_POINT ( 'NONE',  ( 4.700000000000000178, 11.00000000000000000, 0.000000000000000000 ) ) ;
#1367 = FACE_OUTER_BOUND ( 'NONE', #7939, .T. ) ;
#1368 = B_SPLINE_CURVE_WITH_KNOTS ( 'NONE', 3,
 ( #6728, #76, #6068, #6010 ),
 .UNSPECIFIED., .F., .F.,
 ( 4, 4 ),
 ( 0.000000000000000000, 1.000000000000000000 ),
 .UNSPECIFIED. ) ;
#1369 = ORIENTED_EDGE ( 'NONE', *, *, #7262, .T. ) ;
#1370 = CARTESIAN_POINT ( 'NONE',  ( 3.250871628118515722E-17, -1.499999954000070135, -20.24880012599999901 ) ) ;
#1371 = LINE ( 'NONE', #4791, #3806 ) ;
#1372 = EDGE_LOOP ( 'NONE', ( #9734, #10168, #3203, #5869 ) ) ;
#1373 = CARTESIAN_POINT ( 'NONE',  ( -5.139999999999999680, -9.342999999999999972, 0.8719667599999999519 ) ) ;
#1374 = CARTESIAN_POINT ( 'NONE',  ( 3.623399577764045087, -1.499999954000070135, -20.24880012599999901 ) ) ;
#1375 = VERTEX_POINT ( 'NONE', #2700 ) ;
#1376 = EDGE_CURVE ( 'NONE', #7794, #1037, #4976, .T. ) ;
#1377 = EDGE_CURVE ( 'NONE', #381, #1719, #8522, .T. ) ;
#1378 = CARTESIAN_POINT ( 'NONE',  ( 8.841597687414575191, -0.09075294947050353833, -19.56346894752739374 ) ) ;
#1379 = EDGE_CURVE ( 'NONE', #1636, #9293, #4413, .T. ) ;
#1380 = CARTESIAN_POINT ( 'NONE',  ( -9.000000000000000000, 0.9499999999999999556, 0.000000000000000000 ) ) ;
#1381 = ORIENTED_EDGE ( 'NONE', *, *, #5137, .T. ) ;
#1382 = DIRECTION ( 'NONE',  ( 1.000000000000000000, -3.446013993391890312E-15, 0.000000000000000000 ) ) ;
#1383 = VERTEX_POINT ( 'NONE', #3849 ) ;
#1384 = DIRECTION ( 'NONE',  ( 1.000000000000000000, 0.000000000000000000, 0.000000000000000000 ) ) ;
#1385 = CARTESIAN_POINT ( 'NONE',  ( -8.802435257483992359, 0.01849220858897410169, -19.52539623682114822 ) ) ;
#1386 = CARTESIAN_POINT ( 'NONE',  ( -9.000000000000000000, 5.950000000000000178, 0.000000000000000000 ) ) ;
#1387 = ADVANCED_FACE ( 'NONE', ( #8949 ), #3742, .F. ) ;
#1388 = DIRECTION ( 'NONE',  ( 1.000000000000000000, 0.000000000000000000, 0.000000000000000000 ) ) ;
#1389 = ORIENTED_EDGE ( 'NONE', *, *, #2399, .T. ) ;
#1390 = CARTESIAN_POINT ( 'NONE',  ( 9.000000000000000000, -0.2999999999999999889, 0.000000000000000000 ) ) ;
#1391 = LINE ( 'NONE', #5582, #1335 ) ;
#1392 = DIRECTION ( 'NONE',  ( 2.157866341325660055E-29, -3.491481338843135327E-15, -1.000000000000000000 ) ) ;
#1393 = ORIENTED_EDGE ( 'NONE', *, *, #2492, .F. ) ;
#1394 = DIRECTION ( 'NONE',  ( 0.000000000000000000, 0.000000000000000000, 1.000000000000000000 ) ) ;
#1395 = LINE ( 'NONE', #7345, #8006 ) ;
#1396 = LINE ( 'NONE', #7225, #2693 ) ;
#1397 = DIRECTION ( 'NONE',  ( 1.000000000000000000, 6.180374837806370896E-15, 0.000000000000000000 ) ) ;
#1398 = ORIENTED_EDGE ( 'NONE', *, *, #9925, .T. ) ;
#1399 = ORIENTED_EDGE ( 'NONE', *, *, #9885, .F. ) ;
#1400 = ADVANCED_FACE ( 'NONE', ( #8786 ), #7249, .F. ) ;
#1401 = ORIENTED_EDGE ( 'NONE', *, *, #8476, .F. ) ;
#1402 = CARTESIAN_POINT ( 'NONE',  ( 8.773800046000008734, -1.802799999999999958, -16.79101939999999971 ) ) ;
#1403 = CARTESIAN_POINT ( 'NONE',  ( 8.773800045999999853, 3.434729301071215197E-14, -4.866019119999979381 ) ) ;
#1404 = EDGE_LOOP ( 'NONE', ( #6158, #3531, #6467, #8737 ) ) ;
#1405 = PLANE ( 'NONE',  #4292 ) ;
#1406 = DIRECTION ( 'NONE',  ( 3.629128540980805093E-15, -1.000000000000000000, -1.104356676306311918E-16 ) ) ;
#1407 = DIRECTION ( 'NONE',  ( 0.000000000000000000, 1.000000000000000000, -3.491481338843135327E-15 ) ) ;
#1408 = LINE ( 'NONE', #367, #9351 ) ;
#1409 = CARTESIAN_POINT ( 'NONE',  ( 32.66098742138245115, -1.499999953999989977, -43.92783208119674754 ) ) ;
#1410 = B_SPLINE_SURFACE_WITH_KNOTS ( 'NONE', 1, 3, ( 
 ( #10161, #9499, #6149, #9393, #1970, #3523, #1867, #2854 ),
 ( #6863, #7743, #2642, #262, #10210, #4513, #5985, #5229 ) ),
 .UNSPECIFIED., .F., .F., .F.,
 ( 2, 2 ),
 ( 4, 2, 2, 4 ),
 ( 0.000000000000000000, 1.000000000000000000 ),
 ( 1.469957668514710026E-06, 0.2500011024682514682, 0.5000007349788340161, 1.000000000000000000 ),
 .UNSPECIFIED. ) ;
#1411 = CIRCLE ( 'NONE', #4762, 0.2999999999999999334 ) ;
#1412 = ORIENTED_EDGE ( 'NONE', *, *, #3136, .T. ) ;
#1413 = EDGE_CURVE ( 'NONE', #8166, #8065, #1411, .T. ) ;
#1414 = EDGE_CURVE ( 'NONE', #8907, #1383, #4033, .T. ) ;
#1415 = VERTEX_POINT ( 'NONE', #1205 ) ;
#1416 = CARTESIAN_POINT ( 'NONE',  ( 8.536121547631490003, -0.1178752808228553939, -0.001724950664875310024 ) ) ;
#1417 = CARTESIAN_POINT ( 'NONE',  ( -8.050395695124089812, 0.01849218873361324969, -20.27743581823765240 ) ) ;
#1418 = DIRECTION ( 'NONE',  ( 0.000000000000000000, -2.903302832784645416E-15, 1.000000000000000000 ) ) ;
#1419 = FACE_OUTER_BOUND ( 'NONE', #5378, .T. ) ;
#1420 = ORIENTED_EDGE ( 'NONE', *, *, #969, .T. ) ;
#1421 = CARTESIAN_POINT ( 'NONE',  ( 8.590999999999999304, 10.41999999999999993, 0.000000000000000000 ) ) ;
#1422 = CARTESIAN_POINT ( 'NONE',  ( 8.773800046000008734, -1.802799999999999958, -17.04501940000000104 ) ) ;
#1423 = ORIENTED_EDGE ( 'NONE', *, *, #7698, .T. ) ;
#1424 = CARTESIAN_POINT ( 'NONE',  ( 6.377399657764099672, -1.802799999999830094, -79.67810574249129729 ) ) ;
#1425 = VECTOR ( 'NONE', #5455, 1000.000000000000000 ) ;
#1426 = CARTESIAN_POINT ( 'NONE',  ( 8.747870878245860737, -0.06570026152082239501, -19.35781852765824951 ) ) ;
#1427 = ORIENTED_EDGE ( 'NONE', *, *, #4489, .F. ) ;
#1428 = ADVANCED_FACE ( 'NONE', ( #6430 ), #7915, .F. ) ;
#1429 = CARTESIAN_POINT ( 'NONE',  ( 3.750000000000000000, 11.00000000000000000, 0.8719667599999999519 ) ) ;
#1430 = CARTESIAN_POINT ( 'NONE',  ( -8.735531584912370917, -0.1202031477478942706, -19.45340376519952486 ) ) ;
#1431 = ORIENTED_EDGE ( 'NONE', *, *, #8910, .T. ) ;
#1432 = FACE_OUTER_BOUND ( 'NONE', #4846, .T. ) ;
#1433 = ORIENTED_EDGE ( 'NONE', *, *, #10551, .T. ) ;
#1434 = CARTESIAN_POINT ( 'NONE',  ( -8.923799999999999955, -0.1499999080000008200, -19.36101569409725087 ) ) ;
#1435 = DIRECTION ( 'NONE',  ( -3.562560286365675406E-16, 1.236011392668238096E-30, -1.000000000000000000 ) ) ;
#1436 = EDGE_CURVE ( 'NONE', #6706, #9664, #5444, .T. ) ;
#1437 = CARTESIAN_POINT ( 'NONE',  ( 1.123399497764047794, -1.499999954000070135, -20.39880008000000089 ) ) ;
#1438 = EDGE_CURVE ( 'NONE', #4009, #3857, #9783, .T. ) ;
#1439 = AXIS2_PLACEMENT_3D ( 'NONE', #1034, #978, #8459 ) ;
#1440 = PLANE ( 'NONE',  #10025 ) ;
#1441 = VECTOR ( 'NONE', #7782, 1000.000000000000000 ) ;
#1442 = EDGE_LOOP ( 'NONE', ( #5851, #7258, #6354, #4065 ) ) ;
#1443 = CARTESIAN_POINT ( 'NONE',  ( 8.773800046000008734, -0.9999999540000930054, 6.708337075848829318E-16 ) ) ;
#1444 = DIRECTION ( 'NONE',  ( -1.000000000000000000, 0.000000000000000000, 0.000000000000000000 ) ) ;
#1445 = DIRECTION ( 'NONE',  ( -1.000000000000000000, -3.629128540980805093E-15, -8.904572318030769708E-17 ) ) ;
#1446 = EDGE_LOOP ( 'NONE', ( #6733, #1542, #5432, #8562 ) ) ;
#1447 = VECTOR ( 'NONE', #4717, 1000.000000000000114 ) ;
#1448 = CARTESIAN_POINT ( 'NONE',  ( -7.886015614097229509, 4.599999997882339708E-08, -20.24880012599999901 ) ) ;
#1449 = DIRECTION ( 'NONE',  ( 0.000000000000000000, 0.000000000000000000, 1.000000000000000000 ) ) ;
#1450 = CARTESIAN_POINT ( 'NONE',  ( 8.623800091999999751, 4.600000184907209830E-08, -19.16595265026500172 ) ) ;
#1451 = EDGE_CURVE ( 'NONE', #6412, #8467, #6318, .T. ) ;
#1452 = VECTOR ( 'NONE', #4561, 1000.000000000000000 ) ;
#1453 = CARTESIAN_POINT ( 'NONE',  ( -9.000000000000000000, -7.799999999999999822, 0.8719667599999999519 ) ) ;
#1454 = EDGE_LOOP ( 'NONE', ( #256, #82, #670, #10702 ) ) ;
#1455 = EDGE_LOOP ( 'NONE', ( #688, #5245, #416, #7536 ) ) ;
#1456 = VERTEX_POINT ( 'NONE', #7090 ) ;
#1457 = VECTOR ( 'NONE', #2929, 1000.000000000000000 ) ;
#1458 = VECTOR ( 'NONE', #5637, 1000.000000000000000 ) ;
#1459 = DIRECTION ( 'NONE',  ( -3.562560286365675406E-16, 1.751623080406019977E-46, -1.000000000000000000 ) ) ;
#1460 = VECTOR ( 'NONE', #7470, 1000.000000000000000 ) ;
#1461 = DIRECTION ( 'NONE',  ( 0.000000000000000000, 0.000000000000000000, 1.000000000000000000 ) ) ;
#1462 = ORIENTED_EDGE ( 'NONE', *, *, #6920, .T. ) ;
#1463 = CARTESIAN_POINT ( 'NONE',  ( -8.773800045999999853, 3.434729301071215197E-14, -9.872199264097220706 ) ) ;
#1464 = DIRECTION ( 'NONE',  ( -1.000000000000000000, -3.629128540980805093E-15, -8.904572318030769708E-17 ) ) ;
#1465 = DIRECTION ( 'NONE',  ( 0.1070822767624284022, 0.9942501626871250719, -8.983070974637141260E-17 ) ) ;
#1466 = DIRECTION ( 'NONE',  ( 1.000000000000000000, 0.000000000000000000, 0.000000000000000000 ) ) ;
#1467 = DIRECTION ( 'NONE',  ( 0.000000000000000000, -2.903302832784645416E-15, 1.000000000000000000 ) ) ;
#1468 = EDGE_CURVE ( 'NONE', #9945, #8591, #4571, .T. ) ;
#1469 = VECTOR ( 'NONE', #3500, 1000.000000000000000 ) ;
#1470 = VERTEX_POINT ( 'NONE', #4787 ) ;
#1471 = ORIENTED_EDGE ( 'NONE', *, *, #143, .T. ) ;
#1472 = CARTESIAN_POINT ( 'NONE',  ( 7.886417105055389065, 0.01849218873363060039, -20.34701454491474948 ) ) ;
#1473 = EDGE_LOOP ( 'NONE', ( #652, #6914, #6261, #5936 ) ) ;
#1474 = VECTOR ( 'NONE', #4862, 1000.000000000000000 ) ;
#1475 = VERTEX_POINT ( 'NONE', #3145 ) ;
#1476 = AXIS2_PLACEMENT_3D ( 'NONE', #9072, #6440, #4912 ) ;
#1477 = CARTESIAN_POINT ( 'NONE',  ( 9.000000000000000000, 4.049999999999999822, 0.8719667599999999519 ) ) ;
#1478 = DIRECTION ( 'NONE',  ( 0.000000000000000000, 0.000000000000000000, 1.000000000000000000 ) ) ;
#1479 = ORIENTED_EDGE ( 'NONE', *, *, #664, .F. ) ;
#1480 = CARTESIAN_POINT ( 'NONE',  ( -1.376600582235905978, -1.802799999999999958, -20.39880008000000089 ) ) ;
#1481 = DIRECTION ( 'NONE',  ( 1.000000000000000000, 0.000000000000000000, 0.000000000000000000 ) ) ;
#1482 = EDGE_CURVE ( 'NONE', #2, #1152, #595, .T. ) ;
#1483 = ORIENTED_EDGE ( 'NONE', *, *, #5348, .F. ) ;
#1484 = LINE ( 'NONE', #2265, #6397 ) ;
#1485 = CIRCLE ( 'NONE', #9389, 0.2999999999999999334 ) ;
#1486 = ORIENTED_EDGE ( 'NONE', *, *, #4553, .F. ) ;
#1487 = CARTESIAN_POINT ( 'NONE',  ( 8.841597687414571638, -0.1499999079999964069, -19.56346894752739729 ) ) ;
#1488 = PLANE ( 'NONE',  #6574 ) ;
#1489 = ORIENTED_EDGE ( 'NONE', *, *, #127, .F. ) ;
#1490 = CARTESIAN_POINT ( 'NONE',  ( -5.659605970692949829E-16, 0.1499999999999725997, -0.4707106321186560471 ) ) ;
#1491 = ADVANCED_FACE ( 'NONE', ( #9565 ), #2036, .F. ) ;
#1492 = EDGE_CURVE ( 'NONE', #2362, #9149, #8960, .T. ) ;
#1493 = ORIENTED_EDGE ( 'NONE', *, *, #5362, .F. ) ;
#1494 = FACE_OUTER_BOUND ( 'NONE', #494, .T. ) ;
#1495 = AXIS2_PLACEMENT_3D ( 'NONE', #6287, #452, #2218 ) ;
#1496 = LINE ( 'NONE', #5683, #7925 ) ;
#1497 = PRESENTATION_LAYER_ASSIGNMENT (  '', '', ( #2746 ) ) ;
#1498 = ORIENTED_EDGE ( 'NONE', *, *, #777, .F. ) ;
#1499 = CARTESIAN_POINT ( 'NONE',  ( -8.923799999999999955, -1.499999954000060143, -18.30119942409725198 ) ) ;
#1500 = DIRECTION ( 'NONE',  ( 0.000000000000000000, 0.000000000000000000, 1.000000000000000000 ) ) ;
#1501 = LINE ( 'NONE', #625, #10645 ) ;
#1502 = ADVANCED_FACE ( 'NONE', ( #8842 ), #5498, .F. ) ;
#1503 = PRODUCT_DEFINITION_FORMATION_WITH_SPECIFIED_SOURCE ( 'ANY', '', #3336, .NOT_KNOWN. ) ;
#1504 = ORIENTED_EDGE ( 'NONE', *, *, #3431, .T. ) ;
#1505 = FACE_OUTER_BOUND ( 'NONE', #7077, .T. ) ;
#1506 = DIRECTION ( 'NONE',  ( 1.000000000000000000, 0.000000000000000000, 0.000000000000000000 ) ) ;
#1507 = B_SPLINE_CURVE_WITH_KNOTS ( 'NONE', 1,
 ( #3830, #4601 ),
 .UNSPECIFIED., .F., .F.,
 ( 2, 2 ),
 ( 0.000000000000000000, 1.000000000000000000 ),
 .UNSPECIFIED. ) ;
#1508 = CARTESIAN_POINT ( 'NONE',  ( 9.000000000000000000, 4.049999999999999822, 0.000000000000000000 ) ) ;
#1509 = LINE ( 'NONE', #1674, #6918 ) ;
#1510 = CIRCLE ( 'NONE', #3805, 0.2999999999999999334 ) ;
#1511 = AXIS2_PLACEMENT_3D ( 'NONE', #764, #2531, #8410 ) ;
#1512 = ORIENTED_EDGE ( 'NONE', *, *, #7481, .T. ) ;
#1513 = VERTEX_POINT ( 'NONE', #2140 ) ;
#1514 = ORIENTED_EDGE ( 'NONE', *, *, #1158, .T. ) ;
#1515 = EDGE_CURVE ( 'NONE', #2592, #7, #1312, .T. ) ;
#1516 = EDGE_CURVE ( 'NONE', #7792, #7454, #8252, .T. ) ;
#1517 = DIRECTION ( 'NONE',  ( 0.000000000000000000, 0.000000000000000000, 1.000000000000000000 ) ) ;
#1518 = B_SPLINE_CURVE_WITH_KNOTS ( 'NONE', 1,
 ( #6948, #9475 ),
 .UNSPECIFIED., .F., .F.,
 ( 2, 2 ),
 ( 0.000000000000000000, 1.000000000000000000 ),
 .UNSPECIFIED. ) ;
#1519 = DIRECTION ( 'NONE',  ( 1.000000000000000000, -3.446013993391890312E-15, 0.000000000000000000 ) ) ;
#1520 = ORIENTED_EDGE ( 'NONE', *, *, #3985, .T. ) ;
#1521 = CARTESIAN_POINT ( 'NONE',  ( -7.875220641858379444, -0.06564668205622339880, -20.22283451995604864 ) ) ;
#1522 = CARTESIAN_POINT ( 'NONE',  ( 9.000000000000000000, -10.00000000000000000, 0.8719667599999999519 ) ) ;
#1523 = CIRCLE ( 'NONE', #3120, 0.1999999999999987899 ) ;
#1524 = CARTESIAN_POINT ( 'NONE',  ( -9.000000000000000000, -7.500000000000000000, 0.000000000000000000 ) ) ;
#1525 = EDGE_CURVE ( 'NONE', #1719, #5724, #5011, .T. ) ;
#1526 = AXIS2_PLACEMENT_3D ( 'NONE', #1953, #3003, #2013 ) ;
#1527 = CARTESIAN_POINT ( 'NONE',  ( -8.400000000000000355, 10.41999999999999993, 0.000000000000000000 ) ) ;
#1528 = LINE ( 'NONE', #5001, #1614 ) ;
#1529 = VECTOR ( 'NONE', #7305, 1000.000000000000000 ) ;
#1530 = ORIENTED_EDGE ( 'NONE', *, *, #1102, .F. ) ;
#1531 = ORIENTED_EDGE ( 'NONE', *, *, #2468, .F. ) ;
#1532 = EDGE_CURVE ( 'NONE', #4464, #10332, #760, .T. ) ;
#1533 = FACE_OUTER_BOUND ( 'NONE', #10380, .T. ) ;
#1534 = VERTEX_POINT ( 'NONE', #3196 ) ;
#1535 = EDGE_LOOP ( 'NONE', ( #10409, #2318, #10098, #8343 ) ) ;
#1536 = CARTESIAN_POINT ( 'NONE',  ( 8.923799999999999955, -1.802799999999999958, -0.5410188799999838816 ) ) ;
#1537 = CARTESIAN_POINT ( 'NONE',  ( -7.846916456170529131, 0.02039333901993795051, -20.34572171300484911 ) ) ;
#1538 = ORIENTED_EDGE ( 'NONE', *, *, #8603, .F. ) ;
#1540 = VECTOR ( 'NONE', #10755, 1000.000000000000114 ) ;
#1539 = PLANE ( 'NONE',  #3999 ) ;
#1541 = LINE ( 'NONE', #4910, #7488 ) ;
#1542 = ORIENTED_EDGE ( 'NONE', *, *, #9032, .F. ) ;
#1543 = VECTOR ( 'NONE', #726, 1000.000000000000000 ) ;
#1544 = CARTESIAN_POINT ( 'NONE',  ( -8.773800045999999853, -0.1446799657442981724, -0.2207106321186584896 ) ) ;
#1545 = ORIENTED_EDGE ( 'NONE', *, *, #2754, .T. ) ;
#1546 = ADVANCED_FACE ( 'NONE', ( #5819 ), #8408, .F. ) ;
#1547 = DIRECTION ( 'NONE',  ( -1.000000000000000000, 3.446013993391890312E-15, 3.562560286365675406E-16 ) ) ;
#1548 = CARTESIAN_POINT ( 'NONE',  ( -1.376600582235954162, -1.499999953999874069, -79.67810574249129729 ) ) ;
#1549 = VERTEX_POINT ( 'NONE', #9119 ) ;
#1550 = CARTESIAN_POINT ( 'NONE',  ( -9.000000000000000000, 11.00000000000000000, 0.000000000000000000 ) ) ;
#1551 = ORIENTED_EDGE ( 'NONE', *, *, #7042, .T. ) ;
#1552 = DIRECTION ( 'NONE',  ( 1.000000000000000000, 1.833260990695839833E-13, 5.322511827520820054E-28 ) ) ;
#1553 = EDGE_CURVE ( 'NONE', #9957, #4304, #2830, .T. ) ;
#1554 = CARTESIAN_POINT ( 'NONE',  ( -9.000000000000000000, -8.750000000000000000, 0.000000000000000000 ) ) ;
#1555 = CARTESIAN_POINT ( 'NONE',  ( 61.95510655778610243, -1.802799999999810110, -8.041019119999980092 ) ) ;
#1556 = CARTESIAN_POINT ( 'NONE',  ( -8.747943640570770896, -0.06580747634336130136, -19.36101569409725087 ) ) ;
#1557 = CARTESIAN_POINT ( 'NONE',  ( 7.685428313668520417, 0.1499999999999979960, -20.17459911203049927 ) ) ;
#1558 = DIRECTION ( 'NONE',  ( -1.000000000000000000, 3.446013993391900172E-15, 2.467294076487715073E-32 ) ) ;
#1559 = EDGE_LOOP ( 'NONE', ( #6468, #4034, #6647, #3323 ) ) ;
#1560 = CARTESIAN_POINT ( 'NONE',  ( -6.200000000000000178, 11.00000000000000000, 0.000000000000000000 ) ) ;
#1561 = FILL_AREA_STYLE ('',( #3281 ) ) ;
#1562 = DIRECTION ( 'NONE',  ( -1.000000000000000000, 0.000000000000000000, 0.000000000000000000 ) ) ;
#1563 = DIRECTION ( 'NONE',  ( 0.000000000000000000, -1.000000000000000000, -5.101376584211580244E-31 ) ) ;
#1564 = B_SPLINE_CURVE_WITH_KNOTS ( 'NONE', 3,
 ( #3976, #7326, #7377, #6551 ),
 .UNSPECIFIED., .F., .F.,
 ( 4, 4 ),
 ( 0.000000000000000000, 1.000000000000000000 ),
 .UNSPECIFIED. ) ;
#1565 = ORIENTED_EDGE ( 'NONE', *, *, #115, .T. ) ;
#1566 = ORIENTED_EDGE ( 'NONE', *, *, #40, .F. ) ;
#1567 = EDGE_CURVE ( 'NONE', #5119, #680, #3255, .T. ) ;
#1568 = ORIENTED_EDGE ( 'NONE', *, *, #8376, .F. ) ;
#1569 = DIRECTION ( 'NONE',  ( 1.000000000000000000, 0.000000000000000000, 0.000000000000000000 ) ) ;
#1570 = DIRECTION ( 'NONE',  ( 1.000000000000000000, 0.000000000000000000, 0.000000000000000000 ) ) ;
#1571 = ORIENTED_EDGE ( 'NONE', *, *, #6768, .F. ) ;
#1572 = FACE_BOUND ( 'NONE', #6423, .T. ) ;
#1573 = CARTESIAN_POINT ( 'NONE',  ( 7.966638443975590178, -0.06575384970549498498, -20.18967830910984773 ) ) ;
#1574 = LINE ( 'NONE', #6687, #8552 ) ;
#1575 = CARTESIAN_POINT ( 'NONE',  ( 8.773800046000008734, -0.9999999540000918952, -4.866019119999979381 ) ) ;
#1576 = DIRECTION ( 'NONE',  ( -1.000000000000000000, 0.000000000000000000, 0.000000000000000000 ) ) ;
#1577 = ADVANCED_FACE ( 'NONE', ( #4072 ), #4023, .F. ) ;
#1578 = VERTEX_POINT ( 'NONE', #7577 ) ;
#1579 = ADVANCED_FACE ( 'NONE', ( #2310 ), #9999, .F. ) ;
#1580 = VERTEX_POINT ( 'NONE', #6595 ) ;
#1581 = CARTESIAN_POINT ( 'NONE',  ( -7.886015614097229509, 0.1499999999999999944, -20.11814382951234847 ) ) ;
#1582 = VERTEX_POINT ( 'NONE', #8304 ) ;
#1583 = ORIENTED_EDGE ( 'NONE', *, *, #5976, .F. ) ;
#1584 = FACE_OUTER_BOUND ( 'NONE', #5441, .T. ) ;
#1585 = DIRECTION ( 'NONE',  ( 3.446013993391890312E-15, 1.000000000000000000, -9.051910013448671027E-31 ) ) ;
#1586 = ORIENTED_EDGE ( 'NONE', *, *, #8039, .F. ) ;
#1587 = DIRECTION ( 'NONE',  ( -1.000000000000000000, 0.000000000000000000, 0.000000000000000000 ) ) ;
#1588 = DIRECTION ( 'NONE',  ( -8.904572318030769708E-17, -4.379057701015049943E-47, 1.000000000000000000 ) ) ;
#1589 = VECTOR ( 'NONE', #7692, 1000.000000000000000 ) ;
#1590 = EDGE_CURVE ( 'NONE', #6226, #8417, #9065, .T. ) ;
#1591 = ORIENTED_EDGE ( 'NONE', *, *, #6494, .F. ) ;
#1592 = CARTESIAN_POINT ( 'NONE',  ( -8.773800046000008734, -1.802799999999999958, 3.125719160439294934E-15 ) ) ;
#1593 = FACE_OUTER_BOUND ( 'NONE', #2380, .T. ) ;
#1594 = ORIENTED_EDGE ( 'NONE', *, *, #5555, .T. ) ;
#1596 = AXIS2_PLACEMENT_3D ( 'NONE', #8866, #1336, #349 ) ;
#1595 = CARTESIAN_POINT ( 'NONE',  ( 8.923799999999999955, -1.802799999999999958, -19.48126663494194943 ) ) ;
#1597 = ORIENTED_EDGE ( 'NONE', *, *, #6357, .T. ) ;
#1598 = CARTESIAN_POINT ( 'NONE',  ( 7.685426670433120222, 4.599999791419649649E-08, -20.13671091552319936 ) ) ;
#1599 = ADVANCED_FACE ( 'NONE', ( #1641 ), #6538, .F. ) ;
#1600 = CARTESIAN_POINT ( 'NONE',  ( 8.059381153377570328, 0.01870654388755344996, -20.27224365711920129 ) ) ;
#1601 = AXIS2_PLACEMENT_3D ( 'NONE', #9522, #7046, #2152 ) ;
#1602 = CARTESIAN_POINT ( 'NONE',  ( 8.923233442070509724, -0.1286308164225969941, -0.2210116112046819903 ) ) ;
#1603 = DIRECTION ( 'NONE',  ( 0.000000000000000000, 0.000000000000000000, -1.000000000000000000 ) ) ;
#1604 = DIRECTION ( 'NONE',  ( 1.000000000000000000, 0.000000000000000000, 0.000000000000000000 ) ) ;
#1605 = CARTESIAN_POINT ( 'NONE',  ( 8.075416733829424487, -0.03064922724684990274, -20.30354563371659893 ) ) ;
#1606 = LINE ( 'NONE', #4099, #2753 ) ;
#1607 = ORIENTED_EDGE ( 'NONE', *, *, #769, .F. ) ;
#1608 = CARTESIAN_POINT ( 'NONE',  ( 8.773800045999999853, 3.434729301071215197E-14, -16.47001928000000248 ) ) ;
#1609 = CARTESIAN_POINT ( 'NONE',  ( 8.871868787912109866, 0.01870654388752394925, -19.35422003738645103 ) ) ;
#1610 = FACE_OUTER_BOUND ( 'NONE', #2525, .T. ) ;
#1611 = ADVANCED_FACE ( 'NONE', ( #5063 ), #9657, .T. ) ;
#1612 = EDGE_CURVE ( 'NONE', #5308, #7887, #362, .T. ) ;
#1613 = CARTESIAN_POINT ( 'NONE',  ( -9.000000000000000000, 6.250000000000000000, 0.8719667599999999519 ) ) ;
#1614 = VECTOR ( 'NONE', #4177, 1000.000000000000000 ) ;
#1615 = EDGE_LOOP ( 'NONE', ( #8423, #2589, #854, #1712 ) ) ;
#1616 = ORIENTED_EDGE ( 'NONE', *, *, #969, .F. ) ;
#1617 = VERTEX_POINT ( 'NONE', #10720 ) ;
#1618 = FACE_OUTER_BOUND ( 'NONE', #1352, .T. ) ;
#1619 = VECTOR ( 'NONE', #5304, 1000.000000000000000 ) ;
#1620 = CARTESIAN_POINT ( 'NONE',  ( 8.923799999999999955, -1.499999954000091895, -3.970018879999979600 ) ) ;
#1621 = ORIENTED_EDGE ( 'NONE', *, *, #2385, .T. ) ;
#1622 = FACE_BOUND ( 'NONE', #4452, .T. ) ;
#1623 = CARTESIAN_POINT ( 'NONE',  ( -1.122600582236229938, -1.272879485507751834E-13, -20.24880012599999901 ) ) ;
#1624 = FACE_OUTER_BOUND ( 'NONE', #2064, .T. ) ;
#1625 = DIRECTION ( 'NONE',  ( 3.562560286367875342E-16, 5.711776272529639886E-14, 1.000000000000000000 ) ) ;
#1626 = CARTESIAN_POINT ( 'NONE',  ( 9.000000000000000000, -6.250000000000000000, 0.8719667599999999519 ) ) ;
#1627 = ADVANCED_FACE ( 'NONE', ( #3521 ), #1916, .F. ) ;
#1628 = EDGE_CURVE ( 'NONE', #4066, #9100, #7688, .T. ) ;
#1630 = AXIS2_PLACEMENT_3D ( 'NONE', #6363, #10492, #6419 ) ;
#1629 = DIRECTION ( 'NONE',  ( 0.7071067811865500152, 2.673765713835384964E-15, 0.7071067811865450192 ) ) ;
#1631 = VECTOR ( 'NONE', #881, 1000.000000000000000 ) ;
#1632 = ORIENTED_EDGE ( 'NONE', *, *, #3167, .T. ) ;
#1633 = VERTEX_POINT ( 'NONE', #3470 ) ;
#1634 = VECTOR ( 'NONE', #8341, 1000.000000000000000 ) ;
#1635 = CARTESIAN_POINT ( 'NONE',  ( 8.488707373929848643, 0.1500000000000029921, -19.49209532240785236 ) ) ;
#1636 = VERTEX_POINT ( 'NONE', #8567 ) ;
#1637 = ORIENTED_EDGE ( 'NONE', *, *, #2304, .F. ) ;
#1638 = ADVANCED_FACE ( 'NONE', ( #8619 ), #10104, .F. ) ;
#1639 = DIRECTION ( 'NONE',  ( -1.000000000000000000, 0.000000000000000000, 0.000000000000000000 ) ) ;
#1640 = VECTOR ( 'NONE', #2845, 1000.000000000000000 ) ;
#1641 = FACE_OUTER_BOUND ( 'NONE', #5261, .T. ) ;
#1642 = AXIS2_PLACEMENT_3D ( 'NONE', #5157, #3401, #1851 ) ;
#1643 = ORIENTED_EDGE ( 'NONE', *, *, #5880, .T. ) ;
#1644 = B_SPLINE_CURVE_WITH_KNOTS ( 'NONE', 3,
 ( #3230, #10024, #8230, #6572 ),
 .UNSPECIFIED., .F., .F.,
 ( 4, 4 ),
 ( 0.000000000000000000, 1.000000000000000000 ),
 .UNSPECIFIED. ) ;
#1645 = VECTOR ( 'NONE', #9491, 1000.000000000000000 ) ;
#1646 = CARTESIAN_POINT ( 'NONE',  ( 8.747834439956060137, -0.06564668205623749864, -19.35422003738645103 ) ) ;
#1647 = ADVANCED_FACE ( 'NONE', ( #1032 ), #9449, .F. ) ;
#1648 = ORIENTED_EDGE ( 'NONE', *, *, #8455, .T. ) ;
#1649 = VERTEX_POINT ( 'NONE', #4404 ) ;
#1650 = VECTOR ( 'NONE', #9311, 1000.000000000000114 ) ;
#1651 = EDGE_CURVE ( 'NONE', #7, #3638, #6147, .T. ) ;
#1652 = EDGE_CURVE ( 'NONE', #6493, #7852, #8087, .T. ) ;
#1653 = CARTESIAN_POINT ( 'NONE',  ( -8.545521701107480439, -0.01432100015773792034, -19.53038652474985071 ) ) ;
#1654 = PRODUCT_DEFINITION_SHAPE ( 'NONE', 'NONE',  #1239 ) ;
#1655 = CARTESIAN_POINT ( 'NONE',  ( -6.383799999999999919, -1.499999954000070135, -0.5471988640971798823 ) ) ;
#1656 = ORIENTED_EDGE ( 'NONE', *, *, #4050, .F. ) ;
#1657 = DIRECTION ( 'NONE',  ( 0.000000000000000000, 0.000000000000000000, 1.000000000000000000 ) ) ;
#1658 = EDGE_CURVE ( 'NONE', #8773, #2449, #7741, .T. ) ;
#1659 = ORIENTED_EDGE ( 'NONE', *, *, #3615, .T. ) ;
#1660 = SURFACE_SIDE_STYLE ('',( #4037 ) ) ;
#1661 = CARTESIAN_POINT ( 'NONE',  ( -8.400000000000000355, 10.41999999999999993, 0.000000000000000000 ) ) ;
#1662 = VECTOR ( 'NONE', #4647, 1000.000000000000000 ) ;
#1663 = DIRECTION ( 'NONE',  ( 0.000000000000000000, 0.000000000000000000, 1.000000000000000000 ) ) ;
#1664 = AXIS2_PLACEMENT_3D ( 'NONE', #5496, #6484, #2368 ) ;
#1665 = EDGE_CURVE ( 'NONE', #4720, #9244, #6975, .T. ) ;
#1666 = CARTESIAN_POINT ( 'NONE',  ( -8.923799999999999955, -1.802799999999999958, 2.696301859066384856E-30 ) ) ;
#1667 = CARTESIAN_POINT ( 'NONE',  ( 8.846480061363010350, 0.05162117292389910295, -19.25306148583375077 ) ) ;
#1668 = CARTESIAN_POINT ( 'NONE',  ( -1.757600582235845144, 2.086026126366799926E-13, -20.24880012599999901 ) ) ;
#1669 = CARTESIAN_POINT ( 'NONE',  ( 9.000000000000000000, 7.500000000000000000, 0.8719667599999999519 ) ) ;
#1670 = ORIENTED_EDGE ( 'NONE', *, *, #5231, .F. ) ;
#1671 = CARTESIAN_POINT ( 'NONE',  ( 8.623800091999999751, -0.1499999080000017915, -0.2207106321186534659 ) ) ;
#1672 = DIRECTION ( 'NONE',  ( 0.000000000000000000, -2.903302832784645416E-15, 1.000000000000000000 ) ) ;
#1673 = DIRECTION ( 'NONE',  ( 0.000000000000000000, -1.000000000000000000, 3.491481338843135327E-15 ) ) ;
#1674 = CARTESIAN_POINT ( 'NONE',  ( -43.81545899364920160, -1.802799999999810110, -55.07386204899199811 ) ) ;
#1675 = ORIENTED_EDGE ( 'NONE', *, *, #2117, .T. ) ;
#1676 = ORIENTED_EDGE ( 'NONE', *, *, #4151, .T. ) ;
#1677 = ORIENTED_EDGE ( 'NONE', *, *, #10174, .T. ) ;
#1678 = EDGE_CURVE ( 'NONE', #10714, #6712, #5276, .T. ) ;
#1679 = CARTESIAN_POINT ( 'NONE',  ( 9.000000000000000000, 8.750000000000000000, 0.000000000000000000 ) ) ;
#1680 = COLOUR_RGB ( '',0.000000000000000000, 0.5019607843137254832, 0.000000000000000000 ) ;
#1681 = CARTESIAN_POINT ( 'NONE',  ( 0.1273994577640435999, -1.499999954000070135, -20.24880012599999901 ) ) ;
#1682 = VERTEX_POINT ( 'NONE', #2588 ) ;
#1683 = CARTESIAN_POINT ( 'NONE',  ( 8.797244665355909987, 0.01870648438076735059, -19.53438020237314987 ) ) ;
#1684 = LINE ( 'NONE', #1623, #2024 ) ;
#1685 = CARTESIAN_POINT ( 'NONE',  ( -4.049999999999999822, 11.00000000000000000, 0.000000000000000000 ) ) ;
#1686 = CARTESIAN_POINT ( 'NONE',  ( 61.95510655778610243, -1.499999953999900049, -0.5410188799999788856 ) ) ;
#1687 = B_SPLINE_CURVE_WITH_KNOTS ( 'NONE', 3,
 ( #2317, #8956, #1426, #8144 ),
 .UNSPECIFIED., .F., .F.,
 ( 4, 4 ),
 ( 0.000000000000000000, 1.000000000000000000 ),
 .UNSPECIFIED. ) ;
#1688 = CARTESIAN_POINT ( 'NONE',  ( 5.299999999999999822, 11.00000000000000000, 0.8719667599999999519 ) ) ;
#1689 = AXIS2_PLACEMENT_3D ( 'NONE', #2451, #9923, #5140 ) ;
#1690 = CARTESIAN_POINT ( 'NONE',  ( -9.000000000000000000, -2.500000000000000000, 0.8719667599999999519 ) ) ;
#1691 = PRODUCT_DEFINITION_FORMATION_WITH_SPECIFIED_SOURCE ( 'ANY', '', #3973, .NOT_KNOWN. ) ;
#1692 = ORIENTED_EDGE ( 'NONE', *, *, #9535, .F. ) ;
#1693 = ORIENTED_EDGE ( 'NONE', *, *, #9063, .F. ) ;
#1694 = EDGE_CURVE ( 'NONE', #9945, #8651, #1084, .T. ) ;
#1695 = DIRECTION ( 'NONE',  ( 0.000000000000000000, -2.903302832784645416E-15, 1.000000000000000000 ) ) ;
#1696 = ORIENTED_EDGE ( 'NONE', *, *, #10243, .T. ) ;
#1697 = AXIS2_PLACEMENT_3D ( 'NONE', #5369, #6242, #8658 ) ;
#1698 = EDGE_CURVE ( 'NONE', #7020, #9945, #9498, .T. ) ;
#1699 = CIRCLE ( 'NONE', #6778, 0.1999999999999987899 ) ;
#1700 = VERTEX_POINT ( 'NONE', #9335 ) ;
#1701 = DIRECTION ( 'NONE',  ( 0.000000000000000000, 0.000000000000000000, 1.000000000000000000 ) ) ;
#1702 = DIRECTION ( 'NONE',  ( 3.446013993391895045E-15, 1.000000000000000000, 6.755151197360950356E-16 ) ) ;
#1703 = VERTEX_POINT ( 'NONE', #3633 ) ;
#1704 = DIRECTION ( 'NONE',  ( 0.000000000000000000, 9.035020874785599019E-17, 1.000000000000000000 ) ) ;
#1705 = VECTOR ( 'NONE', #2271, 1000.000000000000114 ) ;
#1706 = ORIENTED_EDGE ( 'NONE', *, *, #5565, .F. ) ;
#1707 = ORIENTED_EDGE ( 'NONE', *, *, #10188, .T. ) ;
#1708 = ADVANCED_FACE ( 'NONE', ( #1751 ), #10327, .T. ) ;
#1709 = AXIS2_PLACEMENT_3D ( 'NONE', #2297, #1465, #5763 ) ;
#1710 = DIRECTION ( 'NONE',  ( 0.000000000000000000, 0.000000000000000000, 1.000000000000000000 ) ) ;
#1711 = CYLINDRICAL_SURFACE ( 'NONE', #3262, 0.2999999999999999334 ) ;
#1712 = ORIENTED_EDGE ( 'NONE', *, *, #5483, .F. ) ;
#1713 = DIRECTION ( 'NONE',  ( 0.7071067811865489050, -2.788888495891964748E-15, 0.7071067811865460184 ) ) ;
#1714 = ORIENTED_EDGE ( 'NONE', *, *, #3391, .F. ) ;
#1715 =( NAMED_UNIT ( * ) PLANE_ANGLE_UNIT ( ) SI_UNIT ( $, .RADIAN. ) );
#1716 = DIRECTION ( 'NONE',  ( -1.145788119184790086E-14, 1.000000000000000000, 0.000000000000000000 ) ) ;
#1717 = DIRECTION ( 'NONE',  ( 0.000000000000000000, -3.109014807878360910E-31, -1.000000000000000000 ) ) ;
#1718 = EDGE_CURVE ( 'NONE', #2585, #6554, #5329, .T. ) ;
#1719 = VERTEX_POINT ( 'NONE', #7858 ) ;
#1720 = AXIS2_PLACEMENT_3D ( 'NONE', #4639, #9682, #1218 ) ;
#1721 = EDGE_CURVE ( 'NONE', #6588, #3422, #8996, .T. ) ;
#1722 = CARTESIAN_POINT ( 'NONE',  ( 8.747907271719880029, -0.06575384970551050035, -19.36141651864169688 ) ) ;
#1723 = PLANE ( 'NONE',  #5108 ) ;
#1724 = CARTESIAN_POINT ( 'NONE',  ( 8.693877799981340360, -0.01432100015759949982, -19.17622253431499857 ) ) ;
#1725 = LINE ( 'NONE', #5790, #2044 ) ;
#1726 = FACE_OUTER_BOUND ( 'NONE', #10585, .T. ) ;
#1727 = ORIENTED_EDGE ( 'NONE', *, *, #6212, .F. ) ;
#1728 = DIRECTION ( 'NONE',  ( -1.836841578568294975E-13, 1.000000000000000000, 0.000000000000000000 ) ) ;
#1729 = DIRECTION ( 'NONE',  ( -0.7071067811865460184, 4.541133094095090171E-14, 0.7071067811865489050 ) ) ;
#1730 = CARTESIAN_POINT ( 'NONE',  ( -9.000000000000000000, 9.050000000000000711, 0.000000000000000000 ) ) ;
#1731 = LINE ( 'NONE', #134, #9904 ) ;
#1732 = EDGE_CURVE ( 'NONE', #2449, #10088, #5227, .T. ) ;
#1733 = ORIENTED_EDGE ( 'NONE', *, *, #5865, .F. ) ;
#1734 = ORIENTED_EDGE ( 'NONE', *, *, #2434, .T. ) ;
#1735 = VERTEX_POINT ( 'NONE', #918 ) ;
#1736 = CARTESIAN_POINT ( 'NONE',  ( 9.000000000000000000, 7.799999999999999822, 0.000000000000000000 ) ) ;
#1737 = LINE ( 'NONE', #9268, #7684 ) ;
#1738 = ORIENTED_EDGE ( 'NONE', *, *, #4835, .F. ) ;
#1739 = CYLINDRICAL_SURFACE ( 'NONE', #3527, 0.2999999999999999334 ) ;
#1740 = DIRECTION ( 'NONE',  ( 0.000000000000000000, 0.000000000000000000, -1.000000000000000000 ) ) ;
#1741 = CARTESIAN_POINT ( 'NONE',  ( -8.599999999999999645, 10.41999999999999993, 0.8719667599999999519 ) ) ;
#1742 = CARTESIAN_POINT ( 'NONE',  ( 7.890014929625221107, 0.1500000000000514810, -20.11814382951234847 ) ) ;
#1743 = LINE ( 'NONE', #5105, #6543 ) ;
#1744 = LINE ( 'NONE', #862, #2162 ) ;
#1745 = ADVANCED_FACE ( 'NONE', ( #5170 ), #8514, .F. ) ;
#1746 = VERTEX_POINT ( 'NONE', #8068 ) ;
#1747 = ORIENTED_EDGE ( 'NONE', *, *, #10249, .F. ) ;
#1748 = CARTESIAN_POINT ( 'NONE',  ( -3.876600662235899719, -1.802800000000055025, -20.39880008000000089 ) ) ;
#1749 = ORIENTED_EDGE ( 'NONE', *, *, #3906, .F. ) ;
#1750 = FACE_OUTER_BOUND ( 'NONE', #1110, .T. ) ;
#1751 = FACE_OUTER_BOUND ( 'NONE', #3389, .T. ) ;
#1752 = VERTEX_POINT ( 'NONE', #5488 ) ;
#1753 = LINE ( 'NONE', #5116, #1971 ) ;
#1754 = ADVANCED_FACE ( 'NONE', ( #4728 ), #2084, .F. ) ;
#1755 = EDGE_CURVE ( 'NONE', #635, #3928, #1301, .T. ) ;
#1756 = ORIENTED_EDGE ( 'NONE', *, *, #1721, .F. ) ;
#1757 = EDGE_LOOP ( 'NONE', ( #5335, #10170, #6912, #7375 ) ) ;
#1758 = VECTOR ( 'NONE', #9539, 1000.000000000000000 ) ;
#1759 = CARTESIAN_POINT ( 'NONE',  ( -8.754747019020788557, 0.02774270077036539855, -19.56453262098344936 ) ) ;
#1760 = DIRECTION ( 'NONE',  ( 1.000000000000000000, 0.000000000000000000, 0.000000000000000000 ) ) ;
#1761 = ORIENTED_EDGE ( 'NONE', *, *, #9013, .F. ) ;
#1762 = CARTESIAN_POINT ( 'NONE',  ( 8.700399837764120292, -1.499999954000104108, 0.000000000000000000 ) ) ;
#1763 = ORIENTED_EDGE ( 'NONE', *, *, #10440, .F. ) ;
#1764 = FILL_AREA_STYLE ('',( #169 ) ) ;
#1765 = CARTESIAN_POINT ( 'NONE',  ( -1.757600582235900211, -0.7499999540000760190, -20.39880008000000089 ) ) ;
#1766 = EDGE_CURVE ( 'NONE', #635, #7005, #10597, .T. ) ;
#1767 = CARTESIAN_POINT ( 'NONE',  ( -3.241600662235899488, -0.7499999540000760190, -20.39880008000000089 ) ) ;
#1768 = ORIENTED_EDGE ( 'NONE', *, *, #7082, .T. ) ;
#1769 = AXIS2_PLACEMENT_3D ( 'NONE', #7970, #432, #3798 ) ;
#1770 = CARTESIAN_POINT ( 'NONE',  ( 7.890014929625221107, 4.599999789173420181E-08, -20.09880017200000069 ) ) ;
#1771 = CARTESIAN_POINT ( 'NONE',  ( -8.773800046000008734, -1.802799999999999958, -0.5471988640971789941 ) ) ;
#1772 = CYLINDRICAL_SURFACE ( 'NONE', #9795, 0.2999999999999999334 ) ;
#1773 = EDGE_CURVE ( 'NONE', #4988, #553, #8779, .T. ) ;
#1774 = DIRECTION ( 'NONE',  ( -1.000000000000000000, -3.008831912698249990E-16, 1.050528047490161991E-30 ) ) ;
#1775 = CARTESIAN_POINT ( 'NONE',  ( 7.876336898225280159, -0.1499999079999995988, -20.10446579811245371 ) ) ;
#1776 = ORIENTED_EDGE ( 'NONE', *, *, #10453, .F. ) ;
#1777 = DIRECTION ( 'NONE',  ( 1.000000000000000000, 3.794707603699256053E-15, 0.000000000000000000 ) ) ;
#1778 = FACE_OUTER_BOUND ( 'NONE', #5327, .T. ) ;
#1779 = ADVANCED_FACE ( 'NONE', ( #3842 ), #8730, .T. ) ;
#1780 = CARTESIAN_POINT ( 'NONE',  ( 8.923799999999999955, 3.487101505093049544E-14, 7.946262245164299866E-16 ) ) ;
#1781 = ORIENTED_EDGE ( 'NONE', *, *, #5948, .T. ) ;
#1782 = ORIENTED_EDGE ( 'NONE', *, *, #9810, .F. ) ;
#1783 = ORIENTED_EDGE ( 'NONE', *, *, #3516, .T. ) ;
#1784 = DIRECTION ( 'NONE',  ( 0.000000000000000000, -1.000000000000000000, -3.848953698056000290E-15 ) ) ;
#1785 = LINE ( 'NONE', #87, #2778 ) ;
#1786 = ORIENTED_EDGE ( 'NONE', *, *, #5127, .F. ) ;
#1787 = ADVANCED_FACE ( 'NONE', ( #3076 ), #7186, .F. ) ;
#1788 = CARTESIAN_POINT ( 'NONE',  ( -8.773800045999999853, -1.499999954000060143, -1.122198984097179997 ) ) ;
#1789 = DIRECTION ( 'NONE',  ( 1.000000000000000000, 0.000000000000000000, 0.000000000000000000 ) ) ;
#1790 = PLANE ( 'NONE',  #4695 ) ;
#1791 = LINE ( 'NONE', #7567, #927 ) ;
#1792 = CARTESIAN_POINT ( 'NONE',  ( -9.000000000000000000, -6.250000000000000000, 0.8719667599999999519 ) ) ;
#1793 = LINE ( 'NONE', #10316, #2856 ) ;
#1794 = CARTESIAN_POINT ( 'NONE',  ( -8.773800046000008734, -1.802799999999999958, -17.05119938409719893 ) ) ;
#1795 = ORIENTED_EDGE ( 'NONE', *, *, #5847, .T. ) ;
#1796 = ORIENTED_EDGE ( 'NONE', *, *, #5190, .T. ) ;
#1797 = VECTOR ( 'NONE', #7694, 1000.000000000000000 ) ;
#1798 = DIRECTION ( 'NONE',  ( 0.000000000000000000, 0.000000000000000000, 1.000000000000000000 ) ) ;
#1799 = B_SPLINE_CURVE_WITH_KNOTS ( 'NONE', 3,
 ( #2089, #5552, #1416, #10666 ),
 .UNSPECIFIED., .F., .F.,
 ( 4, 4 ),
 ( 2.007249870337214704E-06, 1.000000000000000000 ),
 .UNSPECIFIED. ) ;
#1800 = ORIENTED_EDGE ( 'NONE', *, *, #3594, .F. ) ;
#1801 = EDGE_CURVE ( 'NONE', #7435, #6088, #9714, .T. ) ;
#1802 = FACE_OUTER_BOUND ( 'NONE', #8091, .T. ) ;
#1803 = CIRCLE ( 'NONE', #3236, 0.2999999999999999889 ) ;
#1804 = DIRECTION ( 'NONE',  ( -0.7071067811865446862, 2.710506262435661118E-15, -0.7071067811865503483 ) ) ;
#1805 = ORIENTED_EDGE ( 'NONE', *, *, #6677, .T. ) ;
#1806 = DIRECTION ( 'NONE',  ( 0.000000000000000000, 0.000000000000000000, 1.000000000000000000 ) ) ;
#1807 = AXIS2_PLACEMENT_3D ( 'NONE', #8542, #4324, #8433 ) ;
#1808 = VECTOR ( 'NONE', #8599, 1000.000000000000000 ) ;
#1809 = VERTEX_POINT ( 'NONE', #2915 ) ;
#1810 = ORIENTED_EDGE ( 'NONE', *, *, #5479, .F. ) ;
#1811 = AXIS2_PLACEMENT_3D ( 'NONE', #4038, #4090, #7437 ) ;
#1812 = CIRCLE ( 'NONE', #7789, 0.2999999999999999334 ) ;
#1814 = EDGE_CURVE ( 'NONE', #2469, #8879, #6203, .T. ) ;
#1813 = DIRECTION ( 'NONE',  ( 0.000000000000000000, 0.000000000000000000, 1.000000000000000000 ) ) ;
#1815 = VECTOR ( 'NONE', #1695, 1000.000000000000000 ) ;
#1816 = CARTESIAN_POINT ( 'NONE',  ( -9.000000000000000000, 6.250000000000000000, 0.000000000000000000 ) ) ;
#1817 = CARTESIAN_POINT ( 'NONE',  ( -8.465266147384539863, 5.465719654389799582E-14, -19.72366920272730084 ) ) ;
#1818 = EDGE_LOOP ( 'NONE', ( #8588, #7872, #997, #3544 ) ) ;
#1819 = DIRECTION ( 'NONE',  ( 0.000000000000000000, 0.000000000000000000, -1.000000000000000000 ) ) ;
#1820 = ORIENTED_EDGE ( 'NONE', *, *, #3282, .F. ) ;
#1821 = SURFACE_STYLE_USAGE ( .BOTH. , #2816 ) ;
#1822 = DIRECTION ( 'NONE',  ( 0.000000000000000000, 0.000000000000000000, -1.000000000000000000 ) ) ;
#1823 = CARTESIAN_POINT ( 'NONE',  ( -8.773800045999999853, -0.1499999079999994045, -5.343838790770820171E-17 ) ) ;
#1824 = VECTOR ( 'NONE', #2003, 1000.000000000000000 ) ;
#1825 = ORIENTED_EDGE ( 'NONE', *, *, #3322, .F. ) ;
#1827 = EDGE_CURVE ( 'NONE', #5746, #1752, #8596, .T. ) ;
#1826 = CARTESIAN_POINT ( 'NONE',  ( 8.872087168930629986, 0.01838498511471455335, -19.36501450962520110 ) ) ;
#1828 = CARTESIAN_POINT ( 'NONE',  ( -7.886015114097229883, -0.06580746144262919484, -20.22294371046530159 ) ) ;
#1829 = AXIS2_PLACEMENT_3D ( 'NONE', #6709, #716, #10841 ) ;
#1830 = EDGE_CURVE ( 'NONE', #737, #1703, #5495, .T. ) ;
#1831 = DIRECTION ( 'NONE',  ( -1.000000000000000000, 0.000000000000000000, 3.562560286365675406E-16 ) ) ;
#1832 = VERTEX_POINT ( 'NONE', #530 ) ;
#1833 = VECTOR ( 'NONE', #3373, 1000.000000000000000 ) ;
#1834 = CARTESIAN_POINT ( 'NONE',  ( 7.850699781825899670, 0.02040614392405779715, -20.34571300494930313 ) ) ;
#1835 = VERTEX_POINT ( 'NONE', #1357 ) ;
#1836 = FACE_OUTER_BOUND ( 'NONE', #2867, .T. ) ;
#1837 = PLANE ( 'NONE',  #9576 ) ;
#1838 = CARTESIAN_POINT ( 'NONE',  ( 9.000000000000000000, -10.00000000000000000, 0.8719667599999999519 ) ) ;
#1839 = PLANE ( 'NONE',  #8665 ) ;
#1840 = ORIENTED_EDGE ( 'NONE', *, *, #81, .F. ) ;
#1841 = AXIS2_PLACEMENT_3D ( 'NONE', #2851, #365, #7857 ) ;
#1842 = ORIENTED_EDGE ( 'NONE', *, *, #5323, .F. ) ;
#1843 = ORIENTED_EDGE ( 'NONE', *, *, #9239, .F. ) ;
#1844 = CARTESIAN_POINT ( 'NONE',  ( 8.054395472349449747, 0.01849220858900825146, -20.27743533748364868 ) ) ;
#1845 = ADVANCED_FACE ( 'NONE', ( #3892 ), #6311, .T. ) ;
#1846 = EDGE_LOOP ( 'NONE', ( #3613, #7888, #10447, #4540 ) ) ;
#1847 = CARTESIAN_POINT ( 'NONE',  ( 8.488707373929848643, 4.600000450536750030E-08, -19.49209532240785236 ) ) ;
#1848 = DIRECTION ( 'NONE',  ( 1.000000000000000000, 0.000000000000000000, 0.000000000000000000 ) ) ;
#1849 = CARTESIAN_POINT ( 'NONE',  ( 7.890014929625221107, -0.1499999080000004037, -20.09880017200000069 ) ) ;
#1850 = VECTOR ( 'NONE', #7587, 1000.000000000000000 ) ;
#1851 = DIRECTION ( 'NONE',  ( 1.000000000000000000, 0.000000000000000000, 0.000000000000000000 ) ) ;
#1852 = CARTESIAN_POINT ( 'NONE',  ( -1.122600582235953937, -1.499999954000101887, -20.39880008000000089 ) ) ;
#1853 = CARTESIAN_POINT ( 'NONE',  ( -8.871941681342910613, 0.01859936015242845062, -19.35382004495760100 ) ) ;
#1854 = LINE ( 'NONE', #4285, #6097 ) ;
#1855 = EDGE_CURVE ( 'NONE', #1253, #5957, #10167, .T. ) ;
#1856 = EDGE_CURVE ( 'NONE', #6100, #4771, #9659, .T. ) ;
#1857 = ORIENTED_EDGE ( 'NONE', *, *, #4225, .T. ) ;
#1858 = EDGE_LOOP ( 'NONE', ( #2229, #7868, #1489, #6441 ) ) ;
#1859 = COLOUR_RGB ( '',0.7921568627450980005, 0.8196078431372548767, 0.9333333333333333481 ) ;
#1860 = CARTESIAN_POINT ( 'NONE',  ( 61.95510655778610243, -0.9999999539998989384, -4.866019119999979381 ) ) ;
#1861 = EDGE_CURVE ( 'NONE', #3150, #869, #2027, .T. ) ;
#1862 = ORIENTED_EDGE ( 'NONE', *, *, #820, .T. ) ;
#1863 = DIRECTION ( 'NONE',  ( -3.562560286365675406E-16, 1.751623080406019977E-46, -1.000000000000000000 ) ) ;
#1864 = VECTOR ( 'NONE', #7551, 1000.000000000000000 ) ;
#1865 = CARTESIAN_POINT ( 'NONE',  ( 2.799999999999999822, 11.00000000000000000, 0.000000000000000000 ) ) ;
#1866 = VERTEX_POINT ( 'NONE', #8941 ) ;
#1867 = CARTESIAN_POINT ( 'NONE',  ( 8.075192737379959240, 0.1500000000000044909, -20.01391186345639994 ) ) ;
#1868 = EDGE_CURVE ( 'NONE', #10880, #5997, #1408, .T. ) ;
#1869 = ORIENTED_EDGE ( 'NONE', *, *, #5387, .F. ) ;
#1870 = VECTOR ( 'NONE', #6510, 1000.000000000000000 ) ;
#1871 = ORIENTED_EDGE ( 'NONE', *, *, #8603, .T. ) ;
#1872 = DIRECTION ( 'NONE',  ( 0.000000000000000000, 0.000000000000000000, -1.000000000000000000 ) ) ;
#1873 = CARTESIAN_POINT ( 'NONE',  ( 9.000000000000000000, 8.449999999999999289, 0.000000000000000000 ) ) ;
#1874 = PLANE ( 'NONE',  #3421 ) ;
#1875 = ORIENTED_EDGE ( 'NONE', *, *, #9173, .T. ) ;
#1876 = CARTESIAN_POINT ( 'NONE',  ( -9.000000000000000000, 8.750000000000000000, 0.000000000000000000 ) ) ;
#1877 = AXIS2_PLACEMENT_3D ( 'NONE', #1595, #9853, #2539 ) ;
#1878 = VERTEX_POINT ( 'NONE', #3734 ) ;
#1879 = VECTOR ( 'NONE', #7119, 1000.000000000000000 ) ;
#1880 = CARTESIAN_POINT ( 'NONE',  ( 8.923799999999999955, -1.499999954000091895, -0.5410188799999838816 ) ) ;
#1881 = CARTESIAN_POINT ( 'NONE',  ( 9.000000000000000000, 8.449999999999999289, 0.8719667599999999519 ) ) ;
#1882 = ADVANCED_FACE ( 'NONE', ( #7960 ), #2132, .F. ) ;
#1883 = ORIENTED_EDGE ( 'NONE', *, *, #7131, .F. ) ;
#1884 = VECTOR ( 'NONE', #3184, 1000.000000000000000 ) ;
#1885 = DIRECTION ( 'NONE',  ( 3.848953698056000290E-15, -1.000000000000000000, -1.674047928902419981E-31 ) ) ;
#1886 = CARTESIAN_POINT ( 'NONE',  ( -9.000000000000000000, 6.250000000000000000, 0.000000000000000000 ) ) ;
#1887 = CARTESIAN_POINT ( 'NONE',  ( 8.923799999999999955, -0.9999999540000918952, -3.970018879999979600 ) ) ;
#1888 = EDGE_LOOP ( 'NONE', ( #9348, #10056 ) ) ;
#1889 = CARTESIAN_POINT ( 'NONE',  ( 7.824697896637928807, -0.06111922942097349626, -20.21987693258049745 ) ) ;
#1890 = ORIENTED_EDGE ( 'NONE', *, *, #4225, .F. ) ;
#1891 = CARTESIAN_POINT ( 'NONE',  ( -8.643143749512368856, 0.1499999999999988287, -19.36101569409725087 ) ) ;
#1892 = DIRECTION ( 'NONE',  ( -1.000000000000000000, -3.629128540980805093E-15, -8.904572318030769708E-17 ) ) ;
#1893 = CARTESIAN_POINT ( 'NONE',  ( -8.699999999999999289, 6.250000000000000000, 0.000000000000000000 ) ) ;
#1894 = AXIS2_PLACEMENT_3D ( 'NONE', #2242, #9821, #3013 ) ;
#1895 = LINE ( 'NONE', #8648, #936 ) ;
#1896 = VECTOR ( 'NONE', #781, 1000.000000000000000 ) ;
#1897 = EDGE_CURVE ( 'NONE', #5021, #4159, #8293, .T. ) ;
#1898 = EDGE_CURVE ( 'NONE', #5363, #6655, #4119, .T. ) ;
#1899 = ORIENTED_EDGE ( 'NONE', *, *, #1694, .T. ) ;
#1900 = ORIENTED_EDGE ( 'NONE', *, *, #2063, .T. ) ;
#1901 = CARTESIAN_POINT ( 'NONE',  ( 9.000000000000000000, -5.000000000000000000, 0.8719667599999999519 ) ) ;
#1902 = ORIENTED_EDGE ( 'NONE', *, *, #6798, .F. ) ;
#1903 = CARTESIAN_POINT ( 'NONE',  ( 9.000000000000000000, -5.950000000000000178, 0.000000000000000000 ) ) ;
#1904 = CARTESIAN_POINT ( 'NONE',  ( 8.802435738237711860, 0.01849218873360334789, -19.52939509065199886 ) ) ;
#1905 = CARTESIAN_POINT ( 'NONE',  ( 4.843000897764119905, -1.499999954000106106, 0.000000000000000000 ) ) ;
#1906 = DIRECTION ( 'NONE',  ( 1.000000000000000000, 0.000000000000000000, 0.000000000000000000 ) ) ;
#1907 = DIRECTION ( 'NONE',  ( 0.000000000000000000, -1.000000000000000000, 0.000000000000000000 ) ) ;
#1908 = LINE ( 'NONE', #6964, #2329 ) ;
#1909 = CARTESIAN_POINT ( 'NONE',  ( 9.000000000000000000, 11.00000000000000000, 0.000000000000000000 ) ) ;
#1910 = ADVANCED_FACE ( 'NONE', ( #7463 ), #10037, .F. ) ;
#1911 = ORIENTED_EDGE ( 'NONE', *, *, #10028, .F. ) ;
#1912 = ORIENTED_EDGE ( 'NONE', *, *, #6747, .F. ) ;
#1913 = DIRECTION ( 'NONE',  ( -3.469446951953614978E-15, -1.000000000000000000, 0.000000000000000000 ) ) ;
#1914 = ORIENTED_EDGE ( 'NONE', *, *, #4070, .T. ) ;
#1915 = DIRECTION ( 'NONE',  ( -1.000000000000000000, 3.446013993391890312E-15, 3.562560286365675406E-16 ) ) ;
#1916 = PLANE ( 'NONE',  #3004 ) ;
#1917 = ADVANCED_FACE ( 'NONE', ( #5652 ), #747, .F. ) ;
#1918 = CARTESIAN_POINT ( 'NONE',  ( 9.000000000000000000, -9.050000000000000711, 0.8719667599999999519 ) ) ;
#1919 = B_SPLINE_CURVE_WITH_KNOTS ( 'NONE', 3,
 ( #9345, #7752, #989, #5125 ),
 .UNSPECIFIED., .F., .F.,
 ( 4, 4 ),
 ( 0.000000000000000000, 1.000000000000000000 ),
 .UNSPECIFIED. ) ;
#1920 = EDGE_CURVE ( 'NONE', #2800, #8363, #10448, .T. ) ;
#1921 = VERTEX_POINT ( 'NONE', #9990 ) ;
#1922 = ORIENTED_EDGE ( 'NONE', *, *, #6340, .F. ) ;
#1923 = EDGE_LOOP ( 'NONE', ( #46, #2563, #8173, #1362 ) ) ;
#1924 = PLANE ( 'NONE',  #2952 ) ;
#1925 = CARTESIAN_POINT ( 'NONE',  ( -0.1266005422359010035, -1.802800000000055025, -20.39880008000000089 ) ) ;
#1926 = CARTESIAN_POINT ( 'NONE',  ( -8.773800045999999853, 4.599999997882339708E-08, -0.2207106321186549924 ) ) ;
#1927 = VERTEX_POINT ( 'NONE', #5764 ) ;
#1928 = CARTESIAN_POINT ( 'NONE',  ( 3.449999999999999734, 11.00000000000000000, 0.000000000000000000 ) ) ;
#1929 = EDGE_CURVE ( 'NONE', #3574, #8390, #6688, .T. ) ;
#1930 = EDGE_LOOP ( 'NONE', ( #8113, #9900, #1843, #6490 ) ) ;
#1931 = CARTESIAN_POINT ( 'NONE',  ( -8.703089367881348792, -0.1499999540000000187, 4.878909776184769953E-16 ) ) ;
#1932 = DIRECTION ( 'NONE',  ( 0.000000000000000000, 0.000000000000000000, 1.000000000000000000 ) ) ;
#1933 = EDGE_LOOP ( 'NONE', ( #6130, #5115, #4334, #3781 ) ) ;
#1934 = DIRECTION ( 'NONE',  ( 0.7071067811865505703, 3.079417681350102974E-15, -0.7071067811865444641 ) ) ;
#1935 = DIRECTION ( 'NONE',  ( -8.904572318030769708E-17, -4.379057701015049943E-47, 1.000000000000000000 ) ) ;
#1936 = FACE_OUTER_BOUND ( 'NONE', #8735, .T. ) ;
#1937 = VERTEX_POINT ( 'NONE', #1575 ) ;
#1938 = LINE ( 'NONE', #9303, #455 ) ;
#1939 = ADVANCED_FACE ( 'NONE', ( #9109 ), #3951, .T. ) ;
#1940 = VERTEX_POINT ( 'NONE', #4945 ) ;
#1941 = CARTESIAN_POINT ( 'NONE',  ( 9.000000000000000000, -3.449999999999999734, 0.8719667599999999519 ) ) ;
#1942 = CARTESIAN_POINT ( 'NONE',  ( 8.923799999999999955, -0.9999999540001029974, -4.866019119999979381 ) ) ;
#1943 = FACE_OUTER_BOUND ( 'NONE', #8666, .T. ) ;
#1944 = AXIS2_PLACEMENT_3D ( 'NONE', #1366, #5556, #10545 ) ;
#1945 = CARTESIAN_POINT ( 'NONE',  ( 8.703089367881348792, -0.1499999539999989917, -0.1499999539999994080 ) ) ;
#1946 = ORIENTED_EDGE ( 'NONE', *, *, #5283, .F. ) ;
#1947 = ORIENTED_EDGE ( 'NONE', *, *, #2829, .F. ) ;
#1948 = LINE ( 'NONE', #9481, #8129 ) ;
#1949 = ORIENTED_EDGE ( 'NONE', *, *, #6907, .F. ) ;
#1950 = CARTESIAN_POINT ( 'NONE',  ( -8.747870886671460511, -0.06570027392378709197, -19.35382004495755126 ) ) ;
#1951 = LINE ( 'NONE', #4336, #812 ) ;
#1952 = EDGE_CURVE ( 'NONE', #3304, #9344, #8122, .T. ) ;
#1953 = CARTESIAN_POINT ( 'NONE',  ( 6.250000000000000000, 11.00000000000000000, 0.000000000000000000 ) ) ;
#1954 = EDGE_CURVE ( 'NONE', #6035, #4054, #4839, .T. ) ;
#1955 = FACE_OUTER_BOUND ( 'NONE', #849, .T. ) ;
#1956 = CARTESIAN_POINT ( 'NONE',  ( 7.775210622934028315, 0.05049338102122948729, -20.32926090468173186 ) ) ;
#1957 = LINE ( 'NONE', #10151, #4793 ) ;
#1958 = VECTOR ( 'NONE', #2895, 1000.000000000000000 ) ;
#1959 = LINE ( 'NONE', #149, #3583 ) ;
#1960 = B_SPLINE_CURVE_WITH_KNOTS ( 'NONE', 3,
 ( #1487, #1378, #4962, #10619 ),
 .UNSPECIFIED., .F., .F.,
 ( 4, 4 ),
 ( 0.000000000000000000, 1.000000000000000000 ),
 .UNSPECIFIED. ) ;
#1961 = ORIENTED_EDGE ( 'NONE', *, *, #9773, .F. ) ;
#1962 = ORIENTED_EDGE ( 'NONE', *, *, #3933, .F. ) ;
#1963 = VECTOR ( 'NONE', #8089, 1000.000000000000000 ) ;
#1964 = DIRECTION ( 'NONE',  ( 8.904572318030769708E-17, 3.089394128724235091E-31, -1.000000000000000000 ) ) ;
#1965 = ORIENTED_EDGE ( 'NONE', *, *, #2267, .T. ) ;
#1966 = DIRECTION ( 'NONE',  ( 6.180374837806370896E-15, -1.000000000000000000, 0.000000000000000000 ) ) ;
#1967 = EDGE_CURVE ( 'NONE', #790, #4914, #585, .T. ) ;
#1968 = EDGE_CURVE ( 'NONE', #8288, #6645, #9928, .T. ) ;
#1969 = DIRECTION ( 'NONE',  ( 0.7071067811865500152, 2.662161967126730242E-15, -0.7071067811865450192 ) ) ;
#1970 = CARTESIAN_POINT ( 'NONE',  ( 8.117350011845021029, 0.06833511348462260881, -20.15721935442835289 ) ) ;
#1971 = VECTOR ( 'NONE', #4026, 1000.000000000000000 ) ;
#1972 = ORIENTED_EDGE ( 'NONE', *, *, #9825, .T. ) ;
#1973 = VERTEX_POINT ( 'NONE', #2298 ) ;
#1974 = ORIENTED_EDGE ( 'NONE', *, *, #4619, .F. ) ;
#1975 = AXIS2_PLACEMENT_3D ( 'NONE', #7137, #423, #1248 ) ;
#1976 = CARTESIAN_POINT ( 'NONE',  ( 9.000000000000000000, 11.00000000000000000, 0.8719667599999999519 ) ) ;
#1977 = EDGE_CURVE ( 'NONE', #7414, #4482, #8183, .T. ) ;
#1978 = VECTOR ( 'NONE', #629, 1000.000000000000000 ) ;
#1979 = CARTESIAN_POINT ( 'NONE',  ( -8.599999999999999645, 10.41999999999999993, 0.000000000000000000 ) ) ;
#1980 = DIRECTION ( 'NONE',  ( 1.000000000000000000, 0.000000000000000000, 8.904572318030769708E-17 ) ) ;
#1981 = VERTEX_POINT ( 'NONE', #4013 ) ;
#1982 = PLANE ( 'NONE',  #2062 ) ;
#1983 = CARTESIAN_POINT ( 'NONE',  ( -8.623800091999999751, 0.1499999999999969968, -19.16195333473704920 ) ) ;
#1984 = VECTOR ( 'NONE', #4440, 1000.000000000000000 ) ;
#1985 = ORIENTED_EDGE ( 'NONE', *, *, #1132, .T. ) ;
#1986 = DIRECTION ( 'NONE',  ( 1.000000000000000000, 0.000000000000000000, 0.000000000000000000 ) ) ;
#1987 = DIRECTION ( 'NONE',  ( -1.833260990695839833E-13, 1.000000000000000000, 0.000000000000000000 ) ) ;
#1988 = FACE_OUTER_BOUND ( 'NONE', #3447, .T. ) ;
#1989 = ORIENTED_EDGE ( 'NONE', *, *, #3539, .F. ) ;
#1990 = AXIS2_PLACEMENT_3D ( 'NONE', #8374, #9349, #1716 ) ;
#1991 = ADVANCED_FACE ( 'NONE', ( #7359 ), #10710, .F. ) ;
#1992 = EDGE_CURVE ( 'NONE', #9807, #5965, #7425, .T. ) ;
#1993 = AXIS2_PLACEMENT_3D ( 'NONE', #8991, #5804, #4059 ) ;
#1994 = CARTESIAN_POINT ( 'NONE',  ( -8.577638137506561122, -0.1178752808228543947, -0.001724950664875419962 ) ) ;
#1995 = VERTEX_POINT ( 'NONE', #696 ) ;
#1996 = CARTESIAN_POINT ( 'NONE',  ( 61.95510655778610243, -0.9999999539998989384, -3.970018879999974271 ) ) ;
#1997 = VERTEX_POINT ( 'NONE', #10760 ) ;
#1998 = DIRECTION ( 'NONE',  ( 0.7071067811865460184, 1.972152263052529951E-31, -0.7071067811865489050 ) ) ;
#1999 = ORIENTED_EDGE ( 'NONE', *, *, #4978, .F. ) ;
#2000 = DIRECTION ( 'NONE',  ( 0.000000000000000000, 0.000000000000000000, -1.000000000000000000 ) ) ;
#2001 = CARTESIAN_POINT ( 'NONE',  ( -9.000000000000000000, 11.00000000000000000, 0.000000000000000000 ) ) ;
#2002 = CIRCLE ( 'NONE', #243, 0.2999999999999999334 ) ;
#2003 = DIRECTION ( 'NONE',  ( 0.000000000000000000, -2.903302832784645416E-15, 1.000000000000000000 ) ) ;
#2004 = ORIENTED_EDGE ( 'NONE', *, *, #4451, .F. ) ;
#2005 = ORIENTED_EDGE ( 'NONE', *, *, #5089, .F. ) ;
#2006 = EDGE_CURVE ( 'NONE', #7365, #9737, #5923, .T. ) ;
#2007 = CIRCLE ( 'NONE', #1829, 0.2999999999999999334 ) ;
#2008 = AXIS2_PLACEMENT_3D ( 'NONE', #9676, #2148, #6164 ) ;
#2009 = DIRECTION ( 'NONE',  ( 3.629128540980805093E-15, -1.000000000000000000, 0.000000000000000000 ) ) ;
#2010 = VERTEX_POINT ( 'NONE', #6081 ) ;
#2011 = DIRECTION ( 'NONE',  ( -1.000000000000000000, 3.446013993391890312E-15, 3.562560286365675406E-16 ) ) ;
#2012 = LINE ( 'NONE', #9484, #6438 ) ;
#2013 = DIRECTION ( 'NONE',  ( 1.000000000000000000, 0.000000000000000000, 0.000000000000000000 ) ) ;
#2014 = CARTESIAN_POINT ( 'NONE',  ( -8.923799999999999955, -0.1499999080000008200, -19.36101569409725087 ) ) ;
#2015 = LINE ( 'NONE', #2840, #4677 ) ;
#2016 = CARTESIAN_POINT ( 'NONE',  ( 8.735531702763495332, -0.1202031537492983804, -19.45740296287632987 ) ) ;
#2017 = DIRECTION ( 'NONE',  ( 0.000000000000000000, 0.000000000000000000, 1.000000000000000000 ) ) ;
#2018 = AXIS2_PLACEMENT_3D ( 'NONE', #5542, #2626, #9213 ) ;
#2019 = ORIENTED_EDGE ( 'NONE', *, *, #8626, .T. ) ;
#2020 = EDGE_CURVE ( 'NONE', #8072, #7966, #2573, .T. ) ;
#2021 = EDGE_LOOP ( 'NONE', ( #3239, #9479, #6643, #9409 ) ) ;
#2022 = CARTESIAN_POINT ( 'NONE',  ( -3.622600662235954783, -1.499999954000099889, -20.39880008000000089 ) ) ;
#2023 = ORIENTED_EDGE ( 'NONE', *, *, #7166, .F. ) ;
#2024 = VECTOR ( 'NONE', #8396, 1000.000000000000000 ) ;
#2025 = LINE ( 'NONE', #4456, #4483 ) ;
#2026 = CARTESIAN_POINT ( 'NONE',  ( 9.000000000000000000, 1.250000000000000000, 0.8719667599999999519 ) ) ;
#2027 = LINE ( 'NONE', #5438, #7071 ) ;
#2028 = LINE ( 'NONE', #6044, #8815 ) ;
#2029 = AXIS2_PLACEMENT_3D ( 'NONE', #5677, #9082, #4203 ) ;
#2030 = ORIENTED_EDGE ( 'NONE', *, *, #1920, .T. ) ;
#2031 = EDGE_CURVE ( 'NONE', #6198, #5536, #963, .T. ) ;
#2032 = ORIENTED_EDGE ( 'NONE', *, *, #10292, .T. ) ;
#2033 = ADVANCED_FACE ( 'NONE', ( #6962 ), #5052, .F. ) ;
#2034 = ORIENTED_EDGE ( 'NONE', *, *, #6657, .F. ) ;
#2035 = VECTOR ( 'NONE', #306, 1000.000000000000000 ) ;
#2036 = PLANE ( 'NONE',  #5801 ) ;
#2037 = CARTESIAN_POINT ( 'NONE',  ( -8.841597687414571638, -0.1499999080000005980, -19.55946963199944832 ) ) ;
#2038 = ORIENTED_EDGE ( 'NONE', *, *, #4809, .F. ) ;
#2039 = CARTESIAN_POINT ( 'NONE',  ( -8.699999999999999289, 2.500000000000000000, 0.8719667599999999519 ) ) ;
#2040 = LINE ( 'NONE', #8742, #9947 ) ;
#2041 = ORIENTED_EDGE ( 'NONE', *, *, #3823, .T. ) ;
#2042 = ITEM_DEFINED_TRANSFORMATION ( 'NONE', 'NONE', #7478,  #4673 ) ;
#2043 = LINE ( 'NONE', #4577, #6557 ) ;
#2044 = VECTOR ( 'NONE', #7603, 1000.000000000000000 ) ;
#2045 = CIRCLE ( 'NONE', #8193, 0.2999999999999999334 ) ;
#2046 = DIRECTION ( 'NONE',  ( 0.000000000000000000, 0.000000000000000000, -1.000000000000000000 ) ) ;
#2047 = ORIENTED_EDGE ( 'NONE', *, *, #1967, .F. ) ;
#2048 = EDGE_CURVE ( 'NONE', #8417, #7614, #194, .T. ) ;
#2049 = LINE ( 'NONE', #7982, #7572 ) ;
#2050 = VECTOR ( 'NONE', #4805, 1000.000000000000000 ) ;
#2051 = ORIENTED_EDGE ( 'NONE', *, *, #9299, .F. ) ;
#2052 = VECTOR ( 'NONE', #5922, 1000.000000000000000 ) ;
#2053 = CARTESIAN_POINT ( 'NONE',  ( 8.702185907131779530, -0.1178752808228553939, -0.001724950664875310024 ) ) ;
#2054 = ORIENTED_EDGE ( 'NONE', *, *, #16, .F. ) ;
#2055 = PLANE ( 'NONE',  #5390 ) ;
#2056 = ORIENTED_EDGE ( 'NONE', *, *, #7823, .T. ) ;
#2057 = DIRECTION ( 'NONE',  ( -0.7071067811865475727, -2.662161967126741286E-15, 0.7071067811865475727 ) ) ;
#2058 = CARTESIAN_POINT ( 'NONE',  ( -9.000000000000000000, 11.00000000000000000, 0.8719667599999999519 ) ) ;
#2059 = EDGE_CURVE ( 'NONE', #8686, #3665, #4338, .T. ) ;
#2060 = CARTESIAN_POINT ( 'NONE',  ( -8.878695508217495203, 0.02430703382510757127, -0.4707106321187003450 ) ) ;
#2061 = VECTOR ( 'NONE', #1407, 1000.000000000000000 ) ;
#2062 = AXIS2_PLACEMENT_3D ( 'NONE', #10445, #5501, #3801 ) ;
#2063 = EDGE_CURVE ( 'NONE', #3960, #7575, #10197, .T. ) ;
#2064 = EDGE_LOOP ( 'NONE', ( #1054, #9729, #9817, #8872 ) ) ;
#2065 = CARTESIAN_POINT ( 'NONE',  ( 8.703089367881348792, 5.237220402183280884E-16, 0.000000000000000000 ) ) ;
#2066 = EDGE_LOOP ( 'NONE', ( #1431, #2860, #517, #7952 ) ) ;
#2067 = CIRCLE ( 'NONE', #3312, 0.2999999999999999334 ) ;
#2068 = DIRECTION ( 'NONE',  ( 1.000000000000000000, 1.833260990695674992E-13, 5.322511827520339352E-28 ) ) ;
#2069 = CARTESIAN_POINT ( 'NONE',  ( -7.878819132130191250, 0.01859938495838430253, -20.34694174449169779 ) ) ;
#2070 = CARTESIAN_POINT ( 'NONE',  ( 61.95510655778610243, -0.9999999539998980502, -16.47001928000000248 ) ) ;
#2071 = VERTEX_POINT ( 'NONE', #5104 ) ;
#2072 = CARTESIAN_POINT ( 'NONE',  ( 8.702186407131780044, -0.1339376174114070006, -0.1508624293324394849 ) ) ;
#2073 = FACE_OUTER_BOUND ( 'NONE', #464, .T. ) ;
#2074 = VECTOR ( 'NONE', #1231, 1000.000000000000000 ) ;
#2075 = CARTESIAN_POINT ( 'NONE',  ( -9.000000000000000000, 8.750000000000000000, 0.000000000000000000 ) ) ;
#2076 = ADVANCED_FACE ( 'NONE', ( #146 ), #5212, .F. ) ;
#2077 = DIRECTION ( 'NONE',  ( 1.000000000000000000, 0.000000000000000000, 0.000000000000000000 ) ) ;
#2078 = ORIENTED_EDGE ( 'NONE', *, *, #10793, .F. ) ;
#2079 = VERTEX_POINT ( 'NONE', #8447 ) ;
#2080 = CARTESIAN_POINT ( 'NONE',  ( 5.000000000000000000, 11.00000000000000000, 0.8719667599999999519 ) ) ;
#2081 = ORIENTED_EDGE ( 'NONE', *, *, #4369, .F. ) ;
#2082 = DIRECTION ( 'NONE',  ( 0.000000000000000000, -2.903302832784645416E-15, 1.000000000000000000 ) ) ;
#2083 = DIRECTION ( 'NONE',  ( -1.741690166977090016E-15, 0.000000000000000000, -1.000000000000000000 ) ) ;
#2084 = PLANE ( 'NONE',  #4095 ) ;
#2085 = DIRECTION ( 'NONE',  ( 0.000000000000000000, 0.000000000000000000, -1.000000000000000000 ) ) ;
#2086 = EDGE_CURVE ( 'NONE', #7183, #1878, #7021, .T. ) ;
#2087 = VERTEX_POINT ( 'NONE', #92 ) ;
#2088 = ORIENTED_EDGE ( 'NONE', *, *, #3247, .T. ) ;
#2089 = CARTESIAN_POINT ( 'NONE',  ( 8.702185907131779530, -0.1178752808228553939, -0.001724950664875310024 ) ) ;
#2090 = CARTESIAN_POINT ( 'NONE',  ( 5.127399617764099915, -1.802799999999830094, -79.67810574249129729 ) ) ;
#2091 = CARTESIAN_POINT ( 'NONE',  ( 9.000000000000000000, 11.00000000000000000, 0.8719667599999999519 ) ) ;
#2092 = ORIENTED_EDGE ( 'NONE', *, *, #8124, .T. ) ;
#2093 = CYLINDRICAL_SURFACE ( 'NONE', #10655, 0.2999999999999999889 ) ;
#2094 = DIRECTION ( 'NONE',  ( -1.000000000000000000, -3.629128540980805093E-15, 0.000000000000000000 ) ) ;
#2095 = ADVANCED_FACE ( 'NONE', ( #10255 ), #9486, .F. ) ;
#2096 = ADVANCED_FACE ( 'NONE', ( #858 ), #4229, .F. ) ;
#2097 = ORIENTED_EDGE ( 'NONE', *, *, #10225, .F. ) ;
#2098 = CARTESIAN_POINT ( 'NONE',  ( 61.95510655778610243, -1.802799999999810110, -4.545018999999999920 ) ) ;
#2099 = CARTESIAN_POINT ( 'NONE',  ( -8.923799999999999955, 4.600000055616630157E-08, -0.2207106321186549924 ) ) ;
#2100 = ORIENTED_EDGE ( 'NONE', *, *, #4594, .F. ) ;
#2101 = CYLINDRICAL_SURFACE ( 'NONE', #3540, 0.2999999999999999334 ) ;
#2102 = ORIENTED_EDGE ( 'NONE', *, *, #2192, .T. ) ;
#2103 = CARTESIAN_POINT ( 'NONE',  ( -8.071691014617218940, -0.03121975436087079392, -20.30381923003237077 ) ) ;
#2104 = ORIENTED_EDGE ( 'NONE', *, *, #5117, .F. ) ;
#2105 = LINE ( 'NONE', #3760, #6263 ) ;
#2106 = EDGE_CURVE ( 'NONE', #8275, #1076, #1803, .T. ) ;
#2107 = ORIENTED_EDGE ( 'NONE', *, *, #2125, .T. ) ;
#2108 = LINE ( 'NONE', #4807, #3627 ) ;
#2109 = DIRECTION ( 'NONE',  ( 0.000000000000000000, 0.000000000000000000, 1.000000000000000000 ) ) ;
#2110 = LINE ( 'NONE', #508, #1303 ) ;
#2111 = EDGE_CURVE ( 'NONE', #3800, #5307, #2349, .T. ) ;
#2112 = DIRECTION ( 'NONE',  ( -3.491481338843135327E-15, -1.000000000000000000, 1.243861275834940073E-30 ) ) ;
#2113 = ORIENTED_EDGE ( 'NONE', *, *, #1861, .T. ) ;
#2114 = DIRECTION ( 'NONE',  ( 1.000000000000000000, 0.000000000000000000, 0.000000000000000000 ) ) ;
#2115 = CARTESIAN_POINT ( 'NONE',  ( -8.703089367881348792, 4.599999997882339708E-08, -0.1499999540000000187 ) ) ;
#2116 = DIRECTION ( 'NONE',  ( 0.000000000000000000, -1.000000000000000000, 0.000000000000000000 ) ) ;
#2117 = EDGE_CURVE ( 'NONE', #2820, #10141, #1791, .T. ) ;
#2118 = ORIENTED_EDGE ( 'NONE', *, *, #335, .T. ) ;
#2119 = FACE_OUTER_BOUND ( 'NONE', #10346, .T. ) ;
#2120 = DIRECTION ( 'NONE',  ( 1.833260990695839833E-13, -1.000000000000000000, -3.848953698056000290E-15 ) ) ;
#2121 = FACE_OUTER_BOUND ( 'NONE', #3729, .T. ) ;
#2122 = CARTESIAN_POINT ( 'NONE',  ( 8.059381153377570328, 0.01870654388755344996, -20.27224365711920129 ) ) ;
#2123 = ORIENTED_EDGE ( 'NONE', *, *, #7102, .T. ) ;
#2124 = ORIENTED_EDGE ( 'NONE', *, *, #1142, .T. ) ;
#2125 = EDGE_CURVE ( 'NONE', #9931, #2511, #2168, .T. ) ;
#2126 = EDGE_CURVE ( 'NONE', #6486, #5674, #10092, .T. ) ;
#2127 = DIRECTION ( 'NONE',  ( 1.000000000000000000, 0.000000000000000000, 0.000000000000000000 ) ) ;
#2128 = EDGE_LOOP ( 'NONE', ( #720, #1504, #2337, #4770 ) ) ;
#2129 = VECTOR ( 'NONE', #7672, 1000.000000000000000 ) ;
#2130 = DIRECTION ( 'NONE',  ( -1.000000000000000000, 0.000000000000000000, 0.000000000000000000 ) ) ;
#2131 = CARTESIAN_POINT ( 'NONE',  ( -9.000000000000000000, 2.500000000000000000, 0.000000000000000000 ) ) ;
#2132 = CYLINDRICAL_SURFACE ( 'NONE', #1273, 0.2000000000000005107 ) ;
#2133 = DIRECTION ( 'NONE',  ( 1.000000000000000000, 0.000000000000000000, 0.000000000000000000 ) ) ;
#2134 = AXIS2_PLACEMENT_3D ( 'NONE', #5886, #3528, #6869 ) ;
#2135 = ORIENTED_EDGE ( 'NONE', *, *, #1515, .T. ) ;
#2136 = VERTEX_POINT ( 'NONE', #8661 ) ;
#2137 = EDGE_CURVE ( 'NONE', #7791, #3344, #1507, .T. ) ;
#2138 = CARTESIAN_POINT ( 'NONE',  ( -8.773800046000008734, -1.802799999999999958, -18.30119942409725198 ) ) ;
#2139 = CARTESIAN_POINT ( 'NONE',  ( -8.923799999999999955, -1.499999954000060143, -0.5471988640971789941 ) ) ;
#2140 = CARTESIAN_POINT ( 'NONE',  ( -1.376600582235898207, -1.802799999999999958, -20.24880012599999901 ) ) ;
#2141 = FACE_OUTER_BOUND ( 'NONE', #5813, .T. ) ;
#2142 = VERTEX_POINT ( 'NONE', #518 ) ;
#2143 = FACE_OUTER_BOUND ( 'NONE', #2128, .T. ) ;
#2144 = DIRECTION ( 'NONE',  ( 0.000000000000000000, 9.035020874785489318E-17, -1.000000000000000000 ) ) ;
#2145 = ORIENTED_EDGE ( 'NONE', *, *, #4314, .T. ) ;
#2146 = VECTOR ( 'NONE', #4063, 1000.000000000000000 ) ;
#2147 = CARTESIAN_POINT ( 'NONE',  ( 8.773800046000008734, -0.9999999540000910070, -16.47001928000000248 ) ) ;
#2148 = DIRECTION ( 'NONE',  ( 0.000000000000000000, 9.035020874785599019E-17, 1.000000000000000000 ) ) ;
#2149 = VERTEX_POINT ( 'NONE', #7122 ) ;
#2150 = ADVANCED_FACE ( 'NONE', ( #2119 ), #10419, .F. ) ;
#2151 = VECTOR ( 'NONE', #292, 1000.000000000000000 ) ;
#2152 = DIRECTION ( 'NONE',  ( 1.000000000000000000, 0.000000000000000000, 0.000000000000000000 ) ) ;
#2153 =( REPRESENTATION_RELATIONSHIP ('NONE','NONE', #5098, #8460 ) REPRESENTATION_RELATIONSHIP_WITH_TRANSFORMATION ( #495 )SHAPE_REPRESENTATION_RELATIONSHIP( ) );
#2154 = CARTESIAN_POINT ( 'NONE',  ( -4.872600702235950543, -1.499999954000042157, -20.39880008000000089 ) ) ;
#2155 = EDGE_LOOP ( 'NONE', ( #10099, #6531 ) ) ;
#2156 = CARTESIAN_POINT ( 'NONE',  ( 9.000000000000000000, 11.00000000000000000, 0.000000000000000000 ) ) ;
#2157 = VERTEX_POINT ( 'NONE', #7895 ) ;
#2158 = AXIS2_PLACEMENT_3D ( 'NONE', #1139, #1969, #1804 ) ;
#2159 = FACE_OUTER_BOUND ( 'NONE', #3731, .T. ) ;
#2160 = DIRECTION ( 'NONE',  ( -2.157866341325660055E-29, 3.491481338843135327E-15, 1.000000000000000000 ) ) ;
#2161 = CARTESIAN_POINT ( 'NONE',  ( -3.622600662235954783, -1.499999954000042157, -20.39880008000000089 ) ) ;
#2162 = VECTOR ( 'NONE', #8449, 1000.000000000000000 ) ;
#2163 = AXIS2_PLACEMENT_3D ( 'NONE', #8510, #7689, #6858 ) ;
#2164 = EDGE_CURVE ( 'NONE', #7614, #762, #1343, .T. ) ;
#2165 = EDGE_CURVE ( 'NONE', #9818, #2373, #3868, .T. ) ;
#2166 = CARTESIAN_POINT ( 'NONE',  ( -8.923799999999999955, -1.802799999999999958, 2.696301922142129844E-30 ) ) ;
#2167 = AXIS2_PLACEMENT_3D ( 'NONE', #10366, #6139, #2017 ) ;
#2168 = CIRCLE ( 'NONE', #1642, 0.2999999999999999334 ) ;
#2169 = ORIENTED_EDGE ( 'NONE', *, *, #7538, .T. ) ;
#2170 = CARTESIAN_POINT ( 'NONE',  ( 3.250871628118515722E-17, -1.802799999999999958, -20.24880012599999901 ) ) ;
#2171 = DIRECTION ( 'NONE',  ( 0.000000000000000000, 0.000000000000000000, 1.000000000000000000 ) ) ;
#2172 = LINE ( 'NONE', #5527, #5738 ) ;
#2173 = ORIENTED_EDGE ( 'NONE', *, *, #9076, .T. ) ;
#2174 = DIRECTION ( 'NONE',  ( 1.000000000000000000, 0.000000000000000000, 0.000000000000000000 ) ) ;
#2175 = CARTESIAN_POINT ( 'NONE',  ( 8.536121547631490003, -0.1339376174114272067, -0.1508624293324375143 ) ) ;
#2176 = B_SPLINE_CURVE_WITH_KNOTS ( 'NONE', 3,
 ( #2970, #6312, #3953, #4670, #10435, #8019, #6260, #3843 ),
 .UNSPECIFIED., .F., .F.,
 ( 4, 2, 2, 4 ),
 ( 0.000000000000000000, 0.2499999999999998890, 0.4999999999999997780, 1.000000000000000000 ),
 .UNSPECIFIED. ) ;
#2177 = UNCERTAINTY_MEASURE_WITH_UNIT (LENGTH_MEASURE( 1.000000000000000082E-05 ), #9024, 'distance_accuracy_value', 'NONE');
#2178 = DIRECTION ( 'NONE',  ( 0.000000000000000000, 3.491481338843135327E-15, -1.000000000000000000 ) ) ;
#2179 = CARTESIAN_POINT ( 'NONE',  ( 8.017095242407860312, 4.600000274353889722E-08, -19.96370745392984958 ) ) ;
#2180 = AXIS2_PLACEMENT_3D ( 'NONE', #1613, #5039, #7553 ) ;
#2181 = ORIENTED_EDGE ( 'NONE', *, *, #1228, .F. ) ;
#2182 = ADVANCED_FACE ( 'NONE', ( #5371 ), #1226, .T. ) ;
#2183 = ORIENTED_EDGE ( 'NONE', *, *, #10432, .T. ) ;
#2184 = CARTESIAN_POINT ( 'NONE',  ( -8.002267239413990652, -1.802799999999999958, -20.39880008000000089 ) ) ;
#2185 = CARTESIAN_POINT ( 'NONE',  ( 8.922075049335129293, -0.1178752348228534058, -0.4707101321186560328 ) ) ;
#2186 = VERTEX_POINT ( 'NONE', #4500 ) ;
#2187 = PLANE ( 'NONE',  #2018 ) ;
#2188 = CARTESIAN_POINT ( 'NONE',  ( -6.200000000000000178, 11.00000000000000000, 0.8719667599999999519 ) ) ;
#2189 = DIRECTION ( 'NONE',  ( 3.491481338843135327E-15, -1.000000000000000000, 3.109014807878360910E-31 ) ) ;
#2190 = VECTOR ( 'NONE', #10011, 1000.000000000000000 ) ;
#2191 = PLANE ( 'NONE',  #6015 ) ;
#2192 = EDGE_CURVE ( 'NONE', #1578, #10716, #6188, .T. ) ;
#2193 = EDGE_CURVE ( 'NONE', #5572, #1331, #1289, .T. ) ;
#2194 = ORIENTED_EDGE ( 'NONE', *, *, #7848, .F. ) ;
#2195 = EDGE_CURVE ( 'NONE', #3566, #4587, #8816, .T. ) ;
#2196 = ORIENTED_EDGE ( 'NONE', *, *, #8376, .T. ) ;
#2197 = VECTOR ( 'NONE', #9824, 1000.000000000000000 ) ;
#2198 = FACE_OUTER_BOUND ( 'NONE', #6328, .T. ) ;
#2199 = FACE_OUTER_BOUND ( 'NONE', #5131, .T. ) ;
#2200 = DIRECTION ( 'NONE',  ( 0.000000000000000000, 1.000000000000000000, 2.903302832784645416E-15 ) ) ;
#2201 = FACE_OUTER_BOUND ( 'NONE', #3390, .T. ) ;
#2202 = VERTEX_POINT ( 'NONE', #9698 ) ;
#2203 = PLANE ( 'NONE',  #4694 ) ;
#2204 = PLANE ( 'NONE',  #456 ) ;
#2205 = VECTOR ( 'NONE', #4788, 1000.000000000000000 ) ;
#2206 = VERTEX_POINT ( 'NONE', #6348 ) ;
#2207 = CYLINDRICAL_SURFACE ( 'NONE', #6205, 0.2999999080000022578 ) ;
#2208 = EDGE_CURVE ( 'NONE', #7507, #6277, #10477, .T. ) ;
#2209 = DIRECTION ( 'NONE',  ( 0.000000000000000000, 0.000000000000000000, -1.000000000000000000 ) ) ;
#2210 = ORIENTED_EDGE ( 'NONE', *, *, #4528, .F. ) ;
#2211 = AXIS2_PLACEMENT_3D ( 'NONE', #5248, #1001, #943 ) ;
#2212 = VECTOR ( 'NONE', #5516, 1000.000000000000000 ) ;
#2213 = DIRECTION ( 'NONE',  ( 1.000000000000000000, 0.000000000000000000, 0.000000000000000000 ) ) ;
#2214 = CARTESIAN_POINT ( 'NONE',  ( 2.373399537764049771, -1.499999954000070135, -20.39880008000000089 ) ) ;
#2215 = VERTEX_POINT ( 'NONE', #4554 ) ;
#2216 = LINE ( 'NONE', #2990, #2050 ) ;
#2217 = EDGE_LOOP ( 'NONE', ( #4783, #8963, #6089, #8921 ) ) ;
#2218 = DIRECTION ( 'NONE',  ( -1.000000000000000000, 0.000000000000000000, 3.562560286365675406E-16 ) ) ;
#2219 = PLANE ( 'NONE',  #8998 ) ;
#2220 = ADVANCED_FACE ( 'NONE', ( #1955 ), #7844, .F. ) ;
#2221 = LINE ( 'NONE', #2995, #1824 ) ;
#2222 = CIRCLE ( 'NONE', #6776, 0.2000000000000005107 ) ;
#2223 = AXIS2_PLACEMENT_3D ( 'NONE', #1775, #2498, #1154 ) ;
#2224 = CARTESIAN_POINT ( 'NONE',  ( 3.750000000000000000, 11.00000000000000000, 0.000000000000000000 ) ) ;
#2225 = ORIENTED_EDGE ( 'NONE', *, *, #8945, .T. ) ;
#2226 = DIRECTION ( 'NONE',  ( -1.000000000000000000, -1.833260990695839833E-13, -5.322511827520820054E-28 ) ) ;
#2227 = CARTESIAN_POINT ( 'NONE',  ( 8.629465718112431460, 0.1500000000000049627, -19.35133697822529797 ) ) ;
#2228 = DIRECTION ( 'NONE',  ( 3.562560286364995507E-16, -1.759576437409350276E-14, 1.000000000000000000 ) ) ;
#2229 = ORIENTED_EDGE ( 'NONE', *, *, #8719, .T. ) ;
#2230 = CARTESIAN_POINT ( 'NONE',  ( 8.017095242407860312, 0.1000000153333523989, -19.96370745392984958 ) ) ;
#2231 = CARTESIAN_POINT ( 'NONE',  ( -9.000000000000000000, -0.2999999999999999889, 0.000000000000000000 ) ) ;
#2232 = CARTESIAN_POINT ( 'NONE',  ( -6.326600842235960087, -1.499999953999869851, -79.67810574249129729 ) ) ;
#2233 = ADVANCED_FACE ( 'NONE', ( #2957 ), #4712, .F. ) ;
#2234 = VECTOR ( 'NONE', #6767, 1000.000000000000000 ) ;
#2235 = EDGE_CURVE ( 'NONE', #10272, #8166, #465, .T. ) ;
#2236 = CARTESIAN_POINT ( 'NONE',  ( -8.922075049335118635, -0.1178752348227997959, -0.2216135942213134924 ) ) ;
#2237 = VERTEX_POINT ( 'NONE', #9647 ) ;
#2238 = EDGE_LOOP ( 'NONE', ( #9596, #4496, #2772, #6209 ) ) ;
#2239 = ORIENTED_EDGE ( 'NONE', *, *, #3376, .T. ) ;
#2240 = VECTOR ( 'NONE', #5442, 1000.000000000000000 ) ;
#2241 = CYLINDRICAL_SURFACE ( 'NONE', #9532, 0.2999999999999999334 ) ;
#2242 = CARTESIAN_POINT ( 'NONE',  ( 3.750000000000000000, 11.00000000000000000, 0.000000000000000000 ) ) ;
#2243 = ORIENTED_EDGE ( 'NONE', *, *, #7738, .F. ) ;
#2244 = DIRECTION ( 'NONE',  ( -3.848953698056000290E-15, -1.000000000000000000, 1.352015662072222059E-31 ) ) ;
#2245 = DIRECTION ( 'NONE',  ( 0.7071067811865474617, 2.710506262435650074E-15, -0.7071067811865474617 ) ) ;
#2246 = CARTESIAN_POINT ( 'NONE',  ( -8.747943640570770896, -0.06580747634336130136, -19.36101569409725087 ) ) ;
#2247 = DIRECTION ( 'NONE',  ( 0.000000000000000000, -1.000000000000000000, 0.000000000000000000 ) ) ;
#2248 = CYLINDRICAL_SURFACE ( 'NONE', #209, 0.2999999999999999334 ) ;
#2249 = EDGE_CURVE ( 'NONE', #3116, #3977, #7259, .T. ) ;
#2250 = VECTOR ( 'NONE', #3860, 1000.000000000000000 ) ;
#2251 = ORIENTED_EDGE ( 'NONE', *, *, #10265, .T. ) ;
#2252 = ORIENTED_EDGE ( 'NONE', *, *, #980, .T. ) ;
#2253 = CARTESIAN_POINT ( 'NONE',  ( 8.453089367881339911, -0.1178752806737179970, -0.001724950680937660042 ) ) ;
#2254 = EDGE_CURVE ( 'NONE', #5803, #1832, #6246, .T. ) ;
#2255 = DIRECTION ( 'NONE',  ( -1.000000000000000000, 0.000000000000000000, 0.000000000000000000 ) ) ;
#2256 = CARTESIAN_POINT ( 'NONE',  ( -9.000000000000000000, 9.050000000000000711, 0.000000000000000000 ) ) ;
#2257 = DIRECTION ( 'NONE',  ( -3.848953698056000290E-15, 1.000000000000000000, -3.427328655309160045E-31 ) ) ;
#2258 = VERTEX_POINT ( 'NONE', #785 ) ;
#2259 = CARTESIAN_POINT ( 'NONE',  ( -8.055380806845318986, 0.01870648438078375067, -20.27224474535575283 ) ) ;
#2260 = FACE_OUTER_BOUND ( 'NONE', #5493, .T. ) ;
#2261 = EDGE_CURVE ( 'NONE', #10320, #8364, #6459, .T. ) ;
#2262 = ORIENTED_EDGE ( 'NONE', *, *, #7390, .T. ) ;
#2263 = SHAPE_DEFINITION_REPRESENTATION ( #2663, #10416 ) ;
#2264 = CARTESIAN_POINT ( 'NONE',  ( -8.773800045999999853, 3.434729301071215197E-14, -16.47619926409720037 ) ) ;
#2265 = CARTESIAN_POINT ( 'NONE',  ( 8.923799999999999955, -1.499999954000104108, -19.36501500962519984 ) ) ;
#2266 = VERTEX_POINT ( 'NONE', #8978 ) ;
#2267 = EDGE_CURVE ( 'NONE', #4596, #9951, #8276, .T. ) ;
#2268 = PLANE ( 'NONE',  #3375 ) ;
#2269 = LINE ( 'NONE', #4140, #71 ) ;
#2270 = ORIENTED_EDGE ( 'NONE', *, *, #7131, .T. ) ;
#2271 = DIRECTION ( 'NONE',  ( 0.7071067811865460184, 2.673765713835369582E-15, 0.7071067811865489050 ) ) ;
#2272 = VERTEX_POINT ( 'NONE', #2283 ) ;
#2273 = DIRECTION ( 'NONE',  ( -1.000000000000000000, -6.180374837806370896E-15, 0.000000000000000000 ) ) ;
#2274 = FACE_OUTER_BOUND ( 'NONE', #4290, .T. ) ;
#2275 = CARTESIAN_POINT ( 'NONE',  ( -9.000000000000000000, -1.550000000000000044, 0.000000000000000000 ) ) ;
#2276 = EDGE_CURVE ( 'NONE', #5418, #6952, #4160, .T. ) ;
#2277 = CARTESIAN_POINT ( 'NONE',  ( -8.699999999999999289, -2.500000000000000000, 0.000000000000000000 ) ) ;
#2278 = ORIENTED_EDGE ( 'NONE', *, *, #10628, .F. ) ;
#2279 = CARTESIAN_POINT ( 'NONE',  ( -8.773800046000008734, -1.499999954000060143, -17.05119938409719893 ) ) ;
#2280 = CARTESIAN_POINT ( 'NONE',  ( -8.841597687414571638, 4.600000038706649686E-08, -19.55946963199944832 ) ) ;
#2281 = PLANE ( 'NONE',  #813 ) ;
#2282 = ORIENTED_EDGE ( 'NONE', *, *, #1158, .F. ) ;
#2283 = CARTESIAN_POINT ( 'NONE',  ( -8.773800045999999853, -1.499999954000060143, -0.8011988640971789977 ) ) ;
#2284 = CARTESIAN_POINT ( 'NONE',  ( 8.700399837764111410, 5.377173223617188974E-14, -0.1499999540000000187 ) ) ;
#2285 = DIRECTION ( 'NONE',  ( 1.000000000000000000, 0.000000000000000000, 0.000000000000000000 ) ) ;
#2286 = CARTESIAN_POINT ( 'NONE',  ( -8.923799999999999955, -0.1499999079999965734, -0.2207106321186584896 ) ) ;
#2287 = VERTEX_POINT ( 'NONE', #4102 ) ;
#2288 = ORIENTED_EDGE ( 'NONE', *, *, #7738, .T. ) ;
#2289 = ORIENTED_EDGE ( 'NONE', *, *, #10528, .F. ) ;
#2290 = EDGE_CURVE ( 'NONE', #409, #5914, #7449, .T. ) ;
#2291 = DIRECTION ( 'NONE',  ( -8.904572318030769708E-17, -3.231583754459304999E-31, 1.000000000000000000 ) ) ;
#2292 = EDGE_CURVE ( 'NONE', #5042, #5449, #761, .T. ) ;
#2293 = PLANE ( 'NONE',  #8217 ) ;
#2294 = ORIENTED_EDGE ( 'NONE', *, *, #7179, .T. ) ;
#2295 = PLANE ( 'NONE',  #1106 ) ;
#2296 = PLANE ( 'NONE',  #3612 ) ;
#2297 = CARTESIAN_POINT ( 'NONE',  ( -8.922075049335118635, -0.1178752348228414015, -0.3461623631699839998 ) ) ;
#2298 = CARTESIAN_POINT ( 'NONE',  ( 8.773800046000008734, -1.802799999999999958, -18.29501944000000080 ) ) ;
#2299 = DIRECTION ( 'NONE',  ( -1.000000000000000000, -3.629128540980805093E-15, -8.904572318030769708E-17 ) ) ;
#2300 = B_SPLINE_SURFACE_WITH_KNOTS ( 'NONE', 1, 3, ( 
 ( #5314, #3115, #6511, #565 ),
 ( #5634, #8976, #3932, #8164 ) ),
 .UNSPECIFIED., .F., .F., .F.,
 ( 2, 2 ),
 ( 4, 4 ),
 ( 0.000000000000000000, 1.000000000000000000 ),
 ( 4.632000117562939468E-05, 1.000000000000000000 ),
 .UNSPECIFIED. ) ;
#2301 = VECTOR ( 'NONE', #6984, 1000.000000000000000 ) ;
#2302 = ORIENTED_EDGE ( 'NONE', *, *, #8443, .T. ) ;
#2303 = ORIENTED_EDGE ( 'NONE', *, *, #10648, .F. ) ;
#2304 = EDGE_CURVE ( 'NONE', #2272, #7826, #10802, .T. ) ;
#2305 = CARTESIAN_POINT ( 'NONE',  ( -8.084469551999442061, -0.1499999079999955742, -20.31659776741454948 ) ) ;
#2306 = ORIENTED_EDGE ( 'NONE', *, *, #4607, .F. ) ;
#2307 = EDGE_CURVE ( 'NONE', #296, #8880, #3628, .T. ) ;
#2308 = ORIENTED_EDGE ( 'NONE', *, *, #1801, .F. ) ;
#2309 = LINE ( 'NONE', #7366, #4312 ) ;
#2310 = FACE_OUTER_BOUND ( 'NONE', #109, .T. ) ;
#2311 = EDGE_LOOP ( 'NONE', ( #10639, #2288, #1095, #4308 ) ) ;
#2312 = CARTESIAN_POINT ( 'NONE',  ( 14.20253331747099956, 5.518861517426179689E-14, -14.20253331747095871 ) ) ;
#2313 = CARTESIAN_POINT ( 'NONE',  ( -9.000000000000000000, 1.250000000000000000, 0.8719667599999999519 ) ) ;
#2314 = ORIENTED_EDGE ( 'NONE', *, *, #3676, .F. ) ;
#2315 = LINE ( 'NONE', #8400, #759 ) ;
#2316 = VECTOR ( 'NONE', #837, 1000.000000000000000 ) ;
#2317 = CARTESIAN_POINT ( 'NONE',  ( 8.747943630465320197, -0.06580746144264229547, -19.36501450962520110 ) ) ;
#2318 = ORIENTED_EDGE ( 'NONE', *, *, #5608, .T. ) ;
#2319 = ADVANCED_FACE ( 'NONE', ( #1505 ), #4047, .T. ) ;
#2320 = DIRECTION ( 'NONE',  ( -1.000000000000000000, 0.000000000000000000, 0.000000000000000000 ) ) ;
#2321 = CARTESIAN_POINT ( 'NONE',  ( 9.000000000000000000, -7.799999999999999822, 0.000000000000000000 ) ) ;
#2322 = ORIENTED_EDGE ( 'NONE', *, *, #2742, .F. ) ;
#2323 = LINE ( 'NONE', #3157, #990 ) ;
#2324 = EDGE_LOOP ( 'NONE', ( #1890, #2951, #4821, #4506 ) ) ;
#2325 =( LENGTH_UNIT ( ) NAMED_UNIT ( * ) SI_UNIT ( .MILLI., .METRE. ) );
#2326 = DIRECTION ( 'NONE',  ( 0.000000000000000000, 0.000000000000000000, 1.000000000000000000 ) ) ;
#2327 = DIRECTION ( 'NONE',  ( 0.000000000000000000, -1.000000000000000000, 0.000000000000000000 ) ) ;
#2328 = EDGE_CURVE ( 'NONE', #5311, #7285, #3170, .T. ) ;
#2329 = VECTOR ( 'NONE', #6138, 1000.000000000000000 ) ;
#2330 = B_SPLINE_CURVE_WITH_KNOTS ( 'NONE', 3,
 ( #132, #5254, #8594, #7719, #7552, #22, #10186, #10136 ),
 .UNSPECIFIED., .F., .F.,
 ( 4, 2, 2, 4 ),
 ( 0.000000000000000000, 0.5000000000000000000, 0.7500000000000000000, 1.000000000000000000 ),
 .UNSPECIFIED. ) ;
#2331 = DIRECTION ( 'NONE',  ( 0.000000000000000000, 2.903302832784645416E-15, -1.000000000000000000 ) ) ;
#2332 = VECTOR ( 'NONE', #9274, 1000.000000000000000 ) ;
#2333 = LINE ( 'NONE', #9031, #5026 ) ;
#2334 = LINE ( 'NONE', #3276, #6280 ) ;
#2335 = CARTESIAN_POINT ( 'NONE',  ( 8.088468867527419448, -0.09006359392042763423, -20.31659776741459211 ) ) ;
#2336 = CARTESIAN_POINT ( 'NONE',  ( 8.773800046000008734, -1.499999954000091895, 7.812693701354869467E-16 ) ) ;
#2337 = ORIENTED_EDGE ( 'NONE', *, *, #10400, .T. ) ;
#2338 = VECTOR ( 'NONE', #845, 1000.000000000000000 ) ;
#2339 = CARTESIAN_POINT ( 'NONE',  ( -9.000000000000000000, 11.00000000000000000, 0.8719667599999999519 ) ) ;
#2340 = DIRECTION ( 'NONE',  ( -8.904572318030769708E-17, -4.379057701015049943E-47, 1.000000000000000000 ) ) ;
#2341 = CARTESIAN_POINT ( 'NONE',  ( 3.250871628118515722E-17, -1.499999954000047930, -20.24880012599999901 ) ) ;
#2342 = AXIS2_PLACEMENT_3D ( 'NONE', #4222, #7559, #28 ) ;
#2343 = CARTESIAN_POINT ( 'NONE',  ( 61.95510655778610243, -1.499999953999900049, -17.04501940000000104 ) ) ;
#2344 = EDGE_CURVE ( 'NONE', #391, #10333, #2877, .T. ) ;
#2345 = EDGE_LOOP ( 'NONE', ( #755, #4994, #6854, #25 ) ) ;
#2346 = ORIENTED_EDGE ( 'NONE', *, *, #7787, .T. ) ;
#2347 = ORIENTED_EDGE ( 'NONE', *, *, #4258, .T. ) ;
#2348 = VECTOR ( 'NONE', #4742, 1000.000000000000000 ) ;
#2349 = CIRCLE ( 'NONE', #9191, 0.2999999999999999334 ) ;
#2350 = LINE ( 'NONE', #9045, #3914 ) ;
#2351 = VECTOR ( 'NONE', #9050, 1000.000000000000000 ) ;
#2352 = DIRECTION ( 'NONE',  ( 1.000000000000000000, 0.000000000000000000, -3.562560286365675406E-16 ) ) ;
#2353 = ORIENTED_EDGE ( 'NONE', *, *, #6801, .T. ) ;
#2354 = LINE ( 'NONE', #5649, #2351 ) ;
#2355 = CARTESIAN_POINT ( 'NONE',  ( 8.769810015675616910, 0.1220950852817830334, -0.4707106321186535491 ) ) ;
#2356 = PLANE ( 'NONE',  #6452 ) ;
#2357 = CARTESIAN_POINT ( 'NONE',  ( -9.000000000000000000, 11.00000000000000000, 0.000000000000000000 ) ) ;
#2358 = CARTESIAN_POINT ( 'NONE',  ( -9.000000000000000000, -3.750000000000000000, 0.8719667599999999519 ) ) ;
#2359 = B_SPLINE_CURVE_WITH_KNOTS ( 'NONE', 3,
 ( #8415, #6048, #5992, #874, #2596, #1040, #4244, #7748 ),
 .UNSPECIFIED., .F., .F.,
 ( 4, 2, 2, 4 ),
 ( 0.000000000000000000, 0.2500000000000002220, 0.5000000000000002220, 1.000000000000000000 ),
 .UNSPECIFIED. ) ;
#2360 = VECTOR ( 'NONE', #7991, 1000.000000000000000 ) ;
#2361 = EDGE_CURVE ( 'NONE', #10141, #8178, #9094, .T. ) ;
#2362 = VERTEX_POINT ( 'NONE', #5793 ) ;
#2363 = VERTEX_POINT ( 'NONE', #4982 ) ;
#2364 = CARTESIAN_POINT ( 'NONE',  ( 8.595095132836682694, 0.1215250636492894720, -19.58361611825117166 ) ) ;
#2365 = ORIENTED_EDGE ( 'NONE', *, *, #3408, .T. ) ;
#2366 = AXIS2_PLACEMENT_3D ( 'NONE', #987, #165, #10219 ) ;
#2367 = ORIENTED_EDGE ( 'NONE', *, *, #4768, .T. ) ;
#2368 = DIRECTION ( 'NONE',  ( -1.833260990695839833E-13, 1.000000000000000000, 0.000000000000000000 ) ) ;
#2369 = DIRECTION ( 'NONE',  ( -0.7071067811865489050, -3.079417681350204738E-15, 0.7071067811865460184 ) ) ;
#2370 = ORIENTED_EDGE ( 'NONE', *, *, #9477, .F. ) ;
#2371 = FACE_OUTER_BOUND ( 'NONE', #2758, .T. ) ;
#2372 = DIRECTION ( 'NONE',  ( 1.000000000000000000, 0.000000000000000000, 0.000000000000000000 ) ) ;
#2373 = VERTEX_POINT ( 'NONE', #9866 ) ;
#2374 = EDGE_CURVE ( 'NONE', #3156, #26, #4544, .T. ) ;
#2375 = EDGE_CURVE ( 'NONE', #8142, #4568, #8844, .T. ) ;
#2376 = FACE_OUTER_BOUND ( 'NONE', #3659, .T. ) ;
#2377 = ORIENTED_EDGE ( 'NONE', *, *, #7380, .F. ) ;
#2378 = FACE_OUTER_BOUND ( 'NONE', #4798, .T. ) ;
#2379 = CARTESIAN_POINT ( 'NONE',  ( 9.000000000000000000, -1.550000000000000044, 0.000000000000000000 ) ) ;
#2380 = EDGE_LOOP ( 'NONE', ( #814, #5334, #4407, #1234 ) ) ;
#2381 = FACE_OUTER_BOUND ( 'NONE', #7208, .T. ) ;
#2382 = ORIENTED_EDGE ( 'NONE', *, *, #6150, .F. ) ;
#2383 = CARTESIAN_POINT ( 'NONE',  ( -9.000000000000000000, -1.250000000000000000, 0.8719667599999999519 ) ) ;
#2384 = CARTESIAN_POINT ( 'NONE',  ( 8.923799999999999955, -0.9999999540000910070, -7.720018999999999743 ) ) ;
#2385 = EDGE_CURVE ( 'NONE', #5100, #7774, #1812, .T. ) ;
#2386 = LINE ( 'NONE', #2491, #4305 ) ;
#2387 = VECTOR ( 'NONE', #131, 1000.000000000000000 ) ;
#2388 = CARTESIAN_POINT ( 'NONE',  ( 8.923799999999999955, -0.1499999080000005980, -0.2207106321186584896 ) ) ;
#2389 = VECTOR ( 'NONE', #2501, 1000.000000000000000 ) ;
#2390 = CARTESIAN_POINT ( 'NONE',  ( 6.550000000000000711, 11.00000000000000000, 0.000000000000000000 ) ) ;
#2391 = EDGE_CURVE ( 'NONE', #931, #1037, #6034, .T. ) ;
#2392 = DIRECTION ( 'NONE',  ( 0.000000000000000000, 1.000000000000000000, 0.000000000000000000 ) ) ;
#2393 = DIRECTION ( 'NONE',  ( 3.469446951953614978E-15, 1.000000000000000000, 0.000000000000000000 ) ) ;
#2394 = LINE ( 'NONE', #2336, #8022 ) ;
#2395 = VERTEX_POINT ( 'NONE', #3995 ) ;
#2396 = CARTESIAN_POINT ( 'NONE',  ( 5.299999999999999822, 11.00000000000000000, 0.000000000000000000 ) ) ;
#2397 = CARTESIAN_POINT ( 'NONE',  ( -8.488707373929848643, 0.1499999999999999944, -19.48809600687989985 ) ) ;
#2398 = DIRECTION ( 'NONE',  ( 1.000000000000000000, 0.000000000000000000, 0.000000000000000000 ) ) ;
#2399 = EDGE_CURVE ( 'NONE', #4377, #9149, #7344, .T. ) ;
#2400 = CARTESIAN_POINT ( 'NONE',  ( -8.702186407140199975, -0.1339376174865930247, -0.1508624293243419900 ) ) ;
#2401 = VECTOR ( 'NONE', #9594, 1000.000000000000000 ) ;
#2402 = AXIS2_PLACEMENT_3D ( 'NONE', #9728, #9841, #6377 ) ;
#2403 = ORIENTED_EDGE ( 'NONE', *, *, #10724, .T. ) ;
#2404 = ORIENTED_EDGE ( 'NONE', *, *, #4704, .F. ) ;
#2405 = ORIENTED_EDGE ( 'NONE', *, *, #10550, .F. ) ;
#2406 = DIRECTION ( 'NONE',  ( 0.000000000000000000, 0.000000000000000000, 1.000000000000000000 ) ) ;
#2407 = PLANE ( 'NONE',  #5234 ) ;
#2408 = ORIENTED_EDGE ( 'NONE', *, *, #7201, .F. ) ;
#2409 = EDGE_CURVE ( 'NONE', #981, #2511, #9922, .T. ) ;
#2410 = DIRECTION ( 'NONE',  ( 0.000000000000000000, -1.000000000000000000, 3.491481338843135327E-15 ) ) ;
#2411 = CARTESIAN_POINT ( 'NONE',  ( 8.700399837764120292, -1.802800045999999989, 0.000000000000000000 ) ) ;
#2412 = VECTOR ( 'NONE', #9962, 1000.000000000000000 ) ;
#2413 = CARTESIAN_POINT ( 'NONE',  ( -9.000000000000000000, -2.500000000000000000, 0.000000000000000000 ) ) ;
#2414 = AXIS2_PLACEMENT_3D ( 'NONE', #8813, #463, #8765 ) ;
#2415 = DIRECTION ( 'NONE',  ( 1.000000000000000000, 0.000000000000000000, 0.000000000000000000 ) ) ;
#2416 = CARTESIAN_POINT ( 'NONE',  ( 9.000000000000000000, -0.9499999999999999556, 0.000000000000000000 ) ) ;
#2417 = AXIS2_PLACEMENT_3D ( 'NONE', #1524, #4944, #10817 ) ;
#2418 = VERTEX_POINT ( 'NONE', #681 ) ;
#2419 = VERTEX_POINT ( 'NONE', #2396 ) ;
#2420 = PLANE ( 'NONE',  #3755 ) ;
#2421 = VERTEX_POINT ( 'NONE', #9362 ) ;
#2422 = ORIENTED_EDGE ( 'NONE', *, *, #3341, .F. ) ;
#2423 = ADVANCED_FACE ( 'NONE', ( #9307 ), #6836, .F. ) ;
#2424 = CARTESIAN_POINT ( 'NONE',  ( 9.000000000000000000, -2.799999999999999822, 0.000000000000000000 ) ) ;
#2425 = CARTESIAN_POINT ( 'NONE',  ( -7.846915791382790495, -0.06480326468093429437, -20.22226092903065009 ) ) ;
#2426 = ORIENTED_EDGE ( 'NONE', *, *, #7416, .T. ) ;
#2428 = VECTOR ( 'NONE', #9985, 1000.000000000000000 ) ;
#2427 = DIRECTION ( 'NONE',  ( 3.862650377299220792E-15, -1.000000000000000000, 1.369667924322633818E-17 ) ) ;
#2429 = CARTESIAN_POINT ( 'NONE',  ( 8.923799999999999955, -0.9999999540000910070, -7.720018999999999743 ) ) ;
#2430 = AXIS2_PLACEMENT_3D ( 'NONE', #7117, #2068, #7061 ) ;
#2431 = ORIENTED_EDGE ( 'NONE', *, *, #9792, .T. ) ;
#2433 = EDGE_CURVE ( 'NONE', #3857, #5945, #10239, .T. ) ;
#2432 = LINE ( 'NONE', #5779, #4782 ) ;
#2434 = EDGE_CURVE ( 'NONE', #4455, #4224, #7550, .T. ) ;
#2435 = CARTESIAN_POINT ( 'NONE',  ( 9.000000000000000000, -3.449999999999999734, 0.000000000000000000 ) ) ;
#2436 = ORIENTED_EDGE ( 'NONE', *, *, #3786, .T. ) ;
#2437 = DIRECTION ( 'NONE',  ( -1.000000000000000000, -3.773070647129320449E-15, 0.000000000000000000 ) ) ;
#2438 = ORIENTED_EDGE ( 'NONE', *, *, #4503, .T. ) ;
#2439 = CARTESIAN_POINT ( 'NONE',  ( -5.126600702235899476, -1.802799999999999958, -20.24880012599999901 ) ) ;
#2440 = FACE_OUTER_BOUND ( 'NONE', #8419, .T. ) ;
#2441 = CARTESIAN_POINT ( 'NONE',  ( -8.703089367881348792, -0.1499999540000000187, -0.04999998466666620567 ) ) ;
#2442 = CARTESIAN_POINT ( 'NONE',  ( 4.843000897764119905, -1.499999954000106106, -0.1499999539999939957 ) ) ;
#2443 = EDGE_CURVE ( 'NONE', #6229, #8363, #1368, .T. ) ;
#2444 = CARTESIAN_POINT ( 'NONE',  ( 8.831524496398118984, 0.06833511348459239687, -19.23189540003249931 ) ) ;
#2445 = DIRECTION ( 'NONE',  ( 0.000000000000000000, 2.468850131082260216E-15, -1.000000000000000000 ) ) ;
#2446 = CARTESIAN_POINT ( 'NONE',  ( 0.9499999999999999556, 11.00000000000000000, 0.000000000000000000 ) ) ;
#2447 = LINE ( 'NONE', #3223, #5734 ) ;
#2448 = B_SPLINE_CURVE_WITH_KNOTS ( 'NONE', 3,
 ( #6553, #10786, #6498, #3320, #4035, #10684 ),
 .UNSPECIFIED., .F., .F.,
 ( 4, 2, 4 ),
 ( 0.000000000000000000, 0.5000000000000000000, 1.000000000000000000 ),
 .UNSPECIFIED. ) ;
#2449 = VERTEX_POINT ( 'NONE', #8431 ) ;
#2450 = DIRECTION ( 'NONE',  ( 0.000000000000000000, 0.000000000000000000, 1.000000000000000000 ) ) ;
#2451 = CARTESIAN_POINT ( 'NONE',  ( -5.000000000000000000, 11.00000000000000000, 0.000000000000000000 ) ) ;
#2452 = DIRECTION ( 'NONE',  ( 0.000000000000000000, 0.000000000000000000, 1.000000000000000000 ) ) ;
#2453 = FACE_OUTER_BOUND ( 'NONE', #3582, .T. ) ;
#2454 = ORIENTED_EDGE ( 'NONE', *, *, #955, .F. ) ;
#2455 = ADVANCED_FACE ( 'NONE', ( #1836 ), #1057, .F. ) ;
#2456 = VERTEX_POINT ( 'NONE', #5139 ) ;
#2457 = ORIENTED_EDGE ( 'NONE', *, *, #2443, .F. ) ;
#2458 = CARTESIAN_POINT ( 'NONE',  ( -9.000000000000000000, 4.700000000000000178, 0.8719667599999999519 ) ) ;
#2459 = EDGE_CURVE ( 'NONE', #3664, #6412, #235, .T. ) ;
#2460 = DIRECTION ( 'NONE',  ( -1.000000000000000000, 0.000000000000000000, 0.000000000000000000 ) ) ;
#2461 = VERTEX_POINT ( 'NONE', #7767 ) ;
#2462 = DIRECTION ( 'NONE',  ( 0.000000000000000000, -1.000000000000000000, 0.000000000000000000 ) ) ;
#2463 = DIRECTION ( 'NONE',  ( 1.833260990695839833E-13, -1.000000000000000000, -3.848953698056000290E-15 ) ) ;
#2464 = LINE ( 'NONE', #4012, #5750 ) ;
#2465 = CARTESIAN_POINT ( 'NONE',  ( -9.000000000000000000, -2.799999999999999822, 0.000000000000000000 ) ) ;
#2466 = LINE ( 'NONE', #9882, #5484 ) ;
#2467 = ADVANCED_FACE ( 'NONE', ( #6672 ), #130, .F. ) ;
#2468 = EDGE_CURVE ( 'NONE', #5562, #5007, #4322, .T. ) ;
#2469 = VERTEX_POINT ( 'NONE', #948 ) ;
#2470 = ORIENTED_EDGE ( 'NONE', *, *, #6061, .T. ) ;
#2471 = B_SPLINE_CURVE_WITH_KNOTS ( 'NONE', 3,
 ( #7622, #1573, #4060, #2513 ),
 .UNSPECIFIED., .F., .F.,
 ( 4, 4 ),
 ( 0.000000000000000000, 1.000000000000000000 ),
 .UNSPECIFIED. ) ;
#2472 = DIRECTION ( 'NONE',  ( 6.162975822039149940E-33, -1.000000000000000000, -1.355252715606889910E-16 ) ) ;
#2473 = ORIENTED_EDGE ( 'NONE', *, *, #1977, .T. ) ;
#2474 = ORIENTED_EDGE ( 'NONE', *, *, #3727, .F. ) ;
#2475 = CARTESIAN_POINT ( 'NONE',  ( -8.923799999999999955, -1.802799999999999958, -18.04719942409725064 ) ) ;
#2476 = DIRECTION ( 'NONE',  ( 0.000000000000000000, 0.000000000000000000, 1.000000000000000000 ) ) ;
#2477 = ORIENTED_EDGE ( 'NONE', *, *, #9312, .F. ) ;
#2478 = LINE ( 'NONE', #9232, #10470 ) ;
#2479 = VECTOR ( 'NONE', #816, 1000.000000000000000 ) ;
#2480 = EDGE_CURVE ( 'NONE', #591, #2287, #3497, .T. ) ;
#2481 = ORIENTED_EDGE ( 'NONE', *, *, #6022, .T. ) ;
#2482 = EDGE_LOOP ( 'NONE', ( #4386, #8085, #700, #1800 ) ) ;
#2483 = LINE ( 'NONE', #4859, #4256 ) ;
#2484 = CARTESIAN_POINT ( 'NONE',  ( 8.873800015333339175, -0.1499999080000010143, -0.2207106321186534659 ) ) ;
#2485 = ORIENTED_EDGE ( 'NONE', *, *, #4393, .F. ) ;
#2487 = VECTOR ( 'NONE', #8050, 1000.000000000000000 ) ;
#2486 = DIRECTION ( 'NONE',  ( 1.000000000000000000, 0.000000000000000000, 0.000000000000000000 ) ) ;
#2488 = EDGE_LOOP ( 'NONE', ( #9943, #8539, #8409, #9992 ) ) ;
#2489 = CARTESIAN_POINT ( 'NONE',  ( 0.000000000000000000, 0.000000000000000000, 0.000000000000000000 ) ) ;
#2490 = CARTESIAN_POINT ( 'NONE',  ( -8.717248102448349911, -0.06580746144263290021, -19.43512075414000151 ) ) ;
#2491 = CARTESIAN_POINT ( 'NONE',  ( -9.000000000000000000, 11.00000000000000000, 0.8719667599999999519 ) ) ;
#2492 = EDGE_CURVE ( 'NONE', #5551, #1549, #10021, .T. ) ;
#2493 = AXIS2_PLACEMENT_3D ( 'NONE', #10345, #8749, #6330 ) ;
#2494 = CARTESIAN_POINT ( 'NONE',  ( 7.890014929625221107, -1.499999953999898050, -79.67810574249129729 ) ) ;
#2495 = ORIENTED_EDGE ( 'NONE', *, *, #7903, .T. ) ;
#2496 = LINE ( 'NONE', #6668, #2301 ) ;
#2497 = CARTESIAN_POINT ( 'NONE',  ( 7.690952570265030985, 0.1499999999999979960, -20.09880017200000069 ) ) ;
#2498 = DIRECTION ( 'NONE',  ( -0.7071067811865475727, -2.673765713835373920E-15, -0.7071067811865475727 ) ) ;
#2499 = ORIENTED_EDGE ( 'NONE', *, *, #10276, .T. ) ;
#2500 = DIRECTION ( 'NONE',  ( 0.000000000000000000, -1.000000000000000000, 0.000000000000000000 ) ) ;
#2501 = DIRECTION ( 'NONE',  ( 0.000000000000000000, 0.000000000000000000, 1.000000000000000000 ) ) ;
#2502 = FACE_OUTER_BOUND ( 'NONE', #3175, .T. ) ;
#2503 = FACE_OUTER_BOUND ( 'NONE', #3022, .T. ) ;
#2504 = VECTOR ( 'NONE', #5546, 1000.000000000000000 ) ;
#2505 = ADVANCED_FACE ( 'NONE', ( #4214 ), #7662, .F. ) ;
#2506 = ORIENTED_EDGE ( 'NONE', *, *, #2344, .T. ) ;
#2507 = ORIENTED_EDGE ( 'NONE', *, *, #4393, .T. ) ;
#2508 = VERTEX_POINT ( 'NONE', #7717 ) ;
#2509 = CARTESIAN_POINT ( 'NONE',  ( 8.923799999999999955, 4.600000055616630157E-08, -19.36501500962519984 ) ) ;
#2510 = CARTESIAN_POINT ( 'NONE',  ( 8.108942869698358535, 0.1213531473428323820, -20.07007809575925705 ) ) ;
#2511 = VERTEX_POINT ( 'NONE', #181 ) ;
#2512 = CARTESIAN_POINT ( 'NONE',  ( 8.773800045999999853, -0.1446799657442107978, -0.2207106321186584896 ) ) ;
#2513 = CARTESIAN_POINT ( 'NONE',  ( 7.971675624837800456, -0.06564668205622249675, -20.18453812857945096 ) ) ;
#2514 = CARTESIAN_POINT ( 'NONE',  ( -6.326600842235899691, -1.802800000000055025, -20.39880008000000089 ) ) ;
#2515 = AXIS2_PLACEMENT_3D ( 'NONE', #577, #10532, #3012 ) ;
#2516 = CARTESIAN_POINT ( 'NONE',  ( 3.250871628118515722E-17, -1.802799999999999958, -20.24880012599999901 ) ) ;
#2517 = CARTESIAN_POINT ( 'NONE',  ( -4.872600702235899917, -1.802799999999999958, -20.24880012599999901 ) ) ;
#2518 = DIRECTION ( 'NONE',  ( 0.000000000000000000, 0.000000000000000000, 1.000000000000000000 ) ) ;
#2519 = EDGE_CURVE ( 'NONE', #1752, #8363, #979, .T. ) ;
#2520 = VECTOR ( 'NONE', #1822, 1000.000000000000000 ) ;
#2521 = ORIENTED_EDGE ( 'NONE', *, *, #7188, .T. ) ;
#2522 = ORIENTED_EDGE ( 'NONE', *, *, #3880, .T. ) ;
#2523 = VECTOR ( 'NONE', #6533, 1000.000000000000000 ) ;
#2524 = CARTESIAN_POINT ( 'NONE',  ( 8.538024993580387800, 0.1500000000000042133, -19.54916660731492684 ) ) ;
#2525 = EDGE_LOOP ( 'NONE', ( #8800, #3339, #10765, #6519 ) ) ;
#2526 = ORIENTED_EDGE ( 'NONE', *, *, #3079, .F. ) ;
#2527 = CARTESIAN_POINT ( 'NONE',  ( -6.383799999999999919, -1.499999954000070135, -9.551199144097219929 ) ) ;
#2528 = CARTESIAN_POINT ( 'NONE',  ( 2.373399537764049771, -1.499999953999898050, -79.67810574249129729 ) ) ;
#2529 = ORIENTED_EDGE ( 'NONE', *, *, #5325, .T. ) ;
#2530 = ADVANCED_FACE ( 'NONE', ( #5036 ), #10077, .F. ) ;
#2531 = DIRECTION ( 'NONE',  ( 0.000000000000000000, 0.000000000000000000, 1.000000000000000000 ) ) ;
#2532 = ADVANCED_FACE ( 'NONE', ( #5087 ), #891, .T. ) ;
#2533 = ORIENTED_EDGE ( 'NONE', *, *, #8933, .F. ) ;
#2534 = EDGE_LOOP ( 'NONE', ( #3851, #3338, #8032, #9525 ) ) ;
#2535 = VECTOR ( 'NONE', #673, 1000.000000000000000 ) ;
#2536 = LINE ( 'NONE', #9238, #9678 ) ;
#2537 = CARTESIAN_POINT ( 'NONE',  ( -8.729074170689521850, -0.09046797068851500367, -19.44694658667892995 ) ) ;
#2538 = ORIENTED_EDGE ( 'NONE', *, *, #6648, .F. ) ;
#2539 = DIRECTION ( 'NONE',  ( 0.000000000000000000, -3.109014807878360910E-31, -1.000000000000000000 ) ) ;
#2540 = EDGE_CURVE ( 'NONE', #1719, #3503, #6784, .T. ) ;
#2541 = ORIENTED_EDGE ( 'NONE', *, *, #4369, .T. ) ;
#2542 = CARTESIAN_POINT ( 'NONE',  ( -8.773800045999999853, -0.1499999079999995988, -0.2207106321186549924 ) ) ;
#2543 = PLANE ( 'NONE',  #1990 ) ;
#2544 = VECTOR ( 'NONE', #2130, 1000.000000000000000 ) ;
#2545 = FACE_OUTER_BOUND ( 'NONE', #159, .T. ) ;
#2546 = ORIENTED_EDGE ( 'NONE', *, *, #3797, .F. ) ;
#2547 = VECTOR ( 'NONE', #694, 1000.000000000000000 ) ;
#2548 = CARTESIAN_POINT ( 'NONE',  ( 7.982402882876349359, -1.499999954000075908, -20.21053178276349982 ) ) ;
#2549 = LINE ( 'NONE', #6831, #705 ) ;
#2550 = CARTESIAN_POINT ( 'NONE',  ( 8.763955507962670310, 0.1213579076847992044, -19.17622253431499857 ) ) ;
#2551 = CARTESIAN_POINT ( 'NONE',  ( -9.000000000000000000, -7.500000000000000000, 0.000000000000000000 ) ) ;
#2552 = EDGE_CURVE ( 'NONE', #1735, #8249, #3606, .T. ) ;
#2553 = CARTESIAN_POINT ( 'NONE',  ( 8.773800046000008734, -1.499999954000091895, -3.970018879999979600 ) ) ;
#2554 = ORIENTED_EDGE ( 'NONE', *, *, #4064, .F. ) ;
#2555 = CARTESIAN_POINT ( 'NONE',  ( -0.1266005422359010035, -1.802799999999830094, -79.67810574249129729 ) ) ;
#2556 = PLANE ( 'NONE',  #101 ) ;
#2557 = CARTESIAN_POINT ( 'NONE',  ( -4.872600702235950543, -1.499999953999869851, -79.67810574249129729 ) ) ;
#2558 = AXIS2_PLACEMENT_3D ( 'NONE', #1332, #8803, #1384 ) ;
#2559 = FACE_OUTER_BOUND ( 'NONE', #351, .T. ) ;
#2560 = VERTEX_POINT ( 'NONE', #1941 ) ;
#2561 = EDGE_LOOP ( 'NONE', ( #4405, #2107, #9482, #7900 ) ) ;
#2562 = CIRCLE ( 'NONE', #8528, 0.2999999999999999334 ) ;
#2563 = ORIENTED_EDGE ( 'NONE', *, *, #10378, .T. ) ;
#2564 = FACE_OUTER_BOUND ( 'NONE', #419, .T. ) ;
#2565 = AXIS2_PLACEMENT_3D ( 'NONE', #8687, #4418, #6825 ) ;
#2566 = CARTESIAN_POINT ( 'NONE',  ( -6.383799999999999919, -0.9999999540000689136, -9.872199264097220706 ) ) ;
#2567 = VERTEX_POINT ( 'NONE', #5302 ) ;
#2568 = CARTESIAN_POINT ( 'NONE',  ( 8.717248459574509667, -0.06580746889286380463, -19.43911971968735131 ) ) ;
#2569 = DIRECTION ( 'NONE',  ( 3.773070647129320449E-15, -1.000000000000000000, 8.205087984843659386E-18 ) ) ;
#2570 = ADVANCED_FACE ( 'NONE', ( #8645 ), #1113, .F. ) ;
#2571 = LINE ( 'NONE', #6902, #8203 ) ;
#2572 = EDGE_CURVE ( 'NONE', #6645, #5109, #9373, .T. ) ;
#2573 = LINE ( 'NONE', #7678, #2332 ) ;
#2574 = CARTESIAN_POINT ( 'NONE',  ( 2.200000000000000178, 11.00000000000000000, 0.000000000000000000 ) ) ;
#2575 = AXIS2_PLACEMENT_3D ( 'NONE', #515, #7277, #1444 ) ;
#2576 = CIRCLE ( 'NONE', #5384, 0.1999999999999996503 ) ;
#2577 = LINE ( 'NONE', #38, #6898 ) ;
#2578 = PRODUCT_DEFINITION_SHAPE ( 'NONE', 'NONE',  #10886 ) ;
#2579 = ORIENTED_EDGE ( 'NONE', *, *, #4018, .T. ) ;
#2580 = B_SPLINE_CURVE_WITH_KNOTS ( 'NONE', 3,
 ( #2397, #9976, #7608, #3227 ),
 .UNSPECIFIED., .F., .F.,
 ( 4, 4 ),
 ( 0.000000000000000000, 1.000000000000000000 ),
 .UNSPECIFIED. ) ;
#2581 = EDGE_LOOP ( 'NONE', ( #9369, #2145, #633, #5341 ) ) ;
#2582 = LINE ( 'NONE', #701, #9542 ) ;
#2583 = AXIS2_PLACEMENT_3D ( 'NONE', #4574, #7870, #379 ) ;
#2584 = CIRCLE ( 'NONE', #5392, 0.2999999999999999334 ) ;
#2585 = VERTEX_POINT ( 'NONE', #5761 ) ;
#2586 = LINE ( 'NONE', #100, #3430 ) ;
#2587 = EDGE_CURVE ( 'NONE', #9114, #6165, #7294, .T. ) ;
#2588 = CARTESIAN_POINT ( 'NONE',  ( 8.773800046000008734, -1.499999954000091895, -16.79101939999999971 ) ) ;
#2589 = ORIENTED_EDGE ( 'NONE', *, *, #16, .T. ) ;
#2590 = DIRECTION ( 'NONE',  ( -3.510158894935935387E-31, -9.035020874785599019E-17, -1.000000000000000000 ) ) ;
#2591 = AXIS2_PLACEMENT_3D ( 'NONE', #9840, #6597, #9067 ) ;
#2592 = VERTEX_POINT ( 'NONE', #3131 ) ;
#2593 = ORIENTED_EDGE ( 'NONE', *, *, #6855, .F. ) ;
#2594 = ADVANCED_FACE ( 'NONE', ( #7460 ), #4836, .T. ) ;
#2595 = CIRCLE ( 'NONE', #8733, 0.2999999999999999334 ) ;
#2596 = CARTESIAN_POINT ( 'NONE',  ( -8.608777606945020366, -0.04083239725793825353, -19.51490910883289942 ) ) ;
#2597 = EDGE_CURVE ( 'NONE', #264, #26, #9011, .T. ) ;
#2598 = VECTOR ( 'NONE', #3328, 1000.000000000000000 ) ;
#2599 = CARTESIAN_POINT ( 'NONE',  ( -8.865953613160979074, 0.02776144915802955179, -19.29569866110999854 ) ) ;
#2600 = VERTEX_POINT ( 'NONE', #5704 ) ;
#2601 = CARTESIAN_POINT ( 'NONE',  ( 7.879221455915749850, -0.06564671180959570640, -20.22283454019070348 ) ) ;
#2602 = ORIENTED_EDGE ( 'NONE', *, *, #1316, .F. ) ;
#2603 = APPLICATION_PROTOCOL_DEFINITION ( 'draft international standard', 'automotive_design', 1998, #10222 ) ;
#2604 = CARTESIAN_POINT ( 'NONE',  ( 0.1273994577640435999, -1.499999953999898050, -79.67810574249129729 ) ) ;
#2605 = DIRECTION ( 'NONE',  ( -1.000000000000000000, 3.491481338843135327E-15, 3.562560286365675406E-16 ) ) ;
#2606 = ORIENTED_EDGE ( 'NONE', *, *, #8837, .F. ) ;
#2607 = EDGE_CURVE ( 'NONE', #2418, #6293, #6472, .T. ) ;
#2608 = LINE ( 'NONE', #6939, #6166 ) ;
#2609 = CYLINDRICAL_SURFACE ( 'NONE', #1229, 0.1999999999999987899 ) ;
#2610 = DIRECTION ( 'NONE',  ( 0.000000000000000000, 0.000000000000000000, 1.000000000000000000 ) ) ;
#2611 = LINE ( 'NONE', #7715, #8192 ) ;
#2612 = DIRECTION ( 'NONE',  ( 0.000000000000000000, -1.000000000000000000, -1.355252715606889910E-16 ) ) ;
#2613 = ORIENTED_EDGE ( 'NONE', *, *, #4734, .F. ) ;
#2614 = CARTESIAN_POINT ( 'NONE',  ( -6.383799999999999919, -0.9999999540000689136, -4.872199104097219902 ) ) ;
#2615 = CARTESIAN_POINT ( 'NONE',  ( -9.000000000000000000, 5.950000000000000178, 0.000000000000000000 ) ) ;
#2616 = CYLINDRICAL_SURFACE ( 'NONE', #9353, 0.2999999999999999334 ) ;
#2617 = CARTESIAN_POINT ( 'NONE',  ( -8.702186407140199975, -0.1178752809731870022, -0.001724950648684379917 ) ) ;
#2618 = ORIENTED_EDGE ( 'NONE', *, *, #4491, .T. ) ;
#2619 = ORIENTED_EDGE ( 'NONE', *, *, #4646, .T. ) ;
#2620 = EDGE_CURVE ( 'NONE', #4482, #1288, #2354, .T. ) ;
#2621 = ORIENTED_EDGE ( 'NONE', *, *, #3905, .T. ) ;
#2622 = DIRECTION ( 'NONE',  ( 3.562560286365675406E-16, -1.227663259911834029E-30, 1.000000000000000000 ) ) ;
#2623 = CARTESIAN_POINT ( 'NONE',  ( 9.000000000000000000, 2.799999999999999822, 0.000000000000000000 ) ) ;
#2624 = EDGE_LOOP ( 'NONE', ( #6391, #2173, #8951, #6315 ) ) ;
#2625 = CARTESIAN_POINT ( 'NONE',  ( 8.799840226329749271, 0.01859936015241534998, -19.53188767104554913 ) ) ;
#2626 = DIRECTION ( 'NONE',  ( 1.000000000000000000, 0.000000000000000000, 0.000000000000000000 ) ) ;
#2627 = DIRECTION ( 'NONE',  ( 0.000000000000000000, 0.000000000000000000, 1.000000000000000000 ) ) ;
#2628 = CARTESIAN_POINT ( 'NONE',  ( 0.000000000000000000, 11.00000000000000000, 0.8719667599999999519 ) ) ;
#2629 = CARTESIAN_POINT ( 'NONE',  ( 8.703089367881348792, 4.599999997882339708E-08, -0.1499999540000000187 ) ) ;
#2630 = UNCERTAINTY_MEASURE_WITH_UNIT (LENGTH_MEASURE( 1.000000000000000082E-05 ), #7873, 'distance_accuracy_value', 'NONE');
#2631 = DIRECTION ( 'NONE',  ( 0.000000000000000000, 0.000000000000000000, -1.000000000000000000 ) ) ;
#2632 = B_SPLINE_CURVE_WITH_KNOTS ( 'NONE', 3,
 ( #4964, #2537, #1430, #9906 ),
 .UNSPECIFIED., .F., .F.,
 ( 4, 4 ),
 ( 0.000000000000000000, 1.000000000000000000 ),
 .UNSPECIFIED. ) ;
#2633 = DIRECTION ( 'NONE',  ( 0.000000000000000000, 1.000000000000000000, 0.000000000000000000 ) ) ;
#2634 = ORIENTED_EDGE ( 'NONE', *, *, #1142, .F. ) ;
#2635 = EDGE_CURVE ( 'NONE', #1146, #9314, #6638, .T. ) ;
#2636 = EDGE_LOOP ( 'NONE', ( #7556, #7368, #3289, #6601 ) ) ;
#2637 = PLANE ( 'NONE',  #2163 ) ;
#2638 = ORIENTED_EDGE ( 'NONE', *, *, #238, .T. ) ;
#2639 = CARTESIAN_POINT ( 'NONE',  ( 9.000000000000000000, -1.550000000000000044, 0.8719667599999999519 ) ) ;
#2640 = DIRECTION ( 'NONE',  ( 1.000000000000000000, 0.000000000000000000, 0.000000000000000000 ) ) ;
#2641 = EDGE_LOOP ( 'NONE', ( #3351, #3428, #9016, #6629 ) ) ;
#2642 = CARTESIAN_POINT ( 'NONE',  ( 8.007912791713419409, -0.06112860361461180253, -20.14412803422134957 ) ) ;
#2643 = EDGE_CURVE ( 'NONE', #1649, #7183, #5700, .T. ) ;
#2644 = ORIENTED_EDGE ( 'NONE', *, *, #3331, .T. ) ;
#2645 = ADVANCED_FACE ( 'NONE', ( #9767, #9935, #1572, #582, #1622, #9823 ), #2295, .T. ) ;
#2646 = ORIENTED_EDGE ( 'NONE', *, *, #6292, .F. ) ;
#2647 = CARTESIAN_POINT ( 'NONE',  ( 1.377399497764048020, -1.499999953999898050, -79.67810574249129729 ) ) ;
#2648 = DIRECTION ( 'NONE',  ( 0.000000000000000000, 0.000000000000000000, -1.000000000000000000 ) ) ;
#2649 = ORIENTED_EDGE ( 'NONE', *, *, #3217, .F. ) ;
#2650 = DIRECTION ( 'NONE',  ( -1.833260990695674992E-13, 1.000000000000000000, 3.848953698056000290E-15 ) ) ;
#2651 = ORIENTED_EDGE ( 'NONE', *, *, #10235, .T. ) ;
#2652 = CARTESIAN_POINT ( 'NONE',  ( -8.709538408784858632, -0.06564669693357970404, -19.44267604341309763 ) ) ;
#2653 = DIRECTION ( 'NONE',  ( -3.918043744246640219E-14, 1.000000000000000000, 4.426121739983944538E-14 ) ) ;
#2654 = ORIENTED_EDGE ( 'NONE', *, *, #6292, .T. ) ;
#2655 = EDGE_CURVE ( 'NONE', #5541, #8436, #4942, .T. ) ;
#2656 = LINE ( 'NONE', #6003, #723 ) ;
#2657 = CARTESIAN_POINT ( 'NONE',  ( 61.95510655778610243, -1.802799999999810110, -4.291019000000000361 ) ) ;
#2658 = CARTESIAN_POINT ( 'NONE',  ( 9.000000000000000000, -0.2999999999999999889, 0.000000000000000000 ) ) ;
#2659 = LINE ( 'NONE', #288, #9243 ) ;
#2660 = ORIENTED_EDGE ( 'NONE', *, *, #2655, .T. ) ;
#2661 = DIRECTION ( 'NONE',  ( -8.873591187180469154E-17, -1.000000000000000000, -3.760217786184205447E-15 ) ) ;
#2662 = LINE ( 'NONE', #9529, #10277 ) ;
#2663 = PRODUCT_DEFINITION_SHAPE ( 'NONE', 'NONE',  #4353 ) ;
#2664 = DIRECTION ( 'NONE',  ( 6.180374837806370896E-15, -1.000000000000000000, 3.491481338843135327E-15 ) ) ;
#2665 = EDGE_CURVE ( 'NONE', #5055, #6017, #3215, .T. ) ;
#2666 = LINE ( 'NONE', #8595, #3929 ) ;
#2667 = EDGE_CURVE ( 'NONE', #2567, #9225, #10815, .T. ) ;
#2668 = VERTEX_POINT ( 'NONE', #8938 ) ;
#2669 = ORIENTED_EDGE ( 'NONE', *, *, #3376, .F. ) ;
#2670 = EDGE_LOOP ( 'NONE', ( #2100, #10472, #970, #8776 ) ) ;
#2671 = CARTESIAN_POINT ( 'NONE',  ( -9.000000000000000000, -2.799999999999999822, 0.000000000000000000 ) ) ;
#2672 = ORIENTED_EDGE ( 'NONE', *, *, #3713, .F. ) ;
#2673 = CARTESIAN_POINT ( 'NONE',  ( 8.805031201036580768, 0.01838497021426734740, -19.52690246114939754 ) ) ;
#2674 = DIRECTION ( 'NONE',  ( -1.000000000000000000, 0.000000000000000000, 0.000000000000000000 ) ) ;
#2675 = LINE ( 'NONE', #10254, #9261 ) ;
#2676 = VECTOR ( 'NONE', #1467, 1000.000000000000000 ) ;
#2677 = CARTESIAN_POINT ( 'NONE',  ( -7.846915791382790495, -0.06480326468093429437, -20.22226092903065009 ) ) ;
#2678 = LINE ( 'NONE', #1071, #4153 ) ;
#2679 = CARTESIAN_POINT ( 'NONE',  ( -9.000000000000000000, -10.00000000000000000, 0.8719667599999999519 ) ) ;
#2680 = ADVANCED_FACE ( 'NONE', ( #3294 ), #1405, .F. ) ;
#2681 = CARTESIAN_POINT ( 'NONE',  ( 9.000000000000000000, -7.200000000000000178, 0.000000000000000000 ) ) ;
#2682 = ORIENTED_EDGE ( 'NONE', *, *, #1678, .F. ) ;
#2683 = ORIENTED_EDGE ( 'NONE', *, *, #4016, .F. ) ;
#2684 = AXIS2_PLACEMENT_3D ( 'NONE', #5603, #4566, #1249 ) ;
#2685 = CARTESIAN_POINT ( 'NONE',  ( 8.923799999999999955, -0.9999999540000918952, -3.970018879999979600 ) ) ;
#2686 = ORIENTED_EDGE ( 'NONE', *, *, #5987, .T. ) ;
#2687 = LINE ( 'NONE', #5226, #1131 ) ;
#2688 = VECTOR ( 'NONE', #1466, 1000.000000000000000 ) ;
#2689 = CARTESIAN_POINT ( 'NONE',  ( -9.000000000000000000, 6.250000000000000000, 0.000000000000000000 ) ) ;
#2690 = ORIENTED_EDGE ( 'NONE', *, *, #5268, .F. ) ;
#2691 = LINE ( 'NONE', #3634, #7422 ) ;
#2692 = EDGE_CURVE ( 'NONE', #8390, #6226, #7356, .T. ) ;
#2693 = VECTOR ( 'NONE', #467, 1000.000000000000000 ) ;
#2694 = AXIS2_PLACEMENT_3D ( 'NONE', #2080, #8775, #7232 ) ;
#2695 = VERTEX_POINT ( 'NONE', #8119 ) ;
#2696 = ORIENTED_EDGE ( 'NONE', *, *, #6186, .T. ) ;
#2697 = AXIS2_PLACEMENT_3D ( 'NONE', #10789, #3983, #6611 ) ;
#2698 = AXIS2_PLACEMENT_3D ( 'NONE', #7945, #3060, #2901 ) ;
#2699 = PLANE ( 'NONE',  #4436 ) ;
#2700 = CARTESIAN_POINT ( 'NONE',  ( 4.769999999999999574, -9.342999999999999972, 0.8719667599999999519 ) ) ;
#2701 = PLANE ( 'NONE',  #2892 ) ;
#2702 = VERTEX_POINT ( 'NONE', #3948 ) ;
#2703 = CARTESIAN_POINT ( 'NONE',  ( -9.000000000000000000, 2.200000000000000178, 0.000000000000000000 ) ) ;
#2704 = EDGE_CURVE ( 'NONE', #1809, #4159, #7364, .T. ) ;
#2705 = EDGE_CURVE ( 'NONE', #10029, #2726, #7524, .T. ) ;
#2706 = ORIENTED_EDGE ( 'NONE', *, *, #5656, .F. ) ;
#2707 =( NAMED_UNIT ( * ) PLANE_ANGLE_UNIT ( ) SI_UNIT ( $, .RADIAN. ) );
#2708 = CARTESIAN_POINT ( 'NONE',  ( 7.964119989667979738, -0.06580746144262659969, -20.19224818244835262 ) ) ;
#2709 = CARTESIAN_POINT ( 'NONE',  ( 8.923799999999999955, -1.802799999999999958, -19.48126663494194943 ) ) ;
#2710 = VECTOR ( 'NONE', #6839, 1000.000000000000000 ) ;
#2711 = ORIENTED_EDGE ( 'NONE', *, *, #3593, .T. ) ;
#2712 = B_SPLINE_CURVE_WITH_KNOTS ( 'NONE', 3,
 ( #5027, #2441, #3162, #3106 ),
 .UNSPECIFIED., .F., .F.,
 ( 4, 4 ),
 ( 0.000000000000000000, 1.000000000000000000 ),
 .UNSPECIFIED. ) ;
#2713 = DIRECTION ( 'NONE',  ( -1.000000000000000000, 0.000000000000000000, 0.000000000000000000 ) ) ;
#2714 = CARTESIAN_POINT ( 'NONE',  ( -7.886015114097229883, 0.01838498511474300282, -20.34708724893059895 ) ) ;
#2715 = CARTESIAN_POINT ( 'NONE',  ( -3.750000000000000000, 11.00000000000000000, 0.000000000000000000 ) ) ;
#2716 = VERTEX_POINT ( 'NONE', #3305 ) ;
#2717 = VECTOR ( 'NONE', #9350, 1000.000000000000000 ) ;
#2718 = FACE_OUTER_BOUND ( 'NONE', #5524, .T. ) ;
#2719 = ADVANCED_FACE ( 'NONE', ( #5006 ), #510, .T. ) ;
#2720 = ORIENTED_EDGE ( 'NONE', *, *, #4148, .T. ) ;
#2721 = CARTESIAN_POINT ( 'NONE',  ( -8.735531702763509543, 7.433243283177039584E-14, -19.45340364734834893 ) ) ;
#2722 = FACE_OUTER_BOUND ( 'NONE', #10727, .T. ) ;
#2723 = LINE ( 'NONE', #3499, #1619 ) ;
#2724 = CARTESIAN_POINT ( 'NONE',  ( 8.703089367881348792, -0.1499999539999986031, 5.237220402183240455E-16 ) ) ;
#2725 = ORIENTED_EDGE ( 'NONE', *, *, #8571, .T. ) ;
#2726 = VERTEX_POINT ( 'NONE', #9889 ) ;
#2727 = EDGE_CURVE ( 'NONE', #6662, #8943, #10059, .T. ) ;
#2728 = CARTESIAN_POINT ( 'NONE',  ( 9.000000000000000000, 8.449999999999999289, 0.000000000000000000 ) ) ;
#2729 = ORIENTED_EDGE ( 'NONE', *, *, #9745, .F. ) ;
#2730 = DIRECTION ( 'NONE',  ( -1.000000000000000000, 3.491481338843135327E-15, 0.000000000000000000 ) ) ;
#2731 = FACE_OUTER_BOUND ( 'NONE', #6151, .T. ) ;
#2732 = CARTESIAN_POINT ( 'NONE',  ( -9.000000000000000000, -10.00000000000000000, 0.8719667599999999519 ) ) ;
#2733 = VECTOR ( 'NONE', #490, 1000.000000000000000 ) ;
#2734 = EDGE_CURVE ( 'NONE', #7350, #1375, #5332, .T. ) ;
#2735 = CARTESIAN_POINT ( 'NONE',  ( -7.686953254737039387, 4.599999791883929583E-08, -20.09880017200000069 ) ) ;
#2736 = LINE ( 'NONE', #9598, #2035 ) ;
#2737 = DIRECTION ( 'NONE',  ( 1.000000000000000000, 0.000000000000000000, 0.000000000000000000 ) ) ;
#2738 = DIRECTION ( 'NONE',  ( 0.000000000000000000, 0.000000000000000000, 1.000000000000000000 ) ) ;
#2739 = ORIENTED_EDGE ( 'NONE', *, *, #1354, .T. ) ;
#2740 = ORIENTED_EDGE ( 'NONE', *, *, #4327, .F. ) ;
#2741 = PRESENTATION_LAYER_ASSIGNMENT (  '', '', ( #9046 ) ) ;
#2742 = EDGE_CURVE ( 'NONE', #296, #7791, #8197, .T. ) ;
#2743 = PLANE ( 'NONE',  #3229 ) ;
#2744 = ORIENTED_EDGE ( 'NONE', *, *, #9758, .F. ) ;
#2745 = CARTESIAN_POINT ( 'NONE',  ( -3.876600662235954786, -1.499999953999869851, -79.67810574249129729 ) ) ;
#2746 = STYLED_ITEM ( 'NONE', ( #8384 ), #10464 ) ;
#2747 = DIRECTION ( 'NONE',  ( -0.7071067811865474617, 2.710506262435650074E-15, -0.7071067811865474617 ) ) ;
#2748 = CARTESIAN_POINT ( 'NONE',  ( -1.550000000000000044, 11.00000000000000000, 0.000000000000000000 ) ) ;
#2749 = ORIENTED_EDGE ( 'NONE', *, *, #6087, .T. ) ;
#2750 = VERTEX_POINT ( 'NONE', #3411 ) ;
#2751 = CIRCLE ( 'NONE', #10109, 0.2999999999999999334 ) ;
#2752 = ORIENTED_EDGE ( 'NONE', *, *, #10378, .F. ) ;
#2753 = VECTOR ( 'NONE', #1445, 1000.000000000000000 ) ;
#2754 = EDGE_CURVE ( 'NONE', #9561, #1475, #9223, .T. ) ;
#2755 = CARTESIAN_POINT ( 'NONE',  ( -8.629031880447950442, -0.04918936753830210201, -19.50523001673310119 ) ) ;
#2756 = LINE ( 'NONE', #1979, #9494 ) ;
#2757 = CARTESIAN_POINT ( 'NONE',  ( -9.000000000000000000, 11.00000000000000000, 0.000000000000000000 ) ) ;
#2758 = EDGE_LOOP ( 'NONE', ( #2243, #7630, #9794, #2978 ) ) ;
#2759 = DIRECTION ( 'NONE',  ( 1.000000000000000000, 0.000000000000000000, 0.000000000000000000 ) ) ;
#2760 = AXIS2_PLACEMENT_3D ( 'NONE', #2942, #6285, #7161 ) ;
#2761 = ORIENTED_EDGE ( 'NONE', *, *, #1590, .T. ) ;
#2762 = PRODUCT_CONTEXT ( 'NONE', #4207, 'mechanical' ) ;
#2763 = CARTESIAN_POINT ( 'NONE',  ( -5.299999999999999822, 11.00000000000000000, 0.8719667599999999519 ) ) ;
#2764 = CARTESIAN_POINT ( 'NONE',  ( -3.750000000000000000, 11.00000000000000000, 0.8719667599999999519 ) ) ;
#2765 = ORIENTED_EDGE ( 'NONE', *, *, #9239, .T. ) ;
#2766 = AXIS2_PLACEMENT_3D ( 'NONE', #4998, #5651, #9826 ) ;
#2767 = EDGE_CURVE ( 'NONE', #7475, #5572, #10768, .T. ) ;
#2768 = ADVANCED_FACE ( 'NONE', ( #6646 ), #8248, .T. ) ;
#2769 = CARTESIAN_POINT ( 'NONE',  ( 8.872014451439749649, 0.01849220858897829972, -19.36141651864169688 ) ) ;
#2770 = CARTESIAN_POINT ( 'NONE',  ( -0.1266005422359010035, -1.802799999999999958, -20.24880012599999901 ) ) ;
#2771 = CARTESIAN_POINT ( 'NONE',  ( 9.000000000000000000, 6.250000000000000000, 0.000000000000000000 ) ) ;
#2772 = ORIENTED_EDGE ( 'NONE', *, *, #8784, .T. ) ;
#2773 = LINE ( 'NONE', #10180, #7847 ) ;
#2774 = ORIENTED_EDGE ( 'NONE', *, *, #9440, .F. ) ;
#2775 = DIRECTION ( 'NONE',  ( 0.7071067811865460184, -1.972152263052529951E-31, 0.7071067811865489050 ) ) ;
#2776 = LINE ( 'NONE', #5303, #3968 ) ;
#2777 = FACE_OUTER_BOUND ( 'NONE', #2311, .T. ) ;
#2778 = VECTOR ( 'NONE', #4785, 1000.000000000000000 ) ;
#2779 = LINE ( 'NONE', #6014, #5003 ) ;
#2780 = VECTOR ( 'NONE', #10360, 1000.000000000000000 ) ;
#2781 = VECTOR ( 'NONE', #9356, 1000.000000000000000 ) ;
#2782 = ORIENTED_EDGE ( 'NONE', *, *, #4018, .F. ) ;
#2783 = ORIENTED_EDGE ( 'NONE', *, *, #7558, .T. ) ;
#2784 = ADVANCED_FACE ( 'NONE', ( #4234 ), #754, .F. ) ;
#2785 = EDGE_CURVE ( 'NONE', #3422, #10175, #6750, .T. ) ;
#2786 = LINE ( 'NONE', #6131, #2129 ) ;
#2787 = ORIENTED_EDGE ( 'NONE', *, *, #10053, .F. ) ;
#2788 = LINE ( 'NONE', #8657, #7909 ) ;
#2789 = PLANE ( 'NONE',  #10290 ) ;
#2790 = FACE_BOUND ( 'NONE', #10083, .T. ) ;
#2791 = DIRECTION ( 'NONE',  ( 0.000000000000000000, 0.000000000000000000, -1.000000000000000000 ) ) ;
#2792 = CARTESIAN_POINT ( 'NONE',  ( -9.000000000000000000, 0.9499999999999999556, 0.000000000000000000 ) ) ;
#2793 = DIRECTION ( 'NONE',  ( 0.000000000000000000, 1.000000000000000000, 0.000000000000000000 ) ) ;
#2794 = DIRECTION ( 'NONE',  ( 0.000000000000000000, 0.000000000000000000, 1.000000000000000000 ) ) ;
#2795 = EDGE_CURVE ( 'NONE', #381, #3010, #2582, .T. ) ;
#2796 = VERTEX_POINT ( 'NONE', #5931 ) ;
#2797 = EDGE_CURVE ( 'NONE', #10552, #3696, #6591, .T. ) ;
#2798 = ORIENTED_EDGE ( 'NONE', *, *, #2006, .F. ) ;
#2799 = LINE ( 'NONE', #2022, #753 ) ;
#2800 = VERTEX_POINT ( 'NONE', #9281 ) ;
#2801 = DIRECTION ( 'NONE',  ( 0.000000000000000000, 0.000000000000000000, -1.000000000000000000 ) ) ;
#2802 = CARTESIAN_POINT ( 'NONE',  ( -1.376600582235954162, -1.499999954000045932, -20.39880008000000089 ) ) ;
#2803 = DIRECTION ( 'NONE',  ( -1.000000000000000000, -3.629128540980805093E-15, -8.904572318030769708E-17 ) ) ;
#2804 = ADVANCED_FACE ( 'NONE', ( #8453 ), #2420, .T. ) ;
#2805 = ADVANCED_FACE ( 'NONE', ( #1533 ), #4903, .T. ) ;
#2806 = ORIENTED_EDGE ( 'NONE', *, *, #10440, .T. ) ;
#2807 = ORIENTED_EDGE ( 'NONE', *, *, #10550, .T. ) ;
#2808 = ORIENTED_EDGE ( 'NONE', *, *, #9872, .T. ) ;
#2809 = CARTESIAN_POINT ( 'NONE',  ( -8.923799999999999955, -1.802799999999999958, -18.30119942409725198 ) ) ;
#2810 = LINE ( 'NONE', #324, #4938 ) ;
#2811 = CARTESIAN_POINT ( 'NONE',  ( 3.877399577764045091, -1.499999953999898050, -79.67810574249129729 ) ) ;
#2812 = EDGE_LOOP ( 'NONE', ( #1036, #5622, #4908, #2613 ) ) ;
#2813 = CARTESIAN_POINT ( 'NONE',  ( -9.000000000000000000, 2.500000000000000000, 0.000000000000000000 ) ) ;
#2814 = CARTESIAN_POINT ( 'NONE',  ( 8.511606916511640364, 4.600000423516160123E-08, -19.52280966747624902 ) ) ;
#2815 = ORIENTED_EDGE ( 'NONE', *, *, #3233, .F. ) ;
#2816 = SURFACE_SIDE_STYLE ('',( #3534 ) ) ;
#2817 = DIRECTION ( 'NONE',  ( -1.000000000000000000, -3.629128540980805093E-15, -8.904572318030769708E-17 ) ) ;
#2818 = ADVANCED_FACE ( 'NONE', ( #6037 ), #4454, .F. ) ;
#2819 = CARTESIAN_POINT ( 'NONE',  ( -8.571332132035518470, -1.499999954000032165, -19.82973518737849972 ) ) ;
#2820 = VERTEX_POINT ( 'NONE', #313 ) ;
#2821 = CARTESIAN_POINT ( 'NONE',  ( 8.623800091999999751, 0.1000000153333352043, -19.16595265026505146 ) ) ;
#2822 = VERTEX_POINT ( 'NONE', #10371 ) ;
#2823 = LINE ( 'NONE', #10233, #822 ) ;
#2824 = EDGE_LOOP ( 'NONE', ( #7646, #10325, #9127, #1749, #7056, #8011, #540, #3192 ) ) ;
#2825 = DIRECTION ( 'NONE',  ( 3.562560286365675406E-16, -2.040969624998799666E-30, 1.000000000000000000 ) ) ;
#2826 = VERTEX_POINT ( 'NONE', #2685 ) ;
#2827 = DIRECTION ( 'NONE',  ( 0.000000000000000000, 0.000000000000000000, -1.000000000000000000 ) ) ;
#2828 = FACE_OUTER_BOUND ( 'NONE', #3519, .T. ) ;
#2829 = EDGE_CURVE ( 'NONE', #6662, #1878, #5260, .T. ) ;
#2830 = CIRCLE ( 'NONE', #5118, 0.2999999999999999334 ) ;
#2831 = CARTESIAN_POINT ( 'NONE',  ( 9.000000000000000000, -10.00000000000000000, 0.000000000000000000 ) ) ;
#2832 = VERTEX_POINT ( 'NONE', #3517 ) ;
#2833 = ORIENTED_EDGE ( 'NONE', *, *, #1244, .T. ) ;
#2834 = LINE ( 'NONE', #6180, #4604 ) ;
#2835 = EDGE_LOOP ( 'NONE', ( #321, #7685, #4021, #6264 ) ) ;
#2836 = LINE ( 'NONE', #10473, #8218 ) ;
#2837 = CARTESIAN_POINT ( 'NONE',  ( 9.000000000000000000, -10.00000000000000000, 0.8719667599999999519 ) ) ;
#2838 = CARTESIAN_POINT ( 'NONE',  ( -8.623800091999999751, 0.1499999999999969968, -19.16195333473704920 ) ) ;
#2839 = CARTESIAN_POINT ( 'NONE',  ( -8.923799999999999955, -1.802799999999999958, -0.5471988640971789941 ) ) ;
#2840 = CARTESIAN_POINT ( 'NONE',  ( -8.443143749512369567, 0.1499999999999995781, -19.36101569409725087 ) ) ;
#2841 = CARTESIAN_POINT ( 'NONE',  ( -8.923799999999999955, -1.802799999999999958, 2.696301922142129844E-30 ) ) ;
#2842 = CIRCLE ( 'NONE', #7045, 0.2999999999999999334 ) ;
#2843 = EDGE_CURVE ( 'NONE', #8509, #5842, #9495, .T. ) ;
#2844 = EDGE_CURVE ( 'NONE', #2186, #6412, #9709, .T. ) ;
#2845 = DIRECTION ( 'NONE',  ( -1.000000000000000000, 0.000000000000000000, 0.000000000000000000 ) ) ;
#2846 = EDGE_LOOP ( 'NONE', ( #4367, #4549, #393, #5462, #10287, #8867, #4830, #5380 ) ) ;
#2847 = ORIENTED_EDGE ( 'NONE', *, *, #1196, .F. ) ;
#2848 = VECTOR ( 'NONE', #606, 1000.000000000000000 ) ;
#2849 = CARTESIAN_POINT ( 'NONE',  ( -8.453089867881340425, -0.1339376174114268181, -0.1508624293324375143 ) ) ;
#2850 = ORIENTED_EDGE ( 'NONE', *, *, #2361, .F. ) ;
#2851 = CARTESIAN_POINT ( 'NONE',  ( 6.250000000000000000, 11.00000000000000000, 0.000000000000000000 ) ) ;
#2852 = CARTESIAN_POINT ( 'NONE',  ( -8.773800046000008734, -1.802799999999999958, 3.125719160439294934E-15 ) ) ;
#2853 = DIRECTION ( 'NONE',  ( -2.468850131082270077E-15, -1.000000000000000000, -2.468850131082260216E-15 ) ) ;
#2854 = CARTESIAN_POINT ( 'NONE',  ( 8.017095242407860312, 0.1500000000000024925, -19.96370745392984958 ) ) ;
#2855 = ADVANCED_FACE ( 'NONE', ( #203 ), #2743, .F. ) ;
#2856 = VECTOR ( 'NONE', #2793, 1000.000000000000000 ) ;
#2857 = B_SPLINE_CURVE_WITH_KNOTS ( 'NONE', 1,
 ( #8718, #570 ),
 .UNSPECIFIED., .F., .F.,
 ( 2, 2 ),
 ( 0.000000000000000000, 1.000000000000000000 ),
 .UNSPECIFIED. ) ;
#2858 = ORIENTED_EDGE ( 'NONE', *, *, #7865, .T. ) ;
#2859 = ORIENTED_EDGE ( 'NONE', *, *, #3676, .T. ) ;
#2860 = ORIENTED_EDGE ( 'NONE', *, *, #4379, .T. ) ;
#2861 = VECTOR ( 'NONE', #4512, 1000.000000000000000 ) ;
#2862 = ADVANCED_FACE ( 'NONE', ( #3569 ), #4293, .T. ) ;
#2863 = EDGE_CURVE ( 'NONE', #4587, #2418, #3679, .T. ) ;
#2864 = VECTOR ( 'NONE', #8862, 1000.000000000000000 ) ;
#2865 = CARTESIAN_POINT ( 'NONE',  ( 8.923799999999999955, -1.499999954000104108, -3.970018879999979600 ) ) ;
#2866 = DIRECTION ( 'NONE',  ( -8.904572318030769708E-17, -5.101376584211580244E-31, 1.000000000000000000 ) ) ;
#2867 = EDGE_LOOP ( 'NONE', ( #1781, #8511, #6705, #5981 ) ) ;
#2868 = DIRECTION ( 'NONE',  ( 1.000000000000000000, 0.000000000000000000, 0.000000000000000000 ) ) ;
#2869 = CARTESIAN_POINT ( 'NONE',  ( 9.000000000000000000, 11.00000000000000000, 0.8719667599999999519 ) ) ;
#2870 = ADVANCED_FACE ( 'NONE', ( #5222 ), #3465, .F. ) ;
#2871 = VECTOR ( 'NONE', #2127, 1000.000000000000000 ) ;
#2872 = ORIENTED_EDGE ( 'NONE', *, *, #2434, .F. ) ;
#2873 = CARTESIAN_POINT ( 'NONE',  ( -6.383799999999999919, -1.499999954000070135, -9.551199144097219929 ) ) ;
#2874 = CARTESIAN_POINT ( 'NONE',  ( 8.871941664491711066, 0.01859938495835505162, -19.35781852765819977 ) ) ;
#2875 = ORIENTED_EDGE ( 'NONE', *, *, #9228, .T. ) ;
#2876 = CIRCLE ( 'NONE', #7439, 0.2999999999999999334 ) ;
#2877 = CIRCLE ( 'NONE', #3584, 0.2999999999999999334 ) ;
#2878 = VECTOR ( 'NONE', #2244, 1000.000000000000000 ) ;
#2879 = EDGE_CURVE ( 'NONE', #9942, #864, #5273, .T. ) ;
#2880 = CARTESIAN_POINT ( 'NONE',  ( 9.000000000000000000, -7.200000000000000178, 0.8719667599999999519 ) ) ;
#2881 = EDGE_LOOP ( 'NONE', ( #6153, #8491, #7287, #1087 ) ) ;
#2882 = DIRECTION ( 'NONE',  ( 0.000000000000000000, -1.000000000000000000, 0.000000000000000000 ) ) ;
#2883 = ORIENTED_EDGE ( 'NONE', *, *, #5269, .T. ) ;
#2884 = DIRECTION ( 'NONE',  ( -1.000000000000000000, 0.000000000000000000, 0.000000000000000000 ) ) ;
#2885 = VERTEX_POINT ( 'NONE', #2849 ) ;
#2886 = CARTESIAN_POINT ( 'NONE',  ( 6.377399657764049934, -1.499999954000070135, -20.39880008000000089 ) ) ;
#2887 = LINE ( 'NONE', #6234, #10406 ) ;
#2888 = CIRCLE ( 'NONE', #415, 0.2999999999999999334 ) ;
#2889 = CARTESIAN_POINT ( 'NONE',  ( 7.890014929625221107, -0.1499999079999949914, -20.39880008000000089 ) ) ;
#2890 = EDGE_LOOP ( 'NONE', ( #4184, #4315, #6710, #9533 ) ) ;
#2891 = ORIENTED_EDGE ( 'NONE', *, *, #1278, .T. ) ;
#2892 = AXIS2_PLACEMENT_3D ( 'NONE', #2757, #9292, #6106 ) ;
#2893 = VECTOR ( 'NONE', #5680, 1000.000000000000000 ) ;
#2894 = ADVANCED_FACE ( 'NONE', ( #1080 ), #257, .F. ) ;
#2895 = DIRECTION ( 'NONE',  ( 1.000000000000000000, 0.000000000000000000, 0.000000000000000000 ) ) ;
#2896 = ORIENTED_EDGE ( 'NONE', *, *, #5491, .F. ) ;
#2897 = LINE ( 'NONE', #6343, #4364 ) ;
#2898 = DIRECTION ( 'NONE',  ( 1.000000000000000000, 0.000000000000000000, 0.000000000000000000 ) ) ;
#2899 = FACE_OUTER_BOUND ( 'NONE', #9692, .T. ) ;
#2900 = ORIENTED_EDGE ( 'NONE', *, *, #3602, .F. ) ;
#2901 = DIRECTION ( 'NONE',  ( 0.000000000000000000, -1.000000000000000000, 0.000000000000000000 ) ) ;
#2902 = CARTESIAN_POINT ( 'NONE',  ( 1.377399497764048020, -1.499999954000126090, -20.39880008000000089 ) ) ;
#2903 = CARTESIAN_POINT ( 'NONE',  ( -8.623800091999999751, 4.599999664490170346E-08, -0.4707106321186549924 ) ) ;
#2904 = DIRECTION ( 'NONE',  ( 0.000000000000000000, 0.000000000000000000, -1.000000000000000000 ) ) ;
#2905 = VECTOR ( 'NONE', #6094, 1000.000000000000000 ) ;
#2906 = VERTEX_POINT ( 'NONE', #972 ) ;
#2907 = ORIENTED_EDGE ( 'NONE', *, *, #1451, .F. ) ;
#2908 = EDGE_CURVE ( 'NONE', #3150, #7810, #2799, .T. ) ;
#2909 = CARTESIAN_POINT ( 'NONE',  ( 8.629465718112431460, 4.600000504746859978E-08, -19.35133697822525178 ) ) ;
#2910 = EDGE_CURVE ( 'NONE', #7414, #129, #5324, .T. ) ;
#2911 = EDGE_LOOP ( 'NONE', ( #3693, #10810, #3677, #9117 ) ) ;
#2912 = DIRECTION ( 'NONE',  ( 0.000000000000000000, 0.000000000000000000, -1.000000000000000000 ) ) ;
#2913 = B_SPLINE_SURFACE_WITH_KNOTS ( 'NONE', 1, 3, ( 
 ( #8553, #4226, #6025, #7621, #1067, #10034, #9375, #3453 ),
 ( #1847, #7726, #10146, #191, #1016, #5969, #9320, #6078 ) ),
 .UNSPECIFIED., .F., .F., .F.,
 ( 2, 2 ),
 ( 4, 2, 2, 4 ),
 ( 0.000000000000000000, 1.000000000000000000 ),
 ( 0.000000000000000000, 0.5000000000000000000, 0.7500000000000000000, 1.000000000000000000 ),
 .UNSPECIFIED. ) ;
#2914 = LINE ( 'NONE', #6310, #3474 ) ;
#2915 = CARTESIAN_POINT ( 'NONE',  ( 1.377399497764104197, -1.802799999999999958, -20.39880008000000089 ) ) ;
#2916 = DIRECTION ( 'NONE',  ( 0.000000000000000000, 0.000000000000000000, 1.000000000000000000 ) ) ;
#2917 = VECTOR ( 'NONE', #8046, 1000.000000000000000 ) ;
#2918 = VERTEX_POINT ( 'NONE', #9551 ) ;
#2919 = VERTEX_POINT ( 'NONE', #8725 ) ;
#2920 = DIRECTION ( 'NONE',  ( 1.000000000000000000, 0.000000000000000000, 0.000000000000000000 ) ) ;
#2921 = VECTOR ( 'NONE', #3118, 1000.000000000000000 ) ;
#2922 = ADVANCED_FACE ( 'NONE', ( #10156 ), #2637, .T. ) ;
#2923 = DIRECTION ( 'NONE',  ( 0.000000000000000000, 1.000000000000000000, 0.000000000000000000 ) ) ;
#2924 = PLANE ( 'NONE',  #6938 ) ;
#2925 = ORIENTED_EDGE ( 'NONE', *, *, #5421, .F. ) ;
#2926 = PLANE ( 'NONE',  #8720 ) ;
#2927 = CARTESIAN_POINT ( 'NONE',  ( -8.453089367881339911, -0.1499999539999994080, -0.2999999080000029794 ) ) ;
#2928 = VERTEX_POINT ( 'NONE', #10205 ) ;
#2929 = DIRECTION ( 'NONE',  ( 0.000000000000000000, 1.759576437409350276E-14, -1.000000000000000000 ) ) ;
#2930 = VECTOR ( 'NONE', #9255, 1000.000000000000000 ) ;
#2931 = VECTOR ( 'NONE', #9569, 1000.000000000000000 ) ;
#2932 = CARTESIAN_POINT ( 'NONE',  ( -8.923799999999999955, -1.499999954000060143, -4.297198984097219565 ) ) ;
#2933 = EDGE_CURVE ( 'NONE', #8880, #26, #5433, .T. ) ;
#2934 = VERTEX_POINT ( 'NONE', #1402 ) ;
#2935 = EDGE_CURVE ( 'NONE', #1940, #2186, #4105, .T. ) ;
#2936 = DIRECTION ( 'NONE',  ( -1.836841578568294975E-13, 1.000000000000000000, 3.848953698056000290E-15 ) ) ;
#2937 = CIRCLE ( 'NONE', #4527, 0.2999999999999999334 ) ;
#2938 = ORIENTED_EDGE ( 'NONE', *, *, #5056, .T. ) ;
#2939 = CIRCLE ( 'NONE', #2414, 0.2999999999999999334 ) ;
#2940 = CARTESIAN_POINT ( 'NONE',  ( 7.690952570265030985, 4.599999791883929583E-08, -20.09880017200000069 ) ) ;
#2941 = ORIENTED_EDGE ( 'NONE', *, *, #4997, .F. ) ;
#2942 = CARTESIAN_POINT ( 'NONE',  ( 61.95510655778610243, -0.9999999539999000486, -1.116018999999980110 ) ) ;
#2943 = ORIENTED_EDGE ( 'NONE', *, *, #2971, .F. ) ;
#2944 = CARTESIAN_POINT ( 'NONE',  ( -4.812999602235880303, -1.499999954000106106, -2.540000000000000036 ) ) ;
#2945 = CARTESIAN_POINT ( 'NONE',  ( 3.250871628118515722E-17, -1.802799999999999958, -20.24880012599999901 ) ) ;
#2946 = LINE ( 'NONE', #8864, #7089 ) ;
#2947 = VECTOR ( 'NONE', #3891, 1000.000000000000000 ) ;
#2948 = ADVANCED_FACE ( 'NONE', ( #9707 ), #2241, .F. ) ;
#2949 = ORIENTED_EDGE ( 'NONE', *, *, #3609, .T. ) ;
#2950 = PLANE ( 'NONE',  #4425 ) ;
#2951 = ORIENTED_EDGE ( 'NONE', *, *, #3686, .F. ) ;
#2952 = AXIS2_PLACEMENT_3D ( 'NONE', #579, #10533, #8625 ) ;
#2953 = DIRECTION ( 'NONE',  ( -1.000000000000000000, -3.629128540980805093E-15, -8.904572318030769708E-17 ) ) ;
#2954 = DIRECTION ( 'NONE',  ( 0.000000000000000000, 0.000000000000000000, 1.000000000000000000 ) ) ;
#2955 = PLANE ( 'NONE',  #992 ) ;
#2956 = ORIENTED_EDGE ( 'NONE', *, *, #10355, .F. ) ;
#2957 = FACE_OUTER_BOUND ( 'NONE', #3876, .T. ) ;
#2958 = FACE_OUTER_BOUND ( 'NONE', #5182, .T. ) ;
#2959 = VECTOR ( 'NONE', #10017, 1000.000000000000000 ) ;
#2960 = CARTESIAN_POINT ( 'NONE',  ( 8.841597687414580520, -1.499999954000114100, -19.56346894752739729 ) ) ;
#2961 = FACE_OUTER_BOUND ( 'NONE', #1404, .T. ) ;
#2962 = EDGE_CURVE ( 'NONE', #7414, #5042, #4802, .T. ) ;
#2963 = ORIENTED_EDGE ( 'NONE', *, *, #54, .T. ) ;
#2964 = VERTEX_POINT ( 'NONE', #7075 ) ;
#2965 = LINE ( 'NONE', #1243, #10582 ) ;
#2966 = ORIENTED_EDGE ( 'NONE', *, *, #10603, .F. ) ;
#2967 = CARTESIAN_POINT ( 'NONE',  ( 61.95510655778610243, -0.9999999539998980502, -16.47001928000000248 ) ) ;
#2968 = DIRECTION ( 'NONE',  ( 0.000000000000000000, 0.000000000000000000, 1.000000000000000000 ) ) ;
#2969 = CARTESIAN_POINT ( 'NONE',  ( 8.747943630465320197, -0.06580746144264229547, -19.36501450962520110 ) ) ;
#2970 = CARTESIAN_POINT ( 'NONE',  ( 8.453089367881339911, -0.1339376173368586054, -0.1508624293404684791 ) ) ;
#2971 = EDGE_CURVE ( 'NONE', #7005, #9561, #4663, .T. ) ;
#2972 = ADVANCED_BREP_SHAPE_REPRESENTATION ( '', ( #6717, #4673 ), #1149 ) ;
#2973 = VERTEX_POINT ( 'NONE', #4722 ) ;
#2974 = EDGE_LOOP ( 'NONE', ( #5771, #3554, #8458, #1783 ) ) ;
#2975 = CARTESIAN_POINT ( 'NONE',  ( 7.890014929625221107, -0.06580746889285800372, -20.22294371551794967 ) ) ;
#2976 = DIRECTION ( 'NONE',  ( 0.000000000000000000, -1.000000000000000000, 6.123233995736769734E-17 ) ) ;
#2977 = LINE ( 'NONE', #2091, #5539 ) ;
#2978 = ORIENTED_EDGE ( 'NONE', *, *, #1920, .F. ) ;
#2979 = CARTESIAN_POINT ( 'NONE',  ( 61.95510655778610243, -1.499999953999900049, -18.29501944000000080 ) ) ;
#2980 = PLANE ( 'NONE',  #9416 ) ;
#2981 = EDGE_LOOP ( 'NONE', ( #3080, #1707, #4987, #1566 ) ) ;
#2982 = PLANE ( 'NONE',  #5843 ) ;
#2983 = ADVANCED_FACE ( 'NONE', ( #8881 ), #4609, .F. ) ;
#2984 = EDGE_CURVE ( 'NONE', #2461, #4295, #525, .T. ) ;
#2985 = CARTESIAN_POINT ( 'NONE',  ( 8.923799999999999955, -0.9999999540001041076, -1.116018999999983885 ) ) ;
#2986 = EDGE_LOOP ( 'NONE', ( #791, #5733, #4166, #10668 ) ) ;
#2987 = LINE ( 'NONE', #1325, #1425 ) ;
#2988 = DIRECTION ( 'NONE',  ( -1.000000000000000000, 3.446013993391890312E-15, 3.562560286365675406E-16 ) ) ;
#2989 = VERTEX_POINT ( 'NONE', #4772 ) ;
#2990 = CARTESIAN_POINT ( 'NONE',  ( 8.773800045999999853, 3.434729301071215197E-14, -8.295019119999990309 ) ) ;
#2991 = ORIENTED_EDGE ( 'NONE', *, *, #8165, .T. ) ;
#2992 = DIRECTION ( 'NONE',  ( -8.904572318030509631E-17, -6.755151197360940495E-16, 1.000000000000000000 ) ) ;
#2993 = CARTESIAN_POINT ( 'NONE',  ( 7.890014929625221107, 4.599999997882339708E-08, -20.24880012599999901 ) ) ;
#2994 = EDGE_CURVE ( 'NONE', #9818, #6814, #6254, .T. ) ;
#2995 = CARTESIAN_POINT ( 'NONE',  ( -4.872600702235950543, -1.499999953999869851, -79.67810574249129729 ) ) ;
#2996 = B_SPLINE_CURVE_WITH_KNOTS ( 'NONE', 3,
 ( #7171, #3114, #2069, #3931 ),
 .UNSPECIFIED., .F., .F.,
 ( 4, 4 ),
 ( 4.632000117562939468E-05, 1.000000000000000000 ),
 .UNSPECIFIED. ) ;
#2997 = DIRECTION ( 'NONE',  ( -1.000000000000000000, 0.000000000000000000, 0.000000000000000000 ) ) ;
#2998 = EDGE_CURVE ( 'NONE', #10858, #8390, #9820, .T. ) ;
#2999 = ORIENTED_EDGE ( 'NONE', *, *, #8919, .T. ) ;
#3000 = EDGE_CURVE ( 'NONE', #7988, #5979, #1280, .T. ) ;
#3001 = CARTESIAN_POINT ( 'NONE',  ( 9.000000000000000000, -6.550000000000000711, 0.000000000000000000 ) ) ;
#3002 = DIRECTION ( 'NONE',  ( -1.000000000000000000, 0.000000000000000000, 0.000000000000000000 ) ) ;
#3003 = DIRECTION ( 'NONE',  ( 0.000000000000000000, 0.000000000000000000, 1.000000000000000000 ) ) ;
#3004 = AXIS2_PLACEMENT_3D ( 'NONE', #3573, #10159, #10267 ) ;
#3005 = ORIENTED_EDGE ( 'NONE', *, *, #9451, .T. ) ;
#3006 = DIRECTION ( 'NONE',  ( 1.000000000000000000, -3.491481338843135327E-15, -3.562560286365675406E-16 ) ) ;
#3007 = CARTESIAN_POINT ( 'NONE',  ( -0.1266005422359564037, -1.499999954000070135, -20.39880008000000089 ) ) ;
#3008 = LINE ( 'NONE', #357, #3912 ) ;
#3009 = CARTESIAN_POINT ( 'NONE',  ( 4.843000897764109247, 2.993156088801494810E-14, -0.1499999540000000187 ) ) ;
#3010 = VERTEX_POINT ( 'NONE', #8934 ) ;
#3011 = VERTEX_POINT ( 'NONE', #8010 ) ;
#3012 = DIRECTION ( 'NONE',  ( 1.000000000000000000, 0.000000000000000000, 0.000000000000000000 ) ) ;
#3013 = DIRECTION ( 'NONE',  ( 1.000000000000000000, 0.000000000000000000, 0.000000000000000000 ) ) ;
#3014 = ORIENTED_EDGE ( 'NONE', *, *, #2962, .T. ) ;
#3015 = VECTOR ( 'NONE', #9430, 1000.000000000000000 ) ;
#3016 = EDGE_CURVE ( 'NONE', #10436, #6198, #8650, .T. ) ;
#3017 = DIRECTION ( 'NONE',  ( 0.000000000000000000, 3.491481338843135327E-15, 1.000000000000000000 ) ) ;
#3018 = CARTESIAN_POINT ( 'NONE',  ( 61.95510655778610243, -1.499999953999900049, -16.79101939999999971 ) ) ;
#3019 = CARTESIAN_POINT ( 'NONE',  ( -8.773800046000008734, -1.802799999999999958, 3.125719160439294934E-15 ) ) ;
#3020 = CARTESIAN_POINT ( 'NONE',  ( 9.000000000000000000, -1.250000000000000000, 0.000000000000000000 ) ) ;
#3021 = AXIS2_PLACEMENT_3D ( 'NONE', #8366, #928, #1872 ) ;
#3022 = EDGE_LOOP ( 'NONE', ( #3501, #575, #10119, #7217, #523, #8937, #9830, #7265, #4583, #4380, #5174, #4953, #9241, #4545, #7931, #9981, #1123, #5760, #7523, #2943, #4272, #107, #5068, #1583, #5754, #8745, #10116, #2422, #10776, #9831, #9961, #8406, #7243, #5858, #10307, #1670 ) ) ;
#3023 = ORIENTED_EDGE ( 'NONE', *, *, #1968, .F. ) ;
#3024 = DIRECTION ( 'NONE',  ( 5.728940595924299895E-15, 1.000000000000000000, 0.000000000000000000 ) ) ;
#3025 = EDGE_CURVE ( 'NONE', #9293, #6065, #2965, .T. ) ;
#3026 = CARTESIAN_POINT ( 'NONE',  ( -8.797243577120170244, 0.01870654388746854913, -19.53038191784870037 ) ) ;
#3027 = DIRECTION ( 'NONE',  ( 1.000000000000000000, -3.491481338843135327E-15, -3.562560286365675406E-16 ) ) ;
#3028 = CARTESIAN_POINT ( 'NONE',  ( -9.000000000000000000, 11.00000000000000000, 0.000000000000000000 ) ) ;
#3029 = ORIENTED_EDGE ( 'NONE', *, *, #4795, .F. ) ;
#3030 = CARTESIAN_POINT ( 'NONE',  ( 5.127399617764049289, -1.499999953999898050, -79.67810574249129729 ) ) ;
#3031 = CARTESIAN_POINT ( 'NONE',  ( 2.200000000000000178, 11.00000000000000000, 0.000000000000000000 ) ) ;
#3032 = ORIENTED_EDGE ( 'NONE', *, *, #445, .T. ) ;
#3033 = DIRECTION ( 'NONE',  ( 0.000000000000000000, 0.000000000000000000, 1.000000000000000000 ) ) ;
#3034 = CARTESIAN_POINT ( 'NONE',  ( -8.773800045999999853, 3.434729301071215197E-14, -3.976198864097220120 ) ) ;
#3035 = ORIENTED_EDGE ( 'NONE', *, *, #6252, .T. ) ;
#3036 = VECTOR ( 'NONE', #7502, 1000.000000000000000 ) ;
#3038 = EDGE_CURVE ( 'NONE', #8426, #1809, #9764, .T. ) ;
#3037 = LINE ( 'NONE', #6387, #7580 ) ;
#3039 = EDGE_CURVE ( 'NONE', #3994, #4831, #5482, .T. ) ;
#3040 = DIRECTION ( 'NONE',  ( 1.000000000000000000, 0.000000000000000000, 0.000000000000000000 ) ) ;
#3041 = ORIENTED_EDGE ( 'NONE', *, *, #9521, .F. ) ;
#3042 = CARTESIAN_POINT ( 'NONE',  ( -6.383799999999999919, -1.499999954000070135, -4.551198984097220013 ) ) ;
#3043 = EDGE_LOOP ( 'NONE', ( #2815, #4654 ) ) ;
#3044 = AXIS2_PLACEMENT_3D ( 'NONE', #5544, #2853, #4613 ) ;
#3045 = DIRECTION ( 'NONE',  ( 0.000000000000000000, 3.491481338843135327E-15, -1.000000000000000000 ) ) ;
#3046 = DIRECTION ( 'NONE',  ( 0.000000000000000000, 6.755151197360940495E-16, -1.000000000000000000 ) ) ;
#3047 = FACE_OUTER_BOUND ( 'NONE', #9093, .T. ) ;
#3048 = VECTOR ( 'NONE', #9791, 1000.000000000000000 ) ;
#3049 = AXIS2_PLACEMENT_3D ( 'NONE', #10866, #9209, #6633 ) ;
#3050 = CARTESIAN_POINT ( 'NONE',  ( 8.923799999999999955, -1.802799999999999958, -0.5410188799999838816 ) ) ;
#3051 = ADVANCED_FACE ( 'NONE', ( #3838 ), #7182, .F. ) ;
#3052 = VECTOR ( 'NONE', #7683, 1000.000000000000000 ) ;
#3053 = AXIS2_PLACEMENT_3D ( 'NONE', #3117, #8106, #4928 ) ;
#3054 = ORIENTED_EDGE ( 'NONE', *, *, #6463, .F. ) ;
#3055 = AXIS2_PLACEMENT_3D ( 'NONE', #7228, #7125, #9757 ) ;
#3056 = PLANE ( 'NONE',  #7687 ) ;
#3057 = CARTESIAN_POINT ( 'NONE',  ( -9.000000000000000000, -10.00000000000000000, 0.000000000000000000 ) ) ;
#3058 = DIRECTION ( 'NONE',  ( -1.000000000000000000, 3.446013993391890312E-15, 3.562560286365675406E-16 ) ) ;
#3059 = ORIENTED_EDGE ( 'NONE', *, *, #9642, .F. ) ;
#3060 = DIRECTION ( 'NONE',  ( 0.7071067811865461294, 0.000000000000000000, 0.7071067811865490160 ) ) ;
#3061 = CARTESIAN_POINT ( 'NONE',  ( -8.699999999999999289, 6.250000000000000000, 0.8719667599999999519 ) ) ;
#3062 = CARTESIAN_POINT ( 'NONE',  ( 8.623800091999999751, 0.1499999999999999944, -0.2207106321186534659 ) ) ;
#3063 = CARTESIAN_POINT ( 'NONE',  ( -8.773800045999999853, -0.1446799657442981724, -0.2207106321186584896 ) ) ;
#3064 = ORIENTED_EDGE ( 'NONE', *, *, #8667, .F. ) ;
#3065 = EDGE_CURVE ( 'NONE', #9870, #5014, #3945, .T. ) ;
#3066 = VECTOR ( 'NONE', #9297, 1000.000000000000000 ) ;
#3067 = VERTEX_POINT ( 'NONE', #7902 ) ;
#3068 = ORIENTED_EDGE ( 'NONE', *, *, #4593, .F. ) ;
#3069 = DIRECTION ( 'NONE',  ( 1.000000000000000000, 0.000000000000000000, 0.000000000000000000 ) ) ;
#3070 = EDGE_CURVE ( 'NONE', #9877, #7861, #363, .T. ) ;
#3071 = CARTESIAN_POINT ( 'NONE',  ( 7.982402882876349359, 4.599999997882339708E-08, -20.21053178276349982 ) ) ;
#3072 = ORIENTED_EDGE ( 'NONE', *, *, #6865, .T. ) ;
#3073 = CARTESIAN_POINT ( 'NONE',  ( -5.066999602235879863, -2.622730222957395441, 0.000000000000000000 ) ) ;
#3074 = DIRECTION ( 'NONE',  ( -1.833260990695704780E-13, 1.000000000000000000, 3.848953698056000290E-15 ) ) ;
#3075 = DIRECTION ( 'NONE',  ( -1.000000000000000000, -3.629128540980805093E-15, -8.904572318030769708E-17 ) ) ;
#3076 = FACE_OUTER_BOUND ( 'NONE', #1923, .T. ) ;
#3077 = CIRCLE ( 'NONE', #424, 0.2999999999999999334 ) ;
#3078 = FACE_OUTER_BOUND ( 'NONE', #2217, .T. ) ;
#3079 = EDGE_CURVE ( 'NONE', #7128, #7424, #795, .T. ) ;
#3080 = ORIENTED_EDGE ( 'NONE', *, *, #8039, .T. ) ;
#3081 = ORIENTED_EDGE ( 'NONE', *, *, #8732, .T. ) ;
#3082 = VECTOR ( 'NONE', #1701, 1000.000000000000000 ) ;
#3083 = LINE ( 'NONE', #2305, #648 ) ;
#3084 = CARTESIAN_POINT ( 'NONE',  ( -7.965156975258260275, -0.06570027392378569031, -20.18710900607025138 ) ) ;
#3085 = DIRECTION ( 'NONE',  ( -1.833260990695704780E-13, 1.000000000000000000, 0.000000000000000000 ) ) ;
#3086 = PLANE ( 'NONE',  #8352 ) ;
#3087 = ORIENTED_EDGE ( 'NONE', *, *, #2443, .T. ) ;
#3088 = LINE ( 'NONE', #8684, #3296 ) ;
#3089 = CARTESIAN_POINT ( 'NONE',  ( 61.95510655778610243, -0.9999999539998989384, -7.720018999999999743 ) ) ;
#3090 = ORIENTED_EDGE ( 'NONE', *, *, #5932, .F. ) ;
#3091 = FACE_OUTER_BOUND ( 'NONE', #2824, .T. ) ;
#3092 = CARTESIAN_POINT ( 'NONE',  ( -8.104616722720194844, 0.1215250636491231606, -20.07009521283997699 ) ) ;
#3093 = EDGE_CURVE ( 'NONE', #1155, #4771, #6378, .T. ) ;
#3094 = ORIENTED_EDGE ( 'NONE', *, *, #2480, .T. ) ;
#3095 = VECTOR ( 'NONE', #6963, 1000.000000000000000 ) ;
#3096 = B_SPLINE_CURVE_WITH_KNOTS ( 'NONE', 3,
 ( #4490, #10187, #7004, #1061 ),
 .UNSPECIFIED., .F., .F.,
 ( 4, 4 ),
 ( 2.007249881239609973E-06, 1.000000000000000000 ),
 .UNSPECIFIED. ) ;
#3097 = LINE ( 'NONE', #4031, #2848 ) ;
#3098 = CARTESIAN_POINT ( 'NONE',  ( 61.95510655778610243, -1.802799999999810110, -18.04101943999999946 ) ) ;
#3099 = ORIENTED_EDGE ( 'NONE', *, *, #8434, .T. ) ;
#3100 = CARTESIAN_POINT ( 'NONE',  ( 5.097000897764120353, -1.499999954000106106, -0.1499999539999939957 ) ) ;
#3101 = VECTOR ( 'NONE', #3548, 1000.000000000000000 ) ;
#3102 = EDGE_LOOP ( 'NONE', ( #5005, #8496, #8413, #8642 ) ) ;
#3103 = FACE_OUTER_BOUND ( 'NONE', #213, .T. ) ;
#3104 = CARTESIAN_POINT ( 'NONE',  ( 8.773800046000008734, -1.499999954000091895, -18.29501944000000080 ) ) ;
#3105 =( GEOMETRIC_REPRESENTATION_CONTEXT ( 3 ) GLOBAL_UNCERTAINTY_ASSIGNED_CONTEXT ( ( #4715 ) ) GLOBAL_UNIT_ASSIGNED_CONTEXT ( ( #10121, #2707, #9463 ) ) REPRESENTATION_CONTEXT ( 'NONE', 'WORKASPACE' ) );
#3106 = CARTESIAN_POINT ( 'NONE',  ( -8.703089367881348792, -0.1499999540000006015, -0.1499999539999994080 ) ) ;
#3107 = ADVANCED_FACE ( 'NONE', ( #3178 ), #852, .T. ) ;
#3108 = EDGE_CURVE ( 'NONE', #7912, #3701, #7244, .T. ) ;
#3109 = VECTOR ( 'NONE', #3508, 1000.000000000000000 ) ;
#3110 = AXIS2_PLACEMENT_3D ( 'NONE', #2313, #1260, #4852 ) ;
#3111 = CARTESIAN_POINT ( 'NONE',  ( 14.09646733281993924, -1.802799999999999958, -14.09646733281990016 ) ) ;
#3112 = VERTEX_POINT ( 'NONE', #739 ) ;
#3113 = CARTESIAN_POINT ( 'NONE',  ( -9.000000000000000000, 3.449999999999999734, 0.000000000000000000 ) ) ;
#3114 = CARTESIAN_POINT ( 'NONE',  ( -7.882417123113719448, 0.01849220858900690184, -20.34701453143975058 ) ) ;
#3115 = CARTESIAN_POINT ( 'NONE',  ( -7.882417123113700796, 0.01849220858900765124, -20.34701453143975058 ) ) ;
#3116 = VERTEX_POINT ( 'NONE', #2458 ) ;
#3117 = CARTESIAN_POINT ( 'NONE',  ( 9.000000000000000000, -6.250000000000000000, 0.000000000000000000 ) ) ;
#3118 = DIRECTION ( 'NONE',  ( 0.000000000000000000, 1.000000000000000000, 0.000000000000000000 ) ) ;
#3119 = CARTESIAN_POINT ( 'NONE',  ( -6.383799999999999919, -1.499999954000070135, -3.976198864097220120 ) ) ;
#3120 = AXIS2_PLACEMENT_3D ( 'NONE', #4309, #10221, #7809 ) ;
#3121 = CARTESIAN_POINT ( 'NONE',  ( 9.000000000000000000, 8.750000000000000000, 0.000000000000000000 ) ) ;
#3122 = ADVANCED_FACE ( 'NONE', ( #1618 ), #6737, .F. ) ;
#3123 = EDGE_CURVE ( 'NONE', #8526, #8755, #2350, .T. ) ;
#3124 = ORIENTED_EDGE ( 'NONE', *, *, #5732, .F. ) ;
#3125 = ORIENTED_EDGE ( 'NONE', *, *, #3458, .F. ) ;
#3126 = ORIENTED_EDGE ( 'NONE', *, *, #5375, .T. ) ;
#3127 = AXIS2_PLACEMENT_3D ( 'NONE', #9880, #9052, #584 ) ;
#3128 = DIRECTION ( 'NONE',  ( 0.000000000000000000, 0.000000000000000000, 1.000000000000000000 ) ) ;
#3129 = CYLINDRICAL_SURFACE ( 'NONE', #3478, 0.2999999999999999334 ) ;
#3130 = ORIENTED_EDGE ( 'NONE', *, *, #5730, .T. ) ;
#3131 = CARTESIAN_POINT ( 'NONE',  ( 9.000000000000000000, 11.00000000000000000, 0.000000000000000000 ) ) ;
#3132 = CARTESIAN_POINT ( 'NONE',  ( -7.967675263997478829, -0.06564671180960771069, -20.18453920250789935 ) ) ;
#3133 = DIRECTION ( 'NONE',  ( 1.000000000000000000, 0.000000000000000000, 0.000000000000000000 ) ) ;
#3134 = CARTESIAN_POINT ( 'NONE',  ( -8.453089367881341687, 0.02430698774467610762, -0.04510449172032066772 ) ) ;
#3135 = CARTESIAN_POINT ( 'NONE',  ( 3.877399577764105043, -1.802799999999999958, -20.39880008000000089 ) ) ;
#3136 = EDGE_CURVE ( 'NONE', #3141, #2287, #7399, .T. ) ;
#3137 = VECTOR ( 'NONE', #10397, 1000.000000000000000 ) ;
#3138 = VERTEX_POINT ( 'NONE', #9984 ) ;
#3139 = ORIENTED_EDGE ( 'NONE', *, *, #104, .T. ) ;
#3140 = LINE ( 'NONE', #4621, #9074 ) ;
#3141 = VERTEX_POINT ( 'NONE', #4113 ) ;
#3142 = VERTEX_POINT ( 'NONE', #7510 ) ;
#3143 = DIRECTION ( 'NONE',  ( 0.000000000000000000, 0.000000000000000000, 1.000000000000000000 ) ) ;
#3144 = ADVANCED_FACE ( 'NONE', ( #690 ), #10086, .F. ) ;
#3145 = CARTESIAN_POINT ( 'NONE',  ( -8.773800045999999853, -0.9999999540000609199, -8.976199024097221368 ) ) ;
#3146 = ORIENTED_EDGE ( 'NONE', *, *, #9800, .T. ) ;
#3147 = LINE ( 'NONE', #4790, #8209 ) ;
#3148 = EDGE_CURVE ( 'NONE', #3857, #2363, #8286, .T. ) ;
#3149 = CYLINDRICAL_SURFACE ( 'NONE', #2402, 0.2999999999999999334 ) ;
#3150 = VERTEX_POINT ( 'NONE', #7457 ) ;
#3151 = LINE ( 'NONE', #5107, #9361 ) ;
#3152 = CARTESIAN_POINT ( 'NONE',  ( -8.070167211782388605, 0.1500000000000010214, -20.01302507357644700 ) ) ;
#3153 = ORIENTED_EDGE ( 'NONE', *, *, #7838, .T. ) ;
#3154 = CARTESIAN_POINT ( 'NONE',  ( -8.702186407140199975, -0.1339376174865930247, -0.1508624293243419900 ) ) ;
#3155 = DIRECTION ( 'NONE',  ( 0.000000000000000000, 1.000000000000000000, 2.903302832784645416E-15 ) ) ;
#3156 = VERTEX_POINT ( 'NONE', #6521 ) ;
#3157 = CARTESIAN_POINT ( 'NONE',  ( 8.773800046000008734, -1.802799999999999958, 7.812693701354880314E-16 ) ) ;
#3158 = ADVANCED_FACE ( 'NONE', ( #2564 ), #10811, .F. ) ;
#3159 = ORIENTED_EDGE ( 'NONE', *, *, #5600, .F. ) ;
#3160 = DIRECTION ( 'NONE',  ( 0.000000000000000000, -1.000000000000000000, 0.000000000000000000 ) ) ;
#3161 = CARTESIAN_POINT ( 'NONE',  ( -8.797243577120170244, 0.01870654388746854913, -19.53038191784870037 ) ) ;
#3162 = CARTESIAN_POINT ( 'NONE',  ( -8.703089367881348792, -0.1499999540000000187, -0.09999996933333279991 ) ) ;
#3163 = DIRECTION ( 'NONE',  ( 0.000000000000000000, -2.903302832784645416E-15, 1.000000000000000000 ) ) ;
#3164 = DIRECTION ( 'NONE',  ( 0.000000000000000000, -3.848953698056000290E-15, 1.000000000000000000 ) ) ;
#3165 = LINE ( 'NONE', #7388, #3832 ) ;
#3166 = CARTESIAN_POINT ( 'NONE',  ( -8.400000000000000355, 10.41999999999999993, 0.000000000000000000 ) ) ;
#3167 = EDGE_CURVE ( 'NONE', #10272, #1337, #5836, .T. ) ;
#3168 = DIRECTION ( 'NONE',  ( 1.000000000000000000, 0.000000000000000000, 0.000000000000000000 ) ) ;
#3169 = ORIENTED_EDGE ( 'NONE', *, *, #10453, .T. ) ;
#3170 = LINE ( 'NONE', #4822, #1115 ) ;
#3171 = CARTESIAN_POINT ( 'NONE',  ( 8.923799999999999955, -1.802799999999999958, -19.48126663494194943 ) ) ;
#3172 = DIRECTION ( 'NONE',  ( 0.000000000000000000, 0.000000000000000000, 1.000000000000000000 ) ) ;
#3173 = DIRECTION ( 'NONE',  ( 1.000000000000000000, 0.000000000000000000, 0.000000000000000000 ) ) ;
#3174 = ORIENTED_EDGE ( 'NONE', *, *, #3207, .F. ) ;
#3175 = EDGE_LOOP ( 'NONE', ( #187, #3416, #5195, #821 ) ) ;
#3176 = ORIENTED_EDGE ( 'NONE', *, *, #1379, .T. ) ;
#3177 = AXIS2_PLACEMENT_3D ( 'NONE', #6117, #6882, #6940 ) ;
#3178 = FACE_OUTER_BOUND ( 'NONE', #8736, .T. ) ;
#3179 = DIRECTION ( 'NONE',  ( 0.000000000000000000, -1.000000000000000000, 0.000000000000000000 ) ) ;
#3180 = ORIENTED_EDGE ( 'NONE', *, *, #1035, .T. ) ;
#3181 = CARTESIAN_POINT ( 'NONE',  ( -6.383799999999999919, -1.499999954000050151, -0.2207106321186594888 ) ) ;
#3182 = DIRECTION ( 'NONE',  ( 0.000000000000000000, 1.000000000000000000, 0.000000000000000000 ) ) ;
#3183 = ADVANCED_FACE ( 'NONE', ( #4169 ), #8988, .F. ) ;
#3184 = DIRECTION ( 'NONE',  ( 0.000000000000000000, 0.000000000000000000, 1.000000000000000000 ) ) ;
#3185 = ADVANCED_FACE ( 'NONE', ( #6578 ), #8392, .T. ) ;
#3186 = DIRECTION ( 'NONE',  ( 1.000000000000000000, 6.180374837806370896E-15, 0.000000000000000000 ) ) ;
#3187 = CARTESIAN_POINT ( 'NONE',  ( -8.599999999999999645, 10.41999999999999993, 0.000000000000000000 ) ) ;
#3188 = VECTOR ( 'NONE', #4624, 1000.000000000000000 ) ;
#3189 = ORIENTED_EDGE ( 'NONE', *, *, #10164, .T. ) ;
#3190 = VERTEX_POINT ( 'NONE', #3393 ) ;
#3191 = CARTESIAN_POINT ( 'NONE',  ( -8.773800045999999853, 3.434729301071215197E-14, -8.976199024097221368 ) ) ;
#3192 = ORIENTED_EDGE ( 'NONE', *, *, #4289, .T. ) ;
#3193 = ORIENTED_EDGE ( 'NONE', *, *, #6489, .F. ) ;
#3194 = PLANE ( 'NONE',  #1664 ) ;
#3195 = EDGE_CURVE ( 'NONE', #9244, #9313, #4006, .T. ) ;
#3196 = CARTESIAN_POINT ( 'NONE',  ( -3.876600662235899719, -1.802799999999999958, -20.24880012599999901 ) ) ;
#3197 = ORIENTED_EDGE ( 'NONE', *, *, #6227, .F. ) ;
#3198 = CARTESIAN_POINT ( 'NONE',  ( -9.000000000000000000, -0.9499999999999999556, 0.000000000000000000 ) ) ;
#3199 = CARTESIAN_POINT ( 'NONE',  ( -8.623800091999999751, -0.1499999080000017915, -19.36101569409725087 ) ) ;
#3200 = ORIENTED_EDGE ( 'NONE', *, *, #925, .F. ) ;
#3201 = AXIS2_PLACEMENT_3D ( 'NONE', #1901, #4495, #7776 ) ;
#3202 = CARTESIAN_POINT ( 'NONE',  ( -8.773516766872491601, -0.1393153607001125782, -0.2210116113738929966 ) ) ;
#3203 = ORIENTED_EDGE ( 'NONE', *, *, #4070, .F. ) ;
#3204 = PRODUCT_RELATED_PRODUCT_CATEGORY ( 'part', '', ( #3336 ) ) ;
#3205 = ADVANCED_FACE ( 'NONE', ( #5701 ), #1161, .T. ) ;
#3206 = CARTESIAN_POINT ( 'NONE',  ( 4.873399617763769065, 9.719353781356560636E-13, -20.24880012599999901 ) ) ;
#3207 = EDGE_CURVE ( 'NONE', #3310, #5481, #6956, .T. ) ;
#3208 = DIRECTION ( 'NONE',  ( 0.000000000000000000, 1.000000000000000000, 0.000000000000000000 ) ) ;
#3209 = ORIENTED_EDGE ( 'NONE', *, *, #4064, .T. ) ;
#3210 = DIRECTION ( 'NONE',  ( -1.000000000000000000, -3.629128540980805093E-15, -8.904572318030769708E-17 ) ) ;
#3211 = ORIENTED_EDGE ( 'NONE', *, *, #10496, .F. ) ;
#3212 = LINE ( 'NONE', #3267, #7831 ) ;
#3213 = DIRECTION ( 'NONE',  ( 1.000000000000000000, 0.000000000000000000, 0.000000000000000000 ) ) ;
#3214 = DIRECTION ( 'NONE',  ( 1.000000000000000000, 0.000000000000000000, 0.000000000000000000 ) ) ;
#3215 = B_SPLINE_CURVE_WITH_KNOTS ( 'NONE', 3,
 ( #8179, #8290, #743, #4116, #4010, #4172 ),
 .UNSPECIFIED., .F., .F.,
 ( 4, 2, 4 ),
 ( 0.000000000000000000, 0.5000000000000000000, 1.000000000000000000 ),
 .UNSPECIFIED. ) ;
#3216 = AXIS2_PLACEMENT_3D ( 'NONE', #7519, #8399, #8184 ) ;
#3217 = EDGE_CURVE ( 'NONE', #1337, #8065, #900, .T. ) ;
#3218 = CARTESIAN_POINT ( 'NONE',  ( 8.772937570667560081, -0.1339375714113859861, -0.2216135942211919785 ) ) ;
#3219 = AXIS2_PLACEMENT_3D ( 'NONE', #249, #2791, #3510 ) ;
#3220 = ORIENTED_EDGE ( 'NONE', *, *, #8506, .T. ) ;
#3221 = DIRECTION ( 'NONE',  ( -1.000000000000000000, 0.000000000000000000, 0.000000000000000000 ) ) ;
#3222 = CARTESIAN_POINT ( 'NONE',  ( 8.764668049894853041, -0.09046797068852223400, -19.36501467629187445 ) ) ;
#3223 = CARTESIAN_POINT ( 'NONE',  ( -9.000000000000000000, -7.799999999999999822, 0.000000000000000000 ) ) ;
#3224 = ORIENTED_EDGE ( 'NONE', *, *, #127, .T. ) ;
#3225 = CIRCLE ( 'NONE', #10052, 0.2999999999999999334 ) ;
#3226 = DIRECTION ( 'NONE',  ( 0.000000000000000000, 0.000000000000000000, 1.000000000000000000 ) ) ;
#3227 = CARTESIAN_POINT ( 'NONE',  ( -8.488707373929848643, 4.599999927409200482E-08, -19.48809600687989985 ) ) ;
#3228 = DIRECTION ( 'NONE',  ( 0.000000000000000000, -2.903302832784645416E-15, 1.000000000000000000 ) ) ;
#3229 = AXIS2_PLACEMENT_3D ( 'NONE', #3629, #6090, #5379 ) ;
#3230 = CARTESIAN_POINT ( 'NONE',  ( 8.922075049351319009, -0.1178752349731845978, -0.2216135942127749892 ) ) ;
#3231 = ORIENTED_EDGE ( 'NONE', *, *, #10628, .T. ) ;
#3232 = ORIENTED_EDGE ( 'NONE', *, *, #374, .F. ) ;
#3233 = EDGE_CURVE ( 'NONE', #1995, #4058, #6550, .T. ) ;
#3234 = ORIENTED_EDGE ( 'NONE', *, *, #210, .T. ) ;
#3235 = VECTOR ( 'NONE', #5946, 1000.000000000000000 ) ;
#3236 = AXIS2_PLACEMENT_3D ( 'NONE', #2628, #5972, #1906 ) ;
#3237 = DIRECTION ( 'NONE',  ( -1.000000000000000000, 0.000000000000000000, 0.000000000000000000 ) ) ;
#3238 = DIRECTION ( 'NONE',  ( 0.7071067811865490160, -2.721621260368435521E-15, 0.7071067811865461294 ) ) ;
#3239 = ORIENTED_EDGE ( 'NONE', *, *, #1628, .F. ) ;
#3240 = CARTESIAN_POINT ( 'NONE',  ( -7.882417123113719448, -0.06575384970549728869, -20.22290735171985077 ) ) ;
#3241 = LINE ( 'NONE', #10035, #612 ) ;
#3242 = PLANE ( 'NONE',  #8901 ) ;
#3243 = DIRECTION ( 'NONE',  ( 1.000000000000000000, -1.237566747377124013E-14, 0.000000000000000000 ) ) ;
#3244 = FACE_OUTER_BOUND ( 'NONE', #1361, .T. ) ;
#3245 = CIRCLE ( 'NONE', #4121, 0.2999999999999999334 ) ;
#3246 = ORIENTED_EDGE ( 'NONE', *, *, #10588, .T. ) ;
#3247 = EDGE_CURVE ( 'NONE', #3514, #4919, #5259, .T. ) ;
#3248 = EDGE_CURVE ( 'NONE', #5746, #611, #1948, .T. ) ;
#3249 = VERTEX_POINT ( 'NONE', #10192 ) ;
#3250 = DIRECTION ( 'NONE',  ( 0.000000000000000000, 1.355252715606888678E-16, -1.000000000000000000 ) ) ;
#3251 = ORIENTED_EDGE ( 'NONE', *, *, #8910, .F. ) ;
#3252 = ORIENTED_EDGE ( 'NONE', *, *, #4997, .T. ) ;
#3253 = AXIS2_PLACEMENT_3D ( 'NONE', #6715, #1048, #10067 ) ;
#3254 = DIRECTION ( 'NONE',  ( 1.000000000000000000, 0.000000000000000000, 0.000000000000000000 ) ) ;
#3255 = LINE ( 'NONE', #4131, #4241 ) ;
#3256 = VERTEX_POINT ( 'NONE', #3666 ) ;
#3257 = DIRECTION ( 'NONE',  ( 0.000000000000000000, -1.000000000000000000, 0.000000000000000000 ) ) ;
#3258 = DIRECTION ( 'NONE',  ( 0.000000000000000000, 0.000000000000000000, 1.000000000000000000 ) ) ;
#3259 = ORIENTED_EDGE ( 'NONE', *, *, #2375, .F. ) ;
#3260 = EDGE_CURVE ( 'NONE', #7764, #5307, #8550, .T. ) ;
#3261 = CARTESIAN_POINT ( 'NONE',  ( 7.971675624837800456, -0.06564668205622249675, -20.18453812857945096 ) ) ;
#3262 = AXIS2_PLACEMENT_3D ( 'NONE', #5287, #4247, #217 ) ;
#3263 = CARTESIAN_POINT ( 'NONE',  ( 8.717248463147390325, -0.06580747634335550045, -19.43911972326024795 ) ) ;
#3264 = ORIENTED_EDGE ( 'NONE', *, *, #5565, .T. ) ;
#3265 = CARTESIAN_POINT ( 'NONE',  ( -8.084469551999442061, -1.499999954000050151, -20.31659776741454948 ) ) ;
#3266 = EDGE_LOOP ( 'NONE', ( #8265, #3374, #9583, #10864 ) ) ;
#3267 = CARTESIAN_POINT ( 'NONE',  ( 0.2999999999999999889, 11.00000000000000000, 0.000000000000000000 ) ) ;
#3268 = CARTESIAN_POINT ( 'NONE',  ( 9.000000000000000000, 5.299999999999999822, 0.000000000000000000 ) ) ;
#3269 = EDGE_CURVE ( 'NONE', #1981, #9948, #10775, .T. ) ;
#3270 = DIRECTION ( 'NONE',  ( 1.000000000000000000, 0.000000000000000000, 0.000000000000000000 ) ) ;
#3271 = ADVANCED_FACE ( 'NONE', ( #7618 ), #6075, .F. ) ;
#3272 = VECTOR ( 'NONE', #2992, 1000.000000000000000 ) ;
#3273 = LINE ( 'NONE', #6616, #8452 ) ;
#3274 = AXIS2_PLACEMENT_3D ( 'NONE', #4433, #2057, #291 ) ;
#3275 = FACE_OUTER_BOUND ( 'NONE', #7160, .T. ) ;
#3276 = CARTESIAN_POINT ( 'NONE',  ( -8.923799999999999955, -1.802800045999999989, 6.294442718274539613E-15 ) ) ;
#3277 = DIRECTION ( 'NONE',  ( 1.000000000000000000, 0.000000000000000000, 0.000000000000000000 ) ) ;
#3278 = CARTESIAN_POINT ( 'NONE',  ( -6.500000000000000000, 11.00000000000000000, 0.000000000000000000 ) ) ;
#3279 = EDGE_LOOP ( 'NONE', ( #42, #295, #535, #6866, #1049, #7109, #9623, #2706, #1133, #872, #10865, #10228, #2081, #9496, #6045, #9934, #8357, #5915, #4546, #8414, #245, #3716, #6791, #10412, #4321, #3588, #2306, #7716, #7722, #5073, #10069, #1911, #4917, #6314, #1820, #9231, #3739, #10108, #5163, #4019, #10476, #9427, #6751, #5012, #8442, #5204, #4606, #3590 ) ) ;
#3280 = DIRECTION ( 'NONE',  ( -1.000000000000000000, 3.446013993391890312E-15, 3.562560286365675406E-16 ) ) ;
#3281 = FILL_AREA_STYLE_COLOUR ( '', #5376 ) ;
#3282 = EDGE_CURVE ( 'NONE', #7448, #9164, #9316, .T. ) ;
#3283 = PLANE ( 'NONE',  #7074 ) ;
#3284 = EDGE_CURVE ( 'NONE', #6806, #2215, #957, .T. ) ;
#3285 = LINE ( 'NONE', #6628, #2710 ) ;
#3286 = VECTOR ( 'NONE', #10296, 1000.000000000000000 ) ;
#3287 = CIRCLE ( 'NONE', #9590, 0.2000000000000005107 ) ;
#3288 = EDGE_LOOP ( 'NONE', ( #7222, #3871 ) ) ;
#3289 = ORIENTED_EDGE ( 'NONE', *, *, #5679, .F. ) ;
#3290 = ORIENTED_EDGE ( 'NONE', *, *, #1413, .T. ) ;
#3291 = CARTESIAN_POINT ( 'NONE',  ( 9.000000000000000000, -5.950000000000000178, 0.000000000000000000 ) ) ;
#3292 = CARTESIAN_POINT ( 'NONE',  ( -6.383799999999999919, -1.499999954000070135, -9.297199144097220369 ) ) ;
#3293 = ORIENTED_EDGE ( 'NONE', *, *, #7899, .T. ) ;
#3294 = FACE_OUTER_BOUND ( 'NONE', #7862, .T. ) ;
#3295 = LINE ( 'NONE', #10147, #7284 ) ;
#3296 = VECTOR ( 'NONE', #7918, 1000.000000000000000 ) ;
#3297 = CARTESIAN_POINT ( 'NONE',  ( -43.32859641361304881, -1.499999953999872071, -55.56072462902820064 ) ) ;
#3298 = VECTOR ( 'NONE', #6027, 1000.000000000000000 ) ;
#3299 = CARTESIAN_POINT ( 'NONE',  ( -8.773800045999999853, -1.499999954000029945, 8.880236062097049328E-14 ) ) ;
#3300 = FACE_OUTER_BOUND ( 'NONE', #10701, .T. ) ;
#3301 = EDGE_CURVE ( 'NONE', #3570, #9059, #2786, .T. ) ;
#3302 = VECTOR ( 'NONE', #2083, 1000.000000000000000 ) ;
#3303 = ORIENTED_EDGE ( 'NONE', *, *, #3490, .F. ) ;
#3304 = VERTEX_POINT ( 'NONE', #2671 ) ;
#3305 = CARTESIAN_POINT ( 'NONE',  ( 9.000000000000000000, 0.2999999999999999889, 0.000000000000000000 ) ) ;
#3306 = VERTEX_POINT ( 'NONE', #3555 ) ;
#3307 = ORIENTED_EDGE ( 'NONE', *, *, #6227, .T. ) ;
#3308 = DIRECTION ( 'NONE',  ( 0.000000000000000000, 1.000000000000000000, 0.000000000000000000 ) ) ;
#3309 = CARTESIAN_POINT ( 'NONE',  ( -7.681372000494009811, 0.1499999999999979960, -20.17538118308659989 ) ) ;
#3310 = VERTEX_POINT ( 'NONE', #6897 ) ;
#3312 = AXIS2_PLACEMENT_3D ( 'NONE', #7561, #5702, #5759 ) ;
#3311 = CARTESIAN_POINT ( 'NONE',  ( -8.922075049319058593, -0.1178752346737041989, -0.4707106321186549924 ) ) ;
#3313 = DIRECTION ( 'NONE',  ( -1.000000000000000000, 3.885058976157851631E-15, 0.000000000000000000 ) ) ;
#3314 = EDGE_CURVE ( 'NONE', #3306, #9224, #8654, .T. ) ;
#3315 = VECTOR ( 'NONE', #10278, 1000.000000000000000 ) ;
#3316 = ORIENTED_EDGE ( 'NONE', *, *, #709, .F. ) ;
#3317 = DIRECTION ( 'NONE',  ( 3.773070647129320449E-15, -1.000000000000000000, 8.205087984843659386E-18 ) ) ;
#3318 = CARTESIAN_POINT ( 'NONE',  ( 9.000000000000000000, -10.00000000000000000, 0.8719667599999999519 ) ) ;
#3319 = VERTEX_POINT ( 'NONE', #139 ) ;
#3320 = CARTESIAN_POINT ( 'NONE',  ( -8.595078015750415190, 0.1213531473539889854, -19.57994363415945926 ) ) ;
#3321 = EDGE_CURVE ( 'NONE', #10357, #5767, #8282, .T. ) ;
#3322 = EDGE_CURVE ( 'NONE', #622, #8656, #1065, .T. ) ;
#3323 = ORIENTED_EDGE ( 'NONE', *, *, #5010, .T. ) ;
#3324 = CARTESIAN_POINT ( 'NONE',  ( -9.000000000000000000, 1.550000000000000044, 0.8719667599999999519 ) ) ;
#3325 = CARTESIAN_POINT ( 'NONE',  ( -8.453089367881339911, 4.599994073572019425E-08, -3.774338225578419898E-25 ) ) ;
#3326 = CARTESIAN_POINT ( 'NONE',  ( 8.922075049335118635, -0.1178752348227706109, -0.2216135942211919785 ) ) ;
#3327 = CARTESIAN_POINT ( 'NONE',  ( 8.870721633004878370, 0.02039333901990459871, -19.32591585169845061 ) ) ;
#3328 = DIRECTION ( 'NONE',  ( -1.000000000000000000, 0.000000000000000000, 0.000000000000000000 ) ) ;
#3329 = DIRECTION ( 'NONE',  ( 0.000000000000000000, -1.000000000000000000, 0.000000000000000000 ) ) ;
#3330 = DIRECTION ( 'NONE',  ( -1.000000000000000000, -3.629128540980805093E-15, -8.904572318030769708E-17 ) ) ;
#3331 = EDGE_CURVE ( 'NONE', #8288, #6580, #5917, .T. ) ;
#3332 = ORIENTED_EDGE ( 'NONE', *, *, #5106, .T. ) ;
#3333 = CARTESIAN_POINT ( 'NONE',  ( -8.773800045999999853, -0.1499999080000011809, -19.36101569409725087 ) ) ;
#3334 = CARTESIAN_POINT ( 'NONE',  ( 6.123399657764049486, -1.499999954000070135, -20.39880008000000089 ) ) ;
#3335 = CARTESIAN_POINT ( 'NONE',  ( 8.693877799981342136, -0.01432100015759678671, -19.17622253431499857 ) ) ;
#3336 = PRODUCT ( 'MECH-10389', 'MECH-10389', '', ( #2762 ) ) ;
#3337 = CARTESIAN_POINT ( 'NONE',  ( 9.000000000000000000, -2.200000000000000178, 0.8719667599999999519 ) ) ;
#3338 = ORIENTED_EDGE ( 'NONE', *, *, #5940, .T. ) ;
#3339 = ORIENTED_EDGE ( 'NONE', *, *, #3919, .T. ) ;
#3340 = VERTEX_POINT ( 'NONE', #6792 ) ;
#3341 = EDGE_CURVE ( 'NONE', #4804, #8382, #3505, .T. ) ;
#3342 = CARTESIAN_POINT ( 'NONE',  ( -2.500000000000000000, 11.00000000000000000, 0.8719667599999999519 ) ) ;
#3343 = LINE ( 'NONE', #10867, #2428 ) ;
#3344 = VERTEX_POINT ( 'NONE', #9640 ) ;
#3345 = CARTESIAN_POINT ( 'NONE',  ( 8.773516766872491601, -0.1393153607000189864, -0.2210116113738525012 ) ) ;
#3346 = CARTESIAN_POINT ( 'NONE',  ( -8.002267239413990652, -0.1499999079999984053, -20.39880008000000089 ) ) ;
#3347 = DIRECTION ( 'NONE',  ( 1.000000000000000000, 0.000000000000000000, 0.000000000000000000 ) ) ;
#3348 = CARTESIAN_POINT ( 'NONE',  ( -6.326600842235960087, -1.499999953999869851, -79.67810574249129729 ) ) ;
#3349 = CARTESIAN_POINT ( 'NONE',  ( -8.923799999999999955, -1.499999954000060143, -9.297199144097220369 ) ) ;
#3350 = CARTESIAN_POINT ( 'NONE',  ( -8.699999999999999289, -6.250000000000000000, 0.000000000000000000 ) ) ;
#3351 = ORIENTED_EDGE ( 'NONE', *, *, #10588, .F. ) ;
#3352 = ORIENTED_EDGE ( 'NONE', *, *, #6252, .F. ) ;
#3353 = ADVANCED_FACE ( 'NONE', ( #4548 ), #2950, .T. ) ;
#3354 = DIRECTION ( 'NONE',  ( 0.000000000000000000, 0.000000000000000000, 1.000000000000000000 ) ) ;
#3355 = EDGE_LOOP ( 'NONE', ( #1761, #7526, #1012, #10085, #5938, #4949, #68, #9280, #5151, #6121, #9896, #8353, #10163, #272, #8561, #1265, #10685, #7279, #5171, #1747, #3939, #9628, #4388, #10675, #3477, #8985, #10280, #513, #5896, #873, #7739, #8675, #10613, #7001, #7693, #8007, #287, #7031, #3464, #6499, #9319, #4351, #9453, #178, #9790, #2038, #8767, #10191 ) ) ;
#3356 = EDGE_LOOP ( 'NONE', ( #5048, #3611, #9208, #2521 ) ) ;
#3357 = CARTESIAN_POINT ( 'NONE',  ( 5.127399617764099915, -1.802799999999999958, -20.24880012599999901 ) ) ;
#3358 = CARTESIAN_POINT ( 'NONE',  ( -7.697223138786999819, -0.01432100015766529962, -20.16887787998140169 ) ) ;
#3359 = ORIENTED_EDGE ( 'NONE', *, *, #4619, .T. ) ;
#3360 = LINE ( 'NONE', #5937, #7657 ) ;
#3361 = AXIS2_PLACEMENT_3D ( 'NONE', #2528, #4955, #9171 ) ;
#3362 = ORIENTED_EDGE ( 'NONE', *, *, #10028, .T. ) ;
#3363 = ORIENTED_EDGE ( 'NONE', *, *, #6879, .F. ) ;
#3364 = ADVANCED_FACE ( 'NONE', ( #7889 ), #4757, .F. ) ;
#3365 = DIRECTION ( 'NONE',  ( 0.000000000000000000, 0.000000000000000000, 1.000000000000000000 ) ) ;
#3366 = CARTESIAN_POINT ( 'NONE',  ( 6.123399657764049486, -1.499999953999898050, -79.67810574249129729 ) ) ;
#3367 = ORIENTED_EDGE ( 'NONE', *, *, #9886, .F. ) ;
#3369 = VECTOR ( 'NONE', #5966, 1000.000000000000000 ) ;
#3368 = DIRECTION ( 'NONE',  ( 0.000000000000000000, -1.000000000000000000, 0.000000000000000000 ) ) ;
#3370 = EDGE_LOOP ( 'NONE', ( #4855, #8548, #10020, #10649 ) ) ;
#3371 = DIRECTION ( 'NONE',  ( 0.000000000000000000, 0.000000000000000000, 1.000000000000000000 ) ) ;
#3372 = PLANE ( 'NONE',  #3924 ) ;
#3373 = DIRECTION ( 'NONE',  ( 0.000000000000000000, -2.903302832784645416E-15, 1.000000000000000000 ) ) ;
#3374 = ORIENTED_EDGE ( 'NONE', *, *, #9681, .T. ) ;
#3375 = AXIS2_PLACEMENT_3D ( 'NONE', #9959, #9075, #8261 ) ;
#3376 = EDGE_CURVE ( 'NONE', #9865, #6305, #545, .T. ) ;
#3377 = ADVANCED_FACE ( 'NONE', ( #512 ), #9536, .T. ) ;
#3378 = CARTESIAN_POINT ( 'NONE',  ( 2.627399537764049775, -1.499999953999898050, -79.67810574249129729 ) ) ;
#3379 = DIRECTION ( 'NONE',  ( 1.000000000000000000, 0.000000000000000000, 8.904572318030769708E-17 ) ) ;
#3380 = CARTESIAN_POINT ( 'NONE',  ( 8.923799999999999955, -1.499999954000091895, -1.116018999999983885 ) ) ;
#3381 = PLANE ( 'NONE',  #6966 ) ;
#3382 = EDGE_LOOP ( 'NONE', ( #3035, #9282, #6518, #8723 ) ) ;
#3383 = DIRECTION ( 'NONE',  ( -1.000000000000000000, 3.446013993391890312E-15, 3.562560286365675406E-16 ) ) ;
#3384 = DIRECTION ( 'NONE',  ( 8.904572318030769708E-17, 5.101376584211580244E-31, -1.000000000000000000 ) ) ;
#3385 = DIRECTION ( 'NONE',  ( 8.904572318030769708E-17, 0.000000000000000000, -1.000000000000000000 ) ) ;
#3386 = DIRECTION ( 'NONE',  ( 0.000000000000000000, 1.000000000000000000, 0.000000000000000000 ) ) ;
#3387 = CIRCLE ( 'NONE', #9520, 0.2999999999999999334 ) ;
#3388 = B_SPLINE_CURVE_WITH_KNOTS ( 'NONE', 1,
 ( #6070, #5141 ),
 .UNSPECIFIED., .F., .F.,
 ( 2, 2 ),
 ( 0.000000000000000000, 1.000000000000000000 ),
 .UNSPECIFIED. ) ;
#3389 = EDGE_LOOP ( 'NONE', ( #9062, #8845, #9073, #4620, #5713, #8430, #2579, #503 ) ) ;
#3390 = EDGE_LOOP ( 'NONE', ( #8405, #3307, #9154, #8263 ) ) ;
#3391 = EDGE_CURVE ( 'NONE', #9957, #3319, #560, .T. ) ;
#3392 = ORIENTED_EDGE ( 'NONE', *, *, #6759, .T. ) ;
#3393 = CARTESIAN_POINT ( 'NONE',  ( -8.923799999999999955, -1.499999954000060143, -9.872199264097220706 ) ) ;
#3394 = VECTOR ( 'NONE', #1562, 1000.000000000000000 ) ;
#3395 = CARTESIAN_POINT ( 'NONE',  ( -9.000000000000000000, 4.049999999999999822, 0.000000000000000000 ) ) ;
#3396 = ORIENTED_EDGE ( 'NONE', *, *, #1532, .F. ) ;
#3397 = FACE_OUTER_BOUND ( 'NONE', #1446, .T. ) ;
#3398 = DIRECTION ( 'NONE',  ( -1.000000000000000000, 0.000000000000000000, 0.000000000000000000 ) ) ;
#3399 = FACE_OUTER_BOUND ( 'NONE', #7309, .T. ) ;
#3400 = AXIS2_PLACEMENT_3D ( 'NONE', #3783, #10487, #418 ) ;
#3401 = DIRECTION ( 'NONE',  ( 0.000000000000000000, 0.000000000000000000, 1.000000000000000000 ) ) ;
#3402 = UNCERTAINTY_MEASURE_WITH_UNIT (LENGTH_MEASURE( 1.000000000000000082E-05 ), #5908, 'distance_accuracy_value', 'NONE');
#3403 = DIRECTION ( 'NONE',  ( 1.000000000000000000, 0.000000000000000000, 0.000000000000000000 ) ) ;
#3404 = CARTESIAN_POINT ( 'NONE',  ( 8.735531702763498885, 4.599999997882339708E-08, -19.45740296287634763 ) ) ;
#3405 = EDGE_CURVE ( 'NONE', #9205, #4188, #4649, .T. ) ;
#3406 = VECTOR ( 'NONE', #6163, 1000.000000000000000 ) ;
#3407 = ORIENTED_EDGE ( 'NONE', *, *, #2048, .F. ) ;
#3408 = EDGE_CURVE ( 'NONE', #5541, #5774, #8920, .T. ) ;
#3409 = VERTEX_POINT ( 'NONE', #10519 ) ;
#3410 = VECTOR ( 'NONE', #10100, 1000.000000000000000 ) ;
#3411 = CARTESIAN_POINT ( 'NONE',  ( 8.088468867527430106, -1.499999954000086122, -20.31659776741454948 ) ) ;
#3412 = B_SPLINE_CURVE_WITH_KNOTS ( 'NONE', 1,
 ( #2714, #1828 ),
 .UNSPECIFIED., .F., .F.,
 ( 2, 2 ),
 ( 0.000000000000000000, 1.000000000000000000 ),
 .UNSPECIFIED. ) ;
#3413 = ORIENTED_EDGE ( 'NONE', *, *, #4314, .F. ) ;
#3414 = CARTESIAN_POINT ( 'NONE',  ( 7.879221455915749850, 0.01870648438081000051, -20.34686890838139917 ) ) ;
#3415 = CARTESIAN_POINT ( 'NONE',  ( 8.391000000000000014, 10.41999999999999993, 0.8719667599999999519 ) ) ;
#3416 = ORIENTED_EDGE ( 'NONE', *, *, #3602, .T. ) ;
#3417 = AXIS2_PLACEMENT_3D ( 'NONE', #23, #3173, #3386 ) ;
#3418 = DIRECTION ( 'NONE',  ( 0.000000000000000000, 0.000000000000000000, -1.000000000000000000 ) ) ;
#3419 = EDGE_CURVE ( 'NONE', #6554, #4515, #7216, .T. ) ;
#3420 = ORIENTED_EDGE ( 'NONE', *, *, #10354, .F. ) ;
#3421 = AXIS2_PLACEMENT_3D ( 'NONE', #6985, #9240, #6821 ) ;
#3422 = VERTEX_POINT ( 'NONE', #10410 ) ;
#3423 = VECTOR ( 'NONE', #6221, 1000.000000000000000 ) ;
#3424 = CARTESIAN_POINT ( 'NONE',  ( 8.391000000000000014, 10.41999999999999993, 0.8719667599999999519 ) ) ;
#3425 = FACE_OUTER_BOUND ( 'NONE', #1757, .T. ) ;
#3426 = ORIENTED_EDGE ( 'NONE', *, *, #3093, .T. ) ;
#3427 = LINE ( 'NONE', #6873, #3646 ) ;
#3428 = ORIENTED_EDGE ( 'NONE', *, *, #2879, .F. ) ;
#3429 = FACE_OUTER_BOUND ( 'NONE', #10624, .T. ) ;
#3430 = VECTOR ( 'NONE', #5934, 1000.000000000000000 ) ;
#3431 = EDGE_CURVE ( 'NONE', #10088, #9183, #7994, .T. ) ;
#3432 = CARTESIAN_POINT ( 'NONE',  ( 8.773800045999999853, 3.434729301071215197E-14, -7.720018999999999743 ) ) ;
#3433 = ORIENTED_EDGE ( 'NONE', *, *, #10289, .F. ) ;
#3434 = CARTESIAN_POINT ( 'NONE',  ( 32.66098742138245115, -1.802799999999895153, -43.92783208119674754 ) ) ;
#3435 = CARTESIAN_POINT ( 'NONE',  ( -8.699999999999999289, -3.750000000000000000, 0.000000000000000000 ) ) ;
#3436 = LINE ( 'NONE', #4318, #10680 ) ;
#3437 = LINE ( 'NONE', #5955, #9235 ) ;
#3438 = LINE ( 'NONE', #8685, #2931 ) ;
#3439 = VERTEX_POINT ( 'NONE', #3050 ) ;
#3440 = DIRECTION ( 'NONE',  ( 0.000000000000000000, -1.000000000000000000, -3.491481338843135327E-15 ) ) ;
#3441 = LINE ( 'NONE', #5748, #2389 ) ;
#3442 = CARTESIAN_POINT ( 'NONE',  ( -3.449999999999999734, 11.00000000000000000, 0.8719667599999999519 ) ) ;
#3443 = EDGE_CURVE ( 'NONE', #8668, #6058, #9747, .T. ) ;
#3444 = PRESENTATION_LAYER_ASSIGNMENT (  '', '', ( #8176 ) ) ;
#3445 = CARTESIAN_POINT ( 'NONE',  ( 9.000000000000000000, 5.950000000000000178, 0.000000000000000000 ) ) ;
#3446 = ORIENTED_EDGE ( 'NONE', *, *, #3070, .F. ) ;
#3447 = EDGE_LOOP ( 'NONE', ( #6101, #3744, #10572, #4202 ) ) ;
#3448 = AXIS2_PLACEMENT_3D ( 'NONE', #5372, #9544, #7730 ) ;
#3449 = ORIENTED_EDGE ( 'NONE', *, *, #1658, .T. ) ;
#3450 = CARTESIAN_POINT ( 'NONE',  ( 4.843000897764119905, -1.499999954000106106, -2.540000000000000036 ) ) ;
#3451 = DIRECTION ( 'NONE',  ( -1.000000000000000000, 0.000000000000000000, 0.000000000000000000 ) ) ;
#3452 = ORIENTED_EDGE ( 'NONE', *, *, #457, .T. ) ;
#3453 = CARTESIAN_POINT ( 'NONE',  ( 8.797243944478349675, 0.01870651413289025136, -19.53438089463579885 ) ) ;
#3454 = LINE ( 'NONE', #856, #2547 ) ;
#3455 = DIRECTION ( 'NONE',  ( 0.000000000000000000, -1.000000000000000000, 0.000000000000000000 ) ) ;
#3456 = CARTESIAN_POINT ( 'NONE',  ( 0.000000000000000000, -8.016048026975659750E-53, -0.1499999540000000187 ) ) ;
#3457 = DIRECTION ( 'NONE',  ( -1.833260990695674992E-13, 1.000000000000000000, 3.848953698056000290E-15 ) ) ;
#3458 = EDGE_CURVE ( 'NONE', #4902, #8171, #370, .T. ) ;
#3459 = AXIS2_PLACEMENT_3D ( 'NONE', #3558, #6183, #2898 ) ;
#3460 = ADVANCED_FACE ( 'NONE', ( #8761 ), #7938, .F. ) ;
#3461 = VECTOR ( 'NONE', #10693, 1000.000000000000000 ) ;
#3462 = CARTESIAN_POINT ( 'NONE',  ( -8.709538048580389713, -0.06564668205626671138, -19.44267638930890030 ) ) ;
#3463 = ORIENTED_EDGE ( 'NONE', *, *, #9359, .F. ) ;
#3464 = ORIENTED_EDGE ( 'NONE', *, *, #6658, .F. ) ;
#3465 = PLANE ( 'NONE',  #5156 ) ;
#3466 = VECTOR ( 'NONE', #5782, 1000.000000000000000 ) ;
#3467 = CIRCLE ( 'NONE', #1526, 0.2999999999999999334 ) ;
#3468 = ORIENTED_EDGE ( 'NONE', *, *, #4547, .T. ) ;
#3469 = CYLINDRICAL_SURFACE ( 'NONE', #10438, 0.1999999999999996503 ) ;
#3470 = CARTESIAN_POINT ( 'NONE',  ( 9.000000000000000000, 1.550000000000000044, 0.000000000000000000 ) ) ;
#3471 = ORIENTED_EDGE ( 'NONE', *, *, #1414, .F. ) ;
#3472 = DIRECTION ( 'NONE',  ( -1.000000000000000000, -3.629128540980805093E-15, -8.904572318030769708E-17 ) ) ;
#3473 = ADVANCED_FACE ( 'NONE', ( #4595 ), #6341, .F. ) ;
#3474 = VECTOR ( 'NONE', #8778, 1000.000000000000000 ) ;
#3475 = VECTOR ( 'NONE', #2427, 1000.000000000000000 ) ;
#3476 = ORIENTED_EDGE ( 'NONE', *, *, #6657, .T. ) ;
#3477 = ORIENTED_EDGE ( 'NONE', *, *, #9925, .F. ) ;
#3478 = AXIS2_PLACEMENT_3D ( 'NONE', #8064, #4520, #6359 ) ;
#3479 = EDGE_CURVE ( 'NONE', #3138, #1866, #4705, .T. ) ;
#3480 = CARTESIAN_POINT ( 'NONE',  ( -8.689117906835548411, -0.06480326468107810989, -19.46228535098795120 ) ) ;
#3481 = VECTOR ( 'NONE', #5312, 1000.000000000000000 ) ;
#3482 = CARTESIAN_POINT ( 'NONE',  ( -8.693771171627890482, -0.01423729588891249967, -19.17246002141940053 ) ) ;
#3483 = VERTEX_POINT ( 'NONE', #3717 ) ;
#3484 = CARTESIAN_POINT ( 'NONE',  ( -8.199999999999999289, 10.41999999999999993, 0.000000000000000000 ) ) ;
#3485 = VERTEX_POINT ( 'NONE', #3769 ) ;
#3486 =( NAMED_UNIT ( * ) SI_UNIT ( $, .STERADIAN. ) SOLID_ANGLE_UNIT ( ) );
#3487 = LINE ( 'NONE', #8582, #3753 ) ;
#3488 = CARTESIAN_POINT ( 'NONE',  ( 9.000000000000000000, 0.9499999999999999556, 0.000000000000000000 ) ) ;
#3489 = ORIENTED_EDGE ( 'NONE', *, *, #10211, .F. ) ;
#3490 = EDGE_CURVE ( 'NONE', #10444, #9225, #7168, .T. ) ;
#3491 = DIRECTION ( 'NONE',  ( 0.000000000000000000, -1.000000000000000000, -1.734723475976810053E-15 ) ) ;
#3492 = LINE ( 'NONE', #10178, #6853 ) ;
#3493 = LINE ( 'NONE', #230, #2781 ) ;
#3494 = DIRECTION ( 'NONE',  ( 0.000000000000000000, 0.9942501626871306231, -0.1070822767623771515 ) ) ;
#3495 = CARTESIAN_POINT ( 'NONE',  ( 8.488707373929848643, 4.600000450536750030E-08, -19.49209532240785236 ) ) ;
#3496 = ORIENTED_EDGE ( 'NONE', *, *, #8808, .F. ) ;
#3497 = LINE ( 'NONE', #2721, #10411 ) ;
#3498 = CYLINDRICAL_SURFACE ( 'NONE', #5897, 0.2999999999999999334 ) ;
#3499 = CARTESIAN_POINT ( 'NONE',  ( -8.773800045999999853, -1.499999954000060143, 2.112446511908780382E-15 ) ) ;
#3500 = DIRECTION ( 'NONE',  ( 0.000000000000000000, 0.000000000000000000, 1.000000000000000000 ) ) ;
#3501 = ORIENTED_EDGE ( 'NONE', *, *, #5435, .F. ) ;
#3502 = ORIENTED_EDGE ( 'NONE', *, *, #844, .T. ) ;
#3503 = VERTEX_POINT ( 'NONE', #3926 ) ;
#3504 = EDGE_CURVE ( 'NONE', #5994, #8591, #2834, .T. ) ;
#3505 = LINE ( 'NONE', #10143, #5126 ) ;
#3506 = ORIENTED_EDGE ( 'NONE', *, *, #5847, .F. ) ;
#3507 = PLANE ( 'NONE',  #9661 ) ;
#3508 = DIRECTION ( 'NONE',  ( 0.000000000000000000, 1.000000000000000000, 0.000000000000000000 ) ) ;
#3509 = CARTESIAN_POINT ( 'NONE',  ( 9.000000000000000000, -5.299999999999999822, 0.000000000000000000 ) ) ;
#3510 = DIRECTION ( 'NONE',  ( 1.000000000000000000, 0.000000000000000000, 0.000000000000000000 ) ) ;
#3511 = CARTESIAN_POINT ( 'NONE',  ( 7.890014929625221107, -0.1499999080000004037, -20.09880017200000069 ) ) ;
#3512 = CARTESIAN_POINT ( 'NONE',  ( -1.757600582235955056, -1.499999953999874069, -79.67810574249129729 ) ) ;
#3513 = CARTESIAN_POINT ( 'NONE',  ( -8.699999999999999289, -7.500000000000000000, 0.000000000000000000 ) ) ;
#3514 = VERTEX_POINT ( 'NONE', #2442 ) ;
#3515 = ORIENTED_EDGE ( 'NONE', *, *, #3322, .T. ) ;
#3516 = EDGE_CURVE ( 'NONE', #5119, #2906, #4152, .T. ) ;
#3517 = CARTESIAN_POINT ( 'NONE',  ( -8.084469551999442061, -0.1499999079999955742, -20.31659776741454948 ) ) ;
#3518 = ADVANCED_FACE ( 'NONE', ( #7493 ), #1440, .F. ) ;
#3519 = EDGE_LOOP ( 'NONE', ( #8697, #10348, #2744, #6093 ) ) ;
#3520 = FACE_OUTER_BOUND ( 'NONE', #4875, .T. ) ;
#3521 = FACE_OUTER_BOUND ( 'NONE', #6447, .T. ) ;
#3522 = ORIENTED_EDGE ( 'NONE', *, *, #7114, .T. ) ;
#3523 = CARTESIAN_POINT ( 'NONE',  ( 8.108938182801360028, 0.1213579076847699917, -20.07007420363084904 ) ) ;
#3524 = ORIENTED_EDGE ( 'NONE', *, *, #7202, .T. ) ;
#3525 = ORIENTED_EDGE ( 'NONE', *, *, #7974, .F. ) ;
#3526 = EDGE_CURVE ( 'NONE', #2237, #981, #1496, .T. ) ;
#3527 = AXIS2_PLACEMENT_3D ( 'NONE', #5152, #10194, #7563 ) ;
#3528 = DIRECTION ( 'NONE',  ( -1.000000000000000000, 0.000000000000000000, 0.000000000000000000 ) ) ;
#3529 = CARTESIAN_POINT ( 'NONE',  ( 8.389505865142430352, -1.802799999999999958, -20.01556076979954923 ) ) ;
#3530 = FACE_OUTER_BOUND ( 'NONE', #5440, .T. ) ;
#3531 = ORIENTED_EDGE ( 'NONE', *, *, #5951, .F. ) ;
#3532 = FACE_OUTER_BOUND ( 'NONE', #5984, .T. ) ;
#3533 = ORIENTED_EDGE ( 'NONE', *, *, #4560, .F. ) ;
#3534 = SURFACE_STYLE_FILL_AREA ( #1764 ) ;
#3535 = CARTESIAN_POINT ( 'NONE',  ( -2.200000000000000178, 11.00000000000000000, 0.000000000000000000 ) ) ;
#3536 = DIRECTION ( 'NONE',  ( 1.000000000000000000, 0.000000000000000000, 0.000000000000000000 ) ) ;
#3537 = ADVANCED_FACE ( 'NONE', ( #10852 ), #10878, .T. ) ;
#3538 = EDGE_LOOP ( 'NONE', ( #6783, #6756, #9405, #7883 ) ) ;
#3539 = EDGE_CURVE ( 'NONE', #5698, #790, #4813, .T. ) ;
#3540 = AXIS2_PLACEMENT_3D ( 'NONE', #282, #6996, #8855 ) ;
#3541 = FACE_OUTER_BOUND ( 'NONE', #7924, .T. ) ;
#3542 = CARTESIAN_POINT ( 'NONE',  ( 8.923799999999999955, -1.802799999999999958, -19.48126663494194943 ) ) ;
#3543 = LINE ( 'NONE', #1887, #7329 ) ;
#3544 = ORIENTED_EDGE ( 'NONE', *, *, #3609, .F. ) ;
#3545 = PLANE ( 'NONE',  #10826 ) ;
#3546 = VERTEX_POINT ( 'NONE', #3989 ) ;
#3547 = CARTESIAN_POINT ( 'NONE',  ( 7.890014929625221107, -0.009679188572247430025, -20.30570608628460150 ) ) ;
#3548 = DIRECTION ( 'NONE',  ( 1.000000000000000000, -3.491481338843135327E-15, -3.562560286365675406E-16 ) ) ;
#3549 = CARTESIAN_POINT ( 'NONE',  ( -7.886015614097229509, 7.851403700382108787E-14, -20.24880012599999901 ) ) ;
#3550 = FACE_OUTER_BOUND ( 'NONE', #3681, .T. ) ;
#3551 = AXIS2_PLACEMENT_3D ( 'NONE', #10783, #9849, #2320 ) ;
#3552 = EDGE_CURVE ( 'NONE', #9295, #6895, #10763, .T. ) ;
#3553 = ORIENTED_EDGE ( 'NONE', *, *, #7628, .T. ) ;
#3554 = ORIENTED_EDGE ( 'NONE', *, *, #4671, .F. ) ;
#3555 = CARTESIAN_POINT ( 'NONE',  ( -9.000000000000000000, -9.050000000000000711, 0.000000000000000000 ) ) ;
#3556 = VERTEX_POINT ( 'NONE', #4208 ) ;
#3557 = LINE ( 'NONE', #6900, #350 ) ;
#3558 = CARTESIAN_POINT ( 'NONE',  ( 6.250000000000000000, 11.00000000000000000, 0.8719667599999999519 ) ) ;
#3559 = CARTESIAN_POINT ( 'NONE',  ( 8.773800046000008734, -1.499999954000091895, -8.295019119999990309 ) ) ;
#3560 = AXIS2_PLACEMENT_3D ( 'NONE', #4841, #9054, #6689 ) ;
#3561 = CARTESIAN_POINT ( 'NONE',  ( -3.458358229083229220E-14, -1.499999954000071911, -20.24880012599999901 ) ) ;
#3562 = DIRECTION ( 'NONE',  ( -1.000000000000000000, -3.008831912698249990E-16, 0.000000000000000000 ) ) ;
#3563 = CARTESIAN_POINT ( 'NONE',  ( -8.871868828381400007, 0.01870648438078955159, -19.35022222038774942 ) ) ;
#3564 = DIRECTION ( 'NONE',  ( 1.000000000000000000, 0.000000000000000000, 0.000000000000000000 ) ) ;
#3565 = EDGE_CURVE ( 'NONE', #4255, #5271, #779, .T. ) ;
#3566 = VERTEX_POINT ( 'NONE', #6664 ) ;
#3567 = ORIENTED_EDGE ( 'NONE', *, *, #9111, .F. ) ;
#3568 = VECTOR ( 'NONE', #183, 1000.000000000000000 ) ;
#3569 = FACE_OUTER_BOUND ( 'NONE', #10203, .T. ) ;
#3570 = VERTEX_POINT ( 'NONE', #2277 ) ;
#3571 = LINE ( 'NONE', #2745, #2905 ) ;
#3572 = VECTOR ( 'NONE', #646, 1000.000000000000000 ) ;
#3573 = CARTESIAN_POINT ( 'NONE',  ( -9.000000000000000000, -10.00000000000000000, 0.000000000000000000 ) ) ;
#3574 = VERTEX_POINT ( 'NONE', #9030 ) ;
#3575 = CARTESIAN_POINT ( 'NONE',  ( 8.283439880491350493, -1.802799999999999958, -19.90949478514849957 ) ) ;
#3576 = VECTOR ( 'NONE', #2817, 1000.000000000000000 ) ;
#3577 = EDGE_CURVE ( 'NONE', #9685, #5997, #8972, .T. ) ;
#3578 = ADVANCED_FACE ( 'NONE', ( #5740 ), #9087, .F. ) ;
#3579 = AXIS2_PLACEMENT_3D ( 'NONE', #8175, #5856, #637 ) ;
#3580 = VERTEX_POINT ( 'NONE', #7442 ) ;
#3581 = ORIENTED_EDGE ( 'NONE', *, *, #4462, .F. ) ;
#3582 = EDGE_LOOP ( 'NONE', ( #9384, #5963, #8508, #6660 ) ) ;
#3583 = VECTOR ( 'NONE', #7017, 1000.000000000000000 ) ;
#3584 = AXIS2_PLACEMENT_3D ( 'NONE', #9037, #2450, #10640 ) ;
#3585 = CARTESIAN_POINT ( 'NONE',  ( -8.595074123631279761, 0.1213579076845247851, -19.57993894727365003 ) ) ;
#3586 = CARTESIAN_POINT ( 'NONE',  ( -8.773800046000008734, 3.434729301071215197E-14, -18.04719942409725064 ) ) ;
#3587 = CARTESIAN_POINT ( 'NONE',  ( 7.879221455915749850, 0.01870648438081000051, -20.34686890838139917 ) ) ;
#3588 = ORIENTED_EDGE ( 'NONE', *, *, #1967, .T. ) ;
#3589 = DIRECTION ( 'NONE',  ( -1.000000000000000000, 7.459310946700599934E-14, 2.165663860217734623E-28 ) ) ;
#3590 = ORIENTED_EDGE ( 'NONE', *, *, #7681, .F. ) ;
#3591 = DIRECTION ( 'NONE',  ( 0.000000000000000000, 0.000000000000000000, 1.000000000000000000 ) ) ;
#3592 = CARTESIAN_POINT ( 'NONE',  ( -8.805030840337661147, 0.01838498511473629984, -19.52290349202930031 ) ) ;
#3593 = EDGE_CURVE ( 'NONE', #7020, #4956, #7338, .T. ) ;
#3594 = EDGE_CURVE ( 'NONE', #6841, #8823, #2842, .T. ) ;
#3595 = DIRECTION ( 'NONE',  ( 3.562560286365675406E-16, 0.000000000000000000, 1.000000000000000000 ) ) ;
#3596 = AXIS2_PLACEMENT_3D ( 'NONE', #1780, #10353, #5910 ) ;
#3597 = ORIENTED_EDGE ( 'NONE', *, *, #9775, .T. ) ;
#3598 = DIRECTION ( 'NONE',  ( 1.000000000000000000, 0.000000000000000000, 0.000000000000000000 ) ) ;
#3599 = DIRECTION ( 'NONE',  ( 0.000000000000000000, -1.000000000000000000, 0.000000000000000000 ) ) ;
#3600 = FACE_OUTER_BOUND ( 'NONE', #5249, .T. ) ;
#3601 = ORIENTED_EDGE ( 'NONE', *, *, #5295, .T. ) ;
#3602 = EDGE_CURVE ( 'NONE', #7613, #5874, #724, .T. ) ;
#3603 = VECTOR ( 'NONE', #603, 1000.000000000000000 ) ;
#3604 = FACE_OUTER_BOUND ( 'NONE', #6993, .T. ) ;
#3605 = ORIENTED_EDGE ( 'NONE', *, *, #9378, .F. ) ;
#3606 = LINE ( 'NONE', #6122, #4636 ) ;
#3607 = PLANE ( 'NONE',  #3274 ) ;
#3608 = DIRECTION ( 'NONE',  ( 0.000000000000000000, -1.000000000000000000, 0.000000000000000000 ) ) ;
#3609 = EDGE_CURVE ( 'NONE', #5724, #8883, #4041, .T. ) ;
#3610 = CARTESIAN_POINT ( 'NONE',  ( 9.000000000000000000, 4.700000000000000178, 0.000000000000000000 ) ) ;
#3611 = ORIENTED_EDGE ( 'NONE', *, *, #3282, .T. ) ;
#3612 = AXIS2_PLACEMENT_3D ( 'NONE', #2967, #1406, #10535 ) ;
#3613 = ORIENTED_EDGE ( 'NONE', *, *, #1954, .T. ) ;
#3614 = CARTESIAN_POINT ( 'NONE',  ( 7.966638443975590178, -0.06575384970549498498, -20.18967830910984773 ) ) ;
#3615 = EDGE_CURVE ( 'NONE', #10190, #1582, #3273, .T. ) ;
#3616 = ORIENTED_EDGE ( 'NONE', *, *, #4423, .F. ) ;
#3617 = EDGE_CURVE ( 'NONE', #7966, #5363, #5952, .T. ) ;
#3618 = CARTESIAN_POINT ( 'NONE',  ( -8.773800045999999853, 3.434729301071215197E-14, -1.122198984097179997 ) ) ;
#3619 = CARTESIAN_POINT ( 'NONE',  ( 9.000000000000000000, 1.550000000000000044, 0.8719667599999999519 ) ) ;
#3620 = DIRECTION ( 'NONE',  ( 0.000000000000000000, 0.000000000000000000, 1.000000000000000000 ) ) ;
#3621 = CARTESIAN_POINT ( 'NONE',  ( -8.923799999999999955, -1.802799999999999958, -0.5471988640971789941 ) ) ;
#3622 = DIRECTION ( 'NONE',  ( -3.848953698056000290E-15, 1.000000000000000000, -3.379345265849269788E-32 ) ) ;
#3623 = CARTESIAN_POINT ( 'NONE',  ( 4.873399617764049729, -1.499999954000070135, -20.39880008000000089 ) ) ;
#3624 = FACE_OUTER_BOUND ( 'NONE', #10671, .T. ) ;
#3625 = VERTEX_POINT ( 'NONE', #940 ) ;
#3626 = VERTEX_POINT ( 'NONE', #9468 ) ;
#3627 = VECTOR ( 'NONE', #615, 1000.000000000000000 ) ;
#3628 = B_SPLINE_CURVE_WITH_KNOTS ( 'NONE', 1,
 ( #3935, #6623 ),
 .UNSPECIFIED., .F., .F.,
 ( 2, 2 ),
 ( 0.000000000000000000, 1.000000000000000000 ),
 .UNSPECIFIED. ) ;
#3629 = CARTESIAN_POINT ( 'NONE',  ( -6.326600842235899691, -1.802799999999830094, -79.67810574249129729 ) ) ;
#3630 = VERTEX_POINT ( 'NONE', #9300 ) ;
#3631 = EDGE_CURVE ( 'NONE', #3503, #8883, #9413, .T. ) ;
#3632 = FACE_OUTER_BOUND ( 'NONE', #4401, .T. ) ;
#3633 = CARTESIAN_POINT ( 'NONE',  ( -9.000000000000000000, -3.449999999999999734, 0.000000000000000000 ) ) ;
#3634 = CARTESIAN_POINT ( 'NONE',  ( 9.000000000000000000, 11.00000000000000000, 0.8719667599999999519 ) ) ;
#3635 = ORIENTED_EDGE ( 'NONE', *, *, #2328, .T. ) ;
#3636 = EDGE_LOOP ( 'NONE', ( #4398, #9352, #7725, #8930 ) ) ;
#3637 = VECTOR ( 'NONE', #5687, 1000.000000000000000 ) ;
#3638 = VERTEX_POINT ( 'NONE', #5192 ) ;
#3640 = ADVANCED_FACE ( 'NONE', ( #8424 ), #6881, .F. ) ;
#3639 = CARTESIAN_POINT ( 'NONE',  ( -8.571332132035609064, -1.802799999999949998, -19.82973518737840024 ) ) ;
#3641 = CARTESIAN_POINT ( 'NONE',  ( 9.000000000000000000, 7.500000000000000000, 0.000000000000000000 ) ) ;
#3642 = LINE ( 'NONE', #1817, #9555 ) ;
#3643 = ORIENTED_EDGE ( 'NONE', *, *, #7466, .F. ) ;
#3644 = LINE ( 'NONE', #5183, #9777 ) ;
#3645 = APPLICATION_CONTEXT ( 'automotive_design' ) ;
#3646 = VECTOR ( 'NONE', #9461, 1000.000000000000000 ) ;
#3647 = EDGE_LOOP ( 'NONE', ( #10769, #2408, #7275, #4711 ) ) ;
#3648 = APPLICATION_PROTOCOL_DEFINITION ( 'draft international standard', 'automotive_design', 1998, #4207 ) ;
#3649 = LINE ( 'NONE', #10341, #3576 ) ;
#3650 = LINE ( 'NONE', #3034, #254 ) ;
#3651 = ORIENTED_EDGE ( 'NONE', *, *, #5336, .T. ) ;
#3652 = VECTOR ( 'NONE', #9770, 1000.000000000000000 ) ;
#3654 = ADVANCED_FACE ( 'NONE', ( #9354 ), #8532, .F. ) ;
#3653 = FACE_OUTER_BOUND ( 'NONE', #3884, .T. ) ;
#3655 = DIRECTION ( 'NONE',  ( -1.833260990695839833E-13, 1.000000000000000000, 0.000000000000000000 ) ) ;
#3656 = LINE ( 'NONE', #7763, #10632 ) ;
#3657 = ORIENTED_EDGE ( 'NONE', *, *, #5679, .T. ) ;
#3658 = LINE ( 'NONE', #6943, #6607 ) ;
#3659 = EDGE_LOOP ( 'NONE', ( #1369, #6917, #1088, #983 ) ) ;
#3660 = DIRECTION ( 'NONE',  ( 1.000000000000000000, -3.848953698056000290E-15, -3.562560286365675406E-16 ) ) ;
#3661 = DIRECTION ( 'NONE',  ( -1.000000000000000000, 0.000000000000000000, 0.000000000000000000 ) ) ;
#3662 = FACE_OUTER_BOUND ( 'NONE', #1933, .T. ) ;
#3663 = AXIS2_PLACEMENT_3D ( 'NONE', #9736, #8799, #5512 ) ;
#3664 = VERTEX_POINT ( 'NONE', #999 ) ;
#3665 = VERTEX_POINT ( 'NONE', #6722 ) ;
#3666 = CARTESIAN_POINT ( 'NONE',  ( -8.773800046000008734, -1.499999954000060143, -18.30119942409725198 ) ) ;
#3667 = EDGE_CURVE ( 'NONE', #6107, #6486, #7599, .T. ) ;
#3668 = ORIENTED_EDGE ( 'NONE', *, *, #3504, .T. ) ;
#3669 = DIRECTION ( 'NONE',  ( -1.000000000000000000, 0.000000000000000000, 0.000000000000000000 ) ) ;
#3670 = LINE ( 'NONE', #2837, #3109 ) ;
#3671 = DIRECTION ( 'NONE',  ( -1.000000000000000000, 3.794708767410038609E-15, 0.000000000000000000 ) ) ;
#3672 = CARTESIAN_POINT ( 'NONE',  ( -9.000000000000000000, 5.000000000000000000, 0.8719667599999999519 ) ) ;
#3673 = DIRECTION ( 'NONE',  ( -1.833260990695839833E-13, 1.000000000000000000, 3.848953698056000290E-15 ) ) ;
#3674 = CARTESIAN_POINT ( 'NONE',  ( -9.000000000000000000, 0.9499999999999999556, 0.8719667599999999519 ) ) ;
#3675 = PLANE ( 'NONE',  #3055 ) ;
#3676 = EDGE_CURVE ( 'NONE', #264, #1878, #6775, .T. ) ;
#3677 = ORIENTED_EDGE ( 'NONE', *, *, #7167, .F. ) ;
#3678 = ORIENTED_EDGE ( 'NONE', *, *, #7069, .F. ) ;
#3679 = LINE ( 'NONE', #7853, #5503 ) ;
#3680 = EDGE_CURVE ( 'NONE', #1375, #7350, #9675, .T. ) ;
#3681 = EDGE_LOOP ( 'NONE', ( #2526, #4905, #10831, #6481, #8237, #6129, #7096, #31, #6769, #9360, #400, #3126, #8490, #9211, #5943, #10046, #4675, #9839, #6425, #5927, #9257, #8913, #5811, #4749, #4370, #5232, #2102, #2618, #2765, #6545, #3081, #8008, #4731, #1776, #5820, #6593 ) ) ;
#3682 = LINE ( 'NONE', #154, #9029 ) ;
#3683 = FACE_OUTER_BOUND ( 'NONE', #9, .T. ) ;
#3684 = DIRECTION ( 'NONE',  ( -1.833260990695674992E-13, 1.000000000000000000, 3.848953698056000290E-15 ) ) ;
#3685 = CARTESIAN_POINT ( 'NONE',  ( -0.1266005422359082200, -1.802799999999999958, -20.39880008000000089 ) ) ;
#3686 = EDGE_CURVE ( 'NONE', #9313, #1219, #10128, .T. ) ;
#3687 = EDGE_LOOP ( 'NONE', ( #8070, #2431, #6168, #4968 ) ) ;
#3688 = ORIENTED_EDGE ( 'NONE', *, *, #10677, .T. ) ;
#3689 = ORIENTED_EDGE ( 'NONE', *, *, #10570, .T. ) ;
#3690 = LINE ( 'NONE', #9710, #1008 ) ;
#3691 = DIRECTION ( 'NONE',  ( 1.000000000000000000, 0.000000000000000000, 0.000000000000000000 ) ) ;
#3692 = PLANE ( 'NONE',  #7992 ) ;
#3693 = ORIENTED_EDGE ( 'NONE', *, *, #3797, .T. ) ;
#3694 = CARTESIAN_POINT ( 'NONE',  ( 5.127399617764099915, -1.802799999999999958, -20.39880008000000089 ) ) ;
#3695 = DIRECTION ( 'NONE',  ( 1.000000000000000000, 0.000000000000000000, 0.000000000000000000 ) ) ;
#3696 = VERTEX_POINT ( 'NONE', #7654 ) ;
#3697 = DIRECTION ( 'NONE',  ( 1.000000000000000000, 0.000000000000000000, 0.000000000000000000 ) ) ;
#3698 = CARTESIAN_POINT ( 'NONE',  ( 4.873399617764099467, -1.802799999999999958, -20.39880008000000089 ) ) ;
#3699 = CARTESIAN_POINT ( 'NONE',  ( 8.923799999999999955, -1.499999954000091895, -17.04501940000000104 ) ) ;
#3700 = EDGE_CURVE ( 'NONE', #5883, #1470, #1107, .T. ) ;
#3701 = VERTEX_POINT ( 'NONE', #8585 ) ;
#3702 = VECTOR ( 'NONE', #8601, 1000.000000000000000 ) ;
#3703 = FACE_OUTER_BOUND ( 'NONE', #6240, .T. ) ;
#3704 = ORIENTED_EDGE ( 'NONE', *, *, #9359, .T. ) ;
#3705 = DIRECTION ( 'NONE',  ( -1.000000000000000000, -3.629128540980805093E-15, -8.904572318030769708E-17 ) ) ;
#3706 = ORIENTED_EDGE ( 'NONE', *, *, #620, .T. ) ;
#3707 = PLANE ( 'NONE',  #8892 ) ;
#3708 = ORIENTED_EDGE ( 'NONE', *, *, #9655, .F. ) ;
#3709 = LINE ( 'NONE', #1942, #9941 ) ;
#3710 = DIRECTION ( 'NONE',  ( 0.000000000000000000, 1.000000000000000000, 0.000000000000000000 ) ) ;
#3711 = VECTOR ( 'NONE', #5180, 1000.000000000000000 ) ;
#3712 = CARTESIAN_POINT ( 'NONE',  ( -8.453089367881339911, 0.1499999999999405975, -1.230763197726323998E-18 ) ) ;
#3713 = EDGE_CURVE ( 'NONE', #7810, #6655, #2608, .T. ) ;
#3714 = ADVANCED_FACE ( 'NONE', ( #3541 ), #4426, .T. ) ;
#3715 = ORIENTED_EDGE ( 'NONE', *, *, #7082, .F. ) ;
#3716 = ORIENTED_EDGE ( 'NONE', *, *, #7019, .T. ) ;
#3717 = CARTESIAN_POINT ( 'NONE',  ( 8.923799999999999955, -0.9999999540000918952, -1.116018999999983885 ) ) ;
#3718 = ORIENTED_EDGE ( 'NONE', *, *, #6865, .F. ) ;
#3719 = LINE ( 'NONE', #6182, #10850 ) ;
#3720 = DIRECTION ( 'NONE',  ( 0.000000000000000000, 0.000000000000000000, 1.000000000000000000 ) ) ;
#3721 = LINE ( 'NONE', #1233, #3988 ) ;
#3722 = DIRECTION ( 'NONE',  ( 0.000000000000000000, 0.000000000000000000, 1.000000000000000000 ) ) ;
#3723 = DIRECTION ( 'NONE',  ( 3.794707603699255264E-15, -1.000000000000000000, 8.205087984843659386E-18 ) ) ;
#3724 = DIRECTION ( 'NONE',  ( 0.000000000000000000, -1.000000000000000000, -3.491481338843135327E-15 ) ) ;
#3725 = VECTOR ( 'NONE', #7544, 1000.000000000000000 ) ;
#3726 = CARTESIAN_POINT ( 'NONE',  ( 61.95510655778610243, -0.9999999539998989384, -4.866019119999979381 ) ) ;
#3727 = EDGE_CURVE ( 'NONE', #5575, #6198, #2656, .T. ) ;
#3728 = ORIENTED_EDGE ( 'NONE', *, *, #4411, .F. ) ;
#3729 = EDGE_LOOP ( 'NONE', ( #505, #5500, #6366, #9471 ) ) ;
#3730 = CARTESIAN_POINT ( 'NONE',  ( 9.000000000000000000, -10.00000000000000000, 0.8719667599999999519 ) ) ;
#3731 = EDGE_LOOP ( 'NONE', ( #7690, #6210, #9776, #1637 ) ) ;
#3732 = DIRECTION ( 'NONE',  ( 0.000000000000000000, 0.000000000000000000, -1.000000000000000000 ) ) ;
#3733 = CARTESIAN_POINT ( 'NONE',  ( 8.923799999999999955, -1.802799999999999958, -4.291019000000000361 ) ) ;
#3734 = CARTESIAN_POINT ( 'NONE',  ( -7.686953254737039387, 4.599999791883929583E-08, -20.09880017200000069 ) ) ;
#3735 = EDGE_CURVE ( 'NONE', #8178, #2750, #10288, .T. ) ;
#3736 = FACE_OUTER_BOUND ( 'NONE', #5712, .T. ) ;
#3737 = ADVANCED_FACE ( 'NONE', ( #5899 ), #8958, .T. ) ;
#3738 = AXIS2_PLACEMENT_3D ( 'NONE', #10377, #1806, #9450 ) ;
#3739 = ORIENTED_EDGE ( 'NONE', *, *, #10869, .F. ) ;
#3740 = ORIENTED_EDGE ( 'NONE', *, *, #1516, .F. ) ;
#3741 = VECTOR ( 'NONE', #9599, 1000.000000000000000 ) ;
#3742 = PLANE ( 'NONE',  #7205 ) ;
#3743 = DIRECTION ( 'NONE',  ( 0.000000000000000000, 0.000000000000000000, 1.000000000000000000 ) ) ;
#3744 = ORIENTED_EDGE ( 'NONE', *, *, #384, .T. ) ;
#3745 = CARTESIAN_POINT ( 'NONE',  ( 8.923799999999999955, -1.802799999999999958, -18.04101943999999946 ) ) ;
#3746 = EDGE_CURVE ( 'NONE', #6017, #1383, #4197, .T. ) ;
#3747 = CARTESIAN_POINT ( 'NONE',  ( -8.772937570667560081, -0.1339375714114210136, -0.2216140942213130072 ) ) ;
#3748 = AXIS2_PLACEMENT_3D ( 'NONE', #6809, #8564, #6143 ) ;
#3749 = VERTEX_POINT ( 'NONE', #7103 ) ;
#3750 = DIRECTION ( 'NONE',  ( 0.000000000000000000, -1.000000000000000000, 0.000000000000000000 ) ) ;
#3751 = DIRECTION ( 'NONE',  ( 3.848953698056000290E-15, -1.000000000000000000, -1.674047928902419981E-31 ) ) ;
#3752 = EDGE_LOOP ( 'NONE', ( #2749, #6236, #3567, #2278 ) ) ;
#3753 = VECTOR ( 'NONE', #1262, 1000.000000000000000 ) ;
#3754 = VECTOR ( 'NONE', #355, 1000.000000000000000 ) ;
#3755 = AXIS2_PLACEMENT_3D ( 'NONE', #914, #10715, #10824 ) ;
#3756 = LINE ( 'NONE', #9735, #6703 ) ;
#3757 = ORIENTED_EDGE ( 'NONE', *, *, #7710, .T. ) ;
#3758 = PLANE ( 'NONE',  #3663 ) ;
#3759 = EDGE_LOOP ( 'NONE', ( #6306, #9902, #3689, #2225 ) ) ;
#3760 = CARTESIAN_POINT ( 'NONE',  ( -8.084469551999442061, 7.763593709769739749E-14, -20.31659776741454948 ) ) ;
#3761 = ADVANCED_FACE ( 'NONE', ( #1267 ), #2101, .F. ) ;
#3762 = VERTEX_POINT ( 'NONE', #4637 ) ;
#3763 = FACE_OUTER_BOUND ( 'NONE', #6824, .T. ) ;
#3764 = CARTESIAN_POINT ( 'NONE',  ( -3.622600662235954783, -1.499999954000042157, -20.24880012599999901 ) ) ;
#3765 = VECTOR ( 'NONE', #3821, 1000.000000000000000 ) ;
#3766 = CARTESIAN_POINT ( 'NONE',  ( -9.000000000000000000, 4.049999999999999822, 0.8719667599999999519 ) ) ;
#3767 = ORIENTED_EDGE ( 'NONE', *, *, #10330, .F. ) ;
#3768 = VECTOR ( 'NONE', #5667, 1000.000000000000000 ) ;
#3769 = CARTESIAN_POINT ( 'NONE',  ( 8.841597687414580520, -1.499999954000114100, -19.56346894752739729 ) ) ;
#3770 = ORIENTED_EDGE ( 'NONE', *, *, #6114, .T. ) ;
#3771 = DIRECTION ( 'NONE',  ( 0.000000000000000000, -2.903302832784645416E-15, 1.000000000000000000 ) ) ;
#3772 = FACE_OUTER_BOUND ( 'NONE', #1201, .T. ) ;
#3773 = EDGE_CURVE ( 'NONE', #1136, #7229, #2987, .T. ) ;
#3774 = DIRECTION ( 'NONE',  ( 8.904572318030729033E-17, 1.104356676306313890E-16, -1.000000000000000000 ) ) ;
#3775 = ORIENTED_EDGE ( 'NONE', *, *, #8464, .F. ) ;
#3776 = DIRECTION ( 'NONE',  ( -1.833260990695839833E-13, 1.000000000000000000, 3.848953698056000290E-15 ) ) ;
#3777 = FACE_OUTER_BOUND ( 'NONE', #9081, .T. ) ;
#3778 = DIRECTION ( 'NONE',  ( 0.000000000000000000, 0.000000000000000000, 1.000000000000000000 ) ) ;
#3779 = DIRECTION ( 'NONE',  ( 0.000000000000000000, 0.000000000000000000, 1.000000000000000000 ) ) ;
#3780 = AXIS2_PLACEMENT_3D ( 'NONE', #3949, #4011, #2245 ) ;
#3781 = ORIENTED_EDGE ( 'NONE', *, *, #6128, .T. ) ;
#3782 = ORIENTED_EDGE ( 'NONE', *, *, #3039, .F. ) ;
#3783 = CARTESIAN_POINT ( 'NONE',  ( -9.000000000000000000, 8.750000000000000000, 0.000000000000000000 ) ) ;
#3784 = ORIENTED_EDGE ( 'NONE', *, *, #9666, .T. ) ;
#3785 = CARTESIAN_POINT ( 'NONE',  ( 9.000000000000000000, 11.00000000000000000, 0.000000000000000000 ) ) ;
#3786 = EDGE_CURVE ( 'NONE', #790, #8686, #2049, .T. ) ;
#3787 = CYLINDRICAL_SURFACE ( 'NONE', #3998, 0.2999999999999999334 ) ;
#3788 = ADVANCED_FACE ( 'NONE', ( #3703 ), #446, .F. ) ;
#3789 = CARTESIAN_POINT ( 'NONE',  ( 8.391000000000000014, 10.41999999999999993, 0.000000000000000000 ) ) ;
#3790 = DIRECTION ( 'NONE',  ( 2.157866341325660055E-29, -3.491481338843135327E-15, -1.000000000000000000 ) ) ;
#3791 =( GEOMETRIC_REPRESENTATION_CONTEXT ( 3 ) GLOBAL_UNCERTAINTY_ASSIGNED_CONTEXT ( ( #1072 ) ) GLOBAL_UNIT_ASSIGNED_CONTEXT ( ( #9246, #1715, #4252 ) ) REPRESENTATION_CONTEXT ( 'NONE', 'WORKASPACE' ) );
#3792 = ORIENTED_EDGE ( 'NONE', *, *, #3858, .F. ) ;
#3793 = ORIENTED_EDGE ( 'NONE', *, *, #3341, .T. ) ;
#3794 = B_SPLINE_CURVE_WITH_KNOTS ( 'NONE', 3,
 ( #6526, #9879, #2355, #5705, #9051, #1353 ),
 .UNSPECIFIED., .F., .F.,
 ( 4, 2, 4 ),
 ( 0.000000000000000000, 0.5000000000000000000, 1.000000000000000000 ),
 .UNSPECIFIED. ) ;
#3795 = CARTESIAN_POINT ( 'NONE',  ( 8.453089367881350569, 4.599999969234910529E-08, -0.4707106321186549924 ) ) ;
#3796 = VECTOR ( 'NONE', #949, 1000.000000000000000 ) ;
#3797 = EDGE_CURVE ( 'NONE', #10646, #2136, #3811, .T. ) ;
#3798 = DIRECTION ( 'NONE',  ( 1.000000000000000000, 0.000000000000000000, 0.000000000000000000 ) ) ;
#3799 = CARTESIAN_POINT ( 'NONE',  ( -8.923799999999999955, -1.499999954000060143, -16.47619926409720037 ) ) ;
#3800 = VERTEX_POINT ( 'NONE', #2880 ) ;
#3801 = DIRECTION ( 'NONE',  ( 0.000000000000000000, -1.000000000000000000, 3.491481338843135327E-15 ) ) ;
#3802 = FACE_OUTER_BOUND ( 'NONE', #5853, .T. ) ;
#3803 = ORIENTED_EDGE ( 'NONE', *, *, #10081, .T. ) ;
#3804 = PLANE ( 'NONE',  #8133 ) ;
#3805 = AXIS2_PLACEMENT_3D ( 'NONE', #6344, #2171, #8869 ) ;
#3806 = VECTOR ( 'NONE', #436, 1000.000000000000000 ) ;
#3807 = CARTESIAN_POINT ( 'NONE',  ( -8.923799999999999955, -0.1499999079999989882, -0.2207106321186549924 ) ) ;
#3808 = ORIENTED_EDGE ( 'NONE', *, *, #9800, .F. ) ;
#3809 = ADVANCED_FACE ( 'NONE', ( #3653 ), #1214, .F. ) ;
#3810 = EDGE_CURVE ( 'NONE', #9720, #4399, #7926, .T. ) ;
#3811 = LINE ( 'NONE', #388, #10387 ) ;
#3812 = VECTOR ( 'NONE', #7930, 1000.000000000000000 ) ;
#3813 = EDGE_CURVE ( 'NONE', #6054, #10084, #9829, .T. ) ;
#3814 = VECTOR ( 'NONE', #5971, 1000.000000000000000 ) ;
#3815 = FACE_OUTER_BOUND ( 'NONE', #2641, .T. ) ;
#3816 = ORIENTED_EDGE ( 'NONE', *, *, #9973, .T. ) ;
#3817 = FACE_OUTER_BOUND ( 'NONE', #3825, .T. ) ;
#3818 = VERTEX_POINT ( 'NONE', #4582 ) ;
#3819 = CARTESIAN_POINT ( 'NONE',  ( -9.000000000000000000, 11.00000000000000000, 0.8719667599999999519 ) ) ;
#3820 = LINE ( 'NONE', #2058, #6195 ) ;
#3821 = DIRECTION ( 'NONE',  ( 0.000000000000000000, -1.861214300205855284E-14, 1.000000000000000000 ) ) ;
#3822 = VECTOR ( 'NONE', #10872, 1000.000000000000000 ) ;
#3823 = EDGE_CURVE ( 'NONE', #4769, #6295, #32, .T. ) ;
#3824 = DIRECTION ( 'NONE',  ( 0.000000000000000000, 0.000000000000000000, -1.000000000000000000 ) ) ;
#3825 = EDGE_LOOP ( 'NONE', ( #3718, #10662, #7255, #9993 ) ) ;
#3826 = CARTESIAN_POINT ( 'NONE',  ( 61.95510655778610243, -1.499999953999900049, -8.041019119999980092 ) ) ;
#3827 = LINE ( 'NONE', #10692, #9589 ) ;
#3828 = CARTESIAN_POINT ( 'NONE',  ( -9.000000000000000000, -7.500000000000000000, 0.000000000000000000 ) ) ;
#3829 = ORIENTED_EDGE ( 'NONE', *, *, #8546, .F. ) ;
#3830 = CARTESIAN_POINT ( 'NONE',  ( 8.797244665355909987, 0.01870648438076745121, -19.53438020237314987 ) ) ;
#3831 = DIRECTION ( 'NONE',  ( 0.000000000000000000, -2.903302832784645416E-15, 1.000000000000000000 ) ) ;
#3832 = VECTOR ( 'NONE', #8223, 1000.000000000000000 ) ;
#3833 = LINE ( 'NONE', #3062, #10762 ) ;
#3834 = DIRECTION ( 'NONE',  ( 1.000000000000000000, 0.000000000000000000, 0.000000000000000000 ) ) ;
#3835 = EDGE_LOOP ( 'NONE', ( #1170, #4077, #4143, #7554 ) ) ;
#3836 = ADVANCED_FACE ( 'NONE', ( #10395 ), #10509, .T. ) ;
#3837 = VERTEX_POINT ( 'NONE', #9679 ) ;
#3838 = FACE_OUTER_BOUND ( 'NONE', #2482, .T. ) ;
#3839 = ORIENTED_EDGE ( 'NONE', *, *, #8719, .F. ) ;
#3840 = FACE_OUTER_BOUND ( 'NONE', #1615, .T. ) ;
#3841 = DIRECTION ( 'NONE',  ( 0.000000000000000000, 1.000000000000000000, 2.903302832784645416E-15 ) ) ;
#3842 = FACE_OUTER_BOUND ( 'NONE', #4271, .T. ) ;
#3843 = CARTESIAN_POINT ( 'NONE',  ( 8.453089367881350569, 4.065758146820640050E-15, -0.2999999080000029794 ) ) ;
#3844 = ORIENTED_EDGE ( 'NONE', *, *, #8947, .T. ) ;
#3845 = EDGE_CURVE ( 'NONE', #4464, #6580, #7583, .T. ) ;
#3846 = ORIENTED_EDGE ( 'NONE', *, *, #10452, .T. ) ;
#3847 = CARTESIAN_POINT ( 'NONE',  ( 7.882819280485569458, -0.06570027392377560116, -20.22287096667145079 ) ) ;
#3848 = PLANE ( 'NONE',  #7629 ) ;
#3849 = CARTESIAN_POINT ( 'NONE',  ( -8.747834460190698991, -0.06564671180960700292, -19.35022222038774942 ) ) ;
#3850 = DIRECTION ( 'NONE',  ( -1.000000000000000000, 0.000000000000000000, 0.000000000000000000 ) ) ;
#3851 = ORIENTED_EDGE ( 'NONE', *, *, #638, .T. ) ;
#3852 = DIRECTION ( 'NONE',  ( 0.000000000000000000, -1.000000000000000000, -5.101376584211580244E-31 ) ) ;
#3853 = DIRECTION ( 'NONE',  ( 0.000000000000000000, 0.000000000000000000, 1.000000000000000000 ) ) ;
#3854 = VERTEX_POINT ( 'NONE', #501 ) ;
#3855 = LINE ( 'NONE', #7874, #7083 ) ;
#3856 = CARTESIAN_POINT ( 'NONE',  ( 8.871868787912109866, 0.01870654388752394925, -19.35422003738645103 ) ) ;
#3857 = VERTEX_POINT ( 'NONE', #9577 ) ;
#3858 = EDGE_CURVE ( 'NONE', #4024, #9766, #3859, .T. ) ;
#3859 = LINE ( 'NONE', #7206, #1078 ) ;
#3860 = DIRECTION ( 'NONE',  ( 1.000000000000000000, 0.000000000000000000, 0.000000000000000000 ) ) ;
#3861 = ORIENTED_EDGE ( 'NONE', *, *, #7427, .T. ) ;
#3862 = LINE ( 'NONE', #9739, #10118 ) ;
#3863 = ORIENTED_EDGE ( 'NONE', *, *, #10318, .T. ) ;
#3864 = CARTESIAN_POINT ( 'NONE',  ( -7.886015614097240167, -0.03064922724719356187, -20.38034157550661618 ) ) ;
#3865 = DIRECTION ( 'NONE',  ( 3.629128540980805093E-15, -1.000000000000000000, -6.755151197360940495E-16 ) ) ;
#3866 = EDGE_CURVE ( 'NONE', #8205, #2456, #3037, .T. ) ;
#3867 = CARTESIAN_POINT ( 'NONE',  ( -8.914239261424283356, -0.04512058667666922485, -0.4707106321187003450 ) ) ;
#3868 = B_SPLINE_CURVE_WITH_KNOTS ( 'NONE', 3,
 ( #2014, #6404, #5426, #4655 ),
 .UNSPECIFIED., .F., .F.,
 ( 4, 4 ),
 ( 0.000000000000000000, 1.000000000000000000 ),
 .UNSPECIFIED. ) ;
#3869 = EDGE_CURVE ( 'NONE', #3630, #3409, #3756, .T. ) ;
#3870 = CARTESIAN_POINT ( 'NONE',  ( 1.250000000000000000, 11.00000000000000000, 0.8719667599999999519 ) ) ;
#3871 = ORIENTED_EDGE ( 'NONE', *, *, #4560, .T. ) ;
#3872 = LINE ( 'NONE', #1443, #1543 ) ;
#3873 = DIRECTION ( 'NONE',  ( 1.000000000000000000, 0.000000000000000000, 0.000000000000000000 ) ) ;
#3874 = DIRECTION ( 'NONE',  ( -6.078218461511579443E-16, 0.000000000000000000, -1.000000000000000000 ) ) ;
#3875 = AXIS2_PLACEMENT_3D ( 'NONE', #6650, #1585, #5717 ) ;
#3876 = EDGE_LOOP ( 'NONE', ( #9048, #2481, #6389, #8450 ) ) ;
#3877 = DIRECTION ( 'NONE',  ( -1.000000000000000000, -3.629128540980805093E-15, -8.904572318030769708E-17 ) ) ;
#3878 = PLANE ( 'NONE',  #5553 ) ;
#3879 = LINE ( 'NONE', #10581, #921 ) ;
#3880 = EDGE_CURVE ( 'NONE', #7839, #991, #5569, .T. ) ;
#3881 = CARTESIAN_POINT ( 'NONE',  ( -8.772937570667560081, -0.1339375714114000027, -0.2216135942213134924 ) ) ;
#3882 = EDGE_LOOP ( 'NONE', ( #7397, #2322, #1324, #5550 ) ) ;
#3883 = EDGE_LOOP ( 'NONE', ( #3041, #7549, #5580, #10808 ) ) ;
#3884 = EDGE_LOOP ( 'NONE', ( #9264, #9891, #7745, #5781 ) ) ;
#3885 = DIRECTION ( 'NONE',  ( 0.000000000000000000, 0.000000000000000000, -1.000000000000000000 ) ) ;
#3886 = B_SPLINE_CURVE_WITH_KNOTS ( 'NONE', 1,
 ( #5065, #5720 ),
 .UNSPECIFIED., .F., .F.,
 ( 2, 2 ),
 ( 0.000000000000000000, 1.000000000000000000 ),
 .UNSPECIFIED. ) ;
#3887 = PLANE ( 'NONE',  #6632 ) ;
#3888 = ORIENTED_EDGE ( 'NONE', *, *, #2374, .T. ) ;
#3889 = AXIS2_PLACEMENT_3D ( 'NONE', #2166, #2112, #8711 ) ;
#3890 = CARTESIAN_POINT ( 'NONE',  ( 9.000000000000000000, -2.799999999999999822, 0.8719667599999999519 ) ) ;
#3891 = DIRECTION ( 'NONE',  ( -1.000000000000000000, 3.446013993391890312E-15, 3.562560286365675406E-16 ) ) ;
#3892 = FACE_OUTER_BOUND ( 'NONE', #2986, .T. ) ;
#3893 = CARTESIAN_POINT ( 'NONE',  ( -8.453089867881340425, -0.1339376174114268181, -0.1508624293324375143 ) ) ;
#3894 = EDGE_CURVE ( 'NONE', #3142, #713, #6177, .T. ) ;
#3895 = VECTOR ( 'NONE', #666, 1000.000000000000000 ) ;
#3896 = ORIENTED_EDGE ( 'NONE', *, *, #487, .F. ) ;
#3897 = ORIENTED_EDGE ( 'NONE', *, *, #5555, .F. ) ;
#3898 = LINE ( 'NONE', #6480, #10673 ) ;
#3899 = CARTESIAN_POINT ( 'NONE',  ( -8.749501064695992980, -0.06574728980984648197, -0.4707106321186548259 ) ) ;
#3900 = CARTESIAN_POINT ( 'NONE',  ( -8.727715757361240279, -0.04087436630415099137, -19.22777792869915103 ) ) ;
#3901 = DIRECTION ( 'NONE',  ( 1.000000000000000000, 6.180374837806370896E-15, 0.000000000000000000 ) ) ;
#3902 = VERTEX_POINT ( 'NONE', #8961 ) ;
#3903 = DIRECTION ( 'NONE',  ( -1.000000000000000000, 0.000000000000000000, 0.000000000000000000 ) ) ;
#3904 = CARTESIAN_POINT ( 'NONE',  ( 8.773800046000008734, -1.499999954000091895, -16.47001928000000248 ) ) ;
#3905 = EDGE_CURVE ( 'NONE', #737, #3067, #10730, .T. ) ;
#3906 = EDGE_CURVE ( 'NONE', #2206, #6282, #1960, .T. ) ;
#3907 = EDGE_LOOP ( 'NONE', ( #5644, #7498, #2651, #9683 ) ) ;
#3908 = CIRCLE ( 'NONE', #8806, 0.2999999999999999334 ) ;
#3909 = CARTESIAN_POINT ( 'NONE',  ( 9.000000000000000000, -10.00000000000000000, 0.000000000000000000 ) ) ;
#3910 = LINE ( 'NONE', #7257, #6222 ) ;
#3911 = ORIENTED_EDGE ( 'NONE', *, *, #2385, .F. ) ;
#3912 = VECTOR ( 'NONE', #4657, 1000.000000000000000 ) ;
#3913 = LINE ( 'NONE', #6495, #3895 ) ;
#3914 = VECTOR ( 'NONE', #1517, 1000.000000000000000 ) ;
#3915 = CARTESIAN_POINT ( 'NONE',  ( -8.084469551999443837, -0.09075294947002839063, -20.31659776741459567 ) ) ;
#3916 = EDGE_LOOP ( 'NONE', ( #1768, #2891, #6038, #6856 ) ) ;
#3917 = DIRECTION ( 'NONE',  ( 1.000000000000000000, 0.000000000000000000, 0.000000000000000000 ) ) ;
#3918 = EDGE_CURVE ( 'NONE', #4248, #9931, #3097, .T. ) ;
#3919 = EDGE_CURVE ( 'NONE', #8391, #5188, #10005, .T. ) ;
#3920 = ORIENTED_EDGE ( 'NONE', *, *, #6994, .F. ) ;
#3921 = CARTESIAN_POINT ( 'NONE',  ( -8.623800091999999751, 0.1499999999999684086, -0.4707106321186560471 ) ) ;
#3922 = DIRECTION ( 'NONE',  ( 1.000000000000000000, 0.000000000000000000, 0.000000000000000000 ) ) ;
#3923 = CARTESIAN_POINT ( 'NONE',  ( 8.797244665355909987, 0.01870648438076745121, -19.53438020237314987 ) ) ;
#3924 = AXIS2_PLACEMENT_3D ( 'NONE', #6714, #5077, #8420 ) ;
#3925 = VECTOR ( 'NONE', #7403, 1000.000000000000000 ) ;
#3926 = CARTESIAN_POINT ( 'NONE',  ( 8.569110987563801629, -1.802799999999999958, -19.83595564737819927 ) ) ;
#3927 = B_SPLINE_CURVE_WITH_KNOTS ( 'NONE', 3,
 ( #2185, #10705, #8936, #7805 ),
 .UNSPECIFIED., .F., .F.,
 ( 4, 4 ),
 ( 2.007249881239609973E-06, 1.000000000000000000 ),
 .UNSPECIFIED. ) ;
#3928 = VERTEX_POINT ( 'NONE', #9018 ) ;
#3929 = VECTOR ( 'NONE', #79, 1000.000000000000000 ) ;
#3930 = DIRECTION ( 'NONE',  ( 0.000000000000000000, 0.000000000000000000, 1.000000000000000000 ) ) ;
#3931 = CARTESIAN_POINT ( 'NONE',  ( -7.875220641858379444, 0.01870654388755459835, -20.34686886791210014 ) ) ;
#3932 = CARTESIAN_POINT ( 'NONE',  ( -7.878819132130191250, -0.06570026152080830906, -20.22287095824584924 ) ) ;
#3933 = EDGE_CURVE ( 'NONE', #3800, #10427, #2483, .T. ) ;
#3934 = ORIENTED_EDGE ( 'NONE', *, *, #8233, .F. ) ;
#3935 = CARTESIAN_POINT ( 'NONE',  ( 8.488707373929848643, 0.1500000000000029921, -19.49209532240785236 ) ) ;
#3936 = DIRECTION ( 'NONE',  ( 1.000000000000000000, 3.794707603699256053E-15, 0.000000000000000000 ) ) ;
#3937 = PLANE ( 'NONE',  #5835 ) ;
#3938 = DIRECTION ( 'NONE',  ( 3.629128540980805093E-15, -1.000000000000000000, 0.000000000000000000 ) ) ;
#3939 = ORIENTED_EDGE ( 'NONE', *, *, #3038, .F. ) ;
#3940 = VECTOR ( 'NONE', #171, 1000.000000000000000 ) ;
#3941 = ORIENTED_EDGE ( 'NONE', *, *, #9455, .F. ) ;
#3942 = ORIENTED_EDGE ( 'NONE', *, *, #6829, .F. ) ;
#3943 = EDGE_CURVE ( 'NONE', #762, #9056, #715, .T. ) ;
#3944 = ADVANCED_FACE ( 'NONE', ( #4747 ), #6442, .F. ) ;
#3945 = LINE ( 'NONE', #5645, #1452 ) ;
#3946 = CARTESIAN_POINT ( 'NONE',  ( -8.488707373929848643, 4.599999930119699958E-08, -19.48809600687989985 ) ) ;
#3947 = ORIENTED_EDGE ( 'NONE', *, *, #5608, .F. ) ;
#3948 = CARTESIAN_POINT ( 'NONE',  ( -8.717248102448349911, -0.06580746144263278918, -19.43512075414000151 ) ) ;
#3949 = CARTESIAN_POINT ( 'NONE',  ( 8.629465718112431460, -0.1499999079999965734, -19.35133697822525178 ) ) ;
#3950 = DIRECTION ( 'NONE',  ( 1.833260990695674992E-13, -1.000000000000000000, -3.848953698056000290E-15 ) ) ;
#3951 = PLANE ( 'NONE',  #7775 ) ;
#3952 = AXIS2_PLACEMENT_3D ( 'NONE', #1031, #2801, #6473 ) ;
#3953 = CARTESIAN_POINT ( 'NONE',  ( 8.453089367881339911, -0.09759338484100157918, -0.1579952207470963765 ) ) ;
#3954 = EDGE_LOOP ( 'NONE', ( #2660, #4126, #10756, #10665 ) ) ;
#3955 = ORIENTED_EDGE ( 'NONE', *, *, #3987, .F. ) ;
#3956 = VECTOR ( 'NONE', #7404, 1000.000000000000000 ) ;
#3957 = EDGE_CURVE ( 'NONE', #7162, #1331, #8147, .T. ) ;
#3958 = CARTESIAN_POINT ( 'NONE',  ( 7.890014929625221107, 0.01838497021428579792, -20.34708725903589865 ) ) ;
#3959 = ORIENTED_EDGE ( 'NONE', *, *, #4553, .T. ) ;
#3960 = VERTEX_POINT ( 'NONE', #6603 ) ;
#3961 = CARTESIAN_POINT ( 'NONE',  ( -8.623800091999999751, 4.599999664490170346E-08, -0.4707106321186549924 ) ) ;
#3962 = CARTESIAN_POINT ( 'NONE',  ( 8.923799999999999955, -1.802799999999999958, -19.48126663494194943 ) ) ;
#3963 = CARTESIAN_POINT ( 'NONE',  ( 9.000000000000000000, -5.950000000000000178, 0.8719667599999999519 ) ) ;
#3964 = ORIENTED_EDGE ( 'NONE', *, *, #1567, .T. ) ;
#3965 = DIRECTION ( 'NONE',  ( 0.000000000000000000, 0.000000000000000000, 1.000000000000000000 ) ) ;
#3966 = CARTESIAN_POINT ( 'NONE',  ( -8.773800046000008734, 4.599999997882339708E-08, -19.36101569409725087 ) ) ;
#3967 = VERTEX_POINT ( 'NONE', #3975 ) ;
#3968 = VECTOR ( 'NONE', #5253, 1000.000000000000000 ) ;
#3969 = DIRECTION ( 'NONE',  ( 0.000000000000000000, -2.903302832784645416E-15, 1.000000000000000000 ) ) ;
#3970 = CARTESIAN_POINT ( 'NONE',  ( 8.623800091999999751, -0.1499999080000017915, -0.2207106321186534659 ) ) ;
#3971 = ORIENTED_EDGE ( 'NONE', *, *, #1868, .T. ) ;
#3972 = MECHANICAL_DESIGN_GEOMETRIC_PRESENTATION_REPRESENTATION (  '', ( #2746 ), #7299 ) ;
#3973 = PRODUCT ( 'PICO_PCB_w_shield', 'PICO_PCB_w_shield', '', ( #8581 ) ) ;
#3974 = EDGE_CURVE ( 'NONE', #2885, #1134, #898, .T. ) ;
#3975 = CARTESIAN_POINT ( 'NONE',  ( 4.700000000000000178, 11.00000000000000000, 0.000000000000000000 ) ) ;
#3976 = CARTESIAN_POINT ( 'NONE',  ( 8.872087168930629986, 0.01838498511471440069, -19.36501450962520110 ) ) ;
#3977 = VERTEX_POINT ( 'NONE', #7429 ) ;
#3978 = CARTESIAN_POINT ( 'NONE',  ( -9.000000000000000000, 11.00000000000000000, 0.8719667599999999519 ) ) ;
#3979 = VECTOR ( 'NONE', #2393, 1000.000000000000000 ) ;
#3980 = ORIENTED_EDGE ( 'NONE', *, *, #1340, .F. ) ;
#3981 = CIRCLE ( 'NONE', #10111, 0.2999999999999999334 ) ;
#3982 = CARTESIAN_POINT ( 'NONE',  ( 8.773800046000008734, -1.499999954000098112, -2.320032783950480169E-16 ) ) ;
#3983 = DIRECTION ( 'NONE',  ( -8.904572318030769708E-17, -3.089394128724229836E-31, 1.000000000000000000 ) ) ;
#3984 = LINE ( 'NONE', #1437, #5177 ) ;
#3985 = EDGE_CURVE ( 'NONE', #4956, #4054, #551, .T. ) ;
#3986 = AXIS2_PLACEMENT_3D ( 'NONE', #3042, #9684, #1382 ) ;
#3987 = EDGE_CURVE ( 'NONE', #5774, #4988, #3913, .T. ) ;
#3988 = VECTOR ( 'NONE', #1186, 1000.000000000000000 ) ;
#3989 = CARTESIAN_POINT ( 'NONE',  ( -8.923799999999999955, -1.802799999999999958, -18.04719942409725064 ) ) ;
#3990 = EDGE_LOOP ( 'NONE', ( #4562, #371, #7976, #1202 ) ) ;
#3991 = CARTESIAN_POINT ( 'NONE',  ( 8.463045002912721770, 2.239135125424804856E-14, -19.72988966272714961 ) ) ;
#3992 = CARTESIAN_POINT ( 'NONE',  ( -6.326600842235910349, -1.802799999999999958, -20.39880008000000089 ) ) ;
#3993 = DIRECTION ( 'NONE',  ( 0.000000000000000000, -1.000000000000000000, 0.000000000000000000 ) ) ;
#3994 = VERTEX_POINT ( 'NONE', #5672 ) ;
#3995 = CARTESIAN_POINT ( 'NONE',  ( -6.072600842235959639, -1.499999954000042157, -20.39880008000000089 ) ) ;
#3996 = CARTESIAN_POINT ( 'NONE',  ( 8.619153727381629437, -0.1339376174114272067, -0.1508624293324375143 ) ) ;
#3997 = LINE ( 'NONE', #4882, #399 ) ;
#3998 = AXIS2_PLACEMENT_3D ( 'NONE', #2131, #6257, #1247 ) ;
#3999 = AXIS2_PLACEMENT_3D ( 'NONE', #2312, #7476, #7369 ) ;
#4000 = DIRECTION ( 'NONE',  ( 0.000000000000000000, 1.000000000000000000, 0.000000000000000000 ) ) ;
#4001 = VERTEX_POINT ( 'NONE', #3261 ) ;
#4002 = ORIENTED_EDGE ( 'NONE', *, *, #4978, .T. ) ;
#4003 = ADVANCED_FACE ( 'NONE', ( #2378 ), #7261, .F. ) ;
#4004 = ORIENTED_EDGE ( 'NONE', *, *, #3247, .F. ) ;
#4005 = VECTOR ( 'NONE', #4392, 1000.000000000000000 ) ;
#4006 = LINE ( 'NONE', #7353, #4460 ) ;
#4007 = AXIS2_PLACEMENT_3D ( 'NONE', #3641, #4365, #164 ) ;
#4008 = CARTESIAN_POINT ( 'NONE',  ( -8.511832680183029964, 4.599999884811509901E-08, -19.51911316076125047 ) ) ;
#4009 = VERTEX_POINT ( 'NONE', #4138 ) ;
#4010 = CARTESIAN_POINT ( 'NONE',  ( -8.869556746874508235, 0.02210620818338240867, -19.29317258545054159 ) ) ;
#4011 = DIRECTION ( 'NONE',  ( 0.7071067811865475727, 2.673765713835373132E-15, 0.7071067811865475727 ) ) ;
#4012 = CARTESIAN_POINT ( 'NONE',  ( -1.853099192509744783E-14, -1.499999954000122093, -20.24880012599999901 ) ) ;
#4013 = CARTESIAN_POINT ( 'NONE',  ( -8.699999999999999289, 0.000000000000000000, 0.000000000000000000 ) ) ;
#4014 = DIRECTION ( 'NONE',  ( 0.000000000000000000, 0.000000000000000000, 1.000000000000000000 ) ) ;
#4015 = ADVANCED_FACE ( 'NONE', ( #6549 ), #2268, .T. ) ;
#4016 = EDGE_CURVE ( 'NONE', #8288, #4492, #2432, .T. ) ;
#4017 = ORIENTED_EDGE ( 'NONE', *, *, #4526, .T. ) ;
#4018 = EDGE_CURVE ( 'NONE', #10105, #896, #4857, .T. ) ;
#4019 = ORIENTED_EDGE ( 'NONE', *, *, #7008, .F. ) ;
#4020 = DIRECTION ( 'NONE',  ( 0.000000000000000000, 0.000000000000000000, -1.000000000000000000 ) ) ;
#4021 = ORIENTED_EDGE ( 'NONE', *, *, #8411, .F. ) ;
#4022 = LINE ( 'NONE', #7415, #6408 ) ;
#4023 = PLANE ( 'NONE',  #3875 ) ;
#4024 = VERTEX_POINT ( 'NONE', #7482 ) ;
#4025 = DIRECTION ( 'NONE',  ( 1.000000000000000000, 0.000000000000000000, 0.000000000000000000 ) ) ;
#4026 = DIRECTION ( 'NONE',  ( 3.562560286365675406E-16, 2.289355435504965093E-31, 1.000000000000000000 ) ) ;
#4027 = VERTEX_POINT ( 'NONE', #5235 ) ;
#4028 = EDGE_CURVE ( 'NONE', #9822, #1549, #2536, .T. ) ;
#4029 = CARTESIAN_POINT ( 'NONE',  ( -8.055380806845318986, 0.01870648438078380271, -20.27224474535575283 ) ) ;
#4030 = ORIENTED_EDGE ( 'NONE', *, *, #7830, .F. ) ;
#4031 = CARTESIAN_POINT ( 'NONE',  ( -8.699999999999999289, 2.500000000000000000, 0.000000000000000000 ) ) ;
#4032 = DIRECTION ( 'NONE',  ( 1.000000000000000000, 0.000000000000000000, 0.000000000000000000 ) ) ;
#4033 = B_SPLINE_CURVE_WITH_KNOTS ( 'NONE', 3,
 ( #8075, #10670, #538, #3900, #8134, #9668, #8026, #10607 ),
 .UNSPECIFIED., .F., .F.,
 ( 4, 2, 2, 4 ),
 ( 0.000000000000000000, 0.5000000000000000000, 0.7500000000000000000, 1.000000000000000000 ),
 .UNSPECIFIED. ) ;
#4034 = ORIENTED_EDGE ( 'NONE', *, *, #3943, .F. ) ;
#4035 = CARTESIAN_POINT ( 'NONE',  ( -8.538412247712431125, 0.1499999999999999944, -19.54561542961393883 ) ) ;
#4036 = ORIENTED_EDGE ( 'NONE', *, *, #10319, .F. ) ;
#4037 = SURFACE_STYLE_FILL_AREA ( #9187 ) ;
#4038 = CARTESIAN_POINT ( 'NONE',  ( 61.95510655778610243, -1.499999953999900049, -3.970018879999974271 ) ) ;
#4039 = EDGE_CURVE ( 'NONE', #7792, #443, #3, .T. ) ;
#4040 = DIRECTION ( 'NONE',  ( 0.000000000000000000, -1.000000000000000000, -3.848953698056005812E-15 ) ) ;
#4041 = LINE ( 'NONE', #3111, #1251 ) ;
#4042 = ORIENTED_EDGE ( 'NONE', *, *, #2667, .T. ) ;
#4043 = LINE ( 'NONE', #10798, #10322 ) ;
#4044 = CARTESIAN_POINT ( 'NONE',  ( -8.030453801170089889, -0.04918077474455440079, -20.10379709055645137 ) ) ;
#4045 = FACE_OUTER_BOUND ( 'NONE', #3538, .T. ) ;
#4046 = EDGE_LOOP ( 'NONE', ( #7141, #1342, #9641, #3808 ) ) ;
#4047 = PLANE ( 'NONE',  #10599 ) ;
#4048 = FACE_OUTER_BOUND ( 'NONE', #6375, .T. ) ;
#4049 = ADVANCED_FACE ( 'NONE', ( #9399 ), #10165, .F. ) ;
#4050 = EDGE_CURVE ( 'NONE', #8482, #10175, #9155, .T. ) ;
#4051 = DIRECTION ( 'NONE',  ( 1.000000000000000000, 0.000000000000000000, 0.000000000000000000 ) ) ;
#4052 = ORIENTED_EDGE ( 'NONE', *, *, #106, .F. ) ;
#4053 = VERTEX_POINT ( 'NONE', #5017 ) ;
#4054 = VERTEX_POINT ( 'NONE', #6819 ) ;
#4055 = VECTOR ( 'NONE', #1935, 1000.000000000000000 ) ;
#4056 = DIRECTION ( 'NONE',  ( 0.000000000000000000, 0.000000000000000000, 1.000000000000000000 ) ) ;
#4057 = LINE ( 'NONE', #5802, #8038 ) ;
#4058 = VERTEX_POINT ( 'NONE', #4306 ) ;
#4059 = DIRECTION ( 'NONE',  ( -1.000000000000000000, -3.191474542079354260E-15, 0.000000000000000000 ) ) ;
#4060 = CARTESIAN_POINT ( 'NONE',  ( 7.969156873726400470, -0.06570026152080700454, -20.18710841121444943 ) ) ;
#4061 = LINE ( 'NONE', #5861, #7860 ) ;
#4062 = CARTESIAN_POINT ( 'NONE',  ( 3.250871628118515722E-17, -1.499999954000042157, -20.24880012599999901 ) ) ;
#4063 = DIRECTION ( 'NONE',  ( -1.000000000000000000, 3.446013993391890312E-15, 3.562560286365675406E-16 ) ) ;
#4064 = EDGE_CURVE ( 'NONE', #9785, #6046, #214, .T. ) ;
#4065 = ORIENTED_EDGE ( 'NONE', *, *, #9691, .F. ) ;
#4066 = VERTEX_POINT ( 'NONE', #7534 ) ;
#4067 = CARTESIAN_POINT ( 'NONE',  ( -8.871941681342910613, 0.01859936015242760060, -19.35382004495765074 ) ) ;
#4068 = ORIENTED_EDGE ( 'NONE', *, *, #6890, .T. ) ;
#4069 = ORIENTED_EDGE ( 'NONE', *, *, #3594, .T. ) ;
#4070 = EDGE_CURVE ( 'NONE', #6355, #6194, #10058, .T. ) ;
#4071 = DIRECTION ( 'NONE',  ( 3.848953698056000290E-15, -1.000000000000000000, -1.674047928902419981E-31 ) ) ;
#4072 = FACE_OUTER_BOUND ( 'NONE', #5831, .T. ) ;
#4073 = ORIENTED_EDGE ( 'NONE', *, *, #7227, .F. ) ;
#4074 = DIRECTION ( 'NONE',  ( 0.000000000000000000, 0.000000000000000000, 1.000000000000000000 ) ) ;
#4075 = DIRECTION ( 'NONE',  ( 0.7071067811865470176, -3.592653961575235902E-15, 0.7071067811865480168 ) ) ;
#4076 = EDGE_CURVE ( 'NONE', #8925, #7116, #2359, .T. ) ;
#4077 = ORIENTED_EDGE ( 'NONE', *, *, #2468, .T. ) ;
#4078 = VECTOR ( 'NONE', #2713, 1000.000000000000000 ) ;
#4079 = CARTESIAN_POINT ( 'NONE',  ( -8.453089367881339911, 0.1499999769999724175, -0.2999999080000035345 ) ) ;
#4080 = ORIENTED_EDGE ( 'NONE', *, *, #7416, .F. ) ;
#4081 = EDGE_CURVE ( 'NONE', #3422, #6588, #202, .T. ) ;
#4082 = ADVANCED_FACE ( 'NONE', ( #10216 ), #162, .T. ) ;
#4083 = DIRECTION ( 'NONE',  ( -3.562560286365675406E-16, 1.751623080406019977E-46, -1.000000000000000000 ) ) ;
#4084 = VECTOR ( 'NONE', #6529, 1000.000000000000000 ) ;
#4085 = CARTESIAN_POINT ( 'NONE',  ( -8.623800091999999751, 0.1499999999999684086, -0.4707106321186560471 ) ) ;
#4086 = ORIENTED_EDGE ( 'NONE', *, *, #1356, .T. ) ;
#4087 = PLANE ( 'NONE',  #6443 ) ;
#4088 = EDGE_LOOP ( 'NONE', ( #10032, #2782, #866, #3139 ) ) ;
#4089 = DIRECTION ( 'NONE',  ( 0.000000000000000000, 0.000000000000000000, 1.000000000000000000 ) ) ;
#4090 = DIRECTION ( 'NONE',  ( -8.904572318030769708E-17, -3.089394128724235091E-31, 1.000000000000000000 ) ) ;
#4091 = CARTESIAN_POINT ( 'NONE',  ( 9.000000000000000000, 3.750000000000000000, 0.8719667599999999519 ) ) ;
#4092 = AXIS2_PLACEMENT_3D ( 'NONE', #9309, #10079, #6124 ) ;
#4093 = ADVANCED_FACE ( 'NONE', ( #8463 ), #2699, .T. ) ;
#4094 = DIRECTION ( 'NONE',  ( 0.000000000000000000, -2.903302832784645416E-15, 1.000000000000000000 ) ) ;
#4095 = AXIS2_PLACEMENT_3D ( 'NONE', #8830, #10537, #7907 ) ;
#4096 = FACE_OUTER_BOUND ( 'NONE', #8201, .T. ) ;
#4097 = CARTESIAN_POINT ( 'NONE',  ( -9.000000000000000000, 7.500000000000000000, 0.8719667599999999519 ) ) ;
#4098 = CARTESIAN_POINT ( 'NONE',  ( 7.701459256947480014, 0.1215253162221785893, -20.23874233125579991 ) ) ;
#4099 = CARTESIAN_POINT ( 'NONE',  ( 61.95510655778610243, -1.802799999999810110, -17.04501940000000104 ) ) ;
#4100 = ORIENTED_EDGE ( 'NONE', *, *, #7800, .T. ) ;
#4101 = AXIS2_PLACEMENT_3D ( 'NONE', #10023, #5639, #7450 ) ;
#4102 = CARTESIAN_POINT ( 'NONE',  ( -8.735531702763509543, -1.499999954000039937, -19.45340364734834893 ) ) ;
#4103 = CARTESIAN_POINT ( 'NONE',  ( 8.699619119180344029, 0.1500000000000021316, -19.16042692970910721 ) ) ;
#4104 = DIRECTION ( 'NONE',  ( 0.000000000000000000, 1.000000000000000000, 0.000000000000000000 ) ) ;
#4105 = CIRCLE ( 'NONE', #3400, 0.2999999999999999334 ) ;
#4106 = CARTESIAN_POINT ( 'NONE',  ( -8.703089367881348792, -0.1446800112590491960, -0.1499999539999994080 ) ) ;
#4107 = ORIENTED_EDGE ( 'NONE', *, *, #10243, .F. ) ;
#4108 = EDGE_LOOP ( 'NONE', ( #1013, #524, #1946, #10356 ) ) ;
#4109 = ORIENTED_EDGE ( 'NONE', *, *, #3321, .F. ) ;
#4110 = VECTOR ( 'NONE', #496, 1000.000000000000000 ) ;
#4111 = VECTOR ( 'NONE', #10525, 1000.000000000000000 ) ;
#4112 = ADVANCED_FACE ( 'NONE', ( #4363 ), #7301, .T. ) ;
#4113 = CARTESIAN_POINT ( 'NONE',  ( -8.841597687414571638, -1.499999954000042157, -19.55946963199944832 ) ) ;
#4114 = FACE_OUTER_BOUND ( 'NONE', #3907, .T. ) ;
#4115 = ORIENTED_EDGE ( 'NONE', *, *, #5283, .T. ) ;
#4116 = CARTESIAN_POINT ( 'NONE',  ( -8.854260824682091524, 0.05049338102094391018, -19.24621138741213855 ) ) ;
#4117 = CARTESIAN_POINT ( 'NONE',  ( -5.608999999999999986, 4.722999999999999865, 0.000000000000000000 ) ) ;
#4118 = DIRECTION ( 'NONE',  ( 0.000000000000000000, 0.000000000000000000, 1.000000000000000000 ) ) ;
#4119 = LINE ( 'NONE', #4062, #6019 ) ;
#4120 = LINE ( 'NONE', #10874, #4084 ) ;
#4121 = AXIS2_PLACEMENT_3D ( 'NONE', #4397, #2794, #3564 ) ;
#4122 = ORIENTED_EDGE ( 'NONE', *, *, #2908, .T. ) ;
#4123 = ORIENTED_EDGE ( 'NONE', *, *, #4423, .T. ) ;
#4124 = EDGE_CURVE ( 'NONE', #2668, #4066, #3927, .T. ) ;
#4125 = CARTESIAN_POINT ( 'NONE',  ( -8.703089367881348792, -0.1499999539999994080, -0.2999999080000029794 ) ) ;
#4126 = ORIENTED_EDGE ( 'NONE', *, *, #8706, .T. ) ;
#4127 = EDGE_CURVE ( 'NONE', #1746, #5541, #5540, .T. ) ;
#4128 = ORIENTED_EDGE ( 'NONE', *, *, #4081, .F. ) ;
#4129 = CIRCLE ( 'NONE', #7100, 0.2000000000000005107 ) ;
#4130 = LINE ( 'NONE', #6594, #4840 ) ;
#4131 = CARTESIAN_POINT ( 'NONE',  ( -8.923799999999999955, -1.802799999999999958, -16.79719938409719759 ) ) ;
#4132 = ORIENTED_EDGE ( 'NONE', *, *, #3957, .F. ) ;
#4133 = FACE_OUTER_BOUND ( 'NONE', #4640, .T. ) ;
#4134 = LINE ( 'NONE', #9068, #6085 ) ;
#4135 = VECTOR ( 'NONE', #8777, 1000.000000000000000 ) ;
#4136 = EDGE_LOOP ( 'NONE', ( #1875, #5420, #3605, #4936 ) ) ;
#4137 = EDGE_CURVE ( 'NONE', #9762, #6679, #9507, .T. ) ;
#4138 = CARTESIAN_POINT ( 'NONE',  ( -8.923799999999999955, -1.802799999999999958, -4.297198984097219565 ) ) ;
#4139 = VECTOR ( 'NONE', #4522, 1000.000000000000000 ) ;
#4140 = CARTESIAN_POINT ( 'NONE',  ( 8.922075049335129293, -0.1178752348228534058, -0.4707101321186560328 ) ) ;
#4141 = ORIENTED_EDGE ( 'NONE', *, *, #322, .F. ) ;
#4142 = LINE ( 'NONE', #8150, #4871 ) ;
#4143 = ORIENTED_EDGE ( 'NONE', *, *, #5884, .T. ) ;
#4144 = CARTESIAN_POINT ( 'NONE',  ( 3.623399577763770196, 7.427777469656320183E-13, -20.24880012599999901 ) ) ;
#4145 =( LENGTH_UNIT ( ) NAMED_UNIT ( * ) SI_UNIT ( .MILLI., .METRE. ) );
#4146 = VECTOR ( 'NONE', #5838, 1000.000000000000000 ) ;
#4147 = CARTESIAN_POINT ( 'NONE',  ( 0.000000000000000000, -1.802800045999999989, -0.1499999539999936071 ) ) ;
#4148 = EDGE_CURVE ( 'NONE', #7988, #713, #526, .T. ) ;
#4149 = AXIS2_PLACEMENT_3D ( 'NONE', #9686, #506, #1222 ) ;
#4150 = B_SPLINE_CURVE_WITH_KNOTS ( 'NONE', 1,
 ( #4230, #8294 ),
 .UNSPECIFIED., .F., .F.,
 ( 2, 2 ),
 ( 0.000000000000000000, 1.000000000000000000 ),
 .UNSPECIFIED. ) ;
#4151 = EDGE_CURVE ( 'NONE', #1921, #10250, #5596, .T. ) ;
#4152 = LINE ( 'NONE', #1666, #24 ) ;
#4153 = VECTOR ( 'NONE', #250, 1000.000000000000000 ) ;
#4154 = ORIENTED_EDGE ( 'NONE', *, *, #5282, .T. ) ;
#4155 = DIRECTION ( 'NONE',  ( 1.000000000000000000, 0.000000000000000000, 0.000000000000000000 ) ) ;
#4156 = CARTESIAN_POINT ( 'NONE',  ( -8.004137898099989101, -0.06111922942101939704, -20.14389387961089639 ) ) ;
#4157 = LINE ( 'NONE', #4820, #3461 ) ;
#4158 = AXIS2_PLACEMENT_3D ( 'NONE', #1156, #5998, #3697 ) ;
#4159 = VERTEX_POINT ( 'NONE', #7033 ) ;
#4160 = LINE ( 'NONE', #1608, #5510 ) ;
#4161 = CARTESIAN_POINT ( 'NONE',  ( 8.623800091999999751, 0.1499999999999999944, -19.16595265026500172 ) ) ;
#4162 = LINE ( 'NONE', #2341, #3036 ) ;
#4163 = LINE ( 'NONE', #4986, #6043 ) ;
#4164 = ADVANCED_FACE ( 'NONE', ( #7292 ), #1924, .F. ) ;
#4165 = AXIS2_PLACEMENT_3D ( 'NONE', #2927, #1481, #8031 ) ;
#4166 = ORIENTED_EDGE ( 'NONE', *, *, #8919, .F. ) ;
#4167 = EDGE_LOOP ( 'NONE', ( #1245, #8549, #3553, #9329 ) ) ;
#4168 = ORIENTED_EDGE ( 'NONE', *, *, #1039, .F. ) ;
#4169 = FACE_OUTER_BOUND ( 'NONE', #2881, .T. ) ;
#4170 = DIRECTION ( 'NONE',  ( 0.000000000000000000, 0.000000000000000000, 1.000000000000000000 ) ) ;
#4171 = VERTEX_POINT ( 'NONE', #268 ) ;
#4172 = CARTESIAN_POINT ( 'NONE',  ( -8.871868828381400007, 0.01870648438078955159, -19.35022222038774942 ) ) ;
#4173 = DIRECTION ( 'NONE',  ( 0.000000000000000000, -1.000000000000000000, -3.848953698056000290E-15 ) ) ;
#4174 = AXIS2_PLACEMENT_3D ( 'NONE', #8801, #1271, #3917 ) ;
#4175 = FACE_OUTER_BOUND ( 'NONE', #10547, .T. ) ;
#4176 = CARTESIAN_POINT ( 'NONE',  ( -8.453089367881345240, 0.1499999540000042098, -0.2268245133597034391 ) ) ;
#4177 = DIRECTION ( 'NONE',  ( 3.804463746895945552E-15, -1.000000000000000000, -7.653417444951971085E-15 ) ) ;
#4178 = DIRECTION ( 'NONE',  ( 0.7071067811865446862, 2.710506262435661118E-15, -0.7071067811865503483 ) ) ;
#4179 = EDGE_CURVE ( 'NONE', #1937, #10652, #9765, .T. ) ;
#4180 = AXIS2_PLACEMENT_3D ( 'NONE', #4733, #4020, #5606 ) ;
#4181 = ORIENTED_EDGE ( 'NONE', *, *, #5988, .T. ) ;
#4182 = ORIENTED_EDGE ( 'NONE', *, *, #6812, .T. ) ;
#4183 = CARTESIAN_POINT ( 'NONE',  ( 4.969999999999999751, -9.342999999999999972, 0.8719667599999999519 ) ) ;
#4184 = ORIENTED_EDGE ( 'NONE', *, *, #6867, .T. ) ;
#4185 = ORIENTED_EDGE ( 'NONE', *, *, #8279, .F. ) ;
#4186 = CARTESIAN_POINT ( 'NONE',  ( 8.773800046000008734, -0.9999999540000930054, 6.293139155876279605E-16 ) ) ;
#4187 = DIRECTION ( 'NONE',  ( 0.000000000000000000, 0.000000000000000000, 1.000000000000000000 ) ) ;
#4188 = VERTEX_POINT ( 'NONE', #10651 ) ;
#4189 = CARTESIAN_POINT ( 'NONE',  ( -9.000000000000000000, 7.200000000000000178, 0.000000000000000000 ) ) ;
#4190 = AXIS2_PLACEMENT_3D ( 'NONE', #3113, #9918, #2392 ) ;
#4191 = VECTOR ( 'NONE', #286, 1000.000000000000000 ) ;
#4192 = ADVANCED_FACE ( 'NONE', ( #4467 ), #3129, .F. ) ;
#4193 = B_SPLINE_CURVE_WITH_KNOTS ( 'NONE', 3,
 ( #7535, #770, #7483, #3263 ),
 .UNSPECIFIED., .F., .F.,
 ( 4, 4 ),
 ( 0.000000000000000000, 1.000000000000000000 ),
 .UNSPECIFIED. ) ;
#4194 = EDGE_CURVE ( 'NONE', #1981, #1155, #5338, .T. ) ;
#4195 = VERTEX_POINT ( 'NONE', #8680 ) ;
#4196 = ORIENTED_EDGE ( 'NONE', *, *, #7615, .F. ) ;
#4197 = B_SPLINE_CURVE_WITH_KNOTS ( 'NONE', 1,
 ( #4257, #4534 ),
 .UNSPECIFIED., .F., .F.,
 ( 2, 2 ),
 ( 0.000000000000000000, 1.000000000000000000 ),
 .UNSPECIFIED. ) ;
#4198 = CARTESIAN_POINT ( 'NONE',  ( -8.047903072767208954, 0.01838495531328884769, -20.28003128818235012 ) ) ;
#4199 = FACE_OUTER_BOUND ( 'NONE', #3266, .T. ) ;
#4200 = ORIENTED_EDGE ( 'NONE', *, *, #2111, .F. ) ;
#4201 = DIRECTION ( 'NONE',  ( -1.000000000000000000, 0.000000000000000000, 0.000000000000000000 ) ) ;
#4202 = ORIENTED_EDGE ( 'NONE', *, *, #2193, .F. ) ;
#4203 = DIRECTION ( 'NONE',  ( -1.000000000000000000, 3.491481338843135327E-15, 0.000000000000000000 ) ) ;
#4204 = CARTESIAN_POINT ( 'NONE',  ( 7.982402882876349359, -0.1499999079999985996, -20.21053178276349982 ) ) ;
#4205 = EDGE_CURVE ( 'NONE', #6748, #1973, #7864, .T. ) ;
#4206 = DIRECTION ( 'NONE',  ( 1.000000000000000000, 3.773070659138142909E-15, 0.000000000000000000 ) ) ;
#4207 = APPLICATION_CONTEXT ( 'automotive_design' ) ;
#4208 = CARTESIAN_POINT ( 'NONE',  ( 9.000000000000000000, 2.799999999999999822, 0.8719667599999999519 ) ) ;
#4209 = CARTESIAN_POINT ( 'NONE',  ( 8.662084592711050135, 4.600000183893889757E-08, -19.16037227129104892 ) ) ;
#4210 = ADVANCED_FACE ( 'NONE', ( #5646 ), #1351, .F. ) ;
#4211 = LINE ( 'NONE', #1668, #3637 ) ;
#4212 = DIRECTION ( 'NONE',  ( -1.000000000000000000, 0.000000000000000000, 0.000000000000000000 ) ) ;
#4213 = ORIENTED_EDGE ( 'NONE', *, *, #210, .F. ) ;
#4214 = FACE_OUTER_BOUND ( 'NONE', #7582, .T. ) ;
#4215 = FACE_OUTER_BOUND ( 'NONE', #8577, .T. ) ;
#4216 = FACE_OUTER_BOUND ( 'NONE', #10467, .T. ) ;
#4217 = ADVANCED_FACE ( 'NONE', ( #10592 ), #2293, .F. ) ;
#4218 = DIRECTION ( 'NONE',  ( -3.848953698056000290E-15, -1.000000000000000000, 0.000000000000000000 ) ) ;
#4219 = VERTEX_POINT ( 'NONE', #639 ) ;
#4220 = ORIENTED_EDGE ( 'NONE', *, *, #3987, .T. ) ;
#4221 = ORIENTED_EDGE ( 'NONE', *, *, #6334, .T. ) ;
#4222 = CARTESIAN_POINT ( 'NONE',  ( 61.95510655778610243, -1.499999953999900049, -7.720018999999999743 ) ) ;
#4223 = CARTESIAN_POINT ( 'NONE',  ( -8.400000000000000355, 10.41999999999999993, 0.8719667599999999519 ) ) ;
#4224 = VERTEX_POINT ( 'NONE', #2809 ) ;
#4225 = EDGE_CURVE ( 'NONE', #1219, #9447, #7354, .T. ) ;
#4226 = CARTESIAN_POINT ( 'NONE',  ( 8.538399079131748337, 0.1500000000000039913, -19.54959950621055143 ) ) ;
#4227 = FACE_OUTER_BOUND ( 'NONE', #10268, .T. ) ;
#4228 = CARTESIAN_POINT ( 'NONE',  ( 8.735531702763498885, -0.1499999079999969898, -19.45740296287634763 ) ) ;
#4229 = PLANE ( 'NONE',  #7950 ) ;
#4230 = CARTESIAN_POINT ( 'NONE',  ( -8.797243577120170244, 0.01870654388746854913, -19.53038191784870037 ) ) ;
#4231 = CARTESIAN_POINT ( 'NONE',  ( 8.702788380964831205, -0.1286307134945129937, -0.0005665739692816009572 ) ) ;
#4232 = ORIENTED_EDGE ( 'NONE', *, *, #6893, .T. ) ;
#4233 = ORIENTED_EDGE ( 'NONE', *, *, #8653, .F. ) ;
#4234 = FACE_OUTER_BOUND ( 'NONE', #7746, .T. ) ;
#4235 = ORIENTED_EDGE ( 'NONE', *, *, #9535, .T. ) ;
#4236 = EDGE_CURVE ( 'NONE', #6735, #6295, #3690, .T. ) ;
#4237 = CARTESIAN_POINT ( 'NONE',  ( 7.886417105055389065, 0.01849218873363080162, -20.34701454491474948 ) ) ;
#4238 = CARTESIAN_POINT ( 'NONE',  ( -7.697223138786999819, 0.1213579076846709875, -20.23895558796279914 ) ) ;
#4239 = VERTEX_POINT ( 'NONE', #9457 ) ;
#4240 = DIRECTION ( 'NONE',  ( 0.000000000000000000, 1.000000000000000000, 0.000000000000000000 ) ) ;
#4241 = VECTOR ( 'NONE', #10049, 1000.000000000000000 ) ;
#4242 = ORIENTED_EDGE ( 'NONE', *, *, #2031, .F. ) ;
#4243 = EDGE_LOOP ( 'NONE', ( #2485, #5792, #10507, #7355 ) ) ;
#4245 = ADVANCED_FACE ( 'NONE', ( #8882 ), #3887, .T. ) ;
#4244 = CARTESIAN_POINT ( 'NONE',  ( -8.511832680183029964, 4.599999884811509901E-08, -19.51911316076125047 ) ) ;
#4246 = ADVANCED_FACE ( 'NONE', ( #5857 ), #7400, .F. ) ;
#4247 = DIRECTION ( 'NONE',  ( 0.000000000000000000, 0.000000000000000000, -1.000000000000000000 ) ) ;
#4248 = VERTEX_POINT ( 'NONE', #10087 ) ;
#4250 = VECTOR ( 'NONE', #10571, 1000.000000000000000 ) ;
#4249 = CARTESIAN_POINT ( 'NONE',  ( -8.923799999999999955, -0.1499999080000008200, -19.36101569409725087 ) ) ;
#4251 = ORIENTED_EDGE ( 'NONE', *, *, #7964, .T. ) ;
#4252 =( NAMED_UNIT ( * ) SI_UNIT ( $, .STERADIAN. ) SOLID_ANGLE_UNIT ( ) );
#4253 = CARTESIAN_POINT ( 'NONE',  ( -8.923799999999999955, -1.499999954000042157, -19.36101569409725087 ) ) ;
#4254 = PLANE ( 'NONE',  #10434 ) ;
#4255 = VERTEX_POINT ( 'NONE', #1620 ) ;
#4256 = VECTOR ( 'NONE', #4915, 1000.000000000000000 ) ;
#4258 = EDGE_CURVE ( 'NONE', #2750, #381, #8393, .T. ) ;
#4257 = CARTESIAN_POINT ( 'NONE',  ( -8.871868828381400007, 0.01870648438078955159, -19.35022222038774942 ) ) ;
#4259 = CARTESIAN_POINT ( 'NONE',  ( 61.95510655778610243, -1.802799999999810110, -18.29501944000000080 ) ) ;
#4260 = EDGE_CURVE ( 'NONE', #6165, #7778, #5099, .T. ) ;
#4261 = ORIENTED_EDGE ( 'NONE', *, *, #7665, .F. ) ;
#4262 = DIRECTION ( 'NONE',  ( -0.7071067811865460184, 4.214398184036649235E-14, -0.7071067811865489050 ) ) ;
#4263 = CARTESIAN_POINT ( 'NONE',  ( 8.923799999999999955, -1.499999954000104108, -18.29501944000000080 ) ) ;
#4264 = ORIENTED_EDGE ( 'NONE', *, *, #8774, .F. ) ;
#4265 = DIRECTION ( 'NONE',  ( 0.000000000000000000, -1.000000000000000000, 0.000000000000000000 ) ) ;
#4266 = CARTESIAN_POINT ( 'NONE',  ( 8.453089367881350569, 0.1499999999999999944, -1.355253131217835847E-17 ) ) ;
#4267 = DIRECTION ( 'NONE',  ( 0.000000000000000000, -1.000000000000000000, 0.000000000000000000 ) ) ;
#4268 = CARTESIAN_POINT ( 'NONE',  ( 8.923799999999999955, -1.802799999999999958, -8.041019119999980092 ) ) ;
#4269 = VECTOR ( 'NONE', #5924, 1000.000000000000000 ) ;
#4270 = EDGE_LOOP ( 'NONE', ( #2056, #4431, #329, #9467 ) ) ;
#4271 = EDGE_LOOP ( 'NONE', ( #7913, #7352, #448, #2308 ) ) ;
#4272 = ORIENTED_EDGE ( 'NONE', *, *, #1766, .F. ) ;
#4273 = VECTOR ( 'NONE', #6259, 1000.000000000000000 ) ;
#4274 = CARTESIAN_POINT ( 'NONE',  ( -5.608999999999999986, 4.722999999999999865, 0.8719667599999999519 ) ) ;
#4275 = EDGE_CURVE ( 'NONE', #6655, #869, #1737, .T. ) ;
#4276 = VECTOR ( 'NONE', #5360, 1000.000000000000000 ) ;
#4277 = LINE ( 'NONE', #9104, #4362 ) ;
#4278 = ORIENTED_EDGE ( 'NONE', *, *, #9680, .T. ) ;
#4279 = DIRECTION ( 'NONE',  ( -3.491481338843135327E-15, -1.000000000000000000, 1.243861275834940073E-30 ) ) ;
#4280 = FACE_OUTER_BOUND ( 'NONE', #5515, .T. ) ;
#4281 = CARTESIAN_POINT ( 'NONE',  ( 8.051902727557290973, 0.01838498511474540020, -20.28003092033765142 ) ) ;
#4282 = VECTOR ( 'NONE', #1350, 1000.000000000000000 ) ;
#4283 = CARTESIAN_POINT ( 'NONE',  ( 2.373399537764049771, -1.499999953999898050, -79.67810574249129729 ) ) ;
#4284 = PLANE ( 'NONE',  #9689 ) ;
#4285 = CARTESIAN_POINT ( 'NONE',  ( 2.627399537764104842, -1.802799999999830094, -79.67810574249129729 ) ) ;
#4286 = MECHANICAL_DESIGN_GEOMETRIC_PRESENTATION_REPRESENTATION (  '', ( #1104 ), #7248 ) ;
#4287 = EDGE_CURVE ( 'NONE', #10725, #8467, #6579, .T. ) ;
#4288 = VECTOR ( 'NONE', #10184, 1000.000000000000000 ) ;
#4289 = EDGE_CURVE ( 'NONE', #7351, #3156, #7178, .T. ) ;
#4290 = EDGE_LOOP ( 'NONE', ( #6497, #6575, #4815, #9726 ) ) ;
#4291 = VERTEX_POINT ( 'NONE', #1681 ) ;
#4292 = AXIS2_PLACEMENT_3D ( 'NONE', #9987, #2462, #4776 ) ;
#4293 = PLANE ( 'NONE',  #10230 ) ;
#4294 = ADVANCED_FACE ( 'NONE', ( #5047 ), #2407, .F. ) ;
#4295 = VERTEX_POINT ( 'NONE', #30 ) ;
#4296 = CARTESIAN_POINT ( 'NONE',  ( -8.922075049335118635, -0.1178752348228414015, -0.2216140942213130072 ) ) ;
#4297 = DIRECTION ( 'NONE',  ( 0.7071067811865475727, 2.662161967126738525E-15, -0.7071067811865475727 ) ) ;
#4298 = ORIENTED_EDGE ( 'NONE', *, *, #5375, .F. ) ;
#4299 = VECTOR ( 'NONE', #7395, 1000.000000000000000 ) ;
#4300 = CARTESIAN_POINT ( 'NONE',  ( 61.95510655778610243, -1.499999953999900049, -4.291019000000000361 ) ) ;
#4301 = EDGE_CURVE ( 'NONE', #4842, #10844, #6805, .T. ) ;
#4302 = ORIENTED_EDGE ( 'NONE', *, *, #7531, .T. ) ;
#4303 = VECTOR ( 'NONE', #1760, 1000.000000000000000 ) ;
#4304 = VERTEX_POINT ( 'NONE', #4940 ) ;
#4305 = VECTOR ( 'NONE', #2327, 1000.000000000000000 ) ;
#4306 = CARTESIAN_POINT ( 'NONE',  ( -5.710000000000000853, 4.722999999999999865, 0.8719667599999999519 ) ) ;
#4307 = CARTESIAN_POINT ( 'NONE',  ( -8.661710835523329877, 4.599999582062219860E-08, -19.15642743490510114 ) ) ;
#4308 = ORIENTED_EDGE ( 'NONE', *, *, #7143, .F. ) ;
#4309 = CARTESIAN_POINT ( 'NONE',  ( -7.886015614097229509, 4.600000195749240158E-08, -20.11814382951234847 ) ) ;
#4310 = ORIENTED_EDGE ( 'NONE', *, *, #6829, .T. ) ;
#4311 = DIRECTION ( 'NONE',  ( 0.000000000000000000, 0.000000000000000000, 1.000000000000000000 ) ) ;
#4312 = VECTOR ( 'NONE', #6537, 1000.000000000000000 ) ;
#4313 = CARTESIAN_POINT ( 'NONE',  ( -9.000000000000000000, 11.00000000000000000, 0.000000000000000000 ) ) ;
#4314 = EDGE_CURVE ( 'NONE', #981, #9654, #2067, .T. ) ;
#4315 = ORIENTED_EDGE ( 'NONE', *, *, #4607, .T. ) ;
#4316 = CARTESIAN_POINT ( 'NONE',  ( -6.383799999999999919, -1.499999954000070135, -4.872199104097219902 ) ) ;
#4317 = CARTESIAN_POINT ( 'NONE',  ( -9.000000000000000000, -7.200000000000000178, 0.000000000000000000 ) ) ;
#4318 = CARTESIAN_POINT ( 'NONE',  ( 3.623399577764045087, -1.499999953999898050, -79.67810574249129729 ) ) ;
#4319 = CARTESIAN_POINT ( 'NONE',  ( 7.777737031679880175, -0.04918077474449989578, -20.21013237465020040 ) ) ;
#4320 = DIRECTION ( 'NONE',  ( 0.000000000000000000, 1.355252715606888678E-16, -1.000000000000000000 ) ) ;
#4321 = ORIENTED_EDGE ( 'NONE', *, *, #3786, .F. ) ;
#4322 = LINE ( 'NONE', #2614, #4288 ) ;
#4323 = CARTESIAN_POINT ( 'NONE',  ( -6.500000000000000000, 11.00000000000000000, 0.000000000000000000 ) ) ;
#4324 = DIRECTION ( 'NONE',  ( 3.446013993391890312E-15, 1.000000000000000000, 0.000000000000000000 ) ) ;
#4325 = MECHANICAL_DESIGN_GEOMETRIC_PRESENTATION_REPRESENTATION (  '', ( #9046 ), #10454 ) ;
#4326 = FACE_OUTER_BOUND ( 'NONE', #4373, .T. ) ;
#4327 = EDGE_CURVE ( 'NONE', #4804, #4027, #4277, .T. ) ;
#4328 = ORIENTED_EDGE ( 'NONE', *, *, #3233, .T. ) ;
#4329 = ORIENTED_EDGE ( 'NONE', *, *, #1482, .T. ) ;
#4330 = AXIS2_PLACEMENT_3D ( 'NONE', #2629, #4025, #9121 ) ;
#4331 = ORIENTED_EDGE ( 'NONE', *, *, #9552, .T. ) ;
#4332 = CARTESIAN_POINT ( 'NONE',  ( 61.95510655778610243, -1.802799999999810110, -8.041019119999980092 ) ) ;
#4333 = CARTESIAN_POINT ( 'NONE',  ( -8.923799999999999955, -1.499999954000060143, -4.872199104097219902 ) ) ;
#4334 = ORIENTED_EDGE ( 'NONE', *, *, #2063, .F. ) ;
#4335 = LINE ( 'NONE', #10089, #8781 ) ;
#4336 = CARTESIAN_POINT ( 'NONE',  ( 9.000000000000000000, -7.799999999999999822, 0.000000000000000000 ) ) ;
#4337 = CARTESIAN_POINT ( 'NONE',  ( 8.841597687414571638, 3.440776812437904236E-14, -19.56346894752739729 ) ) ;
#4338 = LINE ( 'NONE', #3561, #6192 ) ;
#4339 = CARTESIAN_POINT ( 'NONE',  ( 7.982402882876349359, -0.1499999079999985996, -20.21053178276349982 ) ) ;
#4340 = DIRECTION ( 'NONE',  ( 3.629128540980805093E-15, -1.000000000000000000, 6.755151197360919788E-16 ) ) ;
#4341 = CIRCLE ( 'NONE', #9414, 0.2999999999999999334 ) ;
#4342 = CIRCLE ( 'NONE', #10293, 0.2999999999999999334 ) ;
#4343 = DIRECTION ( 'NONE',  ( -1.833260990695839833E-13, 1.000000000000000000, 3.848953698056000290E-15 ) ) ;
#4344 = ADVANCED_FACE ( 'NONE', ( #4114 ), #6522, .F. ) ;
#4345 = PRODUCT_DEFINITION_SHAPE ( 'NONE', 'NONE',  #10885 ) ;
#4346 = ORIENTED_EDGE ( 'NONE', *, *, #5865, .T. ) ;
#4347 = EDGE_LOOP ( 'NONE', ( #1512, #7413, #7006, #7562 ) ) ;
#4348 = DIRECTION ( 'NONE',  ( 1.000000000000000000, 0.000000000000000000, 0.000000000000000000 ) ) ;
#4349 = AXIS2_PLACEMENT_3D ( 'NONE', #2703, #9404, #5240 ) ;
#4350 = CIRCLE ( 'NONE', #469, 0.2999999999999999334 ) ;
#4351 = ORIENTED_EDGE ( 'NONE', *, *, #5137, .F. ) ;
#4352 = DIRECTION ( 'NONE',  ( -8.904572318030709311E-17, -1.519554615377920006E-16, 1.000000000000000000 ) ) ;
#4353 = PRODUCT_DEFINITION ( 'UNKNOWN', '', #7837, #9325 ) ;
#4354 = DIRECTION ( 'NONE',  ( 0.000000000000000000, 1.000000000000000000, 2.903302832784645416E-15 ) ) ;
#4355 = VERTEX_POINT ( 'NONE', #6635 ) ;
#4356 = EDGE_CURVE ( 'NONE', #6698, #4914, #3343, .T. ) ;
#4357 = PLANE ( 'NONE',  #1439 ) ;
#4358 = AXIS2_PLACEMENT_3D ( 'NONE', #366, #2968, #10431 ) ;
#4359 = ADVANCED_FACE ( 'NONE', ( #4893 ), #7512, .F. ) ;
#4360 = ORIENTED_EDGE ( 'NONE', *, *, #6386, .T. ) ;
#4361 = ORIENTED_EDGE ( 'NONE', *, *, #4137, .T. ) ;
#4362 = VECTOR ( 'NONE', #741, 1000.000000000000000 ) ;
#4363 = FACE_OUTER_BOUND ( 'NONE', #9023, .T. ) ;
#4364 = VECTOR ( 'NONE', #2953, 1000.000000000000000 ) ;
#4365 = DIRECTION ( 'NONE',  ( 0.000000000000000000, 0.000000000000000000, -1.000000000000000000 ) ) ;
#4366 = CARTESIAN_POINT ( 'NONE',  ( -8.699599032030699064, 0.1499999999999966083, -19.15642907814050133 ) ) ;
#4367 = ORIENTED_EDGE ( 'NONE', *, *, #5574, .F. ) ;
#4368 = PLANE ( 'NONE',  #9070 ) ;
#4369 = EDGE_CURVE ( 'NONE', #1534, #2142, #4057, .T. ) ;
#4370 = ORIENTED_EDGE ( 'NONE', *, *, #1718, .T. ) ;
#4371 = CARTESIAN_POINT ( 'NONE',  ( 7.975945822206884195, -0.09046797068851161749, -20.20407425068949436 ) ) ;
#4372 = DIRECTION ( 'NONE',  ( 0.000000000000000000, -1.000000000000000000, 0.000000000000000000 ) ) ;
#4373 = EDGE_LOOP ( 'NONE', ( #8136, #3252, #1795, #3193 ) ) ;
#4374 = CARTESIAN_POINT ( 'NONE',  ( -9.000000000000000000, -10.00000000000000000, 0.8719667599999999519 ) ) ;
#4375 = DIRECTION ( 'NONE',  ( -8.904572318030769708E-17, -5.101376584211580244E-31, 1.000000000000000000 ) ) ;
#4376 = CARTESIAN_POINT ( 'NONE',  ( -6.383799999999999919, -1.499999954000070135, -18.04719942409725064 ) ) ;
#4377 = VERTEX_POINT ( 'NONE', #8342 ) ;
#4378 = DIRECTION ( 'NONE',  ( -1.000000000000000000, 0.000000000000000000, 0.000000000000000000 ) ) ;
#4379 = EDGE_CURVE ( 'NONE', #7774, #5035, #797, .T. ) ;
#4380 = ORIENTED_EDGE ( 'NONE', *, *, #8959, .F. ) ;
#4381 = DIRECTION ( 'NONE',  ( 1.000000000000000000, 3.794708767409906870E-15, 0.000000000000000000 ) ) ;
#4382 = FACE_OUTER_BOUND ( 'NONE', #1167, .T. ) ;
#4383 = LINE ( 'NONE', #9423, #215 ) ;
#4384 = CARTESIAN_POINT ( 'NONE',  ( -9.000000000000000000, 3.750000000000000000, 0.8719667599999999519 ) ) ;
#4385 = VERTEX_POINT ( 'NONE', #6793 ) ;
#4386 = ORIENTED_EDGE ( 'NONE', *, *, #5756, .T. ) ;
#4387 = CARTESIAN_POINT ( 'NONE',  ( -9.000000000000000000, 1.250000000000000000, 0.000000000000000000 ) ) ;
#4388 = ORIENTED_EDGE ( 'NONE', *, *, #7856, .F. ) ;
#4389 = CARTESIAN_POINT ( 'NONE',  ( -8.002267239413990652, -1.802799999999999958, -20.39880008000000089 ) ) ;
#4390 = CARTESIAN_POINT ( 'NONE',  ( -9.000000000000000000, -6.250000000000000000, 0.000000000000000000 ) ) ;
#4391 = ADVANCED_FACE ( 'NONE', ( #5150 ), #10144, .F. ) ;
#4392 = DIRECTION ( 'NONE',  ( 0.000000000000000000, 0.000000000000000000, 1.000000000000000000 ) ) ;
#4393 = EDGE_CURVE ( 'NONE', #4195, #1331, #5967, .T. ) ;
#4394 = DIRECTION ( 'NONE',  ( -3.252606517456520402E-15, 1.000000000000000000, -1.412302254573343871E-15 ) ) ;
#4395 = DIRECTION ( 'NONE',  ( 3.562560286365680337E-16, 8.906400715914189748E-17, 1.000000000000000000 ) ) ;
#4396 = CARTESIAN_POINT ( 'NONE',  ( 8.703089367881348792, -0.1499999539999986031, 5.237220402183240455E-16 ) ) ;
#4397 = CARTESIAN_POINT ( 'NONE',  ( -9.000000000000000000, 2.500000000000000000, 0.8719667599999999519 ) ) ;
#4398 = ORIENTED_EDGE ( 'NONE', *, *, #2261, .T. ) ;
#4399 = VERTEX_POINT ( 'NONE', #4333 ) ;
#4400 = CARTESIAN_POINT ( 'NONE',  ( 61.95510655778610243, -1.499999953999900049, -18.04101943999999946 ) ) ;
#4401 = EDGE_LOOP ( 'NONE', ( #1965, #7484, #27, #9285 ) ) ;
#4402 = PLANE ( 'NONE',  #4493 ) ;
#4403 = EDGE_CURVE ( 'NONE', #7267, #5388, #1785, .T. ) ;
#4404 = CARTESIAN_POINT ( 'NONE',  ( -7.886015114097229883, -0.06580746144262919484, -20.22294371046530159 ) ) ;
#4405 = ORIENTED_EDGE ( 'NONE', *, *, #3918, .T. ) ;
#4406 = FACE_OUTER_BOUND ( 'NONE', #8724, .T. ) ;
#4407 = ORIENTED_EDGE ( 'NONE', *, *, #10004, .F. ) ;
#4408 = ORIENTED_EDGE ( 'NONE', *, *, #967, .F. ) ;
#4409 = EDGE_CURVE ( 'NONE', #8668, #8990, #7968, .T. ) ;
#4410 = DIRECTION ( 'NONE',  ( 0.000000000000000000, -1.000000000000000000, -3.089394128724235091E-31 ) ) ;
#4411 = EDGE_CURVE ( 'NONE', #8166, #5225, #3140, .T. ) ;
#4412 = AXIS2_PLACEMENT_3D ( 'NONE', #10208, #4297, #2747 ) ;
#4413 = LINE ( 'NONE', #3586, #533 ) ;
#4414 = FACE_OUTER_BOUND ( 'NONE', #7086, .T. ) ;
#4415 = EDGE_LOOP ( 'NONE', ( #2850, #1319, #320, #4989 ) ) ;
#4416 = DIRECTION ( 'NONE',  ( 0.000000000000000000, 0.000000000000000000, 1.000000000000000000 ) ) ;
#4417 = ORIENTED_EDGE ( 'NONE', *, *, #7640, .T. ) ;
#4418 = DIRECTION ( 'NONE',  ( -1.165734175856414367E-15, -1.000000000000000000, -3.491481338843139666E-15 ) ) ;
#4419 = CARTESIAN_POINT ( 'NONE',  ( 2.500000000000000000, 11.00000000000000000, 0.8719667599999999519 ) ) ;
#4420 = DIRECTION ( 'NONE',  ( -2.157866341325660055E-29, 3.491481338843135327E-15, 1.000000000000000000 ) ) ;
#4421 = VERTEX_POINT ( 'NONE', #3795 ) ;
#4422 = EDGE_CURVE ( 'NONE', #10002, #10339, #3898, .T. ) ;
#4423 = EDGE_CURVE ( 'NONE', #8172, #10858, #9805, .T. ) ;
#4424 = B_SPLINE_CURVE_WITH_KNOTS ( 'NONE', 1,
 ( #4552, #4499 ),
 .UNSPECIFIED., .F., .F.,
 ( 2, 2 ),
 ( 0.000000000000000000, 1.000000000000000000 ),
 .UNSPECIFIED. ) ;
#4425 = AXIS2_PLACEMENT_3D ( 'NONE', #6398, #2009, #5366 ) ;
#4426 = PLANE ( 'NONE',  #6864 ) ;
#4427 = LINE ( 'NONE', #3542, #4055 ) ;
#4428 = DIRECTION ( 'NONE',  ( 3.629128540980805093E-15, -1.000000000000000000, -7.597773076889579075E-17 ) ) ;
#4429 = ORIENTED_EDGE ( 'NONE', *, *, #6114, .F. ) ;
#4430 = CARTESIAN_POINT ( 'NONE',  ( -8.703089367881348792, -1.499999954000106106, 5.237222008265069220E-15 ) ) ;
#4431 = ORIENTED_EDGE ( 'NONE', *, *, #8704, .T. ) ;
#4432 = DIRECTION ( 'NONE',  ( 0.000000000000000000, 1.000000000000000000, 2.903302832784645416E-15 ) ) ;
#4433 = CARTESIAN_POINT ( 'NONE',  ( -7.872337582697300107, -0.1499999080000001817, -20.10446579811245371 ) ) ;
#4434 = CARTESIAN_POINT ( 'NONE',  ( 3.449999999999999734, 11.00000000000000000, 0.000000000000000000 ) ) ;
#4435 = CARTESIAN_POINT ( 'NONE',  ( -8.702186407140199975, -0.1339376174865930247, -0.1508624293243419900 ) ) ;
#4436 = AXIS2_PLACEMENT_3D ( 'NONE', #826, #5179, #4410 ) ;
#4437 = ORIENTED_EDGE ( 'NONE', *, *, #6867, .F. ) ;
#4438 = ORIENTED_EDGE ( 'NONE', *, *, #10861, .T. ) ;
#4439 = ADVANCED_FACE ( 'NONE', ( #9779 ), #621, .T. ) ;
#4440 = DIRECTION ( 'NONE',  ( 0.000000000000000000, 0.000000000000000000, 1.000000000000000000 ) ) ;
#4441 = ORIENTED_EDGE ( 'NONE', *, *, #3260, .T. ) ;
#4442 = FACE_OUTER_BOUND ( 'NONE', #4585, .T. ) ;
#4443 = DIRECTION ( 'NONE',  ( -0.000000000000000000, 1.000000000000000000, 0.000000000000000000 ) ) ;
#4444 = CARTESIAN_POINT ( 'NONE',  ( 5.169999999999999041, -9.342999999999999972, 0.000000000000000000 ) ) ;
#4445 = VECTOR ( 'NONE', #803, 1000.000000000000000 ) ;
#4446 = DIRECTION ( 'NONE',  ( 0.000000000000000000, -1.000000000000000000, 3.491481338843135327E-15 ) ) ;
#4447 = CARTESIAN_POINT ( 'NONE',  ( -43.32859641361304881, -1.499999953999872071, -55.56072462902820064 ) ) ;
#4448 = CARTESIAN_POINT ( 'NONE',  ( -6.072600842235959639, -1.499999954000099889, -20.39880008000000089 ) ) ;
#4449 = DIRECTION ( 'NONE',  ( -1.000000000000000000, 3.491481338843135327E-15, 3.562560286365675406E-16 ) ) ;
#4450 = EDGE_LOOP ( 'NONE', ( #699, #8519, #8954, #8105 ) ) ;
#4451 = EDGE_CURVE ( 'NONE', #2906, #6215, #7142, .T. ) ;
#4452 = EDGE_LOOP ( 'NONE', ( #484, #56 ) ) ;
#4453 = AXIS2_PLACEMENT_3D ( 'NONE', #2841, #6351, #8928 ) ;
#4454 = CYLINDRICAL_SURFACE ( 'NONE', #3748, 0.2000000000000005107 ) ;
#4455 = VERTEX_POINT ( 'NONE', #2138 ) ;
#4456 = CARTESIAN_POINT ( 'NONE',  ( 6.123399657764049486, -1.499999953999898050, -79.67810574249129729 ) ) ;
#4457 = DIRECTION ( 'NONE',  ( 1.000000000000000000, 0.000000000000000000, 0.000000000000000000 ) ) ;
#4458 = LINE ( 'NONE', #7798, #10754 ) ;
#4459 = VECTOR ( 'NONE', #5242, 1000.000000000000000 ) ;
#4460 = VECTOR ( 'NONE', #9874, 1000.000000000000000 ) ;
#4461 = VERTEX_POINT ( 'NONE', #6316 ) ;
#4462 = EDGE_CURVE ( 'NONE', #2832, #1146, #3083, .T. ) ;
#4463 = EDGE_LOOP ( 'NONE', ( #6132, #7127, #6957, #4853 ) ) ;
#4464 = VERTEX_POINT ( 'NONE', #2253 ) ;
#4465 = AXIS2_PLACEMENT_3D ( 'NONE', #8873, #305, #5474 ) ;
#4466 = CIRCLE ( 'NONE', #6736, 0.2999999999999999334 ) ;
#4467 = FACE_OUTER_BOUND ( 'NONE', #5558, .T. ) ;
#4468 = CYLINDRICAL_SURFACE ( 'NONE', #8734, 0.2999999999999999334 ) ;
#4469 = DIRECTION ( 'NONE',  ( 1.000000000000000000, 0.000000000000000000, -3.614008349914240101E-16 ) ) ;
#4470 = ORIENTED_EDGE ( 'NONE', *, *, #4594, .T. ) ;
#4471 = DIRECTION ( 'NONE',  ( -0.7071067811865489050, -3.079417681350204738E-15, 0.7071067811865460184 ) ) ;
#4472 = ORIENTED_EDGE ( 'NONE', *, *, #3167, .F. ) ;
#4473 = SHAPE_REPRESENTATION_RELATIONSHIP ( 'NONE' , 'NONE' ,  #8460, #2972 ) ;
#4474 = FACE_OUTER_BOUND ( 'NONE', #7072, .T. ) ;
#4475 = FACE_OUTER_BOUND ( 'NONE', #9339, .T. ) ;
#4476 = AXIS2_PLACEMENT_3D ( 'NONE', #5834, #1663, #5736 ) ;
#4477 = EDGE_LOOP ( 'NONE', ( #8584, #2807, #10101, #4233 ) ) ;
#4478 = ADVANCED_FACE ( 'NONE', ( #4844 ), #6369, .F. ) ;
#4479 = DIRECTION ( 'NONE',  ( -1.000000000000000000, 0.000000000000000000, 0.000000000000000000 ) ) ;
#4480 = DIRECTION ( 'NONE',  ( -1.000000000000000000, -3.629128540980805093E-15, -8.904572318030769708E-17 ) ) ;
#4481 = FACE_OUTER_BOUND ( 'NONE', #4347, .T. ) ;
#4482 = VERTEX_POINT ( 'NONE', #9721 ) ;
#4483 = VECTOR ( 'NONE', #7024, 1000.000000000000000 ) ;
#4484 = CARTESIAN_POINT ( 'NONE',  ( -6.383799999999999919, -1.802799999999999958, -17.05119938409719893 ) ) ;
#4485 = ORIENTED_EDGE ( 'NONE', *, *, #1954, .F. ) ;
#4486 = CARTESIAN_POINT ( 'NONE',  ( 2.500000000000000000, 11.00000000000000000, 0.000000000000000000 ) ) ;
#4487 = CARTESIAN_POINT ( 'NONE',  ( 0.9499999999999999556, 11.00000000000000000, 0.000000000000000000 ) ) ;
#4488 = LINE ( 'NONE', #7829, #2151 ) ;
#4489 = EDGE_CURVE ( 'NONE', #7073, #6694, #9617, .T. ) ;
#4490 = CARTESIAN_POINT ( 'NONE',  ( 8.772937570667570739, -0.1339375714114274252, -0.4707101321186560328 ) ) ;
#4491 = EDGE_CURVE ( 'NONE', #10716, #2010, #4676, .T. ) ;
#4492 = VERTEX_POINT ( 'NONE', #8023 ) ;
#4493 = AXIS2_PLACEMENT_3D ( 'NONE', #1138, #10326, #2912 ) ;
#4494 = ORIENTED_EDGE ( 'NONE', *, *, #7799, .T. ) ;
#4495 = DIRECTION ( 'NONE',  ( 0.000000000000000000, 0.000000000000000000, 1.000000000000000000 ) ) ;
#4496 = ORIENTED_EDGE ( 'NONE', *, *, #5987, .F. ) ;
#4497 = DIRECTION ( 'NONE',  ( 0.000000000000000000, -1.000000000000000000, 0.000000000000000000 ) ) ;
#4498 = DIRECTION ( 'NONE',  ( 1.000000000000000000, 0.000000000000000000, 0.000000000000000000 ) ) ;
#4499 = CARTESIAN_POINT ( 'NONE',  ( 7.690952570265030985, 4.599999791883929583E-08, -20.09880017200000069 ) ) ;
#4500 = CARTESIAN_POINT ( 'NONE',  ( -8.699999999999999289, 8.750000000000000000, 0.000000000000000000 ) ) ;
#4501 = CARTESIAN_POINT ( 'NONE',  ( 7.879221455915749850, 0.01870648438081000051, -20.34686890838139917 ) ) ;
#4502 = FACE_OUTER_BOUND ( 'NONE', #7317, .T. ) ;
#4503 = EDGE_CURVE ( 'NONE', #9020, #4464, #1799, .T. ) ;
#4504 = LINE ( 'NONE', #5217, #5855 ) ;
#4505 = AXIS2_PLACEMENT_3D ( 'NONE', #10672, #8952, #8306 ) ;
#4506 = ORIENTED_EDGE ( 'NONE', *, *, #1038, .T. ) ;
#4507 = ORIENTED_EDGE ( 'NONE', *, *, #9370, .T. ) ;
#4508 = DIRECTION ( 'NONE',  ( 0.000000000000000000, 0.000000000000000000, 1.000000000000000000 ) ) ;
#4509 = EDGE_LOOP ( 'NONE', ( #113, #1296, #491, #3087 ) ) ;
#4510 = DIRECTION ( 'NONE',  ( -1.000000000000000000, 3.446013993391890312E-15, 3.562560286365675406E-16 ) ) ;
#4511 = AXIS2_PLACEMENT_3D ( 'NONE', #126, #9419, #1055 ) ;
#4512 = DIRECTION ( 'NONE',  ( -3.848953698056000290E-15, 1.000000000000000000, -3.379345265849299894E-32 ) ) ;
#4513 = CARTESIAN_POINT ( 'NONE',  ( 8.059385760277738342, -0.01432100015761351985, -20.02052178110720249 ) ) ;
#4514 = ADVANCED_FACE ( 'NONE', ( #2198 ), #1363, .F. ) ;
#4515 = VERTEX_POINT ( 'NONE', #7245 ) ;
#4516 = EDGE_LOOP ( 'NONE', ( #8194, #2426, #1119, #5594 ) ) ;
#4517 = VECTOR ( 'NONE', #10131, 1000.000000000000000 ) ;
#4518 = ORIENTED_EDGE ( 'NONE', *, *, #2607, .T. ) ;
#4519 = VECTOR ( 'NONE', #8079, 1000.000000000000000 ) ;
#4520 = DIRECTION ( 'NONE',  ( 0.000000000000000000, 0.000000000000000000, -1.000000000000000000 ) ) ;
#4521 = CARTESIAN_POINT ( 'NONE',  ( -9.000000000000000000, -5.950000000000000178, 0.8719667599999999519 ) ) ;
#4522 = DIRECTION ( 'NONE',  ( -1.833260990695839833E-13, 1.000000000000000000, 3.848953698056000290E-15 ) ) ;
#4523 = ORIENTED_EDGE ( 'NONE', *, *, #5155, .T. ) ;
#4524 = DIRECTION ( 'NONE',  ( 1.000000000000000000, 0.000000000000000000, 0.000000000000000000 ) ) ;
#4525 = CARTESIAN_POINT ( 'NONE',  ( -5.608999999999999986, 4.722999999999999865, 0.000000000000000000 ) ) ;
#4526 = EDGE_CURVE ( 'NONE', #7454, #8755, #9605, .T. ) ;
#4527 = AXIS2_PLACEMENT_3D ( 'NONE', #2813, #10338, #6159 ) ;
#4528 = EDGE_CURVE ( 'NONE', #10694, #9720, #6426, .T. ) ;
#4529 = ORIENTED_EDGE ( 'NONE', *, *, #7681, .T. ) ;
#4530 = DIRECTION ( 'NONE',  ( -3.491481338843135327E-15, -1.000000000000000000, 1.243861275834940073E-30 ) ) ;
#4531 = DIRECTION ( 'NONE',  ( 1.000000000000000000, 0.000000000000000000, 0.000000000000000000 ) ) ;
#4532 = ORIENTED_EDGE ( 'NONE', *, *, #9338, .T. ) ;
#4533 = AXIS2_PLACEMENT_3D ( 'NONE', #2413, #8241, #3347 ) ;
#4534 = CARTESIAN_POINT ( 'NONE',  ( -8.747834460190698991, -0.06564671180960700292, -19.35022222038774942 ) ) ;
#4535 = ORIENTED_EDGE ( 'NONE', *, *, #4039, .T. ) ;
#4536 = CARTESIAN_POINT ( 'NONE',  ( -1.757600582235955056, -1.499999954000047930, -20.24880012599999901 ) ) ;
#4537 = EDGE_LOOP ( 'NONE', ( #6115, #6749, #8802, #5473 ) ) ;
#4538 = CARTESIAN_POINT ( 'NONE',  ( 8.841597687414571638, -0.1499999079999964069, -19.56346894752739729 ) ) ;
#4539 = EDGE_CURVE ( 'NONE', #8072, #6872, #9832, .T. ) ;
#4540 = ORIENTED_EDGE ( 'NONE', *, *, #6995, .T. ) ;
#4541 = DIRECTION ( 'NONE',  ( 0.000000000000000000, -2.903302832784645416E-15, 1.000000000000000000 ) ) ;
#4542 = LINE ( 'NONE', #343, #9697 ) ;
#4543 = PLANE ( 'NONE',  #10600 ) ;
#4544 = B_SPLINE_CURVE_WITH_KNOTS ( 'NONE', 3,
 ( #9754, #2230, #5586, #10745 ),
 .UNSPECIFIED., .F., .F.,
 ( 4, 4 ),
 ( 0.000000000000000000, 1.000000000000000000 ),
 .UNSPECIFIED. ) ;
#4545 = ORIENTED_EDGE ( 'NONE', *, *, #3148, .T. ) ;
#4546 = ORIENTED_EDGE ( 'NONE', *, *, #9327, .F. ) ;
#4547 = EDGE_CURVE ( 'NONE', #2469, #4377, #8785, .T. ) ;
#4548 = FACE_OUTER_BOUND ( 'NONE', #5409, .T. ) ;
#4549 = ORIENTED_EDGE ( 'NONE', *, *, #4932, .T. ) ;
#4550 = DIRECTION ( 'NONE',  ( 0.000000000000000000, 0.000000000000000000, 1.000000000000000000 ) ) ;
#4551 = PLANE ( 'NONE',  #7307 ) ;
#4552 = CARTESIAN_POINT ( 'NONE',  ( 7.690952570265030985, 0.1500000000000245026, -20.09880017200000069 ) ) ;
#4553 = EDGE_CURVE ( 'NONE', #5299, #7183, #5739, .T. ) ;
#4554 = CARTESIAN_POINT ( 'NONE',  ( 8.773800046000008734, -1.802799999999999958, -8.041019119999980092 ) ) ;
#4555 = PLANE ( 'NONE',  #10631 ) ;
#4556 = DIRECTION ( 'NONE',  ( 0.000000000000000000, -1.000000000000000000, 3.491481338843135327E-15 ) ) ;
#4557 = CARTESIAN_POINT ( 'NONE',  ( -9.000000000000000000, -7.500000000000000000, 0.8719667599999999519 ) ) ;
#4558 = VERTEX_POINT ( 'NONE', #7238 ) ;
#4559 = ORIENTED_EDGE ( 'NONE', *, *, #9250, .T. ) ;
#4560 = EDGE_CURVE ( 'NONE', #5168, #8081, #473, .T. ) ;
#4561 = DIRECTION ( 'NONE',  ( 0.000000000000000000, 0.000000000000000000, 1.000000000000000000 ) ) ;
#4562 = ORIENTED_EDGE ( 'NONE', *, *, #9185, .F. ) ;
#4563 = DIRECTION ( 'NONE',  ( 0.000000000000000000, 0.000000000000000000, 1.000000000000000000 ) ) ;
#4564 = DIRECTION ( 'NONE',  ( 0.000000000000000000, 0.000000000000000000, 1.000000000000000000 ) ) ;
#4565 = DIRECTION ( 'NONE',  ( 0.7071067811865460184, 1.972152263052529951E-31, -0.7071067811865489050 ) ) ;
#4566 = DIRECTION ( 'NONE',  ( 0.000000000000000000, 0.000000000000000000, 1.000000000000000000 ) ) ;
#4567 = EDGE_LOOP ( 'NONE', ( #5228, #6937, #7204, #190 ) ) ;
#4568 = VERTEX_POINT ( 'NONE', #2246 ) ;
#4569 = EDGE_LOOP ( 'NONE', ( #3829, #1786, #4123, #771 ) ) ;
#4570 = EDGE_CURVE ( 'NONE', #3967, #7988, #8067, .T. ) ;
#4571 = LINE ( 'NONE', #2090, #5986 ) ;
#4572 = CARTESIAN_POINT ( 'NONE',  ( -8.923799999999999955, -1.802799999999999958, -9.297199144097220369 ) ) ;
#4573 = ORIENTED_EDGE ( 'NONE', *, *, #2433, .T. ) ;
#4574 = CARTESIAN_POINT ( 'NONE',  ( 7.890014929625221107, -0.1499999080000004037, -20.09880017200000069 ) ) ;
#4575 = DIRECTION ( 'NONE',  ( -3.848953698056000290E-15, 1.000000000000000000, 1.674047928902419981E-31 ) ) ;
#4576 = ORIENTED_EDGE ( 'NONE', *, *, #6890, .F. ) ;
#4577 = CARTESIAN_POINT ( 'NONE',  ( 0.000000000000000000, -1.499999954000106106, -0.1499999539999948006 ) ) ;
#4578 = LINE ( 'NONE', #2819, #944 ) ;
#4579 = ORIENTED_EDGE ( 'NONE', *, *, #4491, .F. ) ;
#4580 = AXIS2_PLACEMENT_3D ( 'NONE', #5297, #284, #3655 ) ;
#4581 = EDGE_CURVE ( 'NONE', #2010, #1682, #422, .T. ) ;
#4582 = CARTESIAN_POINT ( 'NONE',  ( 3.623399577764100155, -1.802799999999999958, -20.24880012599999901 ) ) ;
#4583 = ORIENTED_EDGE ( 'NONE', *, *, #1081, .F. ) ;
#4584 = CARTESIAN_POINT ( 'NONE',  ( -1.550000000000000044, 11.00000000000000000, 0.000000000000000000 ) ) ;
#4585 = EDGE_LOOP ( 'NONE', ( #10393, #6269, #3059, #2966 ) ) ;
#4586 = FACE_OUTER_BOUND ( 'NONE', #2066, .T. ) ;
#4587 = VERTEX_POINT ( 'NONE', #3733 ) ;
#4588 = LINE ( 'NONE', #3982, #3272 ) ;
#4589 = CARTESIAN_POINT ( 'NONE',  ( 8.923799999999999955, -0.9999999540000910070, -8.616019239999980428 ) ) ;
#4590 = AXIS2_PLACEMENT_3D ( 'NONE', #6813, #6041, #2640 ) ;
#4591 = LINE ( 'NONE', #1386, #9547 ) ;
#4592 = ORIENTED_EDGE ( 'NONE', *, *, #7218, .F. ) ;
#4593 = EDGE_CURVE ( 'NONE', #6215, #6065, #479, .T. ) ;
#4594 = EDGE_CURVE ( 'NONE', #2215, #9066, #9713, .T. ) ;
#4595 = FACE_OUTER_BOUND ( 'NONE', #7230, .T. ) ;
#4596 = VERTEX_POINT ( 'NONE', #7135 ) ;
#4597 = LINE ( 'NONE', #10413, #2780 ) ;
#4598 = CARTESIAN_POINT ( 'NONE',  ( 8.923799999999999955, -1.802799999999999958, -16.79101939999999971 ) ) ;
#4599 = FACE_OUTER_BOUND ( 'NONE', #4108, .T. ) ;
#4600 = ORIENTED_EDGE ( 'NONE', *, *, #7699, .F. ) ;
#4601 = CARTESIAN_POINT ( 'NONE',  ( 8.709539122508060061, -0.06564671180961409447, -19.44667465952534968 ) ) ;
#4602 = LINE ( 'NONE', #5317, #7651 ) ;
#4603 = CARTESIAN_POINT ( 'NONE',  ( -9.000000000000000000, -8.750000000000000000, 0.000000000000000000 ) ) ;
#4604 = VECTOR ( 'NONE', #9860, 1000.000000000000000 ) ;
#4605 = FACE_OUTER_BOUND ( 'NONE', #8020, .T. ) ;
#4606 = ORIENTED_EDGE ( 'NONE', *, *, #8969, .F. ) ;
#4607 = EDGE_CURVE ( 'NONE', #4291, #4914, #10536, .T. ) ;
#4608 = ORIENTED_EDGE ( 'NONE', *, *, #7405, .T. ) ;
#4609 = CYLINDRICAL_SURFACE ( 'NONE', #7076, 0.2999999999999999334 ) ;
#4610 = ORIENTED_EDGE ( 'NONE', *, *, #5056, .F. ) ;
#4611 = LINE ( 'NONE', #205, #6585 ) ;
#4612 = CARTESIAN_POINT ( 'NONE',  ( 4.700000000000000178, 11.00000000000000000, 0.000000000000000000 ) ) ;
#4613 = DIRECTION ( 'NONE',  ( -1.000000000000000000, 2.468850131082270077E-15, 0.000000000000000000 ) ) ;
#4614 = CARTESIAN_POINT ( 'NONE',  ( 9.000000000000000000, 4.700000000000000178, 0.8719667599999999519 ) ) ;
#4615 = ADVANCED_FACE ( 'NONE', ( #5601 ), #1198, .F. ) ;
#4616 = EDGE_CURVE ( 'NONE', #9397, #7525, #6362, .T. ) ;
#4617 = CIRCLE ( 'NONE', #3738, 0.2999999999999999334 ) ;
#4618 = ORIENTED_EDGE ( 'NONE', *, *, #7597, .F. ) ;
#4619 = EDGE_CURVE ( 'NONE', #5945, #8145, #9609, .T. ) ;
#4620 = ORIENTED_EDGE ( 'NONE', *, *, #9718, .T. ) ;
#4621 = CARTESIAN_POINT ( 'NONE',  ( 9.000000000000000000, -10.00000000000000000, 0.8719667599999999519 ) ) ;
#4622 = AXIS2_PLACEMENT_3D ( 'NONE', #3415, #6755, #5935 ) ;
#4623 = CIRCLE ( 'NONE', #9883, 0.2999999999999999334 ) ;
#4624 = DIRECTION ( 'NONE',  ( -1.000000000000000000, -3.629128540980805093E-15, -8.904572318030769708E-17 ) ) ;
#4625 = DIRECTION ( 'NONE',  ( 0.9942501626335841225, -0.1070822772595526190, 0.000000000000000000 ) ) ;
#4626 = ORIENTED_EDGE ( 'NONE', *, *, #4847, .T. ) ;
#4627 = PLANE ( 'NONE',  #1166 ) ;
#4628 = LINE ( 'NONE', #5561, #7308 ) ;
#4629 = AXIS2_PLACEMENT_3D ( 'NONE', #6971, #10324, #7633 ) ;
#4630 = ORIENTED_EDGE ( 'NONE', *, *, #10767, .F. ) ;
#4631 = DIRECTION ( 'NONE',  ( -8.904572318030738893E-17, -8.904572318030769708E-17, 1.000000000000000000 ) ) ;
#4632 = EDGE_CURVE ( 'NONE', #4239, #5035, #9432, .T. ) ;
#4633 = CARTESIAN_POINT ( 'NONE',  ( 8.773800045999999853, 4.599999997882339708E-08, -0.2207106321186534659 ) ) ;
#4634 = ORIENTED_EDGE ( 'NONE', *, *, #6357, .F. ) ;
#4635 = VECTOR ( 'NONE', #9730, 1000.000000000000000 ) ;
#4636 = VECTOR ( 'NONE', #9474, 1000.000000000000000 ) ;
#4637 = CARTESIAN_POINT ( 'NONE',  ( -9.000000000000000000, -3.449999999999999734, 0.8719667599999999519 ) ) ;
#4638 = ORIENTED_EDGE ( 'NONE', *, *, #8795, .F. ) ;
#4639 = CARTESIAN_POINT ( 'NONE',  ( -5.608999999999999986, 4.722999999999999865, 0.000000000000000000 ) ) ;
#4640 = EDGE_LOOP ( 'NONE', ( #4634, #3601, #9069, #2593 ) ) ;
#4641 = CARTESIAN_POINT ( 'NONE',  ( -5.299999999999999822, 11.00000000000000000, 0.000000000000000000 ) ) ;
#4642 = ORIENTED_EDGE ( 'NONE', *, *, #7290, .F. ) ;
#4643 = PLANE ( 'NONE',  #5549 ) ;
#4644 = LINE ( 'NONE', #1333, #8309 ) ;
#4645 = VECTOR ( 'NONE', #8005, 1000.000000000000000 ) ;
#4646 = EDGE_CURVE ( 'NONE', #591, #1146, #10374, .T. ) ;
#4647 = DIRECTION ( 'NONE',  ( -8.904572318031029786E-17, 6.755151197360919788E-16, 1.000000000000000000 ) ) ;
#4648 = VECTOR ( 'NONE', #1163, 1000.000000000000000 ) ;
#4649 = LINE ( 'NONE', #7115, #5477 ) ;
#4650 = ORIENTED_EDGE ( 'NONE', *, *, #2597, .F. ) ;
#4651 = PLANE ( 'NONE',  #6502 ) ;
#4652 = DIRECTION ( 'NONE',  ( 3.848953698056000290E-15, -1.000000000000000000, -1.674047928902419981E-31 ) ) ;
#4653 = DIRECTION ( 'NONE',  ( -0.7071067811865475727, 0.000000000000000000, 0.7071067811865475727 ) ) ;
#4654 = ORIENTED_EDGE ( 'NONE', *, *, #6532, .F. ) ;
#4655 = CARTESIAN_POINT ( 'NONE',  ( -8.872087189141550922, 0.01838495531328099980, -19.36101569409725087 ) ) ;
#4656 = DIRECTION ( 'NONE',  ( -1.000000000000000000, 0.000000000000000000, 0.000000000000000000 ) ) ;
#4657 = DIRECTION ( 'NONE',  ( 0.000000000000000000, -2.903302832784645416E-15, 1.000000000000000000 ) ) ;
#4658 = ADVANCED_FACE ( 'NONE', ( #3683 ), #3787, .F. ) ;
#4659 = DIRECTION ( 'NONE',  ( 0.000000000000000000, 0.000000000000000000, -1.000000000000000000 ) ) ;
#4660 = CIRCLE ( 'NONE', #9915, 0.2999999999999999334 ) ;
#4661 = ORIENTED_EDGE ( 'NONE', *, *, #5880, .F. ) ;
#4662 = ORIENTED_EDGE ( 'NONE', *, *, #5282, .F. ) ;
#4663 = LINE ( 'NONE', #8115, #6028 ) ;
#4664 = AXIS2_PLACEMENT_3D ( 'NONE', #1926, #1094, #4469 ) ;
#4665 = ORIENTED_EDGE ( 'NONE', *, *, #5656, .T. ) ;
#4666 = DIRECTION ( 'NONE',  ( 0.000000000000000000, -3.109014807878360910E-31, -1.000000000000000000 ) ) ;
#4667 = B_SPLINE_SURFACE_WITH_KNOTS ( 'NONE', 1, 3, ( 
 ( #9271, #5262, #6846, #5859 ),
 ( #5101, #8444, #6685, #5049 ) ),
 .UNSPECIFIED., .F., .F., .F.,
 ( 2, 2 ),
 ( 4, 4 ),
 ( 0.000000000000000000, 1.000000000000000000 ),
 ( 0.000000000000000000, 1.000000000000000000 ),
 .UNSPECIFIED. ) ;
#4668 = CARTESIAN_POINT ( 'NONE',  ( 8.923799999999999955, -1.802799999999999958, -0.7950188799999839961 ) ) ;
#4669 = DIRECTION ( 'NONE',  ( -3.562560286365675406E-16, 1.751623080406019977E-46, -1.000000000000000000 ) ) ;
#4670 = CARTESIAN_POINT ( 'NONE',  ( 8.453089367881338134, -0.06574733580984314096, -0.1742989353039990919 ) ) ;
#4671 = EDGE_CURVE ( 'NONE', #680, #7229, #7025, .T. ) ;
#4672 = B_SPLINE_CURVE_WITH_KNOTS ( 'NONE', 3,
 ( #2708, #4371, #10171, #4204 ),
 .UNSPECIFIED., .F., .F.,
 ( 4, 4 ),
 ( 0.000000000000000000, 1.000000000000000000 ),
 .UNSPECIFIED. ) ;
#4673 = AXIS2_PLACEMENT_3D ( 'NONE', #2489, #880, #7591 ) ;
#4674 = ORIENTED_EDGE ( 'NONE', *, *, #374, .T. ) ;
#4675 = ORIENTED_EDGE ( 'NONE', *, *, #10576, .T. ) ;
#4676 = LINE ( 'NONE', #8073, #1529 ) ;
#4677 = VECTOR ( 'NONE', #3723, 1000.000000000000000 ) ;
#4678 = EDGE_CURVE ( 'NONE', #9044, #6218, #6271, .T. ) ;
#4679 = CARTESIAN_POINT ( 'NONE',  ( 6.123399657764100112, -1.802799999999830094, -79.67810574249129729 ) ) ;
#4680 = CARTESIAN_POINT ( 'NONE',  ( 9.000000000000000000, 11.00000000000000000, 0.000000000000000000 ) ) ;
#4681 = PLANE ( 'NONE',  #1318 ) ;
#4682 = ORIENTED_EDGE ( 'NONE', *, *, #8676, .T. ) ;
#4683 = FACE_OUTER_BOUND ( 'NONE', #2890, .T. ) ;
#4684 = CARTESIAN_POINT ( 'NONE',  ( 61.95510655778610243, -1.499999953999912039, -19.36501500962519984 ) ) ;
#4685 = EDGE_CURVE ( 'NONE', #7839, #8331, #9958, .T. ) ;
#4686 = ORIENTED_EDGE ( 'NONE', *, *, #5548, .T. ) ;
#4687 = DIRECTION ( 'NONE',  ( -1.000000000000000000, 3.491481338843135327E-15, 0.000000000000000000 ) ) ;
#4688 = VECTOR ( 'NONE', #8053, 1000.000000000000000 ) ;
#4689 = VECTOR ( 'NONE', #4740, 1000.000000000000000 ) ;
#4690 = PLANE ( 'NONE',  #2008 ) ;
#4691 = EDGE_LOOP ( 'NONE', ( #4682, #3844, #703, #8300 ) ) ;
#4692 = EDGE_CURVE ( 'NONE', #687, #5767, #2914, .T. ) ;
#4693 = CARTESIAN_POINT ( 'NONE',  ( 8.453089367881350569, 0.02430698782510385195, -0.04510449178249711227 ) ) ;
#4694 = AXIS2_PLACEMENT_3D ( 'NONE', #9671, #6270, #7197 ) ;
#4695 = AXIS2_PLACEMENT_3D ( 'NONE', #5154, #5051, #5264 ) ;
#4696 = DIRECTION ( 'NONE',  ( -8.904572318030769708E-17, -5.101376584211580244E-31, 1.000000000000000000 ) ) ;
#4697 = ORIENTED_EDGE ( 'NONE', *, *, #9173, .F. ) ;
#4698 = CARTESIAN_POINT ( 'NONE',  ( -4.049999999999999822, 11.00000000000000000, 0.8719667599999999519 ) ) ;
#4699 = ORIENTED_EDGE ( 'NONE', *, *, #6994, .T. ) ;
#4700 = CARTESIAN_POINT ( 'NONE',  ( -8.773800046000008734, 3.434729301071215197E-14, -18.30119942409725198 ) ) ;
#4701 = PLANE ( 'NONE',  #567 ) ;
#4702 = LINE ( 'NONE', #7112, #66 ) ;
#4703 = VECTOR ( 'NONE', #8292, 1000.000000000000000 ) ;
#4704 = EDGE_CURVE ( 'NONE', #9870, #4901, #9658, .T. ) ;
#4705 = LINE ( 'NONE', #8100, #7744 ) ;
#4706 = EDGE_LOOP ( 'NONE', ( #10524, #7508, #5641, #8791, #5164, #8635, #5825, #4879, #8752, #9929, #2941, #4866, #6630, #201 ) ) ;
#4707 = VECTOR ( 'NONE', #3179, 1000.000000000000000 ) ;
#4708 = DIRECTION ( 'NONE',  ( 1.000000000000000000, 0.000000000000000000, 0.000000000000000000 ) ) ;
#4709 = DIRECTION ( 'NONE',  ( -0.7071067811865489050, -3.079417681350204738E-15, 0.7071067811865460184 ) ) ;
#4710 = CARTESIAN_POINT ( 'NONE',  ( -8.699999999999999289, -5.000000000000000000, 0.000000000000000000 ) ) ;
#4711 = ORIENTED_EDGE ( 'NONE', *, *, #5178, .T. ) ;
#4712 = PLANE ( 'NONE',  #2698 ) ;
#4713 = PLANE ( 'NONE',  #1330 ) ;
#4714 = VECTOR ( 'NONE', #6105, 1000.000000000000000 ) ;
#4715 = UNCERTAINTY_MEASURE_WITH_UNIT (LENGTH_MEASURE( 1.000000000000000082E-05 ), #10121, 'distance_accuracy_value', 'NONE');
#4716 = VECTOR ( 'NONE', #3705, 1000.000000000000000 ) ;
#4717 = DIRECTION ( 'NONE',  ( 0.7071067811865460184, -5.120605922953209958E-14, 0.7071067811865489050 ) ) ;
#4718 = CARTESIAN_POINT ( 'NONE',  ( 4.969999999999999751, -9.342999999999999972, 0.000000000000000000 ) ) ;
#4719 = ORIENTED_EDGE ( 'NONE', *, *, #2933, .T. ) ;
#4720 = VERTEX_POINT ( 'NONE', #4668 ) ;
#4721 = EDGE_CURVE ( 'NONE', #3304, #3570, #10486, .T. ) ;
#4722 = CARTESIAN_POINT ( 'NONE',  ( 8.923799999999999955, -1.802799999999999958, -18.29501944000000080 ) ) ;
#4723 = ADVANCED_FACE ( 'NONE', ( #4838 ), #2356, .T. ) ;
#4724 = DIRECTION ( 'NONE',  ( -8.904572318030769708E-17, -3.231583754459304999E-31, 1.000000000000000000 ) ) ;
#4725 = ORIENTED_EDGE ( 'NONE', *, *, #7736, .T. ) ;
#4726 = CARTESIAN_POINT ( 'NONE',  ( 8.391000000000000014, 10.41999999999999993, 0.000000000000000000 ) ) ;
#4727 = CARTESIAN_POINT ( 'NONE',  ( 8.773800045999999853, 3.434729301071215197E-14, -8.041019119999980092 ) ) ;
#4728 = FACE_OUTER_BOUND ( 'NONE', #6592, .T. ) ;
#4729 = CARTESIAN_POINT ( 'NONE',  ( 0.000000000000000000, 4.599999997882339708E-08, 0.000000000000000000 ) ) ;
#4730 = EDGE_LOOP ( 'NONE', ( #4128, #1756 ) ) ;
#4731 = ORIENTED_EDGE ( 'NONE', *, *, #6424, .T. ) ;
#4732 = ADVANCED_FACE ( 'NONE', ( #4175 ), #9989, .T. ) ;
#4733 = CARTESIAN_POINT ( 'NONE',  ( -2.500000000000000000, 11.00000000000000000, 0.000000000000000000 ) ) ;
#4734 = EDGE_CURVE ( 'NONE', #5575, #9578, #7517, .T. ) ;
#4735 = CARTESIAN_POINT ( 'NONE',  ( -7.962638661986080280, -0.06575385963319291260, -20.18967878509965175 ) ) ;
#4736 = CARTESIAN_POINT ( 'NONE',  ( -8.923799999999999955, -1.802799999999999958, -4.297198984097219565 ) ) ;
#4737 = CARTESIAN_POINT ( 'NONE',  ( -8.773800046000008734, -1.802799999999999958, -9.297199144097220369 ) ) ;
#4738 = ORIENTED_EDGE ( 'NONE', *, *, #8061, .T. ) ;
#4739 = CARTESIAN_POINT ( 'NONE',  ( 0.000000000000000000, -0.1499999539999994080, 5.237220402183280884E-16 ) ) ;
#4740 = DIRECTION ( 'NONE',  ( 8.904572318030769708E-17, 3.231583754459304999E-31, -1.000000000000000000 ) ) ;
#4741 = VERTEX_POINT ( 'NONE', #801 ) ;
#4742 = DIRECTION ( 'NONE',  ( 3.848953698056000290E-15, 1.000000000000000000, 6.697566661233410064E-31 ) ) ;
#4743 = CARTESIAN_POINT ( 'NONE',  ( -8.923799999999999955, -1.802799999999999958, -16.79719938409719759 ) ) ;
#4744 = ADVANCED_FACE ( 'NONE', ( #7296 ), #5806, .F. ) ;
#4745 = ORIENTED_EDGE ( 'NONE', *, *, #7236, .T. ) ;
#4746 = ADVANCED_FACE ( 'NONE', ( #1624 ), #10036, .F. ) ;
#4747 = FACE_OUTER_BOUND ( 'NONE', #3883, .T. ) ;
#4748 = DIRECTION ( 'NONE',  ( 1.000000000000000000, 0.000000000000000000, 0.000000000000000000 ) ) ;
#4749 = ORIENTED_EDGE ( 'NONE', *, *, #1252, .T. ) ;
#4750 = DIRECTION ( 'NONE',  ( 1.000000000000000000, 0.000000000000000000, 0.000000000000000000 ) ) ;
#4751 = ORIENTED_EDGE ( 'NONE', *, *, #7201, .T. ) ;
#4752 = CARTESIAN_POINT ( 'NONE',  ( -6.383799999999999919, -1.499999954000070135, -0.5471988640971798823 ) ) ;
#4753 = CARTESIAN_POINT ( 'NONE',  ( 7.756777164227089294, -0.04087436630414230387, -20.20271583736125010 ) ) ;
#4754 = CARTESIAN_POINT ( 'NONE',  ( -8.696975486615295736, 0.1499999999999971079, -0.4707106321187003450 ) ) ;
#4755 = EDGE_CURVE ( 'NONE', #5124, #8101, #2464, .T. ) ;
#4756 = EDGE_CURVE ( 'NONE', #6899, #7826, #9108, .T. ) ;
#4757 = CYLINDRICAL_SURFACE ( 'NONE', #9331, 0.1999999999999996503 ) ;
#4758 = ORIENTED_EDGE ( 'NONE', *, *, #3123, .T. ) ;
#4759 = CARTESIAN_POINT ( 'NONE',  ( 3.623399577764100155, -1.802799999999830094, -79.67810574249129729 ) ) ;
#4760 = DIRECTION ( 'NONE',  ( 0.000000000000000000, 0.000000000000000000, 1.000000000000000000 ) ) ;
#4761 = DIRECTION ( 'NONE',  ( 0.000000000000000000, 0.000000000000000000, 1.000000000000000000 ) ) ;
#4762 = AXIS2_PLACEMENT_3D ( 'NONE', #8897, #6267, #5393 ) ;
#4763 = ORIENTED_EDGE ( 'NONE', *, *, #1773, .T. ) ;
#4764 = DIRECTION ( 'NONE',  ( 1.000000000000000000, 0.000000000000000000, 0.000000000000000000 ) ) ;
#4765 = FACE_OUTER_BOUND ( 'NONE', #3752, .T. ) ;
#4766 = DIRECTION ( 'NONE',  ( -1.000000000000000000, 0.000000000000000000, 0.000000000000000000 ) ) ;
#4767 = DIRECTION ( 'NONE',  ( -6.180374837806370896E-15, 1.000000000000000000, 0.000000000000000000 ) ) ;
#4768 = EDGE_CURVE ( 'NONE', #4385, #5914, #4061, .T. ) ;
#4769 = VERTEX_POINT ( 'NONE', #644 ) ;
#4770 = ORIENTED_EDGE ( 'NONE', *, *, #7019, .F. ) ;
#4771 = VERTEX_POINT ( 'NONE', #8346 ) ;
#4772 = CARTESIAN_POINT ( 'NONE',  ( -9.000000000000000000, -4.049999999999999822, 0.000000000000000000 ) ) ;
#4773 = DIRECTION ( 'NONE',  ( -1.924476849027999751E-15, -1.000000000000000000, -1.924476849027999751E-15 ) ) ;
#4774 = ORIENTED_EDGE ( 'NONE', *, *, #7156, .T. ) ;
#4775 = AXIS2_PLACEMENT_3D ( 'NONE', #1014, #298, #7836 ) ;
#4776 = DIRECTION ( 'NONE',  ( 0.000000000000000000, 0.000000000000000000, -1.000000000000000000 ) ) ;
#4777 = DIRECTION ( 'NONE',  ( 1.000000000000000000, 0.000000000000000000, 0.000000000000000000 ) ) ;
#4778 = CARTESIAN_POINT ( 'NONE',  ( -6.383799999999999919, -1.499999954000070135, -4.297198984097219565 ) ) ;
#4779 = DIRECTION ( 'NONE',  ( -3.469446951953614978E-15, -1.000000000000000000, 0.000000000000000000 ) ) ;
#4780 = DIRECTION ( 'NONE',  ( -0.7071067811865461294, -4.050972744393410862E-15, -0.7071067811865490160 ) ) ;
#4781 = EDGE_CURVE ( 'NONE', #5176, #5004, #1574, .T. ) ;
#4782 = VECTOR ( 'NONE', #3317, 1000.000000000000000 ) ;
#4783 = ORIENTED_EDGE ( 'NONE', *, *, #2797, .T. ) ;
#4784 = ORIENTED_EDGE ( 'NONE', *, *, #4734, .T. ) ;
#4785 = DIRECTION ( 'NONE',  ( 0.000000000000000000, 0.000000000000000000, 1.000000000000000000 ) ) ;
#4786 = FACE_OUTER_BOUND ( 'NONE', #8622, .T. ) ;
#4787 = CARTESIAN_POINT ( 'NONE',  ( 8.463045002912730652, -1.499999954000093894, -19.72988966272709987 ) ) ;
#4788 = DIRECTION ( 'NONE',  ( -1.000000000000000000, 0.000000000000000000, 0.000000000000000000 ) ) ;
#4789 = ORIENTED_EDGE ( 'NONE', *, *, #4151, .F. ) ;
#4790 = CARTESIAN_POINT ( 'NONE',  ( 61.95510655778610243, -1.499999953999900049, -18.04101943999999946 ) ) ;
#4791 = CARTESIAN_POINT ( 'NONE',  ( -1.757600582235955056, -1.499999953999874069, -79.67810574249129729 ) ) ;
#4792 = EDGE_LOOP ( 'NONE', ( #6482, #9549, #3029, #10459 ) ) ;
#4793 = VECTOR ( 'NONE', #8609, 1000.000000000000000 ) ;
#4794 = CARTESIAN_POINT ( 'NONE',  ( -7.875220641858379444, -0.06564668205622339880, -20.22283451995604864 ) ) ;
#4795 = EDGE_CURVE ( 'NONE', #6894, #3977, #10709, .T. ) ;
#4796 = EDGE_CURVE ( 'NONE', #9737, #9314, #4897, .T. ) ;
#4797 = CARTESIAN_POINT ( 'NONE',  ( 9.000000000000000000, 2.200000000000000178, 0.000000000000000000 ) ) ;
#4798 = EDGE_LOOP ( 'NONE', ( #4141, #902, #2270, #88 ) ) ;
#4799 = VECTOR ( 'NONE', #2247, 1000.000000000000000 ) ;
#4800 = AXIS2_PLACEMENT_3D ( 'NONE', #9687, #7212, #9585 ) ;
#4801 = CARTESIAN_POINT ( 'NONE',  ( -6.383799999999999919, -0.9999999540000689136, -3.976198864097220120 ) ) ;
#4802 = CIRCLE ( 'NONE', #10766, 0.2999999999999999334 ) ;
#4803 = CARTESIAN_POINT ( 'NONE',  ( 8.923799999999999955, -0.1499999080000005980, -0.2207106321186549924 ) ) ;
#4804 = VERTEX_POINT ( 'NONE', #6640 ) ;
#4805 = DIRECTION ( 'NONE',  ( 3.848953698056000290E-15, -1.000000000000000000, 3.427328655309160045E-31 ) ) ;
#4806 = ORIENTED_EDGE ( 'NONE', *, *, #9655, .T. ) ;
#4807 = CARTESIAN_POINT ( 'NONE',  ( -1.757600582235955056, -1.499999954000101887, -20.39880008000000089 ) ) ;
#4808 = DIRECTION ( 'NONE',  ( -1.000000000000000000, 0.000000000000000000, 3.562560286365675406E-16 ) ) ;
#4809 = EDGE_CURVE ( 'NONE', #8580, #9205, #6527, .T. ) ;
#4810 = LINE ( 'NONE', #9028, #2190 ) ;
#4811 = AXIS2_PLACEMENT_3D ( 'NONE', #1661, #5025, #1047 ) ;
#4812 = VECTOR ( 'NONE', #8404, 1000.000000000000000 ) ;
#4813 = LINE ( 'NONE', #8160, #7215 ) ;
#4814 = ADVANCED_FACE ( 'NONE', ( #9215 ), #8121, .F. ) ;
#4815 = ORIENTED_EDGE ( 'NONE', *, *, #7772, .F. ) ;
#4816 = EDGE_CURVE ( 'NONE', #3854, #1288, #8030, .T. ) ;
#4817 = AXIS2_PLACEMENT_3D ( 'NONE', #7505, #8983, #4218 ) ;
#4818 = CARTESIAN_POINT ( 'NONE',  ( 8.643143749512379514, 4.600000187617719893E-08, -19.36501500962519984 ) ) ;
#4819 = LINE ( 'NONE', #1286, #2401 ) ;
#4820 = CARTESIAN_POINT ( 'NONE',  ( 9.000000000000000000, -10.00000000000000000, 0.8719667599999999519 ) ) ;
#4821 = ORIENTED_EDGE ( 'NONE', *, *, #3195, .F. ) ;
#4822 = CARTESIAN_POINT ( 'NONE',  ( 3.623399577764045087, -1.499999954000070135, -20.39880008000000089 ) ) ;
#4823 = CARTESIAN_POINT ( 'NONE',  ( 9.000000000000000000, 3.750000000000000000, 0.000000000000000000 ) ) ;
#4824 = CARTESIAN_POINT ( 'NONE',  ( 8.735140076681510379, -0.04918936753804778461, -19.25306148583375077 ) ) ;
#4825 = ADVANCED_FACE ( 'NONE', ( #6474 ), #3242, .F. ) ;
#4826 = PLANE ( 'NONE',  #4817 ) ;
#4827 = CIRCLE ( 'NONE', #10430, 0.2000000000000005107 ) ;
#4828 = ORIENTED_EDGE ( 'NONE', *, *, #3070, .T. ) ;
#4829 = VECTOR ( 'NONE', #1932, 1000.000000000000000 ) ;
#4830 = ORIENTED_EDGE ( 'NONE', *, *, #4258, .F. ) ;
#4831 = VERTEX_POINT ( 'NONE', #3559 ) ;
#4832 = DIRECTION ( 'NONE',  ( 0.000000000000000000, 0.000000000000000000, 1.000000000000000000 ) ) ;
#4833 = DIRECTION ( 'NONE',  ( -1.000000000000000000, 0.000000000000000000, 0.000000000000000000 ) ) ;
#4834 = EDGE_LOOP ( 'NONE', ( #10026, #4661, #4036, #3054, #9036, #9652, #10456, #886 ) ) ;
#4835 = EDGE_CURVE ( 'NONE', #1136, #6215, #2675, .T. ) ;
#4836 = PLANE ( 'NONE',  #8488 ) ;
#4837 = DIRECTION ( 'NONE',  ( 3.491481338843135327E-15, -1.000000000000000000, 3.109014807878360910E-31 ) ) ;
#4838 = FACE_OUTER_BOUND ( 'NONE', #8700, .T. ) ;
#4839 = LINE ( 'NONE', #8347, #917 ) ;
#4840 = VECTOR ( 'NONE', #6811, 1000.000000000000000 ) ;
#4841 = CARTESIAN_POINT ( 'NONE',  ( -8.643143749512368856, 0.1499999999999988287, -19.36101569409725087 ) ) ;
#4842 = VERTEX_POINT ( 'NONE', #1741 ) ;
#4843 = EDGE_LOOP ( 'NONE', ( #2123, #5411, #1284, #1531 ) ) ;
#4844 = FACE_OUTER_BOUND ( 'NONE', #6843, .T. ) ;
#4845 = ORIENTED_EDGE ( 'NONE', *, *, #5089, .T. ) ;
#4846 = EDGE_LOOP ( 'NONE', ( #794, #168, #8461, #1221 ) ) ;
#4847 = EDGE_CURVE ( 'NONE', #2202, #4482, #2595, .T. ) ;
#4848 = CARTESIAN_POINT ( 'NONE',  ( 7.890014929625221107, -0.06580747634334910279, -20.22294372057075051 ) ) ;
#4849 = DIRECTION ( 'NONE',  ( 1.000000000000000000, 0.000000000000000000, 0.000000000000000000 ) ) ;
#4850 = VERTEX_POINT ( 'NONE', #4281 ) ;
#4851 = CARTESIAN_POINT ( 'NONE',  ( -8.922075049335118635, -0.1178752348228414015, -0.3876784528195409973 ) ) ;
#4852 = DIRECTION ( 'NONE',  ( 1.000000000000000000, 0.000000000000000000, 0.000000000000000000 ) ) ;
#4853 = ORIENTED_EDGE ( 'NONE', *, *, #6340, .T. ) ;
#4854 = CYLINDRICAL_SURFACE ( 'NONE', #1476, 0.2999999999999999334 ) ;
#4855 = ORIENTED_EDGE ( 'NONE', *, *, #9637, .T. ) ;
#4856 = CIRCLE ( 'NONE', #5893, 0.2999999999999999334 ) ;
#4857 = B_SPLINE_CURVE_WITH_KNOTS ( 'NONE', 3,
 ( #10839, #8520, #9291, #4198 ),
 .UNSPECIFIED., .F., .F.,
 ( 4, 4 ),
 ( 9.256968988831290037E-05, 1.000000000000000000 ),
 .UNSPECIFIED. ) ;
#4858 = PRODUCT_DEFINITION_SHAPE ( 'NONE', 'NONE',  #10173 ) ;
#4860 = EDGE_CURVE ( 'NONE', #9114, #3116, #8499, .T. ) ;
#4859 = CARTESIAN_POINT ( 'NONE',  ( 9.000000000000000000, -10.00000000000000000, 0.8719667599999999519 ) ) ;
#4861 = ADVANCED_FACE ( 'NONE', ( #7623, #2790, #1069, #5211, #9435, #144 ), #7565, .F. ) ;
#4862 = DIRECTION ( 'NONE',  ( -1.000000000000000000, 3.446013993391890312E-15, 3.562560286365675406E-16 ) ) ;
#4863 = ORIENTED_EDGE ( 'NONE', *, *, #3301, .T. ) ;
#4864 = LINE ( 'NONE', #7485, #6972 ) ;
#4865 = CIRCLE ( 'NONE', #5382, 0.2999999999999999334 ) ;
#4866 = ORIENTED_EDGE ( 'NONE', *, *, #10276, .F. ) ;
#4867 = VECTOR ( 'NONE', #2144, 1000.000000000000000 ) ;
#4868 =( NAMED_UNIT ( * ) SI_UNIT ( $, .STERADIAN. ) SOLID_ANGLE_UNIT ( ) );
#4869 = DIRECTION ( 'NONE',  ( 0.000000000000000000, 0.000000000000000000, 1.000000000000000000 ) ) ;
#4870 = PLANE ( 'NONE',  #592 ) ;
#4871 = VECTOR ( 'NONE', #4416, 1000.000000000000000 ) ;
#4872 = AXIS2_PLACEMENT_3D ( 'NONE', #8446, #3620, #905 ) ;
#4873 = CARTESIAN_POINT ( 'NONE',  ( -5.126600702235950102, -1.499999953999869851, -79.67810574249129729 ) ) ;
#4874 = EDGE_CURVE ( 'NONE', #10425, #7904, #91, .T. ) ;
#4875 = EDGE_LOOP ( 'NONE', ( #2621, #5391, #3197, #5138 ) ) ;
#4876 = DIRECTION ( 'NONE',  ( 0.000000000000000000, 1.000000000000000000, 0.000000000000000000 ) ) ;
#4877 = CARTESIAN_POINT ( 'NONE',  ( -8.070600110682789818, 0.1499999999999999944, -20.01339915913190026 ) ) ;
#4878 = CARTESIAN_POINT ( 'NONE',  ( -8.922075049335118635, -0.1178752348228414015, -0.2216140942213130072 ) ) ;
#4879 = ORIENTED_EDGE ( 'NONE', *, *, #8443, .F. ) ;
#4880 = DIRECTION ( 'NONE',  ( 0.000000000000000000, -1.000000000000000000, 0.000000000000000000 ) ) ;
#4881 = LINE ( 'NONE', #2231, #10285 ) ;
#4882 = CARTESIAN_POINT ( 'NONE',  ( -3.241600662235954555, -1.499999954000042157, -20.39880008000000089 ) ) ;
#4883 = AXIS2_PLACEMENT_3D ( 'NONE', #6201, #7959, #10491 ) ;
#4884 = CARTESIAN_POINT ( 'NONE',  ( -9.000000000000000000, -4.049999999999999822, 0.000000000000000000 ) ) ;
#4885 = ORIENTED_EDGE ( 'NONE', *, *, #8140, .T. ) ;
#4886 = ADVANCED_FACE ( 'NONE', ( #3399 ), #7781, .F. ) ;
#4887 = ORIENTED_EDGE ( 'NONE', *, *, #10211, .T. ) ;
#4888 = VERTEX_POINT ( 'NONE', #4228 ) ;
#4889 = VECTOR ( 'NONE', #10334, 1000.000000000000000 ) ;
#4890 = CARTESIAN_POINT ( 'NONE',  ( 61.95510655778610243, -1.499999953999900049, -4.545018999999999920 ) ) ;
#4891 = EDGE_CURVE ( 'NONE', #1617, #8467, #5224, .T. ) ;
#4892 = AXIS2_PLACEMENT_3D ( 'NONE', #1285, #7996, #352 ) ;
#4893 = FACE_OUTER_BOUND ( 'NONE', #4834, .T. ) ;
#4894 = ORIENTED_EDGE ( 'NONE', *, *, #1898, .T. ) ;
#4895 = DIRECTION ( 'NONE',  ( 0.000000000000000000, 0.000000000000000000, -1.000000000000000000 ) ) ;
#4896 = CYLINDRICAL_SURFACE ( 'NONE', #5881, 0.1010000000000003950 ) ;
#4897 = LINE ( 'NONE', #3297, #3822 ) ;
#4898 = DIRECTION ( 'NONE',  ( 0.000000000000000000, 0.000000000000000000, 1.000000000000000000 ) ) ;
#4899 = CARTESIAN_POINT ( 'NONE',  ( 61.95510655778610243, -1.499999953999900049, -4.866019119999979381 ) ) ;
#4900 = EDGE_CURVE ( 'NONE', #5311, #7448, #10091, .T. ) ;
#4901 = VERTEX_POINT ( 'NONE', #7728 ) ;
#4902 = VERTEX_POINT ( 'NONE', #35 ) ;
#4903 = PLANE ( 'NONE',  #7965 ) ;
#4904 = ORIENTED_EDGE ( 'NONE', *, *, #7153, .F. ) ;
#4905 = ORIENTED_EDGE ( 'NONE', *, *, #8016, .F. ) ;
#4906 = DIRECTION ( 'NONE',  ( 0.000000000000000000, 2.903302832784645416E-15, -1.000000000000000000 ) ) ;
#4907 = CARTESIAN_POINT ( 'NONE',  ( -7.821022843680750292, 0.02774270077078989927, -20.34096745727155309 ) ) ;
#4908 = ORIENTED_EDGE ( 'NONE', *, *, #6396, .F. ) ;
#4909 = CARTESIAN_POINT ( 'NONE',  ( 9.000000000000000000, 2.799999999999999822, 0.000000000000000000 ) ) ;
#4910 = CARTESIAN_POINT ( 'NONE',  ( 61.95510655778610243, -1.499999953999912039, -19.36501500962519984 ) ) ;
#4911 = ORIENTED_EDGE ( 'NONE', *, *, #10792, .F. ) ;
#4912 = DIRECTION ( 'NONE',  ( 1.000000000000000000, 0.000000000000000000, 0.000000000000000000 ) ) ;
#4913 = EDGE_CURVE ( 'NONE', #2363, #8402, #2571, .T. ) ;
#4914 = VERTEX_POINT ( 'NONE', #6960 ) ;
#4915 = DIRECTION ( 'NONE',  ( 0.000000000000000000, 1.000000000000000000, 0.000000000000000000 ) ) ;
#4916 = CARTESIAN_POINT ( 'NONE',  ( -7.978403567348371972, -0.1202031537492975338, -20.21053178276352469 ) ) ;
#4917 = ORIENTED_EDGE ( 'NONE', *, *, #1305, .F. ) ;
#4918 = DIRECTION ( 'NONE',  ( 3.773070659138145276E-15, -1.000000000000000000, 8.205087984843659386E-18 ) ) ;
#4919 = VERTEX_POINT ( 'NONE', #1905 ) ;
#4920 = CARTESIAN_POINT ( 'NONE',  ( 8.051902727557290973, 0.01838498511474540020, -20.28003092033765142 ) ) ;
#4921 = ADVANCED_FACE ( 'NONE', ( #962 ), #1790, .F. ) ;
#4922 = CARTESIAN_POINT ( 'NONE',  ( 8.660699146658986436, -0.003199909853615273865, -0.4707106321186551035 ) ) ;
#4923 = DIRECTION ( 'NONE',  ( -8.904572318030769708E-17, 0.000000000000000000, 1.000000000000000000 ) ) ;
#4924 = PLANE ( 'NONE',  #9614 ) ;
#4925 = LINE ( 'NONE', #8428, #3979 ) ;
#4926 = CARTESIAN_POINT ( 'NONE',  ( 9.000000000000000000, 11.00000000000000000, 0.8719667599999999519 ) ) ;
#4927 = ORIENTED_EDGE ( 'NONE', *, *, #397, .T. ) ;
#4928 = DIRECTION ( 'NONE',  ( 1.000000000000000000, 0.000000000000000000, 0.000000000000000000 ) ) ;
#4929 = PLANE ( 'NONE',  #450 ) ;
#4930 = LINE ( 'NONE', #8278, #6548 ) ;
#4931 = CARTESIAN_POINT ( 'NONE',  ( -6.200000000000000178, 11.00000000000000000, 0.000000000000000000 ) ) ;
#4932 = EDGE_CURVE ( 'NONE', #2206, #3485, #8555, .T. ) ;
#4933 = EDGE_CURVE ( 'NONE', #5796, #6232, #7677, .T. ) ;
#4934 = ORIENTED_EDGE ( 'NONE', *, *, #200, .T. ) ;
#4935 = ORIENTED_EDGE ( 'NONE', *, *, #10847, .F. ) ;
#4936 = ORIENTED_EDGE ( 'NONE', *, *, #10388, .F. ) ;
#4937 = DIRECTION ( 'NONE',  ( 0.000000000000000000, 0.000000000000000000, -1.000000000000000000 ) ) ;
#4938 = VECTOR ( 'NONE', #6213, 1000.000000000000000 ) ;
#4939 = B_SPLINE_CURVE_WITH_KNOTS ( 'NONE', 3,
 ( #6126, #9478, #6235, #9743, #7886, #9586 ),
 .UNSPECIFIED., .F., .F.,
 ( 4, 2, 4 ),
 ( 0.000000000000000000, 0.5000000000000000000, 1.000000000000000000 ),
 .UNSPECIFIED. ) ;
#4940 = CARTESIAN_POINT ( 'NONE',  ( -2.200000000000000178, 11.00000000000000000, 0.000000000000000000 ) ) ;
#4941 = ORIENTED_EDGE ( 'NONE', *, *, #3016, .T. ) ;
#4942 = LINE ( 'NONE', #1463, #2878 ) ;
#4943 = CARTESIAN_POINT ( 'NONE',  ( -8.013095926879879372, 0.1499999999999999944, -19.96370745392984958 ) ) ;
#4944 = DIRECTION ( 'NONE',  ( 0.000000000000000000, 0.000000000000000000, -1.000000000000000000 ) ) ;
#4945 = CARTESIAN_POINT ( 'NONE',  ( -9.000000000000000000, 8.449999999999999289, 0.000000000000000000 ) ) ;
#4946 = DIRECTION ( 'NONE',  ( 0.000000000000000000, 0.000000000000000000, 1.000000000000000000 ) ) ;
#4947 = EDGE_CURVE ( 'NONE', #9043, #5767, #8604, .T. ) ;
#4948 = ORIENTED_EDGE ( 'NONE', *, *, #8784, .F. ) ;
#4949 = ORIENTED_EDGE ( 'NONE', *, *, #10429, .F. ) ;
#4950 = VECTOR ( 'NONE', #10177, 1000.000000000000114 ) ;
#4951 = CARTESIAN_POINT ( 'NONE',  ( -8.747834460190698991, -0.06564671180960690577, -19.35022222038774942 ) ) ;
#4952 = VERTEX_POINT ( 'NONE', #4444 ) ;
#4953 = ORIENTED_EDGE ( 'NONE', *, *, #871, .F. ) ;
#4954 = PLANE ( 'NONE',  #9218 ) ;
#4955 = DIRECTION ( 'NONE',  ( 0.000000000000000000, 1.000000000000000000, 2.903302832784645416E-15 ) ) ;
#4956 = VERTEX_POINT ( 'NONE', #10196 ) ;
#4957 = CARTESIAN_POINT ( 'NONE',  ( -9.000000000000000000, 11.00000000000000000, 0.000000000000000000 ) ) ;
#4958 = ADVANCED_FACE ( 'NONE', ( #10312 ), #6135, .F. ) ;
#4959 = CYLINDRICAL_SURFACE ( 'NONE', #43, 0.2999999999999999334 ) ;
#4960 = VECTOR ( 'NONE', #3365, 1000.000000000000000 ) ;
#4961 = ORIENTED_EDGE ( 'NONE', *, *, #2399, .F. ) ;
#4962 = CARTESIAN_POINT ( 'NONE',  ( 8.828819150032538587, -0.03121975436125480619, -19.55069041014535713 ) ) ;
#4963 = VECTOR ( 'NONE', #105, 1000.000000000000000 ) ;
#4964 = CARTESIAN_POINT ( 'NONE',  ( -8.717248102448349911, -0.06580746144263278918, -19.43512075414000151 ) ) ;
#4965 = ORIENTED_EDGE ( 'NONE', *, *, #1365, .T. ) ;
#4966 = LINE ( 'NONE', #772, #294 ) ;
#4967 = ADVANCED_FACE ( 'NONE', ( #8054 ), #2955, .F. ) ;
#4968 = ORIENTED_EDGE ( 'NONE', *, *, #369, .F. ) ;
#4969 = PRESENTATION_STYLE_ASSIGNMENT (( #5076 ) ) ;
#4970 = CARTESIAN_POINT ( 'NONE',  ( 7.879221455915749850, -0.06564671180959570640, -20.22283454019070348 ) ) ;
#4971 = CARTESIAN_POINT ( 'NONE',  ( -8.923799999999999955, -1.499999954000060143, -1.122198984097179997 ) ) ;
#4972 = VECTOR ( 'NONE', #3228, 1000.000000000000000 ) ;
#4973 = DIRECTION ( 'NONE',  ( 1.000000000000000000, 0.000000000000000000, 0.000000000000000000 ) ) ;
#4974 = VECTOR ( 'NONE', #1625, 1000.000000000000000 ) ;
#4975 = PLANE ( 'NONE',  #7300 ) ;
#4976 = LINE ( 'NONE', #216, #3711 ) ;
#4977 = CARTESIAN_POINT ( 'NONE',  ( -8.104620627262690391, 0.1215253162221369837, -20.07009085311450036 ) ) ;
#4978 = EDGE_CURVE ( 'NONE', #2419, #5979, #10523, .T. ) ;
#4979 = LINE ( 'NONE', #7278, #7320 ) ;
#4980 = ORIENTED_EDGE ( 'NONE', *, *, #7573, .F. ) ;
#4981 = PRESENTATION_LAYER_ASSIGNMENT (  '', '', ( #1104 ) ) ;
#4982 = CARTESIAN_POINT ( 'NONE',  ( -8.773800046000008734, -1.802799999999999958, -4.551198984097220013 ) ) ;
#4983 = CARTESIAN_POINT ( 'NONE',  ( -14.09446767505600029, -1.499999953999660018, -14.09446767505583864 ) ) ;
#4984 = PLANE ( 'NONE',  #9175 ) ;
#4985 = VECTOR ( 'NONE', #8063, 1000.000000000000000 ) ;
#4986 = CARTESIAN_POINT ( 'NONE',  ( 0.9499999999999999556, 11.00000000000000000, 0.000000000000000000 ) ) ;
#4987 = ORIENTED_EDGE ( 'NONE', *, *, #820, .F. ) ;
#4988 = VERTEX_POINT ( 'NONE', #354 ) ;
#4989 = ORIENTED_EDGE ( 'NONE', *, *, #3735, .F. ) ;
#4990 = AXIS2_PLACEMENT_3D ( 'NONE', #10200, #5975, #8722 ) ;
#4991 = VECTOR ( 'NONE', #6513, 1000.000000000000000 ) ;
#4992 = DIRECTION ( 'NONE',  ( 1.000000000000000000, -3.446013993391890312E-15, 0.000000000000000000 ) ) ;
#4993 = DIRECTION ( 'NONE',  ( 0.000000000000000000, 0.000000000000000000, 1.000000000000000000 ) ) ;
#4994 = ORIENTED_EDGE ( 'NONE', *, *, #10698, .T. ) ;
#4995 = DIRECTION ( 'NONE',  ( -1.000000000000000000, 3.446013993391890312E-15, 3.562560286365675406E-16 ) ) ;
#4996 = CARTESIAN_POINT ( 'NONE',  ( 3.250871628118515722E-17, 7.851403700382108787E-14, -20.24880012599999901 ) ) ;
#4997 = EDGE_CURVE ( 'NONE', #5258, #4171, #8659, .T. ) ;
#4998 = CARTESIAN_POINT ( 'NONE',  ( -6.383799999999999919, -1.499999954000070135, -9.872199264097220706 ) ) ;
#4999 = EDGE_CURVE ( 'NONE', #6894, #5176, #4350, .T. ) ;
#5000 = DIRECTION ( 'NONE',  ( 0.000000000000000000, 0.000000000000000000, 1.000000000000000000 ) ) ;
#5001 = CARTESIAN_POINT ( 'NONE',  ( -8.285661024963170362, 1.212138130070771899E-13, -19.90327432514870054 ) ) ;
#5002 = DIRECTION ( 'NONE',  ( 0.000000000000000000, 1.000000000000000000, 0.000000000000000000 ) ) ;
#5003 = VECTOR ( 'NONE', #1117, 1000.000000000000000 ) ;
#5004 = VERTEX_POINT ( 'NONE', #5472 ) ;
#5005 = ORIENTED_EDGE ( 'NONE', *, *, #1855, .F. ) ;
#5006 = FACE_OUTER_BOUND ( 'NONE', #10530, .T. ) ;
#5007 = VERTEX_POINT ( 'NONE', #1287 ) ;
#5008 = VECTOR ( 'NONE', #9912, 1000.000000000000000 ) ;
#5009 = LINE ( 'NONE', #815, #3082 ) ;
#5010 = EDGE_CURVE ( 'NONE', #7614, #6899, #6402, .T. ) ;
#5011 = LINE ( 'NONE', #656, #5635 ) ;
#5012 = ORIENTED_EDGE ( 'NONE', *, *, #9489, .F. ) ;
#5013 = DIRECTION ( 'NONE',  ( 0.000000000000000000, 1.000000000000000000, 0.000000000000000000 ) ) ;
#5014 = VERTEX_POINT ( 'NONE', #7013 ) ;
#5015 = ORIENTED_EDGE ( 'NONE', *, *, #8945, .F. ) ;
#5016 = EDGE_CURVE ( 'NONE', #1578, #6952, #10362, .T. ) ;
#5017 = CARTESIAN_POINT ( 'NONE',  ( -1.376600582235954162, -1.499999954000045932, -20.24880012599999901 ) ) ;
#5018 = AXIS2_PLACEMENT_3D ( 'NONE', #1151, #8739, #1257 ) ;
#5019 = EDGE_CURVE ( 'NONE', #9877, #5874, #2939, .T. ) ;
#5020 = CARTESIAN_POINT ( 'NONE',  ( -7.978403567348370196, -0.1499999079999959906, -20.21053178276349982 ) ) ;
#5021 = VERTEX_POINT ( 'NONE', #1126 ) ;
#5022 = LINE ( 'NONE', #1550, #7492 ) ;
#5023 = ORIENTED_EDGE ( 'NONE', *, *, #9760, .F. ) ;
#5024 = DIRECTION ( 'NONE',  ( 1.000000000000000000, 0.000000000000000000, 0.000000000000000000 ) ) ;
#5025 = DIRECTION ( 'NONE',  ( 0.000000000000000000, 0.000000000000000000, -1.000000000000000000 ) ) ;
#5026 = VECTOR ( 'NONE', #9969, 1000.000000000000000 ) ;
#5027 = CARTESIAN_POINT ( 'NONE',  ( -8.703089367881348792, -0.1499999540000000187, 4.878909776184769953E-16 ) ) ;
#5028 = AXIS2_PLACEMENT_3D ( 'NONE', #2383, #10845, #5024 ) ;
#5029 = EDGE_CURVE ( 'NONE', #9293, #1136, #3721, .T. ) ;
#5030 = DIRECTION ( 'NONE',  ( 0.000000000000000000, 0.000000000000000000, 1.000000000000000000 ) ) ;
#5031 = VECTOR ( 'NONE', #9814, 1000.000000000000000 ) ;
#5032 = CARTESIAN_POINT ( 'NONE',  ( -7.886015614097240167, -0.1499999080000004037, -20.09880017200000069 ) ) ;
#5033 = CARTESIAN_POINT ( 'NONE',  ( 7.824697896637928807, 0.02776144915805390037, -20.34095369316095159 ) ) ;
#5034 = DIRECTION ( 'NONE',  ( 1.000000000000000000, 0.000000000000000000, 0.000000000000000000 ) ) ;
#5035 = VERTEX_POINT ( 'NONE', #7843 ) ;
#5036 = FACE_OUTER_BOUND ( 'NONE', #9266, .T. ) ;
#5037 = CYLINDRICAL_SURFACE ( 'NONE', #1689, 0.2999999999999999334 ) ;
#5038 = CARTESIAN_POINT ( 'NONE',  ( -5.126600702235899476, -1.802799999999830094, -79.67810574249129729 ) ) ;
#5039 = DIRECTION ( 'NONE',  ( 0.000000000000000000, 0.000000000000000000, 1.000000000000000000 ) ) ;
#5040 = VECTOR ( 'NONE', #10474, 1000.000000000000000 ) ;
#5041 = VECTOR ( 'NONE', #7579, 1000.000000000000000 ) ;
#5042 = VERTEX_POINT ( 'NONE', #4710 ) ;
#5043 = ORIENTED_EDGE ( 'NONE', *, *, #54, .F. ) ;
#5044 = ADVANCED_FACE ( 'NONE', ( #4599 ), #7942, .F. ) ;
#5045 = ORIENTED_EDGE ( 'NONE', *, *, #6437, .F. ) ;
#5046 = DIRECTION ( 'NONE',  ( 3.848953698056000290E-15, -1.000000000000000000, -1.608122649676634875E-16 ) ) ;
#5047 = FACE_OUTER_BOUND ( 'NONE', #3954, .T. ) ;
#5048 = ORIENTED_EDGE ( 'NONE', *, *, #4900, .T. ) ;
#5049 = CARTESIAN_POINT ( 'NONE',  ( -8.703089367881348792, -0.1499999539999994080, -0.1499999539999994080 ) ) ;
#5050 = CARTESIAN_POINT ( 'NONE',  ( 9.000000000000000000, 1.250000000000000000, 0.000000000000000000 ) ) ;
#5051 = DIRECTION ( 'NONE',  ( 1.000000000000000000, 1.833260990695839833E-13, 5.322511827520820054E-28 ) ) ;
#5052 = CYLINDRICAL_SURFACE ( 'NONE', #5146, 0.1999999999999996503 ) ;
#5053 = DIRECTION ( 'NONE',  ( -1.000000000000000000, 0.000000000000000000, 0.000000000000000000 ) ) ;
#5054 = LINE ( 'NONE', #3404, #5497 ) ;
#5055 = VERTEX_POINT ( 'NONE', #2838 ) ;
#5056 = EDGE_CURVE ( 'NONE', #8296, #264, #4424, .T. ) ;
#5057 = EDGE_CURVE ( 'NONE', #4596, #7, #3467, .T. ) ;
#5058 = ORIENTED_EDGE ( 'NONE', *, *, #263, .T. ) ;
#5059 = CARTESIAN_POINT ( 'NONE',  ( 8.711247161221624680, 0.05049338102083684304, -19.59547622886962870 ) ) ;
#5060 = ORIENTED_EDGE ( 'NONE', *, *, #4016, .T. ) ;
#5061 = ORIENTED_EDGE ( 'NONE', *, *, #4809, .T. ) ;
#5062 = FACE_OUTER_BOUND ( 'NONE', #75, .T. ) ;
#5063 = FACE_OUTER_BOUND ( 'NONE', #10160, .T. ) ;
#5064 = ORIENTED_EDGE ( 'NONE', *, *, #7520, .T. ) ;
#5065 = CARTESIAN_POINT ( 'NONE',  ( -8.805030840337661147, 0.01838498511473629984, -19.52290349202930031 ) ) ;
#5066 = AXIS2_PLACEMENT_3D ( 'NONE', #7207, #6228, #4748 ) ;
#5067 = ADVANCED_FACE ( 'NONE', ( #9695 ), #5370, .F. ) ;
#5068 = ORIENTED_EDGE ( 'NONE', *, *, #8013, .F. ) ;
#5069 = EDGE_CURVE ( 'NONE', #4295, #8580, #6185, .T. ) ;
#5070 = EDGE_LOOP ( 'NONE', ( #5906, #4042, #3303, #5043 ) ) ;
#5071 = DIRECTION ( 'NONE',  ( 0.000000000000000000, 0.000000000000000000, 1.000000000000000000 ) ) ;
#5072 = CARTESIAN_POINT ( 'NONE',  ( -8.870712924949328837, 0.02040614392403444777, -19.32170054629794720 ) ) ;
#5073 = ORIENTED_EDGE ( 'NONE', *, *, #1897, .T. ) ;
#5074 = DIRECTION ( 'NONE',  ( 1.833260990695674992E-13, -1.000000000000000000, -3.848953698056000290E-15 ) ) ;
#5075 = ORIENTED_EDGE ( 'NONE', *, *, #955, .T. ) ;
#5076 = SURFACE_STYLE_USAGE ( .BOTH. , #1660 ) ;
#5077 = DIRECTION ( 'NONE',  ( -6.189589613795100152E-31, 1.608122649676634875E-16, -1.000000000000000000 ) ) ;
#5078 = CARTESIAN_POINT ( 'NONE',  ( 0.000000000000000000, 4.599999969234910529E-08, -0.4707106321186549924 ) ) ;
#5079 = ORIENTED_EDGE ( 'NONE', *, *, #1023, .F. ) ;
#5080 = EDGE_CURVE ( 'NONE', #6554, #1578, #7894, .T. ) ;
#5081 = CARTESIAN_POINT ( 'NONE',  ( 8.747870878245860737, -0.06570026152082239501, -19.35781852765824951 ) ) ;
#5082 = CARTESIAN_POINT ( 'NONE',  ( -9.000000000000000000, -0.2999999999999999889, 0.000000000000000000 ) ) ;
#5083 = FACE_OUTER_BOUND ( 'NONE', #2670, .T. ) ;
#5084 = CARTESIAN_POINT ( 'NONE',  ( -8.055381499107959087, 0.01870651413290649878, -20.27224402447819784 ) ) ;
#5085 = CARTESIAN_POINT ( 'NONE',  ( 8.688962100089147711, -0.06479686222640150539, -19.46643431573469840 ) ) ;
#5086 = ORIENTED_EDGE ( 'NONE', *, *, #4127, .T. ) ;
#5087 = FACE_OUTER_BOUND ( 'NONE', #1077, .T. ) ;
#5088 = LINE ( 'NONE', #6570, #9055 ) ;
#5089 = EDGE_CURVE ( 'NONE', #220, #5188, #2172, .T. ) ;
#5090 = FACE_OUTER_BOUND ( 'NONE', #915, .T. ) ;
#5091 = EDGE_CURVE ( 'NONE', #2087, #8683, #7221, .T. ) ;
#5092 = DIRECTION ( 'NONE',  ( 0.000000000000000000, 0.000000000000000000, 1.000000000000000000 ) ) ;
#5093 = ADVANCED_FACE ( 'NONE', ( #2899 ), #2300, .T. ) ;
#5094 = ORIENTED_EDGE ( 'NONE', *, *, #4076, .T. ) ;
#5095 = ORIENTED_EDGE ( 'NONE', *, *, #3746, .T. ) ;
#5096 = ORIENTED_EDGE ( 'NONE', *, *, #143, .F. ) ;
#5097 = DIRECTION ( 'NONE',  ( 1.000000000000000000, 0.000000000000000000, 0.000000000000000000 ) ) ;
#5098 = SHAPE_REPRESENTATION ( 'PICO_PCB_w_shield', ( #4158, #7478, #2565 ), #3105 ) ;
#5099 = LINE ( 'NONE', #3395, #7509 ) ;
#5100 = VERTEX_POINT ( 'NONE', #3278 ) ;
#5101 = CARTESIAN_POINT ( 'NONE',  ( -8.702186407131780044, -0.1339376174113866003, -0.1508624293324420107 ) ) ;
#5102 = LINE ( 'NONE', #10816, #3956 ) ;
#5103 = CARTESIAN_POINT ( 'NONE',  ( 61.95510655778610243, -1.802799999999810110, -8.295019119999979651 ) ) ;
#5104 = CARTESIAN_POINT ( 'NONE',  ( 9.000000000000000000, 0.2999999999999999889, 0.8719667599999999519 ) ) ;
#5105 = CARTESIAN_POINT ( 'NONE',  ( 2.373399537764104839, -1.802800000000055025, -20.39880008000000089 ) ) ;
#5106 = EDGE_CURVE ( 'NONE', #6293, #5271, #2394, .T. ) ;
#5107 = CARTESIAN_POINT ( 'NONE',  ( -9.000000000000000000, -1.550000000000000044, 0.000000000000000000 ) ) ;
#5108 = AXIS2_PLACEMENT_3D ( 'NONE', #2657, #4375, #229 ) ;
#5109 = VERTEX_POINT ( 'NONE', #7391 ) ;
#5110 = ORIENTED_EDGE ( 'NONE', *, *, #4403, .T. ) ;
#5111 = DIRECTION ( 'NONE',  ( 1.000000000000000000, 0.000000000000000000, 0.000000000000000000 ) ) ;
#5112 = ORIENTED_EDGE ( 'NONE', *, *, #6313, .T. ) ;
#5113 = CARTESIAN_POINT ( 'NONE',  ( 9.000000000000000000, 2.500000000000000000, 0.000000000000000000 ) ) ;
#5114 = DIRECTION ( 'NONE',  ( 0.000000000000000000, 0.000000000000000000, 1.000000000000000000 ) ) ;
#5115 = ORIENTED_EDGE ( 'NONE', *, *, #1305, .T. ) ;
#5116 = CARTESIAN_POINT ( 'NONE',  ( -8.773800045999999853, -0.9999999540000609199, 3.125719160439294934E-15 ) ) ;
#5117 = EDGE_CURVE ( 'NONE', #2395, #640, #10743, .T. ) ;
#5118 = AXIS2_PLACEMENT_3D ( 'NONE', #9894, #4187, #8196 ) ;
#5119 = VERTEX_POINT ( 'NONE', #7342 ) ;
#5120 = B_SPLINE_CURVE_WITH_KNOTS ( 'NONE', 3,
 ( #2053, #10458, #8090, #9797 ),
 .UNSPECIFIED., .F., .F.,
 ( 4, 4 ),
 ( 0.000000000000000000, 1.000000000000000000 ),
 .UNSPECIFIED. ) ;
#5121 = ORIENTED_EDGE ( 'NONE', *, *, #1228, .T. ) ;
#5122 = CARTESIAN_POINT ( 'NONE',  ( -8.682219274429108680, 0.06833511348412449338, -19.58835077631699662 ) ) ;
#5123 = CARTESIAN_POINT ( 'NONE',  ( -8.623800091999999751, 4.599999496438830302E-08, -19.16195333473704920 ) ) ;
#5124 = VERTEX_POINT ( 'NONE', #10800 ) ;
#5126 = VECTOR ( 'NONE', #2622, 1000.000000000000000 ) ;
#5125 = CARTESIAN_POINT ( 'NONE',  ( -8.841597687414571638, -0.1499999080000005980, -19.55946963199944832 ) ) ;
#5127 = EDGE_CURVE ( 'NONE', #8172, #8285, #10840, .T. ) ;
#5128 = ORIENTED_EDGE ( 'NONE', *, *, #6422, .T. ) ;
#5129 = DIRECTION ( 'NONE',  ( 0.000000000000000000, 0.000000000000000000, 1.000000000000000000 ) ) ;
#5130 = DIRECTION ( 'NONE',  ( 1.000000000000000000, 0.000000000000000000, -3.562560286365675406E-16 ) ) ;
#5131 = EDGE_LOOP ( 'NONE', ( #3209, #7937, #8469, #8394 ) ) ;
#5132 = CARTESIAN_POINT ( 'NONE',  ( 8.773800045999999853, 3.434729301071215197E-14, 7.812693701354869467E-16 ) ) ;
#5133 = CARTESIAN_POINT ( 'NONE',  ( -7.886015447430560599, -0.1202031477478910093, -20.24880012599999901 ) ) ;
#5134 = DIRECTION ( 'NONE',  ( -1.000000000000000000, -3.848953698056000290E-15, -8.904572318030769708E-17 ) ) ;
#5135 = LINE ( 'NONE', #6008, #8014 ) ;
#5136 = LINE ( 'NONE', #7039, #9061 ) ;
#5137 = EDGE_CURVE ( 'NONE', #9685, #1272, #4979, .T. ) ;
#5138 = ORIENTED_EDGE ( 'NONE', *, *, #1830, .F. ) ;
#5139 = CARTESIAN_POINT ( 'NONE',  ( 8.923799999999999955, -1.499999954000091895, -18.04101943999999946 ) ) ;
#5140 = DIRECTION ( 'NONE',  ( 1.000000000000000000, 0.000000000000000000, 0.000000000000000000 ) ) ;
#5141 = CARTESIAN_POINT ( 'NONE',  ( -8.013095926879879372, 4.600000109013059741E-08, -19.96370745392984958 ) ) ;
#5142 = LINE ( 'NONE', #7720, #10068 ) ;
#5143 = ORIENTED_EDGE ( 'NONE', *, *, #8295, .F. ) ;
#5144 = ORIENTED_EDGE ( 'NONE', *, *, #9521, .T. ) ;
#5145 = ORIENTED_EDGE ( 'NONE', *, *, #7302, .F. ) ;
#5146 = AXIS2_PLACEMENT_3D ( 'NONE', #1742, #4394, #1019 ) ;
#5147 = EDGE_CURVE ( 'NONE', #1940, #9822, #6621, .T. ) ;
#5148 = CARTESIAN_POINT ( 'NONE',  ( 7.969156873726400470, -0.06570026152080700454, -20.18710841121444943 ) ) ;
#5149 = AXIS2_PLACEMENT_3D ( 'NONE', #10365, #3724, #2178 ) ;
#5150 = FACE_OUTER_BOUND ( 'NONE', #10564, .T. ) ;
#5151 = ORIENTED_EDGE ( 'NONE', *, *, #1698, .F. ) ;
#5152 = CARTESIAN_POINT ( 'NONE',  ( -9.000000000000000000, -6.250000000000000000, 0.000000000000000000 ) ) ;
#5153 = CARTESIAN_POINT ( 'NONE',  ( 8.797244665355909987, 0.01870648438076745121, -19.53438020237314987 ) ) ;
#5154 = CARTESIAN_POINT ( 'NONE',  ( 6.123399657764100112, -1.802799999999830094, -79.67810574249129729 ) ) ;
#5155 = EDGE_CURVE ( 'NONE', #207, #7917, #2584, .T. ) ;
#5156 = AXIS2_PLACEMENT_3D ( 'NONE', #7793, #7022, #9446 ) ;
#5157 = CARTESIAN_POINT ( 'NONE',  ( -9.000000000000000000, 2.500000000000000000, 0.8719667599999999519 ) ) ;
#5158 = DIRECTION ( 'NONE',  ( -1.000000000000000000, 0.000000000000000000, 0.000000000000000000 ) ) ;
#5159 = DIRECTION ( 'NONE',  ( -1.924476849028004878E-15, 1.000000000000000000, 1.924476849027995017E-15 ) ) ;
#5160 = LINE ( 'NONE', #5270, #10423 ) ;
#5161 = AXIS2_PLACEMENT_3D ( 'NONE', #8215, #9803, #6555 ) ;
#5162 = VECTOR ( 'NONE', #4880, 1000.000000000000000 ) ;
#5163 = ORIENTED_EDGE ( 'NONE', *, *, #7799, .F. ) ;
#5164 = ORIENTED_EDGE ( 'NONE', *, *, #2667, .F. ) ;
#5165 = VECTOR ( 'NONE', #5598, 1000.000000000000000 ) ;
#5166 = EDGE_CURVE ( 'NONE', #5676, #6814, #9035, .T. ) ;
#5167 = DIRECTION ( 'NONE',  ( 0.000000000000000000, 0.000000000000000000, -1.000000000000000000 ) ) ;
#5168 = VERTEX_POINT ( 'NONE', #10857 ) ;
#5169 = DIRECTION ( 'NONE',  ( 1.000000000000000000, 0.000000000000000000, 0.000000000000000000 ) ) ;
#5170 = FACE_OUTER_BOUND ( 'NONE', #1056, .T. ) ;
#5171 = ORIENTED_EDGE ( 'NONE', *, *, #226, .F. ) ;
#5172 = CIRCLE ( 'NONE', #767, 0.1999999999999996503 ) ;
#5173 = CARTESIAN_POINT ( 'NONE',  ( -8.773800045999999853, -1.499999954000042157, -19.36101569409725087 ) ) ;
#5174 = ORIENTED_EDGE ( 'NONE', *, *, #8206, .F. ) ;
#5175 = VECTOR ( 'NONE', #271, 1000.000000000000000 ) ;
#5176 = VERTEX_POINT ( 'NONE', #783 ) ;
#5177 = VECTOR ( 'NONE', #9189, 1000.000000000000000 ) ;
#5178 = EDGE_CURVE ( 'NONE', #2, #5377, #1606, .T. ) ;
#5179 = DIRECTION ( 'NONE',  ( 8.904572318030769708E-17, 3.089394128724235091E-31, -1.000000000000000000 ) ) ;
#5180 = DIRECTION ( 'NONE',  ( 0.000000000000000000, 1.000000000000000000, 0.000000000000000000 ) ) ;
#5181 = CARTESIAN_POINT ( 'NONE',  ( -8.747256495001190402, -0.06479686222636379944, -19.32169988139930084 ) ) ;
#5182 = EDGE_LOOP ( 'NONE', ( #2135, #10263, #199, #9560 ) ) ;
#5183 = CARTESIAN_POINT ( 'NONE',  ( -9.000000000000000000, -10.00000000000000000, 0.000000000000000000 ) ) ;
#5184 = ORIENTED_EDGE ( 'NONE', *, *, #9327, .T. ) ;
#5185 = DIRECTION ( 'NONE',  ( 0.000000000000000000, 3.197777247011439598E-14, -1.000000000000000000 ) ) ;
#5186 = AXIS2_PLACEMENT_3D ( 'NONE', #6256, #4563, #6146 ) ;
#5187 = LINE ( 'NONE', #5244, #5697 ) ;
#5188 = VERTEX_POINT ( 'NONE', #8330 ) ;
#5189 = EDGE_CURVE ( 'NONE', #8537, #4901, #1501, .T. ) ;
#5190 = EDGE_CURVE ( 'NONE', #3556, #5388, #4157, .T. ) ;
#5191 = VECTOR ( 'NONE', #4625, 1000.000000000000114 ) ;
#5192 = CARTESIAN_POINT ( 'NONE',  ( 6.550000000000000711, 11.00000000000000000, 0.8719667599999999519 ) ) ;
#5193 = LINE ( 'NONE', #8534, #9837 ) ;
#5194 = CARTESIAN_POINT ( 'NONE',  ( -5.066999602235890521, -3.131595684483359840E-14, -0.1499999540000000187 ) ) ;
#5195 = ORIENTED_EDGE ( 'NONE', *, *, #445, .F. ) ;
#5196 = CARTESIAN_POINT ( 'NONE',  ( 8.577637637506558832, -0.1178752808228553939, -0.001724950664875310024 ) ) ;
#5197 = ORIENTED_EDGE ( 'NONE', *, *, #9451, .F. ) ;
#5198 = DIRECTION ( 'NONE',  ( 0.000000000000000000, 2.903302832784645416E-15, -1.000000000000000000 ) ) ;
#5199 = DIRECTION ( 'NONE',  ( 0.000000000000000000, 1.759576437409350276E-14, -1.000000000000000000 ) ) ;
#5200 = DIRECTION ( 'NONE',  ( -1.833260990695674992E-13, 1.000000000000000000, 0.000000000000000000 ) ) ;
#5201 =( GEOMETRIC_REPRESENTATION_CONTEXT ( 3 ) GLOBAL_UNCERTAINTY_ASSIGNED_CONTEXT ( ( #2630 ) ) GLOBAL_UNIT_ASSIGNED_CONTEXT ( ( #7873, #221, #3486 ) ) REPRESENTATION_CONTEXT ( 'NONE', 'WORKASPACE' ) );
#5202 = CARTESIAN_POINT ( 'NONE',  ( -8.465266147384539863, -1.499999954000032165, -19.72366920272734703 ) ) ;
#5203 = ORIENTED_EDGE ( 'NONE', *, *, #2727, .T. ) ;
#5204 = ORIENTED_EDGE ( 'NONE', *, *, #6627, .T. ) ;
#5205 = VECTOR ( 'NONE', #569, 1000.000000000000000 ) ;
#5206 = EDGE_CURVE ( 'NONE', #8081, #5168, #2576, .T. ) ;
#5207 = DIRECTION ( 'NONE',  ( 0.000000000000000000, 0.000000000000000000, 1.000000000000000000 ) ) ;
#5208 = ORIENTED_EDGE ( 'NONE', *, *, #745, .F. ) ;
#5209 = FACE_OUTER_BOUND ( 'NONE', #10679, .T. ) ;
#5210 = FACE_OUTER_BOUND ( 'NONE', #3835, .T. ) ;
#5211 = FACE_BOUND ( 'NONE', #3043, .T. ) ;
#5212 = CYLINDRICAL_SURFACE ( 'NONE', #3219, 0.2999999999999999334 ) ;
#5213 = CARTESIAN_POINT ( 'NONE',  ( -8.923799999999999955, -0.1499999079999989882, -3.611118645726064597E-31 ) ) ;
#5214 = DIRECTION ( 'NONE',  ( 0.000000000000000000, -2.903302832784645416E-15, 1.000000000000000000 ) ) ;
#5215 = VECTOR ( 'NONE', #564, 1000.000000000000114 ) ;
#5216 = AXIS2_PLACEMENT_3D ( 'NONE', #4525, #8381, #3695 ) ;
#5217 = CARTESIAN_POINT ( 'NONE',  ( 9.000000000000000000, -10.00000000000000000, 0.000000000000000000 ) ) ;
#5218 = EDGE_CURVE ( 'NONE', #2919, #7513, #2447, .T. ) ;
#5219 = ORIENTED_EDGE ( 'NONE', *, *, #9289, .F. ) ;
#5220 = ADVANCED_FACE ( 'NONE', ( #4045 ), #2281, .F. ) ;
#5221 = ORIENTED_EDGE ( 'NONE', *, *, #9099, .F. ) ;
#5222 = FACE_OUTER_BOUND ( 'NONE', #5446, .T. ) ;
#5223 = VECTOR ( 'NONE', #4471, 1000.000000000000114 ) ;
#5224 = CIRCLE ( 'NONE', #4872, 0.2999999999999999334 ) ;
#5225 = VERTEX_POINT ( 'NONE', #4926 ) ;
#5226 = CARTESIAN_POINT ( 'NONE',  ( 9.000000000000000000, 0.2999999999999999889, 0.000000000000000000 ) ) ;
#5227 = LINE ( 'NONE', #9284, #8472 ) ;
#5228 = ORIENTED_EDGE ( 'NONE', *, *, #8139, .F. ) ;
#5229 = CARTESIAN_POINT ( 'NONE',  ( 8.017095242407860312, 4.600000274353889722E-08, -19.96370745392984958 ) ) ;
#5230 = EDGE_CURVE ( 'NONE', #3439, #6018, #8274, .T. ) ;
#5231 = EDGE_CURVE ( 'NONE', #5676, #3256, #9751, .T. ) ;
#5232 = ORIENTED_EDGE ( 'NONE', *, *, #5080, .T. ) ;
#5233 = ORIENTED_EDGE ( 'NONE', *, *, #8850, .T. ) ;
#5234 = AXIS2_PLACEMENT_3D ( 'NONE', #2566, #5918, #2352 ) ;
#5235 = CARTESIAN_POINT ( 'NONE',  ( -8.923799999999999955, -1.499999954000060143, -16.79719938409719759 ) ) ;
#5236 = VECTOR ( 'NONE', #7892, 1000.000000000000000 ) ;
#5237 = DIRECTION ( 'NONE',  ( 1.924476849028004878E-15, -1.000000000000000000, -1.924476849027995017E-15 ) ) ;
#5238 = DIRECTION ( 'NONE',  ( 1.924476849027999751E-15, 1.000000000000000000, 1.924476849027999751E-15 ) ) ;
#5239 = ORIENTED_EDGE ( 'NONE', *, *, #3000, .F. ) ;
#5240 = DIRECTION ( 'NONE',  ( 0.000000000000000000, 1.000000000000000000, 0.000000000000000000 ) ) ;
#5241 = ORIENTED_EDGE ( 'NONE', *, *, #5019, .T. ) ;
#5242 = DIRECTION ( 'NONE',  ( 3.848953698056000290E-15, -1.000000000000000000, 3.379345265849239682E-32 ) ) ;
#5243 = ADVANCED_FACE ( 'NONE', ( #5584 ), #3381, .T. ) ;
#5244 = CARTESIAN_POINT ( 'NONE',  ( 8.923799999999999955, -0.1499999079999989882, -19.48126663494194943 ) ) ;
#5245 = ORIENTED_EDGE ( 'NONE', *, *, #3148, .F. ) ;
#5246 = CARTESIAN_POINT ( 'NONE',  ( 61.95510655778610243, -1.499999953999900049, -1.116018999999980110 ) ) ;
#5247 = FACE_OUTER_BOUND ( 'NONE', #10706, .T. ) ;
#5248 = CARTESIAN_POINT ( 'NONE',  ( -1.250000000000000000, 11.00000000000000000, 0.8719667599999999519 ) ) ;
#5249 = EDGE_LOOP ( 'NONE', ( #9165, #10246, #4600, #7766 ) ) ;
#5250 = CARTESIAN_POINT ( 'NONE',  ( 7.690952570265030985, 4.599999791883929583E-08, -20.09880017200000069 ) ) ;
#5251 = VERTEX_POINT ( 'NONE', #8481 ) ;
#5252 = CARTESIAN_POINT ( 'NONE',  ( -6.383799999999999919, -1.802799999999999958, -18.30119942409725198 ) ) ;
#5253 = DIRECTION ( 'NONE',  ( 0.000000000000000000, 0.000000000000000000, 1.000000000000000000 ) ) ;
#5254 = CARTESIAN_POINT ( 'NONE',  ( -8.043810271948380830, 4.600000084357570449E-08, -19.98660699651169992 ) ) ;
#5255 = ADVANCED_FACE ( 'NONE', ( #1726 ), #5343, .T. ) ;
#5256 = CARTESIAN_POINT ( 'NONE',  ( -8.453089867881340425, -0.1178752808228543947, -0.001724950664875419962 ) ) ;
#5257 = ORIENTED_EDGE ( 'NONE', *, *, #5848, .T. ) ;
#5258 = VERTEX_POINT ( 'NONE', #9513 ) ;
#5259 = LINE ( 'NONE', #3450, #1984 ) ;
#5260 = B_SPLINE_CURVE_WITH_KNOTS ( 'NONE', 3,
 ( #8669, #9332, #5980, #1029 ),
 .UNSPECIFIED., .F., .F.,
 ( 4, 4 ),
 ( 0.000000000000000000, 1.000000000000000000 ),
 .UNSPECIFIED. ) ;
#5261 = EDGE_LOOP ( 'NONE', ( #5128, #9696, #2495, #1616 ) ) ;
#5262 = CARTESIAN_POINT ( 'NONE',  ( -8.702788389246238765, -0.1286308614580241871, -0.0005665580333816640701 ) ) ;
#5263 = LINE ( 'NONE', #8554, #5731 ) ;
#5264 = DIRECTION ( 'NONE',  ( -1.833260990695839833E-13, 1.000000000000000000, 0.000000000000000000 ) ) ;
#5265 = DIRECTION ( 'NONE',  ( 0.000000000000000000, 0.000000000000000000, 1.000000000000000000 ) ) ;
#5266 = CARTESIAN_POINT ( 'NONE',  ( 8.923799999999999955, -0.9999999540000918952, -4.866019119999979381 ) ) ;
#5267 = CARTESIAN_POINT ( 'NONE',  ( 8.623800091999999751, 0.1499999999999999944, -19.16595265026500172 ) ) ;
#5268 = EDGE_CURVE ( 'NONE', #5055, #8907, #7818, .T. ) ;
#5269 = EDGE_CURVE ( 'NONE', #1866, #5377, #3438, .T. ) ;
#5270 = CARTESIAN_POINT ( 'NONE',  ( 9.000000000000000000, 11.00000000000000000, 0.8719667599999999519 ) ) ;
#5271 = VERTEX_POINT ( 'NONE', #2553 ) ;
#5272 = EDGE_LOOP ( 'NONE', ( #7479, #8231, #6794, #5075 ) ) ;
#5273 = LINE ( 'NONE', #7737, #10591 ) ;
#5274 = ORIENTED_EDGE ( 'NONE', *, *, #9666, .F. ) ;
#5275 = DIRECTION ( 'NONE',  ( 2.307739471244675151E-14, 1.000000000000000000, 2.903302832784645416E-15 ) ) ;
#5276 = LINE ( 'NONE', #1865, #7735 ) ;
#5277 = CARTESIAN_POINT ( 'NONE',  ( 61.95510655778610243, -1.499999953999900049, -4.545018999999999920 ) ) ;
#5278 = EDGE_CURVE ( 'NONE', #10153, #7267, #10019, .T. ) ;
#5279 = ORIENTED_EDGE ( 'NONE', *, *, #685, .T. ) ;
#5280 = ORIENTED_EDGE ( 'NONE', *, *, #1293, .F. ) ;
#5281 = ORIENTED_EDGE ( 'NONE', *, *, #9782, .F. ) ;
#5282 = EDGE_CURVE ( 'NONE', #7887, #5308, #5912, .T. ) ;
#5283 = EDGE_CURVE ( 'NONE', #7242, #2362, #2040, .T. ) ;
#5284 = CARTESIAN_POINT ( 'NONE',  ( -9.000000000000000000, 1.550000000000000044, 0.000000000000000000 ) ) ;
#5285 = AXIS2_PLACEMENT_3D ( 'NONE', #7144, #10499, #2976 ) ;
#5286 = DIRECTION ( 'NONE',  ( 1.000000000000000000, 0.000000000000000000, 0.000000000000000000 ) ) ;
#5287 = CARTESIAN_POINT ( 'NONE',  ( -9.000000000000000000, 7.500000000000000000, 0.000000000000000000 ) ) ;
#5288 = EDGE_LOOP ( 'NONE', ( #10282, #8114, #8750, #3259 ) ) ;
#5289 = CYLINDRICAL_SURFACE ( 'NONE', #9425, 0.2999999999999999334 ) ;
#5290 = ORIENTED_EDGE ( 'NONE', *, *, #1628, .T. ) ;
#5291 = CARTESIAN_POINT ( 'NONE',  ( -8.773800046000008734, -1.499999954000060143, -9.297199144097220369 ) ) ;
#5292 = CARTESIAN_POINT ( 'NONE',  ( -1.122600582235897981, -1.802799999999999958, -20.24880012599999901 ) ) ;
#5293 = ORIENTED_EDGE ( 'NONE', *, *, #474, .T. ) ;
#5294 = VECTOR ( 'NONE', #9916, 1000.000000000000000 ) ;
#5295 = EDGE_CURVE ( 'NONE', #1272, #409, #7871, .T. ) ;
#5296 = DIRECTION ( 'NONE',  ( -1.000000000000000000, -3.629128540980805093E-15, -8.904572318030769708E-17 ) ) ;
#5297 = CARTESIAN_POINT ( 'NONE',  ( 4.873399617764099467, -1.802799999999830094, -79.67810574249129729 ) ) ;
#5298 = DIRECTION ( 'NONE',  ( 3.446013993391890312E-15, 1.000000000000000000, -6.001888687556110181E-30 ) ) ;
#5299 = VERTEX_POINT ( 'NONE', #328 ) ;
#5300 = LINE ( 'NONE', #6066, #9946 ) ;
#5301 = ORIENTED_EDGE ( 'NONE', *, *, #3269, .F. ) ;
#5302 = CARTESIAN_POINT ( 'NONE',  ( -5.066999602235879863, -1.802800045999999989, 0.000000000000000000 ) ) ;
#5303 = CARTESIAN_POINT ( 'NONE',  ( 9.000000000000000000, 1.550000000000000044, 0.000000000000000000 ) ) ;
#5304 = DIRECTION ( 'NONE',  ( 3.562560286365650261E-16, -6.755151197360960217E-16, 1.000000000000000000 ) ) ;
#5305 = PLANE ( 'NONE',  #6394 ) ;
#5306 = AXIS2_PLACEMENT_3D ( 'NONE', #9341, #5071, #7585 ) ;
#5307 = VERTEX_POINT ( 'NONE', #128 ) ;
#5308 = VERTEX_POINT ( 'NONE', #7660 ) ;
#5309 = EDGE_CURVE ( 'NONE', #6054, #296, #1699, .T. ) ;
#5310 = CARTESIAN_POINT ( 'NONE',  ( 9.000000000000000000, -10.00000000000000000, 0.8719667599999999519 ) ) ;
#5311 = VERTEX_POINT ( 'NONE', #5841 ) ;
#5312 = DIRECTION ( 'NONE',  ( 0.000000000000000000, -1.000000000000000000, -3.848953698056000290E-15 ) ) ;
#5313 = FACE_OUTER_BOUND ( 'NONE', #9719, .T. ) ;
#5314 = CARTESIAN_POINT ( 'NONE',  ( -7.886015114097229883, 0.01838498511474300282, -20.34708724893059895 ) ) ;
#5315 = AXIS2_PLACEMENT_3D ( 'NONE', #2416, #1576, #4946 ) ;
#5316 = CARTESIAN_POINT ( 'NONE',  ( 8.703089367881348792, -0.1499999539999979925, 4.878909776184769953E-16 ) ) ;
#5317 = CARTESIAN_POINT ( 'NONE',  ( -8.923799999999999955, -1.499999954000060143, -9.297199144097220369 ) ) ;
#5318 = CARTESIAN_POINT ( 'NONE',  ( 8.773800046000008734, -1.802799999999999958, -0.5410188799999838816 ) ) ;
#5319 = LINE ( 'NONE', #94, #9716 ) ;
#5320 = ORIENTED_EDGE ( 'NONE', *, *, #10847, .T. ) ;
#5321 = EDGE_LOOP ( 'NONE', ( #8351, #5783, #6617, #589, #2619, #10801, #5668, #1591 ) ) ;
#5322 = AXIS2_PLACEMENT_3D ( 'NONE', #10515, #7164, #3710 ) ;
#5323 = EDGE_CURVE ( 'NONE', #5913, #622, #5136, .T. ) ;
#5324 = LINE ( 'NONE', #6196, #7431 ) ;
#5325 = EDGE_CURVE ( 'NONE', #3142, #6712, #840, .T. ) ;
#5326 = VECTOR ( 'NONE', #5207, 1000.000000000000000 ) ;
#5327 = EDGE_LOOP ( 'NONE', ( #4235, #7620, #6789, #2774 ) ) ;
#5328 = CARTESIAN_POINT ( 'NONE',  ( -0.1266005422359564037, -1.499999954000070135, -20.24880012599999901 ) ) ;
#5329 = LINE ( 'NONE', #8672, #2861 ) ;
#5330 = CARTESIAN_POINT ( 'NONE',  ( 61.95510655778610243, -0.9999999539998989384, -3.970018879999974271 ) ) ;
#5331 = VECTOR ( 'NONE', #4631, 1000.000000000000000 ) ;
#5332 = CIRCLE ( 'NONE', #6207, 0.1999999999999996503 ) ;
#5333 = ORIENTED_EDGE ( 'NONE', *, *, #3552, .F. ) ;
#5334 = ORIENTED_EDGE ( 'NONE', *, *, #9489, .T. ) ;
#5335 = ORIENTED_EDGE ( 'NONE', *, *, #2459, .T. ) ;
#5336 = EDGE_CURVE ( 'NONE', #5481, #2266, #6439, .T. ) ;
#5337 = AXIS2_PLACEMENT_3D ( 'NONE', #3121, #4659, #2077 ) ;
#5338 = LINE ( 'NONE', #8117, #4889 ) ;
#5339 = CARTESIAN_POINT ( 'NONE',  ( 9.000000000000000000, 11.00000000000000000, 0.8719667599999999519 ) ) ;
#5340 = FACE_OUTER_BOUND ( 'NONE', #1930, .T. ) ;
#5341 = ORIENTED_EDGE ( 'NONE', *, *, #9133, .F. ) ;
#5342 = CARTESIAN_POINT ( 'NONE',  ( -9.000000000000000000, 0.2999999999999999889, 0.000000000000000000 ) ) ;
#5343 = PLANE ( 'NONE',  #2223 ) ;
#5344 = ORIENTED_EDGE ( 'NONE', *, *, #7573, .T. ) ;
#5345 = DIRECTION ( 'NONE',  ( 1.000000000000000000, 0.000000000000000000, 0.000000000000000000 ) ) ;
#5346 = CARTESIAN_POINT ( 'NONE',  ( 4.873399617764049729, -1.499999954000070135, -20.39880008000000089 ) ) ;
#5347 = CYLINDRICAL_SURFACE ( 'NONE', #5349, 0.2999999999999999334 ) ;
#5348 = EDGE_CURVE ( 'NONE', #3344, #1, #5989, .T. ) ;
#5349 = AXIS2_PLACEMENT_3D ( 'NONE', #9731, #2209, #4531 ) ;
#5350 = ORIENTED_EDGE ( 'NONE', *, *, #9455, .T. ) ;
#5351 = EDGE_CURVE ( 'NONE', #2973, #9673, #7547, .T. ) ;
#5352 = CARTESIAN_POINT ( 'NONE',  ( 8.453089367881350569, -0.04512063267667849875, -0.009560738575706620446 ) ) ;
#5353 = ORIENTED_EDGE ( 'NONE', *, *, #7156, .F. ) ;
#5354 = LINE ( 'NONE', #177, #6108 ) ;
#5355 = ORIENTED_EDGE ( 'NONE', *, *, #1252, .F. ) ;
#5356 = CIRCLE ( 'NONE', #5186, 0.2999999999999999334 ) ;
#5357 = DIRECTION ( 'NONE',  ( -1.833260990695839833E-13, 1.000000000000000000, 3.848953698056000290E-15 ) ) ;
#5358 = VERTEX_POINT ( 'NONE', #1209 ) ;
#5359 = DIRECTION ( 'NONE',  ( 3.446013993391900172E-15, 1.000000000000000000, 1.759576437409350276E-14 ) ) ;
#5360 = DIRECTION ( 'NONE',  ( 0.000000000000000000, -1.000000000000000000, 0.000000000000000000 ) ) ;
#5361 = PLANE ( 'NONE',  #7969 ) ;
#5362 = EDGE_CURVE ( 'NONE', #8880, #3344, #7956, .T. ) ;
#5363 = VERTEX_POINT ( 'NONE', #380 ) ;
#5364 = VECTOR ( 'NONE', #9321, 1000.000000000000000 ) ;
#5365 = ORIENTED_EDGE ( 'NONE', *, *, #2086, .T. ) ;
#5366 = DIRECTION ( 'NONE',  ( 0.000000000000000000, 0.000000000000000000, -1.000000000000000000 ) ) ;
#5367 = EDGE_LOOP ( 'NONE', ( #9965, #84, #1727, #5061 ) ) ;
#5368 = CARTESIAN_POINT ( 'NONE',  ( 0.2999999999999999889, 11.00000000000000000, 0.8719667599999999519 ) ) ;
#5369 = CARTESIAN_POINT ( 'NONE',  ( 5.000000000000000000, 11.00000000000000000, 0.000000000000000000 ) ) ;
#5370 = CYLINDRICAL_SURFACE ( 'NONE', #6615, 0.1499999539999966602 ) ;
#5371 = FACE_OUTER_BOUND ( 'NONE', #10634, .T. ) ;
#5372 = CARTESIAN_POINT ( 'NONE',  ( 5.097000897764120353, -1.499999954000106106, -2.540000000000000036 ) ) ;
#5373 = LINE ( 'NONE', #2232, #3741 ) ;
#5374 = LINE ( 'NONE', #1909, #6383 ) ;
#5375 = EDGE_CURVE ( 'NONE', #4255, #6006, #6161, .T. ) ;
#5376 = COLOUR_RGB ( '',0.000000000000000000, 0.5019607843137254832, 0.000000000000000000 ) ;
#5377 = VERTEX_POINT ( 'NONE', #1422 ) ;
#5378 = EDGE_LOOP ( 'NONE', ( #5413, #9651, #9290, #3775 ) ) ;
#5379 = DIRECTION ( 'NONE',  ( -1.833260990695674992E-13, 1.000000000000000000, 0.000000000000000000 ) ) ;
#5380 = ORIENTED_EDGE ( 'NONE', *, *, #10080, .F. ) ;
#5381 = CARTESIAN_POINT ( 'NONE',  ( 9.000000000000000000, 6.550000000000000711, 0.000000000000000000 ) ) ;
#5382 = AXIS2_PLACEMENT_3D ( 'NONE', #1185, #302, #4498 ) ;
#5383 = CARTESIAN_POINT ( 'NONE',  ( 4.873399617764049729, -1.499999953999898050, -79.67810574249129729 ) ) ;
#5384 = AXIS2_PLACEMENT_3D ( 'NONE', #9972, #679, #3168 ) ;
#5385 = DIRECTION ( 'NONE',  ( 0.000000000000000000, -2.903302832784645416E-15, 1.000000000000000000 ) ) ;
#5386 = CARTESIAN_POINT ( 'NONE',  ( -8.453089367881341687, -0.09714092166801134576, -0.1548254902454860027 ) ) ;
#5387 = EDGE_CURVE ( 'NONE', #8773, #225, #1371, .T. ) ;
#5388 = VERTEX_POINT ( 'NONE', #1317 ) ;
#5389 = ORIENTED_EDGE ( 'NONE', *, *, #9587, .F. ) ;
#5390 = AXIS2_PLACEMENT_3D ( 'NONE', #5412, #392, #10460 ) ;
#5391 = ORIENTED_EDGE ( 'NONE', *, *, #5962, .T. ) ;
#5392 = AXIS2_PLACEMENT_3D ( 'NONE', #10637, #9811, #5744 ) ;
#5393 = DIRECTION ( 'NONE',  ( 1.000000000000000000, 0.000000000000000000, 0.000000000000000000 ) ) ;
#5394 = CARTESIAN_POINT ( 'NONE',  ( -9.000000000000000000, -3.750000000000000000, 0.000000000000000000 ) ) ;
#5395 = ORIENTED_EDGE ( 'NONE', *, *, #10354, .T. ) ;
#5397 = AXIS2_PLACEMENT_3D ( 'NONE', #10759, #10656, #3133 ) ;
#5396 = DIRECTION ( 'NONE',  ( 0.000000000000000000, 0.000000000000000000, -1.000000000000000000 ) ) ;
#5398 = DIRECTION ( 'NONE',  ( 0.000000000000000000, 0.000000000000000000, 1.000000000000000000 ) ) ;
#5399 = VECTOR ( 'NONE', #5158, 1000.000000000000000 ) ;
#5400 = ORIENTED_EDGE ( 'NONE', *, *, #8530, .T. ) ;
#5401 = LINE ( 'NONE', #7977, #5331 ) ;
#5402 = ADVANCED_FACE ( 'NONE', ( #8953 ), #5448, .T. ) ;
#5403 = EDGE_CURVE ( 'NONE', #5551, #1617, #2045, .T. ) ;
#5404 = DIRECTION ( 'NONE',  ( 0.000000000000000000, 1.000000000000000000, 2.903302832784645416E-15 ) ) ;
#5405 = VERTEX_POINT ( 'NONE', #3747 ) ;
#5406 = VECTOR ( 'NONE', #10543, 1000.000000000000000 ) ;
#5407 = VECTOR ( 'NONE', #8713, 1000.000000000000000 ) ;
#5408 = DIRECTION ( 'NONE',  ( -8.904572318030738893E-17, -7.597773076889609890E-17, 1.000000000000000000 ) ) ;
#5409 = EDGE_LOOP ( 'NONE', ( #8222, #7616, #4298, #6542 ) ) ;
#5410 = PLANE ( 'NONE',  #421 ) ;
#5411 = ORIENTED_EDGE ( 'NONE', *, *, #9782, .T. ) ;
#5412 = CARTESIAN_POINT ( 'NONE',  ( 9.000000000000000000, 6.550000000000000711, 0.000000000000000000 ) ) ;
#5413 = ORIENTED_EDGE ( 'NONE', *, *, #1132, .F. ) ;
#5414 = LINE ( 'NONE', #4700, #269 ) ;
#5415 = FACE_OUTER_BOUND ( 'NONE', #5665, .T. ) ;
#5416 = ADVANCED_FACE ( 'NONE', ( #2260 ), #2980, .T. ) ;
#5417 = CARTESIAN_POINT ( 'NONE',  ( 61.95510655778610243, -1.499999953999900049, -8.616019239999980428 ) ) ;
#5418 = VERTEX_POINT ( 'NONE', #3904 ) ;
#5419 = DIRECTION ( 'NONE',  ( 0.000000000000000000, 0.000000000000000000, 1.000000000000000000 ) ) ;
#5420 = ORIENTED_EDGE ( 'NONE', *, *, #10053, .T. ) ;
#5421 = EDGE_CURVE ( 'NONE', #2832, #580, #8790, .T. ) ;
#5422 = CARTESIAN_POINT ( 'NONE',  ( -6.500000000000000000, 11.00000000000000000, 0.000000000000000000 ) ) ;
#5423 = LINE ( 'NONE', #4598, #8370 ) ;
#5424 = CARTESIAN_POINT ( 'NONE',  ( -4.049999999999999822, 11.00000000000000000, 0.000000000000000000 ) ) ;
#5425 = ORIENTED_EDGE ( 'NONE', *, *, #7838, .F. ) ;
#5426 = CARTESIAN_POINT ( 'NONE',  ( -8.905728419127068918, -0.03121975436131772114, -19.36101569409725087 ) ) ;
#5427 = LINE ( 'NONE', #2792, #619 ) ;
#5428 = CARTESIAN_POINT ( 'NONE',  ( 7.879221455915749850, -0.06564671180959570640, -20.22283454019070348 ) ) ;
#5429 = EDGE_CURVE ( 'NONE', #10844, #4842, #3287, .T. ) ;
#5430 = CARTESIAN_POINT ( 'NONE',  ( 8.007912791713421186, -0.06112860361461038006, -20.14412803422134957 ) ) ;
#5431 = ORIENTED_EDGE ( 'NONE', *, *, #3516, .F. ) ;
#5432 = ORIENTED_EDGE ( 'NONE', *, *, #2137, .T. ) ;
#5433 = LINE ( 'NONE', #2909, #7598 ) ;
#5434 = ORIENTED_EDGE ( 'NONE', *, *, #6396, .T. ) ;
#5435 = EDGE_CURVE ( 'NONE', #8142, #5676, #9010, .T. ) ;
#5436 = CARTESIAN_POINT ( 'NONE',  ( -8.002267239413990652, -1.802799999999999958, -20.39880008000000089 ) ) ;
#5437 = CARTESIAN_POINT ( 'NONE',  ( -8.817734015348939636, -0.1499999080000030127, -19.37120133476289752 ) ) ;
#5438 = CARTESIAN_POINT ( 'NONE',  ( -3.622600662235899716, -1.802799999999830094, -79.67810574249129729 ) ) ;
#5439 = DIRECTION ( 'NONE',  ( 3.491481338843135327E-15, -1.000000000000000000, 3.109014807878360910E-31 ) ) ;
#5440 = EDGE_LOOP ( 'NONE', ( #9996, #6458, #8810, #8798 ) ) ;
#5441 = EDGE_LOOP ( 'NONE', ( #7303, #5654, #1213, #10003 ) ) ;
#5442 = DIRECTION ( 'NONE',  ( -1.000000000000000000, 3.446013993391890312E-15, 3.562560286365675406E-16 ) ) ;
#5443 = ADVANCED_FACE ( 'NONE', ( #8138 ), #599, .F. ) ;
#5444 = LINE ( 'NONE', #1256, #3188 ) ;
#5445 = LINE ( 'NONE', #8787, #5191 ) ;
#5446 = EDGE_LOOP ( 'NONE', ( #10703, #5890, #99, #6697 ) ) ;
#5447 = DIRECTION ( 'NONE',  ( 0.000000000000000000, 0.000000000000000000, 1.000000000000000000 ) ) ;
#5448 = PLANE ( 'NONE',  #9245 ) ;
#5449 = VERTEX_POINT ( 'NONE', #6488 ) ;
#5450 = CARTESIAN_POINT ( 'NONE',  ( 8.772937570667570739, -0.1339375714114274252, -0.4707101321186560328 ) ) ;
#5451 = B_SPLINE_SURFACE_WITH_KNOTS ( 'NONE', 1, 3, ( 
 ( #676, #3327, #7494, #1667, #2444, #2550, #8271, #7387 ),
 ( #7545, #10740, #7443, #6563, #9917, #1724, #4209, #9089 ) ),
 .UNSPECIFIED., .F., .F., .F.,
 ( 2, 2 ),
 ( 4, 2, 2, 4 ),
 ( 0.000000000000000000, 1.000000000000000000 ),
 ( 1.469957662812691960E-06, 0.2500011024682469718, 0.5000007349788310185, 1.000000000000000000 ),
 .UNSPECIFIED. ) ;
#5452 = FACE_OUTER_BOUND ( 'NONE', #1858, .T. ) ;
#5453 = ORIENTED_EDGE ( 'NONE', *, *, #4947, .F. ) ;
#5454 = VECTOR ( 'NONE', #10232, 1000.000000000000000 ) ;
#5456 = EDGE_CURVE ( 'NONE', #2186, #1617, #542, .T. ) ;
#5455 = DIRECTION ( 'NONE',  ( -3.848953698056000290E-15, -1.000000000000000000, -6.697566661233410064E-31 ) ) ;
#5457 = ORIENTED_EDGE ( 'NONE', *, *, #6768, .T. ) ;
#5458 = ADVANCED_FACE ( 'NONE', ( #3802 ), #2204, .T. ) ;
#5459 = CARTESIAN_POINT ( 'NONE',  ( 0.000000000000000000, -1.499999954000106106, -0.1499999539999948006 ) ) ;
#5460 = ORIENTED_EDGE ( 'NONE', *, *, #6200, .F. ) ;
#5461 = CARTESIAN_POINT ( 'NONE',  ( 7.900200570290909496, -0.1499999079999994045, -20.29273409534895123 ) ) ;
#5462 = ORIENTED_EDGE ( 'NONE', *, *, #7964, .F. ) ;
#5463 = PLANE ( 'NONE',  #1495 ) ;
#5464 = DIRECTION ( 'NONE',  ( 3.469446951953614978E-15, 1.000000000000000000, 0.000000000000000000 ) ) ;
#5465 = DIRECTION ( 'NONE',  ( 0.000000000000000000, 0.000000000000000000, -1.000000000000000000 ) ) ;
#5466 = VECTOR ( 'NONE', #1934, 1000.000000000000114 ) ;
#5467 = DIRECTION ( 'NONE',  ( 1.000000000000000000, 0.000000000000000000, 0.000000000000000000 ) ) ;
#5468 = ADVANCED_FACE ( 'NONE', ( #7315 ), #3149, .F. ) ;
#5469 = ORIENTED_EDGE ( 'NONE', *, *, #6063, .F. ) ;
#5470 = FACE_OUTER_BOUND ( 'NONE', #2534, .T. ) ;
#5471 = CARTESIAN_POINT ( 'NONE',  ( 1.123399497764103971, -1.802799999999830094, -79.67810574249129729 ) ) ;
#5472 = CARTESIAN_POINT ( 'NONE',  ( -9.000000000000000000, 5.299999999999999822, 0.8719667599999999519 ) ) ;
#5473 = ORIENTED_EDGE ( 'NONE', *, *, #8340, .T. ) ;
#5474 = DIRECTION ( 'NONE',  ( 1.000000000000000000, -3.446013993391890312E-15, 0.000000000000000000 ) ) ;
#5475 = CARTESIAN_POINT ( 'NONE',  ( 61.95510655778610243, -1.802799999999810110, -0.5410188799999788856 ) ) ;
#5476 = LINE ( 'NONE', #1291, #1978 ) ;
#5477 = VECTOR ( 'NONE', #5467, 1000.000000000000000 ) ;
#5478 = CARTESIAN_POINT ( 'NONE',  ( -7.989381242743908373, -0.03774333245780660262, -20.22150945815905132 ) ) ;
#5479 = EDGE_CURVE ( 'NONE', #6100, #4461, #7136, .T. ) ;
#5480 = EDGE_LOOP ( 'NONE', ( #7154, #1203, #2438, #6568, #7506, #7555, #5766, #1462 ) ) ;
#5481 = VERTEX_POINT ( 'NONE', #6272 ) ;
#5482 = LINE ( 'NONE', #475, #8474 ) ;
#5483 = EDGE_CURVE ( 'NONE', #3306, #5251, #4628, .T. ) ;
#5484 = VECTOR ( 'NONE', #5053, 1000.000000000000000 ) ;
#5485 = ORIENTED_EDGE ( 'NONE', *, *, #1516, .T. ) ;
#5486 = DIRECTION ( 'NONE',  ( -1.000000000000000000, 0.000000000000000000, 0.000000000000000000 ) ) ;
#5487 = CARTESIAN_POINT ( 'NONE',  ( -4.812999602235890961, -2.974614163603079894E-14, -0.1499999540000000187 ) ) ;
#5488 = CARTESIAN_POINT ( 'NONE',  ( 7.890014929625221107, 0.01838495531330324936, -20.34708726914155008 ) ) ;
#5489 = CARTESIAN_POINT ( 'NONE',  ( 8.923799999999999955, -1.802799999999999958, -19.48126663494194943 ) ) ;
#5490 = AXIS2_PLACEMENT_3D ( 'NONE', #1275, #3865, #3046 ) ;
#5491 = EDGE_CURVE ( 'NONE', #9295, #10084, #7975, .T. ) ;
#5492 = ORIENTED_EDGE ( 'NONE', *, *, #95, .F. ) ;
#5493 = EDGE_LOOP ( 'NONE', ( #2078, #8454, #5279, #1648 ) ) ;
#5494 = CARTESIAN_POINT ( 'NONE',  ( 9.000000000000000000, 9.050000000000000711, 0.000000000000000000 ) ) ;
#5495 = CIRCLE ( 'NONE', #1975, 0.2999999999999999334 ) ;
#5496 = CARTESIAN_POINT ( 'NONE',  ( 1.377399497764048020, -1.499999953999898050, -79.67810574249129729 ) ) ;
#5497 = VECTOR ( 'NONE', #5866, 1000.000000000000000 ) ;
#5498 = PLANE ( 'NONE',  #5285 ) ;
#5499 = CARTESIAN_POINT ( 'NONE',  ( 61.95510655778610243, -1.802799999999810110, -16.79101939999999971 ) ) ;
#5500 = ORIENTED_EDGE ( 'NONE', *, *, #5403, .T. ) ;
#5501 = DIRECTION ( 'NONE',  ( 0.000000000000000000, 3.491481338843135327E-15, 1.000000000000000000 ) ) ;
#5502 = DIRECTION ( 'NONE',  ( 1.000000000000000000, 0.000000000000000000, 0.000000000000000000 ) ) ;
#5503 = VECTOR ( 'NONE', #152, 1000.000000000000000 ) ;
#5504 = ORIENTED_EDGE ( 'NONE', *, *, #2933, .F. ) ;
#5505 = DIRECTION ( 'NONE',  ( -3.252606517456520402E-15, 1.000000000000000000, -1.412302254573343871E-15 ) ) ;
#5506 = CYLINDRICAL_SURFACE ( 'NONE', #9732, 0.2999999999999999334 ) ;
#5507 = EDGE_CURVE ( 'NONE', #4461, #6679, #110, .T. ) ;
#5508 = ORIENTED_EDGE ( 'NONE', *, *, #7466, .T. ) ;
#5509 = CIRCLE ( 'NONE', #9893, 0.2999999999999999334 ) ;
#5510 = VECTOR ( 'NONE', #5747, 1000.000000000000000 ) ;
#5511 = CARTESIAN_POINT ( 'NONE',  ( 8.453089367881339911, -0.1178752806737179970, -0.001724950680937660042 ) ) ;
#5512 = DIRECTION ( 'NONE',  ( 0.000000000000000000, 1.000000000000000000, 0.000000000000000000 ) ) ;
#5513 = VERTEX_POINT ( 'NONE', #3031 ) ;
#5514 = DIRECTION ( 'NONE',  ( 1.000000000000000000, 0.000000000000000000, 0.000000000000000000 ) ) ;
#5515 = EDGE_LOOP ( 'NONE', ( #9492, #6986, #5928, #4168 ) ) ;
#5516 = DIRECTION ( 'NONE',  ( 1.833260990695839833E-13, -1.000000000000000000, -3.848953698056000290E-15 ) ) ;
#5517 = CARTESIAN_POINT ( 'NONE',  ( 8.700399837764120292, -1.499999954000104108, -2.540000000000000036 ) ) ;
#5518 = VECTOR ( 'NONE', #3779, 1000.000000000000000 ) ;
#5519 = CARTESIAN_POINT ( 'NONE',  ( 9.000000000000000000, -8.449999999999999289, 0.8719667599999999519 ) ) ;
#5520 = EDGE_CURVE ( 'NONE', #157, #6580, #8902, .T. ) ;
#5521 = EDGE_CURVE ( 'NONE', #10787, #2702, #3886, .T. ) ;
#5522 = VECTOR ( 'NONE', #6772, 1000.000000000000000 ) ;
#5523 = DIRECTION ( 'NONE',  ( 0.000000000000000000, 1.000000000000000000, -3.491481338843135327E-15 ) ) ;
#5524 = EDGE_LOOP ( 'NONE', ( #5611, #1327, #8247, #1738 ) ) ;
#5525 = CARTESIAN_POINT ( 'NONE',  ( 7.890014929625221107, 4.599999997882339708E-08, -20.24880012599999901 ) ) ;
#5526 = DIRECTION ( 'NONE',  ( 1.000000000000000000, 0.000000000000000000, 0.000000000000000000 ) ) ;
#5527 = CARTESIAN_POINT ( 'NONE',  ( -8.923799999999999955, -0.9999999540000600318, -3.976198864097220120 ) ) ;
#5528 = EDGE_LOOP ( 'NONE', ( #7032, #10601, #2907, #8691 ) ) ;
#5529 = CARTESIAN_POINT ( 'NONE',  ( 8.703089367881348792, -0.1499999539999988252, -0.1499999539999994080 ) ) ;
#5530 = CARTESIAN_POINT ( 'NONE',  ( -9.000000000000000000, 2.200000000000000178, 0.000000000000000000 ) ) ;
#5531 = CARTESIAN_POINT ( 'NONE',  ( -8.923799999999999955, -1.499999954000060143, -17.05119938409719893 ) ) ;
#5532 = CARTESIAN_POINT ( 'NONE',  ( 5.169999999999999041, -9.342999999999999972, 0.8719667599999999519 ) ) ;
#5533 = VECTOR ( 'NONE', #9949, 1000.000000000000000 ) ;
#5534 = EDGE_CURVE ( 'NONE', #931, #9043, #9953, .T. ) ;
#5535 = EDGE_CURVE ( 'NONE', #7351, #4001, #609, .T. ) ;
#5536 = VERTEX_POINT ( 'NONE', #6653 ) ;
#5537 = ORIENTED_EDGE ( 'NONE', *, *, #8189, .F. ) ;
#5538 = CARTESIAN_POINT ( 'NONE',  ( -5.000000000000000000, 11.00000000000000000, 0.000000000000000000 ) ) ;
#5539 = VECTOR ( 'NONE', #9669, 1000.000000000000000 ) ;
#5540 = LINE ( 'NONE', #6154, #9612 ) ;
#5541 = VERTEX_POINT ( 'NONE', #7530 ) ;
#5542 = CARTESIAN_POINT ( 'NONE',  ( -9.000000000000000000, -9.050000000000000711, 0.000000000000000000 ) ) ;
#5543 = DIRECTION ( 'NONE',  ( 0.000000000000000000, 0.000000000000000000, 1.000000000000000000 ) ) ;
#5544 = CARTESIAN_POINT ( 'NONE',  ( -8.923799999999999955, -1.802799999999999958, -19.47726731941400047 ) ) ;
#5545 = ADVANCED_FACE ( 'NONE', ( #10884 ), #10723, .T. ) ;
#5546 = DIRECTION ( 'NONE',  ( 1.000000000000000000, 0.000000000000000000, 0.000000000000000000 ) ) ;
#5547 = VECTOR ( 'NONE', #9302, 1000.000000000000000 ) ;
#5548 = EDGE_CURVE ( 'NONE', #7917, #9762, #8710, .T. ) ;
#5549 = AXIS2_PLACEMENT_3D ( 'NONE', #9802, #7163, #10514 ) ;
#5550 = ORIENTED_EDGE ( 'NONE', *, *, #5362, .T. ) ;
#5551 = VERTEX_POINT ( 'NONE', #10001 ) ;
#5552 = CARTESIAN_POINT ( 'NONE',  ( 8.619153727381629437, -0.1178752808228553939, -0.001724950664875310024 ) ) ;
#5553 = AXIS2_PLACEMENT_3D ( 'NONE', #10580, #5638, #8228 ) ;
#5554 = CARTESIAN_POINT ( 'NONE',  ( -8.772937570659529172, -0.1339375713368521903, -0.4707106321186549924 ) ) ;
#5555 = EDGE_CURVE ( 'NONE', #7350, #4952, #8361, .T. ) ;
#5556 = DIRECTION ( 'NONE',  ( 0.000000000000000000, -1.000000000000000000, 0.000000000000000000 ) ) ;
#5557 = DIRECTION ( 'NONE',  ( 0.000000000000000000, 0.000000000000000000, 1.000000000000000000 ) ) ;
#5558 = EDGE_LOOP ( 'NONE', ( #6923, #4438, #2787, #10331 ) ) ;
#5559 = LINE ( 'NONE', #4739, #5399 ) ;
#5560 = EDGE_CURVE ( 'NONE', #10153, #8857, #4342, .T. ) ;
#5561 = CARTESIAN_POINT ( 'NONE',  ( -9.000000000000000000, -9.050000000000000711, 0.000000000000000000 ) ) ;
#5562 = VERTEX_POINT ( 'NONE', #10778 ) ;
#5563 = LINE ( 'NONE', #8083, #750 ) ;
#5564 = VECTOR ( 'NONE', #8812, 1000.000000000000000 ) ;
#5565 = EDGE_CURVE ( 'NONE', #6580, #2695, #2478, .T. ) ;
#5566 = VECTOR ( 'NONE', #1704, 1000.000000000000000 ) ;
#5567 = CARTESIAN_POINT ( 'NONE',  ( -8.773800045999999853, -0.1499999080000011809, -19.36101569409725087 ) ) ;
#5568 = ORIENTED_EDGE ( 'NONE', *, *, #10603, .T. ) ;
#5569 = LINE ( 'NONE', #7819, #1963 ) ;
#5570 = VECTOR ( 'NONE', #4201, 1000.000000000000000 ) ;
#5571 = LINE ( 'NONE', #7048, #4716 ) ;
#5572 = VERTEX_POINT ( 'NONE', #9898 ) ;
#5573 = LINE ( 'NONE', #5461, #1705 ) ;
#5574 = EDGE_CURVE ( 'NONE', #2206, #2820, #4134, .T. ) ;
#5575 = VERTEX_POINT ( 'NONE', #818 ) ;
#5576 = CARTESIAN_POINT ( 'NONE',  ( 8.923799999999999955, -1.499999954000091895, -16.47001928000000248 ) ) ;
#5577 =( NAMED_UNIT ( * ) PLANE_ANGLE_UNIT ( ) SI_UNIT ( $, .RADIAN. ) );
#5578 = DIRECTION ( 'NONE',  ( 3.629128540980805093E-15, -1.000000000000000000, 0.000000000000000000 ) ) ;
#5579 = CARTESIAN_POINT ( 'NONE',  ( -5.066999602235879863, -1.499999954000106106, -2.540000000000000036 ) ) ;
#5580 = ORIENTED_EDGE ( 'NONE', *, *, #2635, .T. ) ;
#5581 = DIRECTION ( 'NONE',  ( 1.000000000000000000, 0.000000000000000000, 0.000000000000000000 ) ) ;
#5582 = CARTESIAN_POINT ( 'NONE',  ( 8.700399837764120292, -1.499999954000104108, 0.000000000000000000 ) ) ;
#5583 = ADVANCED_FACE ( 'NONE', ( #6758 ), #5821, .F. ) ;
#5584 = FACE_OUTER_BOUND ( 'NONE', #661, .T. ) ;
#5585 = VERTEX_POINT ( 'NONE', #1646 ) ;
#5586 = CARTESIAN_POINT ( 'NONE',  ( 8.017095242407869193, 0.05000003066667770002, -19.96370745392984958 ) ) ;
#5587 = CARTESIAN_POINT ( 'NONE',  ( -5.299999999999999822, 11.00000000000000000, 0.000000000000000000 ) ) ;
#5588 = VECTOR ( 'NONE', #4876, 1000.000000000000000 ) ;
#5589 = AXIS2_PLACEMENT_3D ( 'NONE', #1996, #4428, #10294 ) ;
#5590 = CARTESIAN_POINT ( 'NONE',  ( 9.000000000000000000, 0.9499999999999999556, 0.8719667599999999519 ) ) ;
#5591 = FACE_OUTER_BOUND ( 'NONE', #8112, .T. ) ;
#5592 = ORIENTED_EDGE ( 'NONE', *, *, #9825, .F. ) ;
#5593 = EDGE_LOOP ( 'NONE', ( #5537, #4052, #6162, #5873 ) ) ;
#5594 = ORIENTED_EDGE ( 'NONE', *, *, #4570, .F. ) ;
#5595 = DIRECTION ( 'NONE',  ( 1.000000000000000000, 0.000000000000000000, 0.000000000000000000 ) ) ;
#5596 = LINE ( 'NONE', #3639, #8908 ) ;
#5597 = ORIENTED_EDGE ( 'NONE', *, *, #10699, .T. ) ;
#5598 = DIRECTION ( 'NONE',  ( -6.180374837806370896E-15, 1.000000000000000000, 0.000000000000000000 ) ) ;
#5599 = CARTESIAN_POINT ( 'NONE',  ( 8.703089367881348792, -1.802800045999999989, 6.288372600415919406E-15 ) ) ;
#5600 = EDGE_CURVE ( 'NONE', #10295, #6706, #660, .T. ) ;
#5601 = FACE_OUTER_BOUND ( 'NONE', #1846, .T. ) ;
#5602 = CARTESIAN_POINT ( 'NONE',  ( 7.890014929625221107, 0.01838495531330324936, -20.34708726914155008 ) ) ;
#5603 = CARTESIAN_POINT ( 'NONE',  ( -4.939999999999999503, -9.342999999999999972, 0.8719667599999999519 ) ) ;
#5604 = ORIENTED_EDGE ( 'NONE', *, *, #9587, .T. ) ;
#5605 = ORIENTED_EDGE ( 'NONE', *, *, #9733, .F. ) ;
#5606 = DIRECTION ( 'NONE',  ( 1.000000000000000000, 0.000000000000000000, 0.000000000000000000 ) ) ;
#5607 = CARTESIAN_POINT ( 'NONE',  ( -8.737272338377287895, -0.05039967702764763802, -0.4707106321186549369 ) ) ;
#5608 = EDGE_CURVE ( 'NONE', #129, #9997, #3981, .T. ) ;
#5609 = DIRECTION ( 'NONE',  ( 0.000000000000000000, 0.000000000000000000, 1.000000000000000000 ) ) ;
#5610 = CARTESIAN_POINT ( 'NONE',  ( 4.049999999999999822, 11.00000000000000000, 0.8719667599999999519 ) ) ;
#5611 = ORIENTED_EDGE ( 'NONE', *, *, #3773, .T. ) ;
#5612 = PLANE ( 'NONE',  #4505 ) ;
#5613 = DIRECTION ( 'NONE',  ( 1.000000000000000000, 0.000000000000000000, 0.000000000000000000 ) ) ;
#5614 = ORIENTED_EDGE ( 'NONE', *, *, #10289, .T. ) ;
#5615 = LINE ( 'NONE', #6436, #3048 ) ;
#5616 = DIRECTION ( 'NONE',  ( 8.904572318034908763E-17, -1.074073889144384075E-14, -1.000000000000000000 ) ) ;
#5617 = EDGE_LOOP ( 'NONE', ( #4302, #3452, #7706, #1676 ) ) ;
#5618 = EDGE_CURVE ( 'NONE', #7424, #2258, #1541, .T. ) ;
#5619 = DIRECTION ( 'NONE',  ( 0.000000000000000000, 0.000000000000000000, 1.000000000000000000 ) ) ;
#5620 = EDGE_CURVE ( 'NONE', #7365, #4558, #8255, .T. ) ;
#5621 = CARTESIAN_POINT ( 'NONE',  ( 1.250000000000000000, 11.00000000000000000, 0.000000000000000000 ) ) ;
#5622 = ORIENTED_EDGE ( 'NONE', *, *, #2031, .T. ) ;
#5623 = DIRECTION ( 'NONE',  ( -8.873591187180469154E-17, -1.000000000000000000, -3.760217786184205447E-15 ) ) ;
#5624 = ORIENTED_EDGE ( 'NONE', *, *, #8139, .T. ) ;
#5625 = CARTESIAN_POINT ( 'NONE',  ( -7.886015114097229883, 0.01838498511474300282, -20.34708724893059895 ) ) ;
#5626 = PRESENTATION_STYLE_ASSIGNMENT (( #8917 ) ) ;
#5627 = CARTESIAN_POINT ( 'NONE',  ( 9.000000000000000000, 5.950000000000000178, 0.8719667599999999519 ) ) ;
#5628 = EDGE_CURVE ( 'NONE', #3580, #6018, #3360, .T. ) ;
#5629 = CARTESIAN_POINT ( 'NONE',  ( 4.873399617764099467, -1.802799999999830094, -79.67810574249129729 ) ) ;
#5630 = B_SPLINE_SURFACE_WITH_KNOTS ( 'NONE', 1, 3, ( 
 ( #9971, #4877, #4977, #5743, #7546, #782, #8224, #5084 ),
 ( #9091, #678, #8273, #5904, #4044, #4156, #6724, #887 ) ),
 .UNSPECIFIED., .F., .F., .F.,
 ( 2, 2 ),
 ( 4, 2, 2, 4 ),
 ( 0.000000000000000000, 1.000000000000000000 ),
 ( 0.000000000000000000, 0.5000000000000000000, 0.7500000000000000000, 1.000000000000000000 ),
 .UNSPECIFIED. ) ;
#5631 = ORIENTED_EDGE ( 'NONE', *, *, #9691, .T. ) ;
#5632 = DIRECTION ( 'NONE',  ( 0.000000000000000000, 0.000000000000000000, 1.000000000000000000 ) ) ;
#5633 = CARTESIAN_POINT ( 'NONE',  ( -9.000000000000000000, -7.200000000000000178, 0.8719667599999999519 ) ) ;
#5634 = CARTESIAN_POINT ( 'NONE',  ( -7.886015114097229883, -0.06580746144262929198, -20.22294371046530159 ) ) ;
#5635 = VECTOR ( 'NONE', #2369, 1000.000000000000114 ) ;
#5636 = EDGE_LOOP ( 'NONE', ( #6466, #8762, #1962, #8213 ) ) ;
#5637 = DIRECTION ( 'NONE',  ( 0.000000000000000000, -2.903302832784645416E-15, 1.000000000000000000 ) ) ;
#5638 = DIRECTION ( 'NONE',  ( 0.000000000000000000, -1.000000000000000000, 0.000000000000000000 ) ) ;
#5639 = DIRECTION ( 'NONE',  ( 0.000000000000000000, 0.000000000000000000, 1.000000000000000000 ) ) ;
#5640 = CYLINDRICAL_SURFACE ( 'NONE', #5337, 0.2999999999999999334 ) ;
#5641 = ORIENTED_EDGE ( 'NONE', *, *, #4616, .F. ) ;
#5642 = EDGE_LOOP ( 'NONE', ( #1706, #10162, #8944, #1643 ) ) ;
#5643 = ADVANCED_FACE ( 'NONE', ( #6702 ), #4959, .F. ) ;
#5644 = ORIENTED_EDGE ( 'NONE', *, *, #2971, .T. ) ;
#5645 = CARTESIAN_POINT ( 'NONE',  ( -4.812999602235880303, -1.499999954000106106, -2.540000000000000036 ) ) ;
#5646 = FACE_OUTER_BOUND ( 'NONE', #8001, .T. ) ;
#5647 = ORIENTED_EDGE ( 'NONE', *, *, #4933, .T. ) ;
#5648 = AXIS2_PLACEMENT_3D ( 'NONE', #1554, #10630, #4973 ) ;
#5649 = CARTESIAN_POINT ( 'NONE',  ( -9.000000000000000000, -5.950000000000000178, 0.000000000000000000 ) ) ;
#5650 = CARTESIAN_POINT ( 'NONE',  ( 0.1273994577640435999, -1.499999954000070135, -20.39880008000000089 ) ) ;
#5651 = DIRECTION ( 'NONE',  ( 3.446013993391890312E-15, 1.000000000000000000, 0.000000000000000000 ) ) ;
#5652 = FACE_OUTER_BOUND ( 'NONE', #5799, .T. ) ;
#5653 = CARTESIAN_POINT ( 'NONE',  ( -8.923799999999999955, -0.9999999540000600318, -8.976199024097221368 ) ) ;
#5654 = ORIENTED_EDGE ( 'NONE', *, *, #7290, .T. ) ;
#5655 = EDGE_CURVE ( 'NONE', #1475, #5562, #1753, .T. ) ;
#5656 = EDGE_CURVE ( 'NONE', #5997, #640, #158, .T. ) ;
#5657 = ORIENTED_EDGE ( 'NONE', *, *, #2208, .T. ) ;
#5658 = DIRECTION ( 'NONE',  ( 0.7071067811865480168, -1.516398527138830267E-14, 0.7071067811865470176 ) ) ;
#5659 = EDGE_LOOP ( 'NONE', ( #9639, #3643, #5290, #85 ) ) ;
#5660 = CARTESIAN_POINT ( 'NONE',  ( 3.623399577764045087, -1.499999953999898050, -79.67810574249129729 ) ) ;
#5661 = CARTESIAN_POINT ( 'NONE',  ( -7.752896004504469474, -0.04083239725765030331, -20.20266237419899724 ) ) ;
#5662 = ORIENTED_EDGE ( 'NONE', *, *, #10570, .F. ) ;
#5663 = CARTESIAN_POINT ( 'NONE',  ( -43.81545899364920160, -1.499999953999851865, -55.07386204899199811 ) ) ;
#5664 = DIRECTION ( 'NONE',  ( 0.000000000000000000, 1.519554615377914829E-16, -1.000000000000000000 ) ) ;
#5665 = EDGE_LOOP ( 'NONE', ( #555, #6410, #1393, #6576 ) ) ;
#5666 = AXIS2_PLACEMENT_3D ( 'NONE', #8731, #10659, #2133 ) ;
#5667 = DIRECTION ( 'NONE',  ( -5.728940595924299895E-15, -1.000000000000000000, 0.000000000000000000 ) ) ;
#5668 = ORIENTED_EDGE ( 'NONE', *, *, #104, .F. ) ;
#5669 = EDGE_CURVE ( 'NONE', #2716, #1144, #4617, .T. ) ;
#5670 = VECTOR ( 'NONE', #4565, 1000.000000000000114 ) ;
#5671 = AXIS2_PLACEMENT_3D ( 'NONE', #774, #1435, #4808 ) ;
#5672 = CARTESIAN_POINT ( 'NONE',  ( 8.773800046000008734, -1.499999954000091895, -8.616019239999980428 ) ) ;
#5673 = PLANE ( 'NONE',  #5695 ) ;
#5674 = VERTEX_POINT ( 'NONE', #1918 ) ;
#5675 = CARTESIAN_POINT ( 'NONE',  ( -5.126600702235950102, -1.499999954000042157, -20.39880008000000089 ) ) ;
#5676 = VERTEX_POINT ( 'NONE', #5173 ) ;
#5677 = CARTESIAN_POINT ( 'NONE',  ( -8.923799999999999955, -1.802799999999999958, 2.696301922142129844E-30 ) ) ;
#5678 = CARTESIAN_POINT ( 'NONE',  ( 8.703089367881348792, -1.802800045999999989, -0.1499999539999936071 ) ) ;
#5679 = EDGE_CURVE ( 'NONE', #4902, #1076, #2691, .T. ) ;
#5680 = DIRECTION ( 'NONE',  ( -4.788947146990460509E-15, 1.000000000000000000, -9.399934489344671219E-16 ) ) ;
#5681 = AXIS2_PLACEMENT_3D ( 'NONE', #1891, #8592, #1777 ) ;
#5682 = EDGE_CURVE ( 'NONE', #6859, #4195, #2028, .T. ) ;
#5683 = CARTESIAN_POINT ( 'NONE',  ( -9.000000000000000000, 3.449999999999999734, 0.000000000000000000 ) ) ;
#5684 = FACE_OUTER_BOUND ( 'NONE', #3355, .T. ) ;
#5685 = AXIS2_PLACEMENT_3D ( 'NONE', #7177, #3938, #2904 ) ;
#5686 = PLANE ( 'NONE',  #4190 ) ;
#5687 = DIRECTION ( 'NONE',  ( 7.401486830834660505E-14, 1.000000000000000000, 3.848953698056000290E-15 ) ) ;
#5688 = DIRECTION ( 'NONE',  ( 1.833260990695674992E-13, -1.000000000000000000, -3.848953698056000290E-15 ) ) ;
#5689 = ORIENTED_EDGE ( 'NONE', *, *, #9452, .T. ) ;
#5690 = DIRECTION ( 'NONE',  ( 1.000000000000000000, 0.000000000000000000, 0.000000000000000000 ) ) ;
#5691 = CARTESIAN_POINT ( 'NONE',  ( 8.453089367881339911, -0.1339376173368586054, -0.1508624293404684791 ) ) ;
#5692 = CARTESIAN_POINT ( 'NONE',  ( 8.747834439956060137, -0.06564668205623749864, -19.35422003738645103 ) ) ;
#5693 = ADVANCED_FACE ( 'NONE', ( #10328 ), #4357, .F. ) ;
#5694 = CARTESIAN_POINT ( 'NONE',  ( 6.123399657764100112, -1.802799999999999958, -20.24880012599999901 ) ) ;
#5695 = AXIS2_PLACEMENT_3D ( 'NONE', #3366, #8262, #5727 ) ;
#5696 = ORIENTED_EDGE ( 'NONE', *, *, #252, .T. ) ;
#5697 = VECTOR ( 'NONE', #7593, 1000.000000000000000 ) ;
#5698 = VERTEX_POINT ( 'NONE', #3685 ) ;
#5699 = ORIENTED_EDGE ( 'NONE', *, *, #1652, .T. ) ;
#5700 = B_SPLINE_CURVE_WITH_KNOTS ( 'NONE', 3,
 ( #10757, #3240, #6581, #1521 ),
 .UNSPECIFIED., .F., .F.,
 ( 4, 4 ),
 ( 0.000000000000000000, 1.000000000000000000 ),
 .UNSPECIFIED. ) ;
#5701 = FACE_OUTER_BOUND ( 'NONE', #3759, .T. ) ;
#5702 = DIRECTION ( 'NONE',  ( 0.000000000000000000, 0.000000000000000000, 1.000000000000000000 ) ) ;
#5703 = ORIENTED_EDGE ( 'NONE', *, *, #8279, .T. ) ;
#5704 = CARTESIAN_POINT ( 'NONE',  ( 9.000000000000000000, 2.200000000000000178, 0.8719667599999999519 ) ) ;
#5705 = CARTESIAN_POINT ( 'NONE',  ( 8.878695508279676574, 0.02430703374467486563, -0.4707106321186534936 ) ) ;
#5706 = DIRECTION ( 'NONE',  ( 0.000000000000000000, 3.491481338843135327E-15, -1.000000000000000000 ) ) ;
#5707 = CARTESIAN_POINT ( 'NONE',  ( 8.700399837764120292, -1.499999954000104108, -2.540000000000000036 ) ) ;
#5708 = VECTOR ( 'NONE', #10373, 1000.000000000000000 ) ;
#5709 = LINE ( 'NONE', #697, #2146 ) ;
#5710 = ADVANCED_FACE ( 'NONE', ( #4406 ), #1410, .T. ) ;
#5711 = B_SPLINE_CURVE_WITH_KNOTS ( 'NONE', 3,
 ( #8906, #1212, #2874, #3856 ),
 .UNSPECIFIED., .F., .F.,
 ( 4, 4 ),
 ( 4.632000149411029985E-05, 1.000000000000000000 ),
 .UNSPECIFIED. ) ;
#5712 = EDGE_LOOP ( 'NONE', ( #6536, #8678, #5797, #4251 ) ) ;
#5713 = ORIENTED_EDGE ( 'NONE', *, *, #9914, .F. ) ;
#5714 = DIRECTION ( 'NONE',  ( -0.7071067811865489050, -3.079417681350204738E-15, 0.7071067811865460184 ) ) ;
#5715 = VERTEX_POINT ( 'NONE', #8570 ) ;
#5716 = CARTESIAN_POINT ( 'NONE',  ( -7.960120324159370320, -0.06580746889286309687, -20.19224853957450350 ) ) ;
#5717 = DIRECTION ( 'NONE',  ( 1.000000000000000000, -3.446013993391890312E-15, 0.000000000000000000 ) ) ;
#5718 = ORIENTED_EDGE ( 'NONE', *, *, #9077, .F. ) ;
#5719 = PLANE ( 'NONE',  #1177 ) ;
#5720 = CARTESIAN_POINT ( 'NONE',  ( -8.717248102448349911, -0.06580746144263278918, -19.43512075414000151 ) ) ;
#5721 = EDGE_CURVE ( 'NONE', #2157, #9397, #208, .T. ) ;
#5722 = ORIENTED_EDGE ( 'NONE', *, *, #3667, .F. ) ;
#5723 = CARTESIAN_POINT ( 'NONE',  ( -8.773800045999999853, -0.1499999079999995988, -0.2207106321186549924 ) ) ;
#5724 = VERTEX_POINT ( 'NONE', #3575 ) ;
#5725 = VECTOR ( 'NONE', #4395, 1000.000000000000000 ) ;
#5726 = DIRECTION ( 'NONE',  ( -3.671481874312430325E-15, 1.000000000000000000, 0.000000000000000000 ) ) ;
#5727 = DIRECTION ( 'NONE',  ( 0.000000000000000000, 2.903302832784645416E-15, -1.000000000000000000 ) ) ;
#5728 = ORIENTED_EDGE ( 'NONE', *, *, #8182, .T. ) ;
#5729 = DIRECTION ( 'NONE',  ( 1.000000000000000000, 3.773070659138142909E-15, 0.000000000000000000 ) ) ;
#5730 = EDGE_CURVE ( 'NONE', #2826, #4024, #8516, .T. ) ;
#5731 = VECTOR ( 'NONE', #1017, 1000.000000000000000 ) ;
#5732 = EDGE_CURVE ( 'NONE', #10007, #10190, #8674, .T. ) ;
#5733 = ORIENTED_EDGE ( 'NONE', *, *, #3284, .T. ) ;
#5734 = VECTOR ( 'NONE', #4761, 1000.000000000000000 ) ;
#5735 = CARTESIAN_POINT ( 'NONE',  ( 7.850699116927218668, -0.06479686222635089310, -20.22225657500120022 ) ) ;
#5736 = DIRECTION ( 'NONE',  ( 1.000000000000000000, 0.000000000000000000, 0.000000000000000000 ) ) ;
#5737 = VECTOR ( 'NONE', #3210, 1000.000000000000000 ) ;
#5738 = VECTOR ( 'NONE', #3874, 1000.000000000000000 ) ;
#5739 = B_SPLINE_CURVE_WITH_KNOTS ( 'NONE', 1,
 ( #1355, #8886 ),
 .UNSPECIFIED., .F., .F.,
 ( 2, 2 ),
 ( 0.000000000000000000, 1.000000000000000000 ),
 .UNSPECIFIED. ) ;
#5740 = FACE_OUTER_BOUND ( 'NONE', #527, .T. ) ;
#5741 = CARTESIAN_POINT ( 'NONE',  ( 8.717248463147390325, -0.06580747634335550045, -19.43911972326024795 ) ) ;
#5742 = LINE ( 'NONE', #1499, #5588 ) ;
#5743 = CARTESIAN_POINT ( 'NONE',  ( -8.113509853417300022, 0.06825117539161580649, -20.15721141398634941 ) ) ;
#5744 = DIRECTION ( 'NONE',  ( 1.000000000000000000, 0.000000000000000000, 0.000000000000000000 ) ) ;
#5745 = EDGE_CURVE ( 'NONE', #3749, #9249, #7064, .T. ) ;
#5746 = VERTEX_POINT ( 'NONE', #6919 ) ;
#5747 = DIRECTION ( 'NONE',  ( -3.848953698056000290E-15, 1.000000000000000000, -3.379345265849344779E-32 ) ) ;
#5748 = CARTESIAN_POINT ( 'NONE',  ( 9.000000000000000000, 7.200000000000000178, 0.000000000000000000 ) ) ;
#5749 = LINE ( 'NONE', #9096, #3394 ) ;
#5750 = VECTOR ( 'NONE', #8181, 1000.000000000000000 ) ;
#5751 = FACE_OUTER_BOUND ( 'NONE', #3647, .T. ) ;
#5752 = ORIENTED_EDGE ( 'NONE', *, *, #4999, .T. ) ;
#5753 = VERTEX_POINT ( 'NONE', #10269 ) ;
#5754 = ORIENTED_EDGE ( 'NONE', *, *, #2655, .F. ) ;
#5755 = VECTOR ( 'NONE', #4724, 1000.000000000000000 ) ;
#5756 = EDGE_CURVE ( 'NONE', #6841, #1230, #1085, .T. ) ;
#5757 = DIRECTION ( 'NONE',  ( 1.000000000000000000, 0.000000000000000000, 0.000000000000000000 ) ) ;
#5758 = CIRCLE ( 'NONE', #7157, 0.2999999999999999334 ) ;
#5759 = DIRECTION ( 'NONE',  ( 1.000000000000000000, 0.000000000000000000, 0.000000000000000000 ) ) ;
#5760 = ORIENTED_EDGE ( 'NONE', *, *, #5655, .F. ) ;
#5761 = CARTESIAN_POINT ( 'NONE',  ( 8.923799999999999955, -1.499999954000091895, -8.616019239999980428 ) ) ;
#5762 = CARTESIAN_POINT ( 'NONE',  ( -8.772937570667560081, -0.1339375714114210136, -0.3876784528195409973 ) ) ;
#5763 = DIRECTION ( 'NONE',  ( -8.388942826240879466E-16, 0.000000000000000000, -1.000000000000000000 ) ) ;
#5764 = CARTESIAN_POINT ( 'NONE',  ( 9.000000000000000000, -0.2999999999999999889, 0.8719667599999999519 ) ) ;
#5765 = CARTESIAN_POINT ( 'NONE',  ( -1.757600582235900211, -0.7499999539999040454, -79.67810574249129729 ) ) ;
#5766 = ORIENTED_EDGE ( 'NONE', *, *, #2572, .T. ) ;
#5767 = VERTEX_POINT ( 'NONE', #7639 ) ;
#5768 = EDGE_CURVE ( 'NONE', #443, #8572, #4458, .T. ) ;
#5769 = CARTESIAN_POINT ( 'NONE',  ( 1.377399497764104197, -1.802799999999830094, -79.67810574249129729 ) ) ;
#5770 = ORIENTED_EDGE ( 'NONE', *, *, #3000, .T. ) ;
#5771 = ORIENTED_EDGE ( 'NONE', *, *, #8517, .F. ) ;
#5772 = CARTESIAN_POINT ( 'NONE',  ( -8.699999999999999289, -1.250000000000000000, 0.8719667599999999519 ) ) ;
#5773 = CARTESIAN_POINT ( 'NONE',  ( 9.000000000000000000, -2.200000000000000178, 0.000000000000000000 ) ) ;
#5774 = VERTEX_POINT ( 'NONE', #6204 ) ;
#5775 = DIRECTION ( 'NONE',  ( 0.000000000000000000, 1.000000000000000000, 0.000000000000000000 ) ) ;
#5776 = DIRECTION ( 'NONE',  ( 1.000000000000000000, 0.000000000000000000, 0.000000000000000000 ) ) ;
#5777 = ORIENTED_EDGE ( 'NONE', *, *, #5147, .F. ) ;
#5778 = EDGE_CURVE ( 'NONE', #6006, #6293, #9559, .T. ) ;
#5779 = CARTESIAN_POINT ( 'NONE',  ( -8.453089367881339911, 0.1499999769999724175, -0.2999999080000035345 ) ) ;
#5780 = LINE ( 'NONE', #3318, #9022 ) ;
#5781 = ORIENTED_EDGE ( 'NONE', *, *, #2292, .F. ) ;
#5782 = DIRECTION ( 'NONE',  ( 0.000000000000000000, 0.000000000000000000, -1.000000000000000000 ) ) ;
#5783 = ORIENTED_EDGE ( 'NONE', *, *, #4076, .F. ) ;
#5784 = LINE ( 'NONE', #4147, #7453 ) ;
#5785 = ADVANCED_FACE ( 'NONE', ( #3078 ), #2248, .F. ) ;
#5786 = EDGE_CURVE ( 'NONE', #1580, #9164, #8889, .T. ) ;
#5787 = CARTESIAN_POINT ( 'NONE',  ( 8.773516766872491601, -0.1393153607000189864, -0.2210116113738525012 ) ) ;
#5788 = DIRECTION ( 'NONE',  ( -1.000000000000000000, 0.000000000000000000, 0.000000000000000000 ) ) ;
#5789 = CARTESIAN_POINT ( 'NONE',  ( -3.241600662235899488, -0.7499999540001319742, -20.39880008000000089 ) ) ;
#5790 = CARTESIAN_POINT ( 'NONE',  ( 9.000000000000000000, 11.00000000000000000, 0.000000000000000000 ) ) ;
#5791 = CARTESIAN_POINT ( 'NONE',  ( -8.923233426134498103, -0.1286306684581176030, -0.2210116194862100092 ) ) ;
#5792 = ORIENTED_EDGE ( 'NONE', *, *, #5682, .F. ) ;
#5793 = CARTESIAN_POINT ( 'NONE',  ( -8.699999999999999289, -7.500000000000000000, 0.8719667599999999519 ) ) ;
#5794 = CARTESIAN_POINT ( 'NONE',  ( 9.000000000000000000, -1.250000000000000000, 0.8719667599999999519 ) ) ;
#5795 = DIRECTION ( 'NONE',  ( 1.000000000000000000, 0.000000000000000000, 0.000000000000000000 ) ) ;
#5796 = VERTEX_POINT ( 'NONE', #481 ) ;
#5797 = ORIENTED_EDGE ( 'NONE', *, *, #3631, .F. ) ;
#5798 = ADVANCED_FACE ( 'NONE', ( #10598 ), #7081, .F. ) ;
#5799 = EDGE_LOOP ( 'NONE', ( #8612, #636, #5460, #7313 ) ) ;
#5800 = CARTESIAN_POINT ( 'NONE',  ( -6.383799999999999919, -0.9999999540000689136, -3.976198864097220120 ) ) ;
#5801 = AXIS2_PLACEMENT_3D ( 'NONE', #10442, #376, #2923 ) ;
#5802 = CARTESIAN_POINT ( 'NONE',  ( -3.876600662236229677, -6.321680400544500532E-13, -20.24880012599999901 ) ) ;
#5803 = VERTEX_POINT ( 'NONE', #3135 ) ;
#5804 = DIRECTION ( 'NONE',  ( -3.191474542079355049E-15, 1.000000000000000000, -1.412302254573343871E-15 ) ) ;
#5805 = FACE_OUTER_BOUND ( 'NONE', #3279, .T. ) ;
#5806 = CYLINDRICAL_SURFACE ( 'NONE', #2417, 0.2999999999999999334 ) ;
#5807 = DIRECTION ( 'NONE',  ( -1.000000000000000000, 0.000000000000000000, 0.000000000000000000 ) ) ;
#5808 = CARTESIAN_POINT ( 'NONE',  ( -6.383799999999999919, -1.499999954000070135, -1.122198984097179997 ) ) ;
#5809 = CARTESIAN_POINT ( 'NONE',  ( 9.000000000000000000, -4.700000000000000178, 0.000000000000000000 ) ) ;
#5810 = EDGE_CURVE ( 'NONE', #4492, #2885, #8980, .T. ) ;
#5811 = ORIENTED_EDGE ( 'NONE', *, *, #709, .T. ) ;
#5812 = ADVANCED_FACE ( 'NONE', ( #8780 ), #6476, .F. ) ;
#5813 = EDGE_LOOP ( 'NONE', ( #8389, #2808, #8161, #954 ) ) ;
#5814 = VECTOR ( 'NONE', #86, 1000.000000000000000 ) ;
#5815 = CARTESIAN_POINT ( 'NONE',  ( -8.747907278457390134, -0.06575385963319750615, -19.35741786952744903 ) ) ;
#5816 = ORIENTED_EDGE ( 'NONE', *, *, #7441, .F. ) ;
#5817 = ORIENTED_EDGE ( 'NONE', *, *, #2935, .T. ) ;
#5818 = CARTESIAN_POINT ( 'NONE',  ( -4.812999602235880303, -1.802800045999999989, 6.294442718274539613E-15 ) ) ;
#5819 = FACE_OUTER_BOUND ( 'NONE', #9538, .T. ) ;
#5820 = ORIENTED_EDGE ( 'NONE', *, *, #5351, .T. ) ;
#5821 = PLANE ( 'NONE',  #10657 ) ;
#5822 = VECTOR ( 'NONE', #57, 1000.000000000000000 ) ;
#5823 = ADVANCED_FACE ( 'NONE', ( #10493 ), #531, .F. ) ;
#5824 = ORIENTED_EDGE ( 'NONE', *, *, #4685, .T. ) ;
#5825 = ORIENTED_EDGE ( 'NONE', *, *, #8692, .F. ) ;
#5826 = CARTESIAN_POINT ( 'NONE',  ( -8.699999999999999289, -3.750000000000000000, 0.000000000000000000 ) ) ;
#5827 = VECTOR ( 'NONE', #3790, 1000.000000000000000 ) ;
#5828 = CARTESIAN_POINT ( 'NONE',  ( 8.823800030666669514, -0.1499999080000010143, -0.2207106321186534659 ) ) ;
#5829 = ORIENTED_EDGE ( 'NONE', *, *, #7856, .T. ) ;
#5830 = LINE ( 'NONE', #3978, #819 ) ;
#5831 = EDGE_LOOP ( 'NONE', ( #5086, #2365, #4220, #5718 ) ) ;
#5832 = LINE ( 'NONE', #8527, #2520 ) ;
#5833 = ADVANCED_FACE ( 'NONE', ( #1200 ), #2191, .T. ) ;
#5834 = CARTESIAN_POINT ( 'NONE',  ( -9.000000000000000000, -3.750000000000000000, 0.8719667599999999519 ) ) ;
#5835 = AXIS2_PLACEMENT_3D ( 'NONE', #1508, #7282, #3172 ) ;
#5836 = CIRCLE ( 'NONE', #10054, 0.2999999999999999334 ) ;
#5837 = CARTESIAN_POINT ( 'NONE',  ( 8.710676771356531845, -0.02651468908033391761, -0.4707106321186549369 ) ) ;
#5838 = DIRECTION ( 'NONE',  ( 0.000000000000000000, 0.000000000000000000, 1.000000000000000000 ) ) ;
#5839 = CARTESIAN_POINT ( 'NONE',  ( 8.773800046000008734, -1.499999954000104108, -0.2207106321186544651 ) ) ;
#5840 = CARTESIAN_POINT ( 'NONE',  ( 7.777737031679880175, 0.05163835851100120194, -20.32146457730040012 ) ) ;
#5841 = CARTESIAN_POINT ( 'NONE',  ( 2.627399537764049775, -1.499999954000070135, -20.39880008000000089 ) ) ;
#5842 = VERTEX_POINT ( 'NONE', #7962 ) ;
#5843 = AXIS2_PLACEMENT_3D ( 'NONE', #9674, #8688, #10284 ) ;
#5844 = DIRECTION ( 'NONE',  ( 3.848953698056000290E-15, 1.000000000000000000, -1.371212958875460149E-30 ) ) ;
#5845 = CARTESIAN_POINT ( 'NONE',  ( -8.199999999999999289, 10.41999999999999993, 0.000000000000000000 ) ) ;
#5846 = DIRECTION ( 'NONE',  ( -1.000000000000000000, 3.446013993391890312E-15, 3.562560286365675406E-16 ) ) ;
#5847 = EDGE_CURVE ( 'NONE', #4171, #9705, #6420, .T. ) ;
#5848 = EDGE_CURVE ( 'NONE', #7044, #9510, #559, .T. ) ;
#5849 = VECTOR ( 'NONE', #10305, 1000.000000000000000 ) ;
#5850 = DIRECTION ( 'NONE',  ( 0.000000000000000000, 0.000000000000000000, 1.000000000000000000 ) ) ;
#5851 = ORIENTED_EDGE ( 'NONE', *, *, #758, .T. ) ;
#5852 = ORIENTED_EDGE ( 'NONE', *, *, #8096, .T. ) ;
#5853 = EDGE_LOOP ( 'NONE', ( #2282, #10542, #5143, #1258 ) ) ;
#5854 = AXIS2_PLACEMENT_3D ( 'NONE', #8484, #9421, #8540 ) ;
#5855 = VECTOR ( 'NONE', #2633, 1000.000000000000000 ) ;
#5856 = DIRECTION ( 'NONE',  ( 0.000000000000000000, 0.000000000000000000, 1.000000000000000000 ) ) ;
#5857 = FACE_OUTER_BOUND ( 'NONE', #8149, .T. ) ;
#5858 = ORIENTED_EDGE ( 'NONE', *, *, #7166, .T. ) ;
#5859 = CARTESIAN_POINT ( 'NONE',  ( -8.703089367881348792, -0.1499999539999994080, 4.878909776184769953E-16 ) ) ;
#5860 = DIRECTION ( 'NONE',  ( -1.000000000000000000, 0.000000000000000000, 0.000000000000000000 ) ) ;
#5861 = CARTESIAN_POINT ( 'NONE',  ( -4.872600702236230319, -8.147608420607830239E-13, -20.24880012599999901 ) ) ;
#5862 = DIRECTION ( 'NONE',  ( 3.095837663272710165E-32, -8.205087984843659386E-18, -1.000000000000000000 ) ) ;
#5863 = DIRECTION ( 'NONE',  ( 3.562560286365675406E-16, -1.227663259911834029E-30, 1.000000000000000000 ) ) ;
#5864 = ADVANCED_FACE ( 'NONE', ( #3736 ), #8942, .F. ) ;
#5865 = EDGE_CURVE ( 'NONE', #1582, #2418, #1304, .T. ) ;
#5866 = DIRECTION ( 'NONE',  ( 3.862650377299220792E-15, -1.000000000000000000, 1.369667924322633818E-17 ) ) ;
#5867 = VECTOR ( 'NONE', #10627, 1000.000000000000000 ) ;
#5868 = VERTEX_POINT ( 'NONE', #586 ) ;
#5869 = ORIENTED_EDGE ( 'NONE', *, *, #7558, .F. ) ;
#5870 = B_SPLINE_CURVE_WITH_KNOTS ( 'NONE', 3,
 ( #5153, #1125, #1904, #7676 ),
 .UNSPECIFIED., .F., .F.,
 ( 4, 4 ),
 ( 9.256969045552400051E-05, 1.000000000000000000 ),
 .UNSPECIFIED. ) ;
#5871 = B_SPLINE_CURVE_WITH_KNOTS ( 'NONE', 3,
 ( #7731, #1853, #6803, #196 ),
 .UNSPECIFIED., .F., .F.,
 ( 4, 4 ),
 ( 9.256969014470400013E-05, 1.000000000000000000 ),
 .UNSPECIFIED. ) ;
#5872 = CARTESIAN_POINT ( 'NONE',  ( -8.747943635517950511, -0.06580746889286989698, -19.36101569409725087 ) ) ;
#5873 = ORIENTED_EDGE ( 'NONE', *, *, #5618, .T. ) ;
#5874 = VERTEX_POINT ( 'NONE', #4614 ) ;
#5875 = VECTOR ( 'NONE', #1966, 1000.000000000000000 ) ;
#5876 = DIRECTION ( 'NONE',  ( 1.000000000000000000, 0.000000000000000000, 0.000000000000000000 ) ) ;
#5877 = DIRECTION ( 'NONE',  ( 0.000000000000000000, -5.711776272529639886E-14, -1.000000000000000000 ) ) ;
#5878 = ORIENTED_EDGE ( 'NONE', *, *, #5884, .F. ) ;
#5879 = CARTESIAN_POINT ( 'NONE',  ( 7.971675624837800456, -0.06564668205622249675, -20.18453812857945096 ) ) ;
#5880 = EDGE_CURVE ( 'NONE', #10332, #2695, #2176, .T. ) ;
#5881 = AXIS2_PLACEMENT_3D ( 'NONE', #4117, #1740, #7461 ) ;
#5882 = ORIENTED_EDGE ( 'NONE', *, *, #3065, .T. ) ;
#5883 = VERTEX_POINT ( 'NONE', #10538 ) ;
#5884 = EDGE_CURVE ( 'NONE', #5007, #8509, #10711, .T. ) ;
#5885 = EDGE_CURVE ( 'NONE', #4558, #6088, #1528, .T. ) ;
#5886 = CARTESIAN_POINT ( 'NONE',  ( 9.000000000000000000, -8.449999999999999289, 0.000000000000000000 ) ) ;
#5887 = CARTESIAN_POINT ( 'NONE',  ( 8.389505865142419694, -1.499999954000093894, -20.01556076979954923 ) ) ;
#5888 = ORIENTED_EDGE ( 'NONE', *, *, #7878, .F. ) ;
#5889 = CARTESIAN_POINT ( 'NONE',  ( -9.000000000000000000, -8.449999999999999289, 0.000000000000000000 ) ) ;
#5890 = ORIENTED_EDGE ( 'NONE', *, *, #1175, .T. ) ;
#5891 = DIRECTION ( 'NONE',  ( 0.000000000000000000, 0.000000000000000000, -1.000000000000000000 ) ) ;
#5892 = CARTESIAN_POINT ( 'NONE',  ( -0.2999999999999999889, 11.00000000000000000, 0.000000000000000000 ) ) ;
#5893 = AXIS2_PLACEMENT_3D ( 'NONE', #4823, #10641, #8168 ) ;
#5894 = CLOSED_SHELL ( 'NONE', ( #6818, #8890, #3364, #2894, #1882, #4861, #2645, #2818, #2150, #8494, #275, #9564, #8876, #1787, #3578, #438, #5044, #4744, #1754, #9027, #861, #1491, #4814, #3809, #2870, #3761, #8743, #581, #7539, #1647, #7455, #476, #4192, #212, #2948, #39, #6324, #3271, #6092, #9911, #4658, #8174, #1160, #2983, #5823, #8507, #6483, #2076, #6692, #1311, #728, #5583, #532, #2784, #6587, #6224, #9836, #500, #939, #7501, #9514, #10508, #4967, #6600, #9176, #4514, #312, #3051, #2680, #9963, #10664, #188, #6024, #2570, #6535, #4210, #1428, #9088, #8605, #8636, #10415, #4478, #7370, #5812, #1279, #9602, #174, #9014, #5643, #6368, #5468, #4391, #8544, #10376, #8895, #2467, #8257, #6000, #5785, #562, #3473, #347, #3144, #7213, #10629, #3183, #1064, #9575, #8314, #4049, #240, #10107, #1627 ) ) ;
#5895 = CARTESIAN_POINT ( 'NONE',  ( -9.000000000000000000, -4.049999999999999822, 0.8719667599999999519 ) ) ;
#5896 = ORIENTED_EDGE ( 'NONE', *, *, #3431, .F. ) ;
#5897 = AXIS2_PLACEMENT_3D ( 'NONE', #6174, #2827, #1058 ) ;
#5898 = EDGE_CURVE ( 'NONE', #8451, #8925, #4150, .T. ) ;
#5899 = FACE_OUTER_BOUND ( 'NONE', #4537, .T. ) ;
#5900 = VECTOR ( 'NONE', #5860, 1000.000000000000000 ) ;
#5901 = DIRECTION ( 'NONE',  ( 0.000000000000000000, -1.000000000000000000, 0.000000000000000000 ) ) ;
#5902 = VECTOR ( 'NONE', #3330, 1000.000000000000000 ) ;
#5903 = ORIENTED_EDGE ( 'NONE', *, *, #2374, .F. ) ;
#5904 = CARTESIAN_POINT ( 'NONE',  ( -8.040030381768819012, -0.04087436630419184758, -20.08373194233784886 ) ) ;
#5905 = DIRECTION ( 'NONE',  ( 1.000000000000000000, 0.000000000000000000, 0.000000000000000000 ) ) ;
#5906 = ORIENTED_EDGE ( 'NONE', *, *, #6558, .T. ) ;
#5907 = CARTESIAN_POINT ( 'NONE',  ( -1.757600582235900211, -0.7499999539999040454, -79.67810574249129729 ) ) ;
#5908 =( LENGTH_UNIT ( ) NAMED_UNIT ( * ) SI_UNIT ( .MILLI., .METRE. ) );
#5909 = FACE_OUTER_BOUND ( 'NONE', #4792, .T. ) ;
#5910 = DIRECTION ( 'NONE',  ( -3.848953698056000290E-15, 1.000000000000000000, 0.000000000000000000 ) ) ;
#5911 = CIRCLE ( 'NONE', #10835, 0.2999999999999999334 ) ;
#5912 = CIRCLE ( 'NONE', #5216, 0.1010000000000003950 ) ;
#5913 = VERTEX_POINT ( 'NONE', #3349 ) ;
#5914 = VERTEX_POINT ( 'NONE', #2517 ) ;
#5915 = ORIENTED_EDGE ( 'NONE', *, *, #9040, .F. ) ;
#5916 = ADVANCED_FACE ( 'NONE', ( #6642 ), #9939, .T. ) ;
#5917 = LINE ( 'NONE', #9267, #5814 ) ;
#5918 = DIRECTION ( 'NONE',  ( 3.562560286365675406E-16, -1.236011392668238096E-30, 1.000000000000000000 ) ) ;
#5919 = ORIENTED_EDGE ( 'NONE', *, *, #846, .T. ) ;
#5920 = CARTESIAN_POINT ( 'NONE',  ( -8.923799999999999955, -1.802799999999999958, 2.696301922142129844E-30 ) ) ;
#5921 = CARTESIAN_POINT ( 'NONE',  ( -8.709538048580389713, -0.06564668205626671138, -19.44267638930890030 ) ) ;
#5922 = DIRECTION ( 'NONE',  ( 0.000000000000000000, 0.000000000000000000, 1.000000000000000000 ) ) ;
#5923 = LINE ( 'NONE', #8607, #6716 ) ;
#5924 = DIRECTION ( 'NONE',  ( 0.000000000000000000, 0.000000000000000000, 1.000000000000000000 ) ) ;
#5925 = LINE ( 'NONE', #3350, #6372 ) ;
#5926 = VECTOR ( 'NONE', #590, 1000.000000000000000 ) ;
#5927 = ORIENTED_EDGE ( 'NONE', *, *, #9758, .T. ) ;
#5928 = ORIENTED_EDGE ( 'NONE', *, *, #1468, .T. ) ;
#5929 = CIRCLE ( 'NONE', #135, 0.2999999999999999334 ) ;
#5930 = EDGE_CURVE ( 'NONE', #5572, #6859, #4120, .T. ) ;
#5931 = CARTESIAN_POINT ( 'NONE',  ( -9.000000000000000000, -4.700000000000000178, 0.8719667599999999519 ) ) ;
#5932 = EDGE_CURVE ( 'NONE', #10245, #140, #1086, .T. ) ;
#5933 = ORIENTED_EDGE ( 'NONE', *, *, #5278, .T. ) ;
#5934 = DIRECTION ( 'NONE',  ( -1.000000000000000000, 0.000000000000000000, 0.000000000000000000 ) ) ;
#5935 = DIRECTION ( 'NONE',  ( 1.000000000000000000, 0.000000000000000000, 0.000000000000000000 ) ) ;
#5936 = ORIENTED_EDGE ( 'NONE', *, *, #10677, .F. ) ;
#5937 = CARTESIAN_POINT ( 'NONE',  ( 8.773800046000008734, -1.802799999999999958, 7.812693701354880314E-16 ) ) ;
#5938 = ORIENTED_EDGE ( 'NONE', *, *, #3869, .F. ) ;
#5939 = ORIENTED_EDGE ( 'NONE', *, *, #10576, .F. ) ;
#5940 = EDGE_CURVE ( 'NONE', #687, #10427, #10213, .T. ) ;
#5941 = CARTESIAN_POINT ( 'NONE',  ( -8.776418334470291072, 0.02039333901965049989, -19.54958483847084949 ) ) ;
#5942 = CARTESIAN_POINT ( 'NONE',  ( -8.871868808147601371, 0.01870651413291235174, -19.35022122114675014 ) ) ;
#5943 = ORIENTED_EDGE ( 'NONE', *, *, #9429, .T. ) ;
#5944 = CARTESIAN_POINT ( 'NONE',  ( 1.377399497764048020, -1.499999954000070135, -20.39880008000000089 ) ) ;
#5945 = VERTEX_POINT ( 'NONE', #8349 ) ;
#5946 = DIRECTION ( 'NONE',  ( 0.000000000000000000, -2.903302832784645416E-15, 1.000000000000000000 ) ) ;
#5947 = LINE ( 'NONE', #4313, #10259 ) ;
#5948 = EDGE_CURVE ( 'NONE', #6872, #472, #9991, .T. ) ;
#5949 = ADVANCED_FACE ( 'NONE', ( #9219 ), #7360, .F. ) ;
#5950 = ORIENTED_EDGE ( 'NONE', *, *, #8124, .F. ) ;
#5951 = EDGE_CURVE ( 'NONE', #1700, #10652, #37, .T. ) ;
#5952 = LINE ( 'NONE', #8639, #3725 ) ;
#5953 = DIRECTION ( 'NONE',  ( 0.000000000000000000, 1.355252715606888678E-16, -1.000000000000000000 ) ) ;
#5954 = DIRECTION ( 'NONE',  ( 0.000000000000000000, 0.000000000000000000, 1.000000000000000000 ) ) ;
#5955 = CARTESIAN_POINT ( 'NONE',  ( -8.703089367881348792, 4.092863201132780027E-15, -0.2999999080000029794 ) ) ;
#5956 = CARTESIAN_POINT ( 'NONE',  ( 8.608731862337890561, -0.04087436630422584816, -19.51902977729680089 ) ) ;
#5957 = VERTEX_POINT ( 'NONE', #647 ) ;
#5958 = CARTESIAN_POINT ( 'NONE',  ( -8.773800045999999853, 3.434729301071215197E-14, -4.297198984097219565 ) ) ;
#5959 = LINE ( 'NONE', #8432, #7126 ) ;
#5960 = DIRECTION ( 'NONE',  ( 1.000000000000000000, 0.000000000000000000, 0.000000000000000000 ) ) ;
#5961 = CARTESIAN_POINT ( 'NONE',  ( 2.373399537764104839, -1.802799999999830094, -79.67810574249129729 ) ) ;
#5962 = EDGE_CURVE ( 'NONE', #3067, #3762, #3908, .T. ) ;
#5963 = ORIENTED_EDGE ( 'NONE', *, *, #1293, .T. ) ;
#5964 = VERTEX_POINT ( 'NONE', #6744 ) ;
#5965 = VERTEX_POINT ( 'NONE', #3187 ) ;
#5966 = DIRECTION ( 'NONE',  ( -1.000000000000000000, -3.629128540980805093E-15, -8.904572318030769708E-17 ) ) ;
#5967 = LINE ( 'NONE', #9318, #6102 ) ;
#5968 = EDGE_LOOP ( 'NONE', ( #10206, #2169, #8055, #543 ) ) ;
#5969 = CARTESIAN_POINT ( 'NONE',  ( 8.668893799610948747, -0.06111922942104579259, -19.48313729362794788 ) ) ;
#5970 = CYLINDRICAL_SURFACE ( 'NONE', #1137, 0.2999999999999999334 ) ;
#5971 = DIRECTION ( 'NONE',  ( 0.000000000000000000, -2.903302832784645416E-15, 1.000000000000000000 ) ) ;
#5972 = DIRECTION ( 'NONE',  ( 0.000000000000000000, 0.000000000000000000, 1.000000000000000000 ) ) ;
#5973 = PLANE ( 'NONE',  #4330 ) ;
#5974 = DIRECTION ( 'NONE',  ( 0.000000000000000000, -1.000000000000000000, 0.000000000000000000 ) ) ;
#5975 = DIRECTION ( 'NONE',  ( -0.7071067811865445751, -2.596129730329804100E-15, 0.7071067811865504593 ) ) ;
#5976 = EDGE_CURVE ( 'NONE', #8436, #6237, #10038, .T. ) ;
#5977 = VECTOR ( 'NONE', #4480, 1000.000000000000000 ) ;
#5978 = ORIENTED_EDGE ( 'NONE', *, *, #2843, .T. ) ;
#5979 = VERTEX_POINT ( 'NONE', #1688 ) ;
#5980 = CARTESIAN_POINT ( 'NONE',  ( -7.686953254737050045, 0.05000003066666530022, -20.09880017200000069 ) ) ;
#5981 = ORIENTED_EDGE ( 'NONE', *, *, #4539, .T. ) ;
#5982 = LINE ( 'NONE', #4186, #6056 ) ;
#5983 = CARTESIAN_POINT ( 'NONE',  ( 8.923799999999999955, -1.499999954000104108, -0.7950188799999839961 ) ) ;
#5984 = EDGE_LOOP ( 'NONE', ( #10814, #10868, #5950, #6932 ) ) ;
#5985 = CARTESIAN_POINT ( 'NONE',  ( 8.048112396289070603, 4.600000393189570182E-08, -19.98683276018289945 ) ) ;
#5986 = VECTOR ( 'NONE', #1418, 1000.000000000000000 ) ;
#5987 = EDGE_CURVE ( 'NONE', #6694, #2149, #2466, .T. ) ;
#5988 = EDGE_CURVE ( 'NONE', #9616, #220, #5709, .T. ) ;
#5989 = B_SPLINE_CURVE_WITH_KNOTS ( 'NONE', 3,
 ( #10181, #946, #6834, #9304 ),
 .UNSPECIFIED., .F., .F.,
 ( 4, 4 ),
 ( 0.000000000000000000, 1.000000000000000000 ),
 .UNSPECIFIED. ) ;
#5990 = ORIENTED_EDGE ( 'NONE', *, *, #5848, .F. ) ;
#5991 = ORIENTED_EDGE ( 'NONE', *, *, #3419, .T. ) ;
#5992 = CARTESIAN_POINT ( 'NONE',  ( -8.669127954222160426, -0.06112860361481799176, -19.47891355618479992 ) ) ;
#5993 = LINE ( 'NONE', #6051, #942 ) ;
#5994 = VERTEX_POINT ( 'NONE', #7409 ) ;
#5996 = VECTOR ( 'NONE', #3163, 1000.000000000000000 ) ;
#5995 = CARTESIAN_POINT ( 'NONE',  ( -6.072600842236230534, -1.034752186609918178E-12, -20.24880012599999901 ) ) ;
#5997 = VERTEX_POINT ( 'NONE', #10761 ) ;
#5998 = DIRECTION ( 'NONE',  ( 0.000000000000000000, 0.000000000000000000, 1.000000000000000000 ) ) ;
#5999 = CARTESIAN_POINT ( 'NONE',  ( -8.714678229110139895, -0.06575384970551419184, -19.43763920844729753 ) ) ;
#6000 = ADVANCED_FACE ( 'NONE', ( #3244 ), #6586, .F. ) ;
#6001 = FACE_OUTER_BOUND ( 'NONE', #9113, .T. ) ;
#6002 = ORIENTED_EDGE ( 'NONE', *, *, #509, .T. ) ;
#6003 = CARTESIAN_POINT ( 'NONE',  ( 9.000000000000000000, 11.00000000000000000, 0.000000000000000000 ) ) ;
#6004 = FACE_OUTER_BOUND ( 'NONE', #5968, .T. ) ;
#6005 = CARTESIAN_POINT ( 'NONE',  ( 61.95510655778610243, -1.499999953999900049, -7.720018999999999743 ) ) ;
#6006 = VERTEX_POINT ( 'NONE', #748 ) ;
#6007 = ADVANCED_FACE ( 'NONE', ( #3300 ), #7464, .F. ) ;
#6008 = CARTESIAN_POINT ( 'NONE',  ( 3.250871628118515722E-17, -1.499999954000070135, -20.24880012599999901 ) ) ;
#6009 = ORIENTED_EDGE ( 'NONE', *, *, #620, .F. ) ;
#6010 = CARTESIAN_POINT ( 'NONE',  ( 7.890014929625221107, -0.06580747634334910279, -20.22294372057075051 ) ) ;
#6011 = CARTESIAN_POINT ( 'NONE',  ( -6.383799999999999919, -1.499999954000050151, -19.36101569409725087 ) ) ;
#6012 = PLANE ( 'NONE',  #10229 ) ;
#6013 = EDGE_CURVE ( 'NONE', #4188, #2395, #1022, .T. ) ;
#6014 = CARTESIAN_POINT ( 'NONE',  ( 9.000000000000000000, 11.00000000000000000, 0.000000000000000000 ) ) ;
#6015 = AXIS2_PLACEMENT_3D ( 'NONE', #5489, #5439, #7240 ) ;
#6016 = ORIENTED_EDGE ( 'NONE', *, *, #8244, .F. ) ;
#6017 = VERTEX_POINT ( 'NONE', #3563 ) ;
#6018 = VERTEX_POINT ( 'NONE', #5318 ) ;
#6019 = VECTOR ( 'NONE', #5807, 1000.000000000000000 ) ;
#6020 = CARTESIAN_POINT ( 'NONE',  ( 8.056888168027988684, 0.01859938495838490274, -20.27483970551604742 ) ) ;
#6021 = AXIS2_PLACEMENT_3D ( 'NONE', #2075, #6302, #10421 ) ;
#6022 = EDGE_CURVE ( 'NONE', #5724, #3010, #7785, .T. ) ;
#6023 = ORIENTED_EDGE ( 'NONE', *, *, #1413, .F. ) ;
#6024 = ADVANCED_FACE ( 'NONE', ( #307 ), #4284, .F. ) ;
#6025 = CARTESIAN_POINT ( 'NONE',  ( 8.595090773114669958, 0.1215253162220943928, -19.58362002279060121 ) ) ;
#6026 = FACE_OUTER_BOUND ( 'NONE', #6042, .T. ) ;
#6027 = DIRECTION ( 'NONE',  ( -1.000000000000000000, -3.773070647129320449E-15, 0.000000000000000000 ) ) ;
#6028 = VECTOR ( 'NONE', #7289, 1000.000000000000000 ) ;
#6029 = DIRECTION ( 'NONE',  ( -0.7071067811865500152, 0.000000000000000000, 0.7071067811865450192 ) ) ;
#6030 = CARTESIAN_POINT ( 'NONE',  ( 5.097000897764120353, -1.499999954000106106, 0.000000000000000000 ) ) ;
#6031 = PLANE ( 'NONE',  #9342 ) ;
#6032 = DIRECTION ( 'NONE',  ( -1.000000000000000000, 0.000000000000000000, 0.000000000000000000 ) ) ;
#6033 = VECTOR ( 'NONE', #9406, 1000.000000000000000 ) ;
#6034 = CIRCLE ( 'NONE', #3053, 0.2999999999999999334 ) ;
#6035 = VERTEX_POINT ( 'NONE', #3623 ) ;
#6036 = ORIENTED_EDGE ( 'NONE', *, *, #8560, .T. ) ;
#6037 = FACE_OUTER_BOUND ( 'NONE', #6980, .T. ) ;
#6038 = ORIENTED_EDGE ( 'NONE', *, *, #7566, .F. ) ;
#6039 = EDGE_CURVE ( 'NONE', #4515, #3994, #1908, .T. ) ;
#6040 = CYLINDRICAL_SURFACE ( 'NONE', #3952, 0.2999999999999999334 ) ;
#6041 = DIRECTION ( 'NONE',  ( 0.000000000000000000, 0.000000000000000000, -1.000000000000000000 ) ) ;
#6042 = EDGE_LOOP ( 'NONE', ( #841, #5770, #1999, #9101 ) ) ;
#6043 = VECTOR ( 'NONE', #5850, 1000.000000000000000 ) ;
#6044 = CARTESIAN_POINT ( 'NONE',  ( 61.95510655778610243, -1.499999953999900049, -0.5410188799999788856 ) ) ;
#6045 = ORIENTED_EDGE ( 'NONE', *, *, #4275, .F. ) ;
#6046 = VERTEX_POINT ( 'NONE', #9326 ) ;
#6047 = VECTOR ( 'NONE', #4420, 1000.000000000000000 ) ;
#6049 = EDGE_CURVE ( 'NONE', #3570, #991, #3387, .T. ) ;
#6048 = CARTESIAN_POINT ( 'NONE',  ( -8.689117906835548411, -0.06480326468107810989, -19.46228535098795120 ) ) ;
#6050 = DIRECTION ( 'NONE',  ( 1.000000000000000000, 0.000000000000000000, 0.000000000000000000 ) ) ;
#6051 = CARTESIAN_POINT ( 'NONE',  ( -14.09446767505589904, -1.499999954000502012, -14.09446767505595943 ) ) ;
#6052 = ORIENTED_EDGE ( 'NONE', *, *, #5721, .T. ) ;
#6053 = CARTESIAN_POINT ( 'NONE',  ( -6.326600842236230093, -1.081317015773589865E-12, -20.24880012599999901 ) ) ;
#6054 = VERTEX_POINT ( 'NONE', #5267 ) ;
#6055 = DIRECTION ( 'NONE',  ( 0.000000000000000000, 0.000000000000000000, 1.000000000000000000 ) ) ;
#6056 = VECTOR ( 'NONE', #4352, 1000.000000000000000 ) ;
#6057 = FACE_OUTER_BOUND ( 'NONE', #10398, .T. ) ;
#6058 = VERTEX_POINT ( 'NONE', #4396 ) ;
#6059 = VECTOR ( 'NONE', #3743, 1000.000000000000000 ) ;
#6061 = EDGE_CURVE ( 'NONE', #6017, #2373, #5871, .T. ) ;
#6060 = CARTESIAN_POINT ( 'NONE',  ( 4.969999999999999751, -9.342999999999999972, 0.8719667599999999519 ) ) ;
#6062 = LINE ( 'NONE', #885, #8267 ) ;
#6063 = EDGE_CURVE ( 'NONE', #2726, #1534, #8502, .T. ) ;
#6064 = CARTESIAN_POINT ( 'NONE',  ( -9.000000000000000000, -0.9499999999999999556, 0.8719667599999999519 ) ) ;
#6065 = VERTEX_POINT ( 'NONE', #9438 ) ;
#6066 = CARTESIAN_POINT ( 'NONE',  ( -9.000000000000000000, 11.00000000000000000, 0.8719667599999999519 ) ) ;
#6067 = ORIENTED_EDGE ( 'NONE', *, *, #7167, .T. ) ;
#6068 = CARTESIAN_POINT ( 'NONE',  ( 7.886417105055399723, -0.06575385963318569615, -20.22290735845740173 ) ) ;
#6069 = DIRECTION ( 'NONE',  ( 1.000000000000000000, 0.000000000000000000, 0.000000000000000000 ) ) ;
#6070 = CARTESIAN_POINT ( 'NONE',  ( -8.013095926879879372, 0.1499999999999999944, -19.96370745392984958 ) ) ;
#6071 = CARTESIAN_POINT ( 'NONE',  ( 5.097000897764120353, -1.499999954000106106, -2.540000000000000036 ) ) ;
#6072 = EDGE_LOOP ( 'NONE', ( #6142, #9502, #1483, #1493, #4719, #6409, #5015, #4182 ) ) ;
#6073 = ORIENTED_EDGE ( 'NONE', *, *, #1264, .T. ) ;
#6074 = VECTOR ( 'NONE', #10526, 1000.000000000000000 ) ;
#6075 = CYLINDRICAL_SURFACE ( 'NONE', #8971, 0.2999999999999999334 ) ;
#6076 = EDGE_CURVE ( 'NONE', #10223, #4831, #1957, .T. ) ;
#6077 = ORIENTED_EDGE ( 'NONE', *, *, #8340, .F. ) ;
#6078 = CARTESIAN_POINT ( 'NONE',  ( 8.709538408784240460, -0.06564669693355250357, -19.44667535894170385 ) ) ;
#6079 = DIRECTION ( 'NONE',  ( -1.000000000000000000, 3.446013993391890312E-15, 3.562560286365675406E-16 ) ) ;
#6080 = DIRECTION ( 'NONE',  ( -1.000000000000000000, 3.491481338843135327E-15, 3.562560286365675406E-16 ) ) ;
#6081 = CARTESIAN_POINT ( 'NONE',  ( 8.923799999999999955, -1.499999954000091895, -16.79101939999999971 ) ) ;
#6082 = DIRECTION ( 'NONE',  ( 1.000000000000000000, -3.465105002973940263E-14, 0.000000000000000000 ) ) ;
#6083 = CARTESIAN_POINT ( 'NONE',  ( -3.876600662235899719, -1.802799999999830094, -79.67810574249129729 ) ) ;
#6084 = CIRCLE ( 'NONE', #6965, 0.2999999999999999334 ) ;
#6085 = VECTOR ( 'NONE', #10833, 1000.000000000000114 ) ;
#6086 = CARTESIAN_POINT ( 'NONE',  ( -9.000000000000000000, 2.200000000000000178, 0.000000000000000000 ) ) ;
#6087 = EDGE_CURVE ( 'NONE', #1633, #8857, #1793, .T. ) ;
#6088 = VERTEX_POINT ( 'NONE', #9488 ) ;
#6089 = ORIENTED_EDGE ( 'NONE', *, *, #5768, .F. ) ;
#6090 = DIRECTION ( 'NONE',  ( 1.000000000000000000, 1.833260990695674992E-13, 5.322511827520339352E-28 ) ) ;
#6091 = VECTOR ( 'NONE', #1259, 1000.000000000000000 ) ;
#6092 = ADVANCED_FACE ( 'NONE', ( #8448 ), #908, .F. ) ;
#6093 = ORIENTED_EDGE ( 'NONE', *, *, #145, .T. ) ;
#6094 = DIRECTION ( 'NONE',  ( 0.000000000000000000, -2.903302832784645416E-15, 1.000000000000000000 ) ) ;
#6095 = CARTESIAN_POINT ( 'NONE',  ( 8.772937570675658492, -0.1339375714865931877, -0.2216135942127749892 ) ) ;
#6096 = DIRECTION ( 'NONE',  ( -1.000000000000000000, 0.000000000000000000, 0.000000000000000000 ) ) ;
#6097 = VECTOR ( 'NONE', #7732, 1000.000000000000000 ) ;
#6098 = ADVANCED_FACE ( 'NONE', ( #4502 ), #7846, .T. ) ;
#6099 = ORIENTED_EDGE ( 'NONE', *, *, #5019, .F. ) ;
#6100 = VERTEX_POINT ( 'NONE', #3674 ) ;
#6101 = ORIENTED_EDGE ( 'NONE', *, *, #2767, .F. ) ;
#6102 = VECTOR ( 'NONE', #8495, 1000.000000000000000 ) ;
#6103 = DIRECTION ( 'NONE',  ( 0.000000000000000000, 1.000000000000000000, 0.000000000000000000 ) ) ;
#6104 = CIRCLE ( 'NONE', #483, 0.2999999999999999334 ) ;
#6105 = DIRECTION ( 'NONE',  ( -1.833260990695839833E-13, 1.000000000000000000, 3.848953698056000290E-15 ) ) ;
#6106 = DIRECTION ( 'NONE',  ( 0.000000000000000000, 1.000000000000000000, 0.000000000000000000 ) ) ;
#6107 = VERTEX_POINT ( 'NONE', #2679 ) ;
#6108 = VECTOR ( 'NONE', #2610, 1000.000000000000000 ) ;
#6109 = CARTESIAN_POINT ( 'NONE',  ( 8.702185907131779530, -0.1339376174114272067, -0.1508624293324375143 ) ) ;
#6110 = ORIENTED_EDGE ( 'NONE', *, *, #6612, .F. ) ;
#6111 = APPLICATION_PROTOCOL_DEFINITION ( 'draft international standard', 'automotive_design', 1998, #1028 ) ;
#6112 = CARTESIAN_POINT ( 'NONE',  ( -8.923799999999999955, -1.802799999999999958, -0.8011988640971789977 ) ) ;
#6113 = LINE ( 'NONE', #6827, #2717 ) ;
#6114 = EDGE_CURVE ( 'NONE', #9249, #140, #7680, .T. ) ;
#6115 = ORIENTED_EDGE ( 'NONE', *, *, #6184, .F. ) ;
#6116 = CARTESIAN_POINT ( 'NONE',  ( 8.871941664491711066, 0.01859938495835464917, -19.35781852765819977 ) ) ;
#6117 = CARTESIAN_POINT ( 'NONE',  ( 9.000000000000000000, 0.000000000000000000, 0.8719667599999999519 ) ) ;
#6118 = CARTESIAN_POINT ( 'NONE',  ( 8.453089367881350569, 0.1499999999999999944, -0.4707106321186549924 ) ) ;
#6119 = ORIENTED_EDGE ( 'NONE', *, *, #1196, .T. ) ;
#6120 = DIRECTION ( 'NONE',  ( -3.848953698056000290E-15, 1.000000000000000000, 1.674047928902419981E-31 ) ) ;
#6121 = ORIENTED_EDGE ( 'NONE', *, *, #1354, .F. ) ;
#6122 = CARTESIAN_POINT ( 'NONE',  ( 9.000000000000000000, -10.00000000000000000, 0.000000000000000000 ) ) ;
#6123 = FACE_OUTER_BOUND ( 'NONE', #10779, .T. ) ;
#6124 = DIRECTION ( 'NONE',  ( 1.000000000000000000, 0.000000000000000000, 0.000000000000000000 ) ) ;
#6125 = B_SPLINE_CURVE_WITH_KNOTS ( 'NONE', 3,
 ( #8445, #904, #5762, #9107 ),
 .UNSPECIFIED., .F., .F.,
 ( 4, 4 ),
 ( 2.007249881240589990E-06, 1.000000000000000000 ),
 .UNSPECIFIED. ) ;
#6126 = CARTESIAN_POINT ( 'NONE',  ( -7.875220641858379444, 0.01870654388755459835, -20.34686886791210014 ) ) ;
#6127 = ADVANCED_FACE ( 'NONE', ( #148 ), #9275, .F. ) ;
#6128 = EDGE_CURVE ( 'NONE', #3960, #2822, #1743, .T. ) ;
#6129 = ORIENTED_EDGE ( 'NONE', *, *, #758, .F. ) ;
#6130 = ORIENTED_EDGE ( 'NONE', *, *, #8766, .T. ) ;
#6131 = CARTESIAN_POINT ( 'NONE',  ( -8.699999999999999289, -2.500000000000000000, 0.000000000000000000 ) ) ;
#6132 = ORIENTED_EDGE ( 'NONE', *, *, #3813, .F. ) ;
#6133 = CARTESIAN_POINT ( 'NONE',  ( -8.747834460190698991, -0.06564671180960700292, -19.35022222038774942 ) ) ;
#6134 = CYLINDRICAL_SURFACE ( 'NONE', #8885, 0.2999999999999999334 ) ;
#6135 = PLANE ( 'NONE',  #9071 ) ;
#6136 = CARTESIAN_POINT ( 'NONE',  ( -7.681372875763069707, 4.599999791415079642E-08, -20.13708467271115055 ) ) ;
#6137 = CARTESIAN_POINT ( 'NONE',  ( 7.685469900983497915, 0.1499999999999967748, -20.17402848784989189 ) ) ;
#6138 = DIRECTION ( 'NONE',  ( 3.848953698056000290E-15, -1.000000000000000000, 3.379345265849299894E-32 ) ) ;
#6139 = DIRECTION ( 'NONE',  ( -1.000000000000000000, 0.000000000000000000, 0.000000000000000000 ) ) ;
#6140 = ADVANCED_FACE ( 'NONE', ( #9381 ), #6031, .T. ) ;
#6141 = ORIENTED_EDGE ( 'NONE', *, *, #10081, .F. ) ;
#6142 = ORIENTED_EDGE ( 'NONE', *, *, #9550, .T. ) ;
#6143 = DIRECTION ( 'NONE',  ( 1.000000000000000000, 0.000000000000000000, 0.000000000000000000 ) ) ;
#6144 = ORIENTED_EDGE ( 'NONE', *, *, #10861, .F. ) ;
#6145 = B_SPLINE_CURVE_WITH_KNOTS ( 'NONE', 3,
 ( #4296, #867, #10102, #757 ),
 .UNSPECIFIED., .F., .F.,
 ( 4, 4 ),
 ( 0.000000000000000000, 1.000000000000000000 ),
 .UNSPECIFIED. ) ;
#6146 = DIRECTION ( 'NONE',  ( 1.000000000000000000, 0.000000000000000000, 0.000000000000000000 ) ) ;
#6147 = LINE ( 'NONE', #6916, #7914 ) ;
#6148 = ADVANCED_FACE ( 'NONE', ( #9756 ), #412, .T. ) ;
#6149 = CARTESIAN_POINT ( 'NONE',  ( 8.093531856511940958, 0.02774270077077534841, -20.22974709901984980 ) ) ;
#6150 = EDGE_CURVE ( 'NONE', #4888, #1, #10329, .T. ) ;
#6151 = EDGE_LOOP ( 'NONE', ( #485, #6807, #3446, #8462 ) ) ;
#6152 = ORIENTED_EDGE ( 'NONE', *, *, #1436, .F. ) ;
#6153 = ORIENTED_EDGE ( 'NONE', *, *, #5534, .T. ) ;
#6154 = CARTESIAN_POINT ( 'NONE',  ( -8.773800045999999853, -0.9999999540000609199, 3.125719160439294934E-15 ) ) ;
#6155 = CIRCLE ( 'NONE', #9317, 0.2999999999999999334 ) ;
#6156 = DIRECTION ( 'NONE',  ( 0.000000000000000000, 0.000000000000000000, -1.000000000000000000 ) ) ;
#6157 = LINE ( 'NONE', #9509, #4139 ) ;
#6158 = ORIENTED_EDGE ( 'NONE', *, *, #686, .F. ) ;
#6159 = DIRECTION ( 'NONE',  ( 1.000000000000000000, 0.000000000000000000, 0.000000000000000000 ) ) ;
#6160 = EDGE_CURVE ( 'NONE', #10339, #8686, #1396, .T. ) ;
#6161 = LINE ( 'NONE', #6670, #4689 ) ;
#6162 = ORIENTED_EDGE ( 'NONE', *, *, #3079, .T. ) ;
#6163 = DIRECTION ( 'NONE',  ( -1.000000000000000000, -3.629128540980805093E-15, -8.904572318030769708E-17 ) ) ;
#6164 = DIRECTION ( 'NONE',  ( 0.000000000000000000, -1.000000000000000000, 9.035020874785599019E-17 ) ) ;
#6165 = VERTEX_POINT ( 'NONE', #7124 ) ;
#6166 = VECTOR ( 'NONE', #6830, 1000.000000000000000 ) ;
#6167 = CARTESIAN_POINT ( 'NONE',  ( 8.623800091999999751, 0.05000003066666849905, -19.16595265026505146 ) ) ;
#6168 = ORIENTED_EDGE ( 'NONE', *, *, #9760, .T. ) ;
#6169 = PLANE ( 'NONE',  #6987 ) ;
#6170 = ORIENTED_EDGE ( 'NONE', *, *, #9500, .T. ) ;
#6171 = CARTESIAN_POINT ( 'NONE',  ( 7.701459256947480014, -0.01423729588891169996, -20.16877125162789852 ) ) ;
#6172 = EDGE_CURVE ( 'NONE', #7605, #3485, #7897, .T. ) ;
#6173 = ORIENTED_EDGE ( 'NONE', *, *, #10660, .F. ) ;
#6174 = CARTESIAN_POINT ( 'NONE',  ( 9.000000000000000000, -5.000000000000000000, 0.000000000000000000 ) ) ;
#6175 = LINE ( 'NONE', #2001, #4276 ) ;
#6176 = FACE_OUTER_BOUND ( 'NONE', #1015, .T. ) ;
#6177 = CIRCLE ( 'NONE', #10557, 0.2999999999999999334 ) ;
#6178 = ORIENTED_EDGE ( 'NONE', *, *, #4039, .F. ) ;
#6179 = EDGE_LOOP ( 'NONE', ( #10261, #2541, #8957, #9254 ) ) ;
#6180 = CARTESIAN_POINT ( 'NONE',  ( 5.127399617763769513, 1.018500207299329973E-12, -20.24880012599999901 ) ) ;
#6181 = ORIENTED_EDGE ( 'NONE', *, *, #3700, .F. ) ;
#6182 = CARTESIAN_POINT ( 'NONE',  ( -9.000000000000000000, 2.799999999999999822, 0.000000000000000000 ) ) ;
#6183 = DIRECTION ( 'NONE',  ( 0.000000000000000000, 0.000000000000000000, 1.000000000000000000 ) ) ;
#6184 = EDGE_CURVE ( 'NONE', #8371, #5585, #2857, .T. ) ;
#6185 = LINE ( 'NONE', #8715, #6265 ) ;
#6186 = EDGE_CURVE ( 'NONE', #6911, #6054, #3833, .T. ) ;
#6187 = VECTOR ( 'NONE', #2803, 1000.000000000000000 ) ;
#6188 = LINE ( 'NONE', #8056, #7084 ) ;
#6189 = DIRECTION ( 'NONE',  ( 1.000000000000000000, 0.000000000000000000, 0.000000000000000000 ) ) ;
#6190 = CARTESIAN_POINT ( 'NONE',  ( -9.000000000000000000, -3.449999999999999734, 0.000000000000000000 ) ) ;
#6191 = CARTESIAN_POINT ( 'NONE',  ( 61.95510655778610243, -1.499999953999900049, -17.04501940000000104 ) ) ;
#6192 = VECTOR ( 'NONE', #8556, 1000.000000000000000 ) ;
#6193 = ORIENTED_EDGE ( 'NONE', *, *, #3217, .T. ) ;
#6194 = VERTEX_POINT ( 'NONE', #7067 ) ;
#6195 = VECTOR ( 'NONE', #10352, 1000.000000000000000 ) ;
#6196 = CARTESIAN_POINT ( 'NONE',  ( -9.000000000000000000, -5.299999999999999822, 0.000000000000000000 ) ) ;
#6197 = AXIS2_PLACEMENT_3D ( 'NONE', #5538, #6358, #10590 ) ;
#6198 = VERTEX_POINT ( 'NONE', #10527 ) ;
#6199 = PLANE ( 'NONE',  #8512 ) ;
#6200 = EDGE_CURVE ( 'NONE', #4295, #8101, #3008, .T. ) ;
#6201 = CARTESIAN_POINT ( 'NONE',  ( -4.939999999999999503, -9.342999999999999972, 0.000000000000000000 ) ) ;
#6202 = ADVANCED_FACE ( 'NONE', ( #7016 ), #1190, .T. ) ;
#6203 = LINE ( 'NONE', #9557, #4273 ) ;
#6204 = CARTESIAN_POINT ( 'NONE',  ( -8.923799999999999955, -0.9999999540000600318, -9.872199264097220706 ) ) ;
#6205 = AXIS2_PLACEMENT_3D ( 'NONE', #805, #1629, #4178 ) ;
#6206 = AXIS2_PLACEMENT_3D ( 'NONE', #3672, #7065, #10363 ) ;
#6207 = AXIS2_PLACEMENT_3D ( 'NONE', #4183, #3354, #10045 ) ;
#6208 = ORIENTED_EDGE ( 'NONE', *, *, #2409, .T. ) ;
#6209 = ORIENTED_EDGE ( 'NONE', *, *, #4409, .T. ) ;
#6210 = ORIENTED_EDGE ( 'NONE', *, *, #8037, .T. ) ;
#6211 = VECTOR ( 'NONE', #9531, 1000.000000000000000 ) ;
#6212 = EDGE_CURVE ( 'NONE', #8580, #5124, #5373, .T. ) ;
#6213 = DIRECTION ( 'NONE',  ( 1.833260990695839833E-13, -1.000000000000000000, -3.848953698056000290E-15 ) ) ;
#6214 = DIRECTION ( 'NONE',  ( 0.000000000000000000, 0.000000000000000000, 1.000000000000000000 ) ) ;
#6215 = VERTEX_POINT ( 'NONE', #5531 ) ;
#6216 = CARTESIAN_POINT ( 'NONE',  ( 0.000000000000000000, 11.00000000000000000, 0.000000000000000000 ) ) ;
#6217 = DIRECTION ( 'NONE',  ( -0.7071067811865490160, -2.721621260368439465E-15, 0.7071067811865461294 ) ) ;
#6218 = VERTEX_POINT ( 'NONE', #5590 ) ;
#6219 = FACE_OUTER_BOUND ( 'NONE', #6512, .T. ) ;
#6220 = AXIS2_PLACEMENT_3D ( 'NONE', #2435, #9019, #8210 ) ;
#6221 = DIRECTION ( 'NONE',  ( -3.848953698056000290E-15, -1.000000000000000000, 6.123233995736769734E-17 ) ) ;
#6222 = VECTOR ( 'NONE', #10615, 1000.000000000000000 ) ;
#6223 = ORIENTED_EDGE ( 'NONE', *, *, #5080, .F. ) ;
#6224 = ADVANCED_FACE ( 'NONE', ( #2121 ), #8875, .F. ) ;
#6225 = CARTESIAN_POINT ( 'NONE',  ( 8.623800091999999751, 4.600000184907209830E-08, -19.16595265026500172 ) ) ;
#6226 = VERTEX_POINT ( 'NONE', #1345 ) ;
#6227 = EDGE_CURVE ( 'NONE', #1703, #3762, #8058, .T. ) ;
#6228 = DIRECTION ( 'NONE',  ( 0.000000000000000000, 0.000000000000000000, -1.000000000000000000 ) ) ;
#6229 = VERTEX_POINT ( 'NONE', #5428 ) ;
#6230 = AXIS2_PLACEMENT_3D ( 'NONE', #4726, #420, #6309 ) ;
#6231 = LINE ( 'NONE', #8753, #6787 ) ;
#6232 = VERTEX_POINT ( 'NONE', #2903 ) ;
#6233 = DIRECTION ( 'NONE',  ( -3.848953698056000290E-15, 1.000000000000000000, -3.379345265849269788E-32 ) ) ;
#6234 = CARTESIAN_POINT ( 'NONE',  ( 9.000000000000000000, -10.00000000000000000, 0.8719667599999999519 ) ) ;
#6235 = CARTESIAN_POINT ( 'NONE',  ( -7.771454188396529794, 0.05066560909172420496, -20.32904150625800099 ) ) ;
#6236 = ORIENTED_EDGE ( 'NONE', *, *, #8280, .T. ) ;
#6237 = VERTEX_POINT ( 'NONE', #520 ) ;
#6238 = EDGE_CURVE ( 'NONE', #6698, #8814, #3879, .T. ) ;
#6239 = DIRECTION ( 'NONE',  ( 0.000000000000000000, 0.000000000000000000, 1.000000000000000000 ) ) ;
#6240 = EDGE_LOOP ( 'NONE', ( #4573, #3359, #4068, #7471 ) ) ;
#6241 = CARTESIAN_POINT ( 'NONE',  ( 8.773800045999999853, -0.1499999080000011809, -0.2207106321186549924 ) ) ;
#6242 = DIRECTION ( 'NONE',  ( 0.000000000000000000, 0.000000000000000000, -1.000000000000000000 ) ) ;
#6243 = CARTESIAN_POINT ( 'NONE',  ( 5.299999999999999822, 11.00000000000000000, 0.000000000000000000 ) ) ;
#6244 = AXIS2_PLACEMENT_3D ( 'NONE', #2944, #2273, #6500 ) ;
#6245 = ORIENTED_EDGE ( 'NONE', *, *, #1183, .T. ) ;
#6246 = LINE ( 'NONE', #410, #7440 ) ;
#6247 = PLANE ( 'NONE',  #3448 ) ;
#6248 = DIRECTION ( 'NONE',  ( 0.000000000000000000, 0.000000000000000000, 1.000000000000000000 ) ) ;
#6249 = CARTESIAN_POINT ( 'NONE',  ( 8.043908344361112128, -0.04083239725768571249, -20.08377768694440135 ) ) ;
#6250 = VECTOR ( 'NONE', #8874, 1000.000000000000000 ) ;
#6251 = ORIENTED_EDGE ( 'NONE', *, *, #2785, .F. ) ;
#6252 = EDGE_CURVE ( 'NONE', #7917, #4461, #9649, .T. ) ;
#6253 = VERTEX_POINT ( 'NONE', #1237 ) ;
#6254 = LINE ( 'NONE', #6413, #1097 ) ;
#6255 = ORIENTED_EDGE ( 'NONE', *, *, #8071, .F. ) ;
#6256 = CARTESIAN_POINT ( 'NONE',  ( -9.000000000000000000, 6.250000000000000000, 0.000000000000000000 ) ) ;
#6257 = DIRECTION ( 'NONE',  ( 0.000000000000000000, 0.000000000000000000, -1.000000000000000000 ) ) ;
#6258 = AXIS2_PLACEMENT_3D ( 'NONE', #3199, #2590, #3313 ) ;
#6259 = DIRECTION ( 'NONE',  ( 0.000000000000000000, -1.000000000000000000, 0.000000000000000000 ) ) ;
#6260 = CARTESIAN_POINT ( 'NONE',  ( 8.453089367881341687, 3.980631335621585232E-15, -0.2629904136852446173 ) ) ;
#6261 = ORIENTED_EDGE ( 'NONE', *, *, #4194, .F. ) ;
#6262 = EDGE_CURVE ( 'NONE', #3306, #9129, #7953, .T. ) ;
#6263 = VECTOR ( 'NONE', #5623, 1000.000000000000000 ) ;
#6264 = ORIENTED_EDGE ( 'NONE', *, *, #5682, .T. ) ;
#6265 = VECTOR ( 'NONE', #10475, 1000.000000000000000 ) ;
#6266 = DIRECTION ( 'NONE',  ( 0.000000000000000000, 1.000000000000000000, 0.000000000000000000 ) ) ;
#6267 = DIRECTION ( 'NONE',  ( 0.000000000000000000, 0.000000000000000000, 1.000000000000000000 ) ) ;
#6268 = CARTESIAN_POINT ( 'NONE',  ( 3.877399577764100158, -1.802799999999830094, -79.67810574249129729 ) ) ;
#6269 = ORIENTED_EDGE ( 'NONE', *, *, #8412, .T. ) ;
#6271 = CIRCLE ( 'NONE', #8207, 0.2999999999999999334 ) ;
#6270 = DIRECTION ( 'NONE',  ( -1.000000000000000000, -1.829680402823389991E-13, -5.312116296607690076E-28 ) ) ;
#6272 = CARTESIAN_POINT ( 'NONE',  ( 9.000000000000000000, 7.799999999999999822, 0.8719667599999999519 ) ) ;
#6273 = ORIENTED_EDGE ( 'NONE', *, *, #263, .F. ) ;
#6274 = APPLICATION_PROTOCOL_DEFINITION ( 'draft international standard', 'automotive_design', 1998, #3645 ) ;
#6275 = LINE ( 'NONE', #1100, #576 ) ;
#6276 = CARTESIAN_POINT ( 'NONE',  ( 8.923799999999999955, -1.802799999999999958, -4.291019000000000361 ) ) ;
#6277 = VERTEX_POINT ( 'NONE', #10479 ) ;
#6278 = EDGE_CURVE ( 'NONE', #1415, #6088, #5476, .T. ) ;
#6279 = VECTOR ( 'NONE', #1461, 1000.000000000000000 ) ;
#6280 = VECTOR ( 'NONE', #6455, 1000.000000000000000 ) ;
#6281 = DIRECTION ( 'NONE',  ( 1.000000000000000000, 0.000000000000000000, 0.000000000000000000 ) ) ;
#6282 = VERTEX_POINT ( 'NONE', #9977 ) ;
#6283 = FACE_OUTER_BOUND ( 'NONE', #4136, .T. ) ;
#6284 = ORIENTED_EDGE ( 'NONE', *, *, #10795, .F. ) ;
#6285 = DIRECTION ( 'NONE',  ( 8.904572318030769708E-17, 3.089394128724239908E-31, -1.000000000000000000 ) ) ;
#6286 = ORIENTED_EDGE ( 'NONE', *, *, #9954, .F. ) ;
#6287 = CARTESIAN_POINT ( 'NONE',  ( -6.383799999999999919, -1.802799999999999958, -9.297199144097220369 ) ) ;
#6288 = PRODUCT_RELATED_PRODUCT_CATEGORY ( 'part', '', ( #10633 ) ) ;
#6289 = CARTESIAN_POINT ( 'NONE',  ( 8.700399837764120292, -1.802800045999999989, 6.288372600416309104E-15 ) ) ;
#6290 = EDGE_CURVE ( 'NONE', #9561, #5842, #10642, .T. ) ;
#6291 = FACE_OUTER_BOUND ( 'NONE', #2021, .T. ) ;
#6292 = EDGE_CURVE ( 'NONE', #10357, #6194, #9144, .T. ) ;
#6293 = VERTEX_POINT ( 'NONE', #683 ) ;
#6294 = DIRECTION ( 'NONE',  ( 1.000000000000000000, 0.000000000000000000, 0.000000000000000000 ) ) ;
#6295 = VERTEX_POINT ( 'NONE', #8981 ) ;
#6296 = LINE ( 'NONE', #2170, #7337 ) ;
#6297 = LINE ( 'NONE', #9694, #631 ) ;
#6298 = DIRECTION ( 'NONE',  ( 0.000000000000000000, 0.000000000000000000, -1.000000000000000000 ) ) ;
#6299 = ORIENTED_EDGE ( 'NONE', *, *, #9013, .T. ) ;
#6300 = CARTESIAN_POINT ( 'NONE',  ( 9.000000000000000000, 9.050000000000000711, 0.000000000000000000 ) ) ;
#6301 = CARTESIAN_POINT ( 'NONE',  ( 8.702185907131779530, -0.1339376174114272067, -0.1508624293324375143 ) ) ;
#6302 = DIRECTION ( 'NONE',  ( 0.000000000000000000, 0.000000000000000000, -1.000000000000000000 ) ) ;
#6303 = EDGE_CURVE ( 'NONE', #3696, #8572, #8126, .T. ) ;
#6304 = LINE ( 'NONE', #3009, #9722 ) ;
#6305 = VERTEX_POINT ( 'NONE', #6462 ) ;
#6306 = ORIENTED_EDGE ( 'NONE', *, *, #5535, .F. ) ;
#6307 = DIRECTION ( 'NONE',  ( 1.000000000000000000, 0.000000000000000000, 0.000000000000000000 ) ) ;
#6308 = EDGE_LOOP ( 'NONE', ( #9704, #2181, #7808, #10209 ) ) ;
#6309 = DIRECTION ( 'NONE',  ( 1.000000000000000000, 0.000000000000000000, 0.000000000000000000 ) ) ;
#6310 = CARTESIAN_POINT ( 'NONE',  ( 9.000000000000000000, -10.00000000000000000, 0.8719667599999999519 ) ) ;
#6311 = PLANE ( 'NONE',  #8311 ) ;
#6312 = CARTESIAN_POINT ( 'NONE',  ( 8.453089367881339911, -0.1150158038448136077, -0.1529003378520699952 ) ) ;
#6313 = EDGE_CURVE ( 'NONE', #7810, #773, #3997, .T. ) ;
#6314 = ORIENTED_EDGE ( 'NONE', *, *, #5786, .T. ) ;
#6315 = ORIENTED_EDGE ( 'NONE', *, *, #6801, .F. ) ;
#6316 = CARTESIAN_POINT ( 'NONE',  ( -8.699999999999999289, 1.250000000000000000, 0.8719667599999999519 ) ) ;
#6317 = CARTESIAN_POINT ( 'NONE',  ( 9.000000000000000000, 0.9499999999999999556, 0.000000000000000000 ) ) ;
#6318 = LINE ( 'NONE', #2256, #7560 ) ;
#6319 = DIRECTION ( 'NONE',  ( 0.000000000000000000, -1.000000000000000000, -3.491481338843135327E-15 ) ) ;
#6320 = EDGE_LOOP ( 'NONE', ( #4107, #8232, #3980, #3130 ) ) ;
#6321 = LINE ( 'NONE', #9621, #10480 ) ;
#6322 = DIRECTION ( 'NONE',  ( -0.7071067811865460184, -2.662161967126749964E-15, 0.7071067811865489050 ) ) ;
#6323 = ADVANCED_FACE ( 'NONE', ( #1610 ), #4984, .F. ) ;
#6324 = ADVANCED_FACE ( 'NONE', ( #4048 ), #9815, .F. ) ;
#6325 = ORIENTED_EDGE ( 'NONE', *, *, #3321, .T. ) ;
#6326 = CARTESIAN_POINT ( 'NONE',  ( -8.702788380964831205, -0.1286307134944758290, -0.0005665739692841100178 ) ) ;
#6327 = DIRECTION ( 'NONE',  ( 0.000000000000000000, -3.848953698056000290E-15, 1.000000000000000000 ) ) ;
#6328 = EDGE_LOOP ( 'NONE', ( #2252, #6552, #3942, #7721 ) ) ;
#6329 = VECTOR ( 'NONE', #9391, 1000.000000000000000 ) ;
#6330 = DIRECTION ( 'NONE',  ( -1.000000000000000000, 0.000000000000000000, 3.562560286365675406E-16 ) ) ;
#6331 = FACE_OUTER_BOUND ( 'NONE', #765, .T. ) ;
#6332 = VERTEX_POINT ( 'NONE', #787 ) ;
#6333 = DIRECTION ( 'NONE',  ( 0.000000000000000000, -1.000000000000000000, 0.000000000000000000 ) ) ;
#6334 = EDGE_CURVE ( 'NONE', #4053, #225, #4162, .T. ) ;
#6335 = ORIENTED_EDGE ( 'NONE', *, *, #9708, .F. ) ;
#6336 = LINE ( 'NONE', #7932, #9752 ) ;
#6337 = CARTESIAN_POINT ( 'NONE',  ( 8.190999999999998948, 10.41999999999999993, 0.8719667599999999519 ) ) ;
#6338 = DIRECTION ( 'NONE',  ( 1.000000000000000000, 0.000000000000000000, 0.000000000000000000 ) ) ;
#6339 = VECTOR ( 'NONE', #5296, 1000.000000000000000 ) ;
#6340 = EDGE_CURVE ( 'NONE', #5585, #10084, #8088, .T. ) ;
#6341 = CYLINDRICAL_SURFACE ( 'NONE', #1596, 0.2999999999999999334 ) ;
#6342 = EDGE_LOOP ( 'NONE', ( #6255, #7139, #3506, #911 ) ) ;
#6343 = CARTESIAN_POINT ( 'NONE',  ( 61.95510655778610243, -1.499999953999900049, -0.7950188799999790001 ) ) ;
#6344 = CARTESIAN_POINT ( 'NONE',  ( -9.000000000000000000, 3.750000000000000000, 0.000000000000000000 ) ) ;
#6345 = DIRECTION ( 'NONE',  ( 6.180374837806370896E-15, -1.000000000000000000, 0.000000000000000000 ) ) ;
#6346 = ADVANCED_FACE ( 'NONE', ( #7394 ), #3283, .T. ) ;
#6347 = ORIENTED_EDGE ( 'NONE', *, *, #6520, .T. ) ;
#6348 = CARTESIAN_POINT ( 'NONE',  ( 8.841597687414571638, -0.1499999079999964069, -19.56346894752739729 ) ) ;
#6349 = LINE ( 'NONE', #2284, #5031 ) ;
#6350 = UNCERTAINTY_MEASURE_WITH_UNIT (LENGTH_MEASURE( 1.000000000000000082E-05 ), #2325, 'distance_accuracy_value', 'NONE');
#6351 = DIRECTION ( 'NONE',  ( -3.491481338843135327E-15, -1.000000000000000000, 1.243861275834940073E-30 ) ) ;
#6352 = AXIS2_PLACEMENT_3D ( 'NONE', #3424, #1813, #6763 ) ;
#6353 = CARTESIAN_POINT ( 'NONE',  ( 2.627399537764049775, -1.499999954000070135, -20.24880012599999901 ) ) ;
#6354 = ORIENTED_EDGE ( 'NONE', *, *, #5628, .F. ) ;
#6355 = VERTEX_POINT ( 'NONE', #733 ) ;
#6356 = EDGE_CURVE ( 'NONE', #3967, #2419, #740, .T. ) ;
#6357 = EDGE_CURVE ( 'NONE', #1272, #10880, #10804, .T. ) ;
#6358 = DIRECTION ( 'NONE',  ( 0.000000000000000000, 0.000000000000000000, 1.000000000000000000 ) ) ;
#6359 = DIRECTION ( 'NONE',  ( 1.000000000000000000, 0.000000000000000000, 0.000000000000000000 ) ) ;
#6360 = ORIENTED_EDGE ( 'NONE', *, *, #4646, .F. ) ;
#6361 = LINE ( 'NONE', #9712, #2544 ) ;
#6362 = LINE ( 'NONE', #8940, #2061 ) ;
#6363 = CARTESIAN_POINT ( 'NONE',  ( -9.000000000000000000, -8.750000000000000000, 0.000000000000000000 ) ) ;
#6364 = CARTESIAN_POINT ( 'NONE',  ( -8.453089367881339911, 3.984442983884224851E-15, -0.2809686679489485361 ) ) ;
#6365 = AXIS2_PLACEMENT_3D ( 'NONE', #4603, #3778, #8818 ) ;
#6366 = ORIENTED_EDGE ( 'NONE', *, *, #5456, .F. ) ;
#6367 = ORIENTED_EDGE ( 'NONE', *, *, #9228, .F. ) ;
#6368 = ADVANCED_FACE ( 'NONE', ( #2502 ), #3937, .F. ) ;
#6369 = PLANE ( 'NONE',  #6977 ) ;
#6370 = VECTOR ( 'NONE', #4669, 1000.000000000000000 ) ;
#6371 = CARTESIAN_POINT ( 'NONE',  ( -8.773800045999999853, -1.499999954000042157, -0.2207106321186584896 ) ) ;
#6372 = VECTOR ( 'NONE', #8143, 1000.000000000000000 ) ;
#6373 = DIRECTION ( 'NONE',  ( 3.848953698056000290E-15, 1.000000000000000000, -1.371212958875460149E-30 ) ) ;
#6374 = LINE ( 'NONE', #6268, #8865 ) ;
#6375 = EDGE_LOOP ( 'NONE', ( #9740, #3597, #6884, #3489 ) ) ;
#6376 = FACE_OUTER_BOUND ( 'NONE', #897, .T. ) ;
#6377 = DIRECTION ( 'NONE',  ( 1.000000000000000000, 0.000000000000000000, 0.000000000000000000 ) ) ;
#6378 = CIRCLE ( 'NONE', #3579, 0.2999999999999999334 ) ;
#6379 = ORIENTED_EDGE ( 'NONE', *, *, #769, .T. ) ;
#6380 = CARTESIAN_POINT ( 'NONE',  ( -7.886015614097240167, -0.1499999079999995988, -20.24880012599999901 ) ) ;
#6381 = LINE ( 'NONE', #2099, #3423 ) ;
#6382 = ORIENTED_EDGE ( 'NONE', *, *, #1302, .T. ) ;
#6383 = VECTOR ( 'NONE', #6032, 1000.000000000000000 ) ;
#6384 = AXIS2_PLACEMENT_3D ( 'NONE', #5907, #4432, #5198 ) ;
#6385 = VECTOR ( 'NONE', #5092, 1000.000000000000000 ) ;
#6386 = EDGE_CURVE ( 'NONE', #7792, #8526, #4623, .T. ) ;
#6387 = CARTESIAN_POINT ( 'NONE',  ( 8.923799999999999955, -1.499999954000091895, -18.04101943999999946 ) ) ;
#6388 = DIRECTION ( 'NONE',  ( 0.000000000000000000, 0.000000000000000000, -1.000000000000000000 ) ) ;
#6389 = ORIENTED_EDGE ( 'NONE', *, *, #2795, .F. ) ;
#6390 = PLANE ( 'NONE',  #2760 ) ;
#6391 = ORIENTED_EDGE ( 'NONE', *, *, #10112, .T. ) ;
#6392 = DIRECTION ( 'NONE',  ( 1.000000000000000000, -3.324981324393285502E-15, 0.000000000000000000 ) ) ;
#6393 = DIRECTION ( 'NONE',  ( 3.848953698056000290E-15, -1.000000000000000000, -2.751459602139305321E-31 ) ) ;
#6394 = AXIS2_PLACEMENT_3D ( 'NONE', #6071, #8543, #7666 ) ;
#6395 = CARTESIAN_POINT ( 'NONE',  ( 9.000000000000000000, -2.200000000000000178, 0.000000000000000000 ) ) ;
#6396 = EDGE_CURVE ( 'NONE', #9578, #5536, #5749, .T. ) ;
#6397 = VECTOR ( 'NONE', #5616, 1000.000000000000000 ) ;
#6398 = CARTESIAN_POINT ( 'NONE',  ( 61.95510655778610243, -1.499999953999900049, -4.291019000000000361 ) ) ;
#6399 = EDGE_LOOP ( 'NONE', ( #7401, #10842, #242, #6251 ) ) ;
#6400 = DIRECTION ( 'NONE',  ( 4.788947146990460509E-15, -1.000000000000000000, 9.399934489344671219E-16 ) ) ;
#6401 = LINE ( 'NONE', #8975, #8533 ) ;
#6402 = LINE ( 'NONE', #10417, #1168 ) ;
#6403 = ORIENTED_EDGE ( 'NONE', *, *, #6049, .T. ) ;
#6404 = CARTESIAN_POINT ( 'NONE',  ( -8.923799999999998178, -0.09075294947056559980, -19.36101569409725087 ) ) ;
#6405 = CARTESIAN_POINT ( 'NONE',  ( 4.843000897764119905, -2.622730222957395441, 0.000000000000000000 ) ) ;
#6406 = DIRECTION ( 'NONE',  ( -1.829680402823389991E-13, 1.000000000000000000, 3.848953698056000290E-15 ) ) ;
#6407 = CARTESIAN_POINT ( 'NONE',  ( -8.391727009614239563, -1.499999954000029945, -20.00934030979979994 ) ) ;
#6408 = VECTOR ( 'NONE', #3143, 1000.000000000000000 ) ;
#6409 = ORIENTED_EDGE ( 'NONE', *, *, #7373, .F. ) ;
#6410 = ORIENTED_EDGE ( 'NONE', *, *, #4028, .T. ) ;
#6411 = EDGE_CURVE ( 'NONE', #157, #4421, #4930, .T. ) ;
#6412 = VERTEX_POINT ( 'NONE', #1730 ) ;
#6413 = CARTESIAN_POINT ( 'NONE',  ( -8.923799999999999955, 3.368549475602959656E-14, -19.36101569409725087 ) ) ;
#6414 = DIRECTION ( 'NONE',  ( -0.7071067811865450192, -2.740991289913664852E-15, -0.7071067811865500152 ) ) ;
#6415 = ORIENTED_EDGE ( 'NONE', *, *, #4860, .F. ) ;
#6416 = CARTESIAN_POINT ( 'NONE',  ( -8.453089867881340425, -0.1178752808228543947, -0.001724950664875419962 ) ) ;
#6417 = CARTESIAN_POINT ( 'NONE',  ( -9.000000000000000000, 7.500000000000000000, 0.000000000000000000 ) ) ;
#6418 = DIRECTION ( 'NONE',  ( 0.000000000000000000, 0.000000000000000000, 1.000000000000000000 ) ) ;
#6419 = DIRECTION ( 'NONE',  ( 1.000000000000000000, 0.000000000000000000, 0.000000000000000000 ) ) ;
#6420 = LINE ( 'NONE', #9774, #5827 ) ;
#6421 = AXIS2_PLACEMENT_3D ( 'NONE', #838, #1603, #8326 ) ;
#6422 = EDGE_CURVE ( 'NONE', #923, #2272, #2723, .T. ) ;
#6423 = EDGE_LOOP ( 'NONE', ( #3861, #4927 ) ) ;
#6424 = EDGE_CURVE ( 'NONE', #2456, #9942, #9365, .T. ) ;
#6425 = ORIENTED_EDGE ( 'NONE', *, *, #6618, .T. ) ;
#6426 = LINE ( 'NONE', #8946, #2240 ) ;
#6427 = AXIS2_PLACEMENT_3D ( 'NONE', #1792, #7679, #147 ) ;
#6428 = CARTESIAN_POINT ( 'NONE',  ( -8.773800046000008734, -1.499999954000060143, -16.47619926409720037 ) ) ;
#6429 = ORIENTED_EDGE ( 'NONE', *, *, #2829, .T. ) ;
#6430 = FACE_OUTER_BOUND ( 'NONE', #4516, .T. ) ;
#6431 = DIRECTION ( 'NONE',  ( -8.904572318030769708E-17, -3.231583754459304999E-31, 1.000000000000000000 ) ) ;
#6432 = EDGE_LOOP ( 'NONE', ( #937, #10157, #7671, #3897 ) ) ;
#6433 = LINE ( 'NONE', #3030, #7319 ) ;
#6434 = CARTESIAN_POINT ( 'NONE',  ( -8.923799999999999955, -0.1499999080000024021, -19.47726731941400047 ) ) ;
#6435 = ORIENTED_EDGE ( 'NONE', *, *, #7302, .T. ) ;
#6436 = CARTESIAN_POINT ( 'NONE',  ( -8.773800046000008734, -1.802799999999999958, 3.125719160439294934E-15 ) ) ;
#6437 = EDGE_CURVE ( 'NONE', #8943, #361, #3388, .T. ) ;
#6438 = VECTOR ( 'NONE', #6079, 1000.000000000000000 ) ;
#6439 = CIRCLE ( 'NONE', #10827, 0.2999999999999999334 ) ;
#6440 = DIRECTION ( 'NONE',  ( 0.000000000000000000, 0.000000000000000000, -1.000000000000000000 ) ) ;
#6441 = ORIENTED_EDGE ( 'NONE', *, *, #5669, .F. ) ;
#6442 = PLANE ( 'NONE',  #6874 ) ;
#6443 = AXIS2_PLACEMENT_3D ( 'NONE', #669, #7328, #7434 ) ;
#6444 = DIRECTION ( 'NONE',  ( 0.000000000000000000, 0.000000000000000000, -1.000000000000000000 ) ) ;
#6445 = ORIENTED_EDGE ( 'NONE', *, *, #4205, .F. ) ;
#6446 = CARTESIAN_POINT ( 'NONE',  ( -9.000000000000000000, -8.449999999999999289, 0.000000000000000000 ) ) ;
#6447 = EDGE_LOOP ( 'NONE', ( #231, #3146, #5722, #2054 ) ) ;
#6448 = DIRECTION ( 'NONE',  ( -1.000000000000000000, 0.000000000000000000, 0.000000000000000000 ) ) ;
#6449 = CARTESIAN_POINT ( 'NONE',  ( -8.799839625516700181, 0.01859938495832505131, -19.52788893249940116 ) ) ;
#6450 = ADVANCED_FACE ( 'NONE', ( #4216 ), #893, .F. ) ;
#6451 = DIRECTION ( 'NONE',  ( 3.773070659138145276E-15, -1.000000000000000000, 8.205087984843659386E-18 ) ) ;
#6452 = AXIS2_PLACEMENT_3D ( 'NONE', #9159, #7358, #5706 ) ;
#6453 = CARTESIAN_POINT ( 'NONE',  ( 8.923799999999999955, -0.1393600212183185860, -0.2207106321186584896 ) ) ;
#6454 = ORIENTED_EDGE ( 'NONE', *, *, #6754, .T. ) ;
#6455 = DIRECTION ( 'NONE',  ( -1.000000000000000000, 0.000000000000000000, 0.000000000000000000 ) ) ;
#6456 = DIRECTION ( 'NONE',  ( -6.180374837806370896E-15, 1.000000000000000000, 0.000000000000000000 ) ) ;
#6457 = DIRECTION ( 'NONE',  ( 0.000000000000000000, -2.903302832784645416E-15, 1.000000000000000000 ) ) ;
#6458 = ORIENTED_EDGE ( 'NONE', *, *, #2665, .F. ) ;
#6459 = LINE ( 'NONE', #9813, #8323 ) ;
#6460 = PLANE ( 'NONE',  #9407 ) ;
#6461 = VECTOR ( 'NONE', #10510, 1000.000000000000000 ) ;
#6462 = CARTESIAN_POINT ( 'NONE',  ( 4.049999999999999822, 11.00000000000000000, 0.000000000000000000 ) ) ;
#6463 = EDGE_CURVE ( 'NONE', #7073, #9845, #8238, .T. ) ;
#6464 = EDGE_CURVE ( 'NONE', #7087, #8101, #6838, .T. ) ;
#6465 = CARTESIAN_POINT ( 'NONE',  ( 8.034229252261422261, -0.04918936753804038775, -20.10403196044725149 ) ) ;
#6466 = ORIENTED_EDGE ( 'NONE', *, *, #1376, .T. ) ;
#6467 = ORIENTED_EDGE ( 'NONE', *, *, #9411, .F. ) ;
#6468 = ORIENTED_EDGE ( 'NONE', *, *, #8037, .F. ) ;
#6469 = DIRECTION ( 'NONE',  ( 0.000000000000000000, 0.000000000000000000, -1.000000000000000000 ) ) ;
#6470 = DIRECTION ( 'NONE',  ( 3.848953698056000290E-15, -1.000000000000000000, -1.674047928902419981E-31 ) ) ;
#6471 = ORIENTED_EDGE ( 'NONE', *, *, #8569, .F. ) ;
#6472 = LINE ( 'NONE', #799, #7085 ) ;
#6473 = DIRECTION ( 'NONE',  ( 1.000000000000000000, 0.000000000000000000, 0.000000000000000000 ) ) ;
#6474 = FACE_OUTER_BOUND ( 'NONE', #10617, .T. ) ;
#6475 = CARTESIAN_POINT ( 'NONE',  ( 7.890014929625221107, -0.1202031537492949387, -20.24880012599999901 ) ) ;
#6476 = PLANE ( 'NONE',  #7586 ) ;
#6477 = ADVANCED_FACE ( 'NONE', ( #5090 ), #7769, .F. ) ;
#6478 = EDGE_LOOP ( 'NONE', ( #10809, #9098, #2347, #10586 ) ) ;
#6479 = ORIENTED_EDGE ( 'NONE', *, *, #634, .T. ) ;
#6480 = CARTESIAN_POINT ( 'NONE',  ( -0.1266005422359564037, -1.499999954000070135, -20.39880008000000089 ) ) ;
#6481 = ORIENTED_EDGE ( 'NONE', *, *, #5930, .T. ) ;
#6482 = ORIENTED_EDGE ( 'NONE', *, *, #4860, .T. ) ;
#6483 = ADVANCED_FACE ( 'NONE', ( #5909 ), #2616, .F. ) ;
#6484 = DIRECTION ( 'NONE',  ( -1.000000000000000000, -1.833260990695839833E-13, -5.322511827520820054E-28 ) ) ;
#6485 = CARTESIAN_POINT ( 'NONE',  ( -7.774062090305849715, -0.04918936753803260231, -20.21014015668150066 ) ) ;
#6486 = VERTEX_POINT ( 'NONE', #1838 ) ;
#6487 = CARTESIAN_POINT ( 'NONE',  ( 8.088468867527419448, 4.600000038706649686E-08, -20.31659776741454948 ) ) ;
#6488 = CARTESIAN_POINT ( 'NONE',  ( -9.000000000000000000, -4.700000000000000178, 0.000000000000000000 ) ) ;
#6489 = EDGE_CURVE ( 'NONE', #9615, #9705, #4383, .T. ) ;
#6490 = ORIENTED_EDGE ( 'NONE', *, *, #4581, .T. ) ;
#6491 = CARTESIAN_POINT ( 'NONE',  ( 8.923799999999999955, -1.499999954000091895, -8.041019119999980092 ) ) ;
#6492 = CARTESIAN_POINT ( 'NONE',  ( -8.094086102065837451, 0.02210620818367551102, -20.23026967311061952 ) ) ;
#6493 = VERTEX_POINT ( 'NONE', #1893 ) ;
#6494 = EDGE_CURVE ( 'NONE', #361, #8794, #2330, .T. ) ;
#6495 = CARTESIAN_POINT ( 'NONE',  ( -8.923799999999999955, -0.9999999540000600318, -16.47619926409720037 ) ) ;
#6496 = CARTESIAN_POINT ( 'NONE',  ( -9.000000000000000000, -7.799999999999999822, 0.000000000000000000 ) ) ;
#6497 = ORIENTED_EDGE ( 'NONE', *, *, #6666, .T. ) ;
#6498 = CARTESIAN_POINT ( 'NONE',  ( -8.711263765909473378, 0.05066560908107183708, -19.59115003244572861 ) ) ;
#6499 = ORIENTED_EDGE ( 'NONE', *, *, #8140, .F. ) ;
#6500 = DIRECTION ( 'NONE',  ( -6.180374837806370896E-15, 1.000000000000000000, 0.000000000000000000 ) ) ;
#6501 = CARTESIAN_POINT ( 'NONE',  ( -9.000000000000000000, 5.000000000000000000, 0.8719667599999999519 ) ) ;
#6502 = AXIS2_PLACEMENT_3D ( 'NONE', #5422, #4497, #1184 ) ;
#6503 = CARTESIAN_POINT ( 'NONE',  ( 8.569110987563812287, -1.499999954000081903, -19.83595564737819927 ) ) ;
#6504 = B_SPLINE_CURVE_WITH_KNOTS ( 'NONE', 1,
 ( #2617, #4435 ),
 .UNSPECIFIED., .F., .F.,
 ( 2, 2 ),
 ( 0.000000000000000000, 1.000000000000000000 ),
 .UNSPECIFIED. ) ;
#6505 = ADVANCED_FACE ( 'NONE', ( #1943 ), #6012, .T. ) ;
#6506 = DIRECTION ( 'NONE',  ( 0.000000000000000000, 1.000000000000000000, 2.903302832784645416E-15 ) ) ;
#6507 = B_SPLINE_SURFACE_WITH_KNOTS ( 'NONE', 1, 3, ( 
 ( #2497, #1557, #4098, #7446, #5840, #5033, #1834, #10349 ),
 ( #5250, #1111, #6171, #945, #4319, #1889, #7000, #7765 ) ),
 .UNSPECIFIED., .F., .F., .F.,
 ( 2, 2 ),
 ( 4, 2, 2, 4 ),
 ( 0.000000000000000000, 1.000000000000000000 ),
 ( 0.000000000000000000, 0.5000000000000000000, 0.7500000000000000000, 1.000000000000000000 ),
 .UNSPECIFIED. ) ;
#6508 = DIRECTION ( 'NONE',  ( 0.000000000000000000, -1.000000000000000000, -3.848953698056000290E-15 ) ) ;
#6509 = CARTESIAN_POINT ( 'NONE',  ( 1.250000000000000000, 11.00000000000000000, 0.000000000000000000 ) ) ;
#6510 = DIRECTION ( 'NONE',  ( 0.000000000000000000, 9.035020874785599019E-17, 1.000000000000000000 ) ) ;
#6511 = CARTESIAN_POINT ( 'NONE',  ( -7.878819132130209901, 0.01859938495838425049, -20.34694174449169779 ) ) ;
#6512 = EDGE_LOOP ( 'NONE', ( #3176, #933, #5400, #1254 ) ) ;
#6513 = DIRECTION ( 'NONE',  ( 0.000000000000000000, -1.000000000000000000, 0.000000000000000000 ) ) ;
#6514 = CARTESIAN_POINT ( 'NONE',  ( -8.643143749512368856, 0.1499999999999988287, -19.36101569409725087 ) ) ;
#6515 = CARTESIAN_POINT ( 'NONE',  ( 9.000000000000000000, -2.500000000000000000, 0.000000000000000000 ) ) ;
#6516 = CARTESIAN_POINT ( 'NONE',  ( 9.000000000000000000, -10.00000000000000000, 0.8719667599999999519 ) ) ;
#6517 = ORIENTED_EDGE ( 'NONE', *, *, #5721, .F. ) ;
#6518 = ORIENTED_EDGE ( 'NONE', *, *, #4137, .F. ) ;
#6519 = ORIENTED_EDGE ( 'NONE', *, *, #5091, .F. ) ;
#6520 = EDGE_CURVE ( 'NONE', #7764, #5674, #3225, .T. ) ;
#6521 = CARTESIAN_POINT ( 'NONE',  ( 8.017095242407860312, 0.1500000000000275002, -19.96370745392984958 ) ) ;
#6522 = PLANE ( 'NONE',  #7155 ) ;
#6523 = VERTEX_POINT ( 'NONE', #9260 ) ;
#6524 = AXIS2_PLACEMENT_3D ( 'NONE', #5579, #1227, #1180 ) ;
#6525 = DIRECTION ( 'NONE',  ( 0.000000000000000000, -1.000000000000000000, 0.000000000000000000 ) ) ;
#6526 = CARTESIAN_POINT ( 'NONE',  ( 8.623800091999999751, 0.1499999999999999944, -0.4707106321186549924 ) ) ;
#6527 = LINE ( 'NONE', #2514, #10309 ) ;
#6528 = CARTESIAN_POINT ( 'NONE',  ( 7.890014929625221107, -0.09046798262972652327, -20.23966813367186646 ) ) ;
#6529 = DIRECTION ( 'NONE',  ( 8.904572318016699635E-17, 3.655660926715080239E-14, -1.000000000000000000 ) ) ;
#6530 = VERTEX_POINT ( 'NONE', #3442 ) ;
#6531 = ORIENTED_EDGE ( 'NONE', *, *, #3680, .F. ) ;
#6532 = EDGE_CURVE ( 'NONE', #4058, #1995, #6720, .T. ) ;
#6533 = DIRECTION ( 'NONE',  ( 1.833260990695674992E-13, -1.000000000000000000, -3.848953698056000290E-15 ) ) ;
#6534 = ORIENTED_EDGE ( 'NONE', *, *, #9440, .T. ) ;
#6535 = ADVANCED_FACE ( 'NONE', ( #1778 ), #10242, .F. ) ;
#6536 = ORIENTED_EDGE ( 'NONE', *, *, #9859, .T. ) ;
#6537 = DIRECTION ( 'NONE',  ( -1.000000000000000000, 0.000000000000000000, 0.000000000000000000 ) ) ;
#6538 = PLANE ( 'NONE',  #10012 ) ;
#6539 = ORIENTED_EDGE ( 'NONE', *, *, #6411, .T. ) ;
#6540 = FACE_OUTER_BOUND ( 'NONE', #4046, .T. ) ;
#6541 = DIRECTION ( 'NONE',  ( 1.000000000000000000, 0.000000000000000000, 0.000000000000000000 ) ) ;
#6542 = ORIENTED_EDGE ( 'NONE', *, *, #3565, .T. ) ;
#6543 = VECTOR ( 'NONE', #10199, 1000.000000000000000 ) ;
#6544 = CARTESIAN_POINT ( 'NONE',  ( 7.690952570265030985, 0.1500000000000245026, -20.09880017200000069 ) ) ;
#6545 = ORIENTED_EDGE ( 'NONE', *, *, #1482, .F. ) ;
#6546 = AXIS2_PLACEMENT_3D ( 'NONE', #8398, #6849, #6029 ) ;
#6547 = ADVANCED_FACE ( 'NONE', ( #2777 ), #4701, .F. ) ;
#6548 = VECTOR ( 'NONE', #7610, 1000.000000000000000 ) ;
#6549 = FACE_OUTER_BOUND ( 'NONE', #375, .T. ) ;
#6550 = CIRCLE ( 'NONE', #6721, 0.1010000000000003950 ) ;
#6551 = CARTESIAN_POINT ( 'NONE',  ( 8.923799999999999955, -0.1499999079999989882, -19.36501500962519984 ) ) ;
#6552 = ORIENTED_EDGE ( 'NONE', *, *, #3108, .T. ) ;
#6553 = CARTESIAN_POINT ( 'NONE',  ( -8.797243577120170244, 0.01870654388746854913, -19.53038191784870037 ) ) ;
#6554 = VERTEX_POINT ( 'NONE', #4589 ) ;
#6555 = DIRECTION ( 'NONE',  ( 0.000000000000000000, 1.000000000000000000, 0.000000000000000000 ) ) ;
#6556 = DIRECTION ( 'NONE',  ( 0.000000000000000000, 0.000000000000000000, 1.000000000000000000 ) ) ;
#6557 = VECTOR ( 'NONE', #7921, 1000.000000000000000 ) ;
#6558 = EDGE_CURVE ( 'NONE', #2421, #2567, #9530, .T. ) ;
#6559 = VECTOR ( 'NONE', #4265, 1000.000000000000000 ) ;
#6560 = EDGE_CURVE ( 'NONE', #2149, #8990, #10566, .T. ) ;
#6561 = AXIS2_PLACEMENT_3D ( 'NONE', #7607, #3440, #10134 ) ;
#6562 = CARTESIAN_POINT ( 'NONE',  ( 8.694107924988593084, -0.01599973326807725346, -0.4707106321186548259 ) ) ;
#6563 = CARTESIAN_POINT ( 'NONE',  ( 8.735140076681508603, -0.04918936753804979689, -19.25306148583375077 ) ) ;
#6564 = CIRCLE ( 'NONE', #2180, 0.2999999999999999334 ) ;
#6565 = CARTESIAN_POINT ( 'NONE',  ( -1.550000000000000044, 11.00000000000000000, 0.8719667599999999519 ) ) ;
#6566 = CARTESIAN_POINT ( 'NONE',  ( 8.773800045999999853, -0.1499999079999994045, -19.36501500962519984 ) ) ;
#6567 = DIRECTION ( 'NONE',  ( -8.904572318030769708E-17, -3.231583754459304999E-31, 1.000000000000000000 ) ) ;
#6568 = ORIENTED_EDGE ( 'NONE', *, *, #3845, .T. ) ;
#6569 = CARTESIAN_POINT ( 'NONE',  ( -8.773800045999998076, -0.1202031537493027102, -19.36101569409725087 ) ) ;
#6570 = CARTESIAN_POINT ( 'NONE',  ( -8.923799999999999955, -1.499999954000060143, -9.551199144097219929 ) ) ;
#6571 = DIRECTION ( 'NONE',  ( 0.000000000000000000, 0.000000000000000000, 1.000000000000000000 ) ) ;
#6572 = CARTESIAN_POINT ( 'NONE',  ( 8.923799999999999955, -0.1499999080000005980, -0.2207106321186549924 ) ) ;
#6573 = ADVANCED_FACE ( 'NONE', ( #2828 ), #8804, .T. ) ;
#6574 = AXIS2_PLACEMENT_3D ( 'NONE', #1548, #3155, #6659 ) ;
#6575 = ORIENTED_EDGE ( 'NONE', *, *, #4781, .T. ) ;
#6576 = ORIENTED_EDGE ( 'NONE', *, *, #9625, .F. ) ;
#6577 = VERTEX_POINT ( 'NONE', #8703 ) ;
#6578 = FACE_OUTER_BOUND ( 'NONE', #4567, .T. ) ;
#6579 = LINE ( 'NONE', #7619, #4707 ) ;
#6580 = VERTEX_POINT ( 'NONE', #1174 ) ;
#6581 = CARTESIAN_POINT ( 'NONE',  ( -7.878819132130191250, -0.06570026152080830906, -20.22287095824584924 ) ) ;
#6582 = PLANE ( 'NONE',  #10622 ) ;
#6583 = CARTESIAN_POINT ( 'NONE',  ( -8.703089367881348792, 4.599999997882339708E-08, -0.1499999540000000187 ) ) ;
#6584 = CARTESIAN_POINT ( 'NONE',  ( 7.890014929625221107, -0.06580747634334910279, -20.22294372057075051 ) ) ;
#6585 = VECTOR ( 'NONE', #4510, 1000.000000000000000 ) ;
#6586 = PLANE ( 'NONE',  #5315 ) ;
#6587 = ADVANCED_FACE ( 'NONE', ( #5415 ), #7933, .F. ) ;
#6588 = VERTEX_POINT ( 'NONE', #6337 ) ;
#6589 = AXIS2_PLACEMENT_3D ( 'NONE', #10608, #6319, #7250 ) ;
#6590 = ORIENTED_EDGE ( 'NONE', *, *, #9279, .T. ) ;
#6591 = LINE ( 'NONE', #9944, #1460 ) ;
#6592 = EDGE_LOOP ( 'NONE', ( #10780, #9057, #4961, #7304 ) ) ;
#6593 = ORIENTED_EDGE ( 'NONE', *, *, #8295, .T. ) ;
#6594 = CARTESIAN_POINT ( 'NONE',  ( 1.123399497764103971, -1.802800000000055025, -20.39880008000000089 ) ) ;
#6595 = CARTESIAN_POINT ( 'NONE',  ( 2.373399537764104839, -1.802799999999999958, -20.24880012599999901 ) ) ;
#6596 = ORIENTED_EDGE ( 'NONE', *, *, #9099, .T. ) ;
#6597 = DIRECTION ( 'NONE',  ( -1.000000000000000000, 0.000000000000000000, 0.000000000000000000 ) ) ;
#6598 = DIRECTION ( 'NONE',  ( -1.000000000000000000, -3.629128540980805093E-15, -8.904572318030769708E-17 ) ) ;
#6599 = VECTOR ( 'NONE', #6448, 1000.000000000000000 ) ;
#6600 = ADVANCED_FACE ( 'NONE', ( #9742 ), #7990, .F. ) ;
#6601 = ORIENTED_EDGE ( 'NONE', *, *, #7481, .F. ) ;
#6602 = VECTOR ( 'NONE', #3622, 1000.000000000000000 ) ;
#6603 = CARTESIAN_POINT ( 'NONE',  ( 2.373399537764049771, -1.499999954000070135, -20.39880008000000089 ) ) ;
#6604 = LINE ( 'NONE', #8416, #5175 ) ;
#6605 = ORIENTED_EDGE ( 'NONE', *, *, #5166, .F. ) ;
#6606 = LINE ( 'NONE', #6661, #5570 ) ;
#6607 = VECTOR ( 'NONE', #9526, 1000.000000000000000 ) ;
#6608 = ORIENTED_EDGE ( 'NONE', *, *, #1244, .F. ) ;
#6609 = AXIS2_PLACEMENT_3D ( 'NONE', #493, #3853, #10549 ) ;
#6610 = CARTESIAN_POINT ( 'NONE',  ( -8.923799999999999955, -1.499999954000060143, -16.79719938409719759 ) ) ;
#6611 = DIRECTION ( 'NONE',  ( 1.000000000000000000, 0.000000000000000000, 8.904572318030769708E-17 ) ) ;
#6612 = EDGE_CURVE ( 'NONE', #10744, #9871, #453, .T. ) ;
#6613 = FACE_OUTER_BOUND ( 'NONE', #10344, .T. ) ;
#6614 = VECTOR ( 'NONE', #1315, 1000.000000000000114 ) ;
#6615 = AXIS2_PLACEMENT_3D ( 'NONE', #8870, #516, #3671 ) ;
#6616 = CARTESIAN_POINT ( 'NONE',  ( 8.773800045999999853, 3.434729301071215197E-14, -4.545018999999999920 ) ) ;
#6617 = ORIENTED_EDGE ( 'NONE', *, *, #7179, .F. ) ;
#6618 = EDGE_CURVE ( 'NONE', #6706, #738, #4542, .T. ) ;
#6619 = DIRECTION ( 'NONE',  ( -1.833260990695839833E-13, 1.000000000000000000, 0.000000000000000000 ) ) ;
#6620 = LINE ( 'NONE', #9197, #2930 ) ;
#6621 = LINE ( 'NONE', #8225, #10120 ) ;
#6622 = ORIENTED_EDGE ( 'NONE', *, *, #2910, .F. ) ;
#6623 = CARTESIAN_POINT ( 'NONE',  ( 8.488707373929848643, 4.600000450536750030E-08, -19.49209532240785236 ) ) ;
#6624 = SURFACE_SIDE_STYLE ('',( #77 ) ) ;
#6625 = DIRECTION ( 'NONE',  ( -1.000000000000000000, 0.000000000000000000, 3.562560286365675406E-16 ) ) ;
#6626 = AXIS2_PLACEMENT_3D ( 'NONE', #5383, #3841, #7185 ) ;
#6627 = EDGE_CURVE ( 'NONE', #7507, #4741, #8757, .T. ) ;
#6628 = CARTESIAN_POINT ( 'NONE',  ( -8.699999999999999289, -1.250000000000000000, 0.000000000000000000 ) ) ;
#6629 = ORIENTED_EDGE ( 'NONE', *, *, #10066, .T. ) ;
#6630 = ORIENTED_EDGE ( 'NONE', *, *, #9198, .F. ) ;
#6631 = ORIENTED_EDGE ( 'NONE', *, *, #9775, .F. ) ;
#6632 = AXIS2_PLACEMENT_3D ( 'NONE', #3071, #6414, #6738 ) ;
#6633 = DIRECTION ( 'NONE',  ( 0.000000000000000000, 1.355252715606888678E-16, -1.000000000000000000 ) ) ;
#6634 = CIRCLE ( 'NONE', #1360, 0.2999999999999999889 ) ;
#6635 = CARTESIAN_POINT ( 'NONE',  ( 2.200000000000000178, 11.00000000000000000, 0.8719667599999999519 ) ) ;
#6636 = ORIENTED_EDGE ( 'NONE', *, *, #10562, .F. ) ;
#6637 = ADVANCED_FACE ( 'NONE', ( #507 ), #2219, .F. ) ;
#6638 = LINE ( 'NONE', #10707, #3925 ) ;
#6639 = LINE ( 'NONE', #10758, #10093 ) ;
#6640 = CARTESIAN_POINT ( 'NONE',  ( -8.773800046000008734, -1.499999954000060143, -16.79719938409719759 ) ) ;
#6641 = DIRECTION ( 'NONE',  ( 0.000000000000000000, 3.655660926715080239E-14, -1.000000000000000000 ) ) ;
#6642 = FACE_OUTER_BOUND ( 'NONE', #3687, .T. ) ;
#6643 = ORIENTED_EDGE ( 'NONE', *, *, #322, .T. ) ;
#6644 = B_SPLINE_CURVE_WITH_KNOTS ( 'NONE', 3,
 ( #5625, #3864, #8155, #9855 ),
 .UNSPECIFIED., .F., .F.,
 ( 4, 4 ),
 ( 0.000000000000000000, 1.000000000000000000 ),
 .UNSPECIFIED. ) ;
#6645 = VERTEX_POINT ( 'NONE', #9636 ) ;
#6646 = FACE_OUTER_BOUND ( 'NONE', #5480, .T. ) ;
#6647 = ORIENTED_EDGE ( 'NONE', *, *, #2164, .F. ) ;
#6648 = EDGE_CURVE ( 'NONE', #3190, #5774, #1116, .T. ) ;
#6649 = CARTESIAN_POINT ( 'NONE',  ( -9.000000000000000000, 9.050000000000000711, 0.8719667599999999519 ) ) ;
#6650 = CARTESIAN_POINT ( 'NONE',  ( -6.383799999999999919, -0.9999999540000689136, -16.47619926409720037 ) ) ;
#6651 = ORIENTED_EDGE ( 'NONE', *, *, #9847, .F. ) ;
#6652 = LINE ( 'NONE', #3198, #651 ) ;
#6653 = CARTESIAN_POINT ( 'NONE',  ( -4.700000000000000178, 11.00000000000000000, 0.8719667599999999519 ) ) ;
#6654 = ORIENTED_EDGE ( 'NONE', *, *, #7263, .F. ) ;
#6655 = VERTEX_POINT ( 'NONE', #3764 ) ;
#6657 = EDGE_CURVE ( 'NONE', #10272, #2592, #4488, .T. ) ;
#6656 = CARTESIAN_POINT ( 'NONE',  ( 8.773800045999999853, 4.599999997882339708E-08, -0.2207106321186534659 ) ) ;
#6658 = EDGE_CURVE ( 'NONE', #281, #10029, #4644, .T. ) ;
#6659 = DIRECTION ( 'NONE',  ( 0.000000000000000000, 2.903302832784645416E-15, -1.000000000000000000 ) ) ;
#6660 = ORIENTED_EDGE ( 'NONE', *, *, #4721, .F. ) ;
#6661 = CARTESIAN_POINT ( 'NONE',  ( 9.000000000000000000, 11.00000000000000000, 0.8719667599999999519 ) ) ;
#6662 = VERTEX_POINT ( 'NONE', #7885 ) ;
#6663 = DIRECTION ( 'NONE',  ( -1.000000000000000000, 0.000000000000000000, 0.000000000000000000 ) ) ;
#6665 = EDGE_CURVE ( 'NONE', #5251, #6107, #3820, .T. ) ;
#6664 = CARTESIAN_POINT ( 'NONE',  ( 8.923799999999999955, -1.802799999999999958, -4.545018999999999920 ) ) ;
#6666 = EDGE_CURVE ( 'NONE', #10495, #5176, #6175, .T. ) ;
#6667 = PLANE ( 'NONE',  #793 ) ;
#6668 = CARTESIAN_POINT ( 'NONE',  ( -9.000000000000000000, 11.00000000000000000, 0.000000000000000000 ) ) ;
#6669 = CARTESIAN_POINT ( 'NONE',  ( -8.773800046000008734, -1.499999954000060143, -18.04719942409725064 ) ) ;
#6670 = CARTESIAN_POINT ( 'NONE',  ( 8.923799999999999955, -1.499999954000091895, -4.291019000000000361 ) ) ;
#6671 = ORIENTED_EDGE ( 'NONE', *, *, #10319, .T. ) ;
#6672 = FACE_OUTER_BOUND ( 'NONE', #9403, .T. ) ;
#6673 = LINE ( 'NONE', #5845, #3796 ) ;
#6674 = CARTESIAN_POINT ( 'NONE',  ( 8.727662294199062032, -0.04083239725770097112, -19.23189540003249931 ) ) ;
#6675 = CYLINDRICAL_SURFACE ( 'NONE', #9192, 0.2999999999999999334 ) ;
#6676 = EDGE_LOOP ( 'NONE', ( #4980, #3023, #5060, #10396 ) ) ;
#6677 = EDGE_CURVE ( 'NONE', #2560, #8755, #2887, .T. ) ;
#6678 = ORIENTED_EDGE ( 'NONE', *, *, #5628, .T. ) ;
#6679 = VERTEX_POINT ( 'NONE', #3324 ) ;
#6680 = CARTESIAN_POINT ( 'NONE',  ( 9.000000000000000000, -3.750000000000000000, 0.000000000000000000 ) ) ;
#6681 = EDGE_CURVE ( 'NONE', #264, #6229, #333, .T. ) ;
#6682 = AXIS2_PLACEMENT_3D ( 'NONE', #9618, #7194, #3085 ) ;
#6683 = CARTESIAN_POINT ( 'NONE',  ( -5.899999999999999467, 11.00000000000000000, 0.000000000000000000 ) ) ;
#6684 = ORIENTED_EDGE ( 'NONE', *, *, #4847, .F. ) ;
#6685 = CARTESIAN_POINT ( 'NONE',  ( -8.703089367881348792, -0.1446800112590491960, -0.1499999539999994080 ) ) ;
#6686 = CARTESIAN_POINT ( 'NONE',  ( -9.000000000000000000, -7.200000000000000178, 0.000000000000000000 ) ) ;
#6687 = CARTESIAN_POINT ( 'NONE',  ( -9.000000000000000000, 5.299999999999999822, 0.000000000000000000 ) ) ;
#6688 = LINE ( 'NONE', #3299, #4974 ) ;
#6689 = DIRECTION ( 'NONE',  ( 1.000000000000000000, 3.794707603699256053E-15, 0.000000000000000000 ) ) ;
#6690 = DIRECTION ( 'NONE',  ( -3.848953698056000290E-15, -1.000000000000000000, -1.734723475976805122E-15 ) ) ;
#6691 = ADVANCED_FACE ( 'NONE', ( #2440 ), #7269, .F. ) ;
#6692 = ADVANCED_FACE ( 'NONE', ( #2274 ), #7383, .F. ) ;
#6693 = ORIENTED_EDGE ( 'NONE', *, *, #67, .T. ) ;
#6694 = VERTEX_POINT ( 'NONE', #5678 ) ;
#6695 = VECTOR ( 'NONE', #8269, 1000.000000000000000 ) ;
#6696 = CARTESIAN_POINT ( 'NONE',  ( -8.747870886671460511, -0.06570027392378709197, -19.35382004495755126 ) ) ;
#6697 = ORIENTED_EDGE ( 'NONE', *, *, #7520, .F. ) ;
#6698 = VERTEX_POINT ( 'NONE', #8156 ) ;
#6699 = CARTESIAN_POINT ( 'NONE',  ( -3.449999999999999734, 11.00000000000000000, 0.000000000000000000 ) ) ;
#6700 = CARTESIAN_POINT ( 'NONE',  ( -7.686953254737039387, 4.599999791883929583E-08, -20.09880017200000069 ) ) ;
#6701 = ORIENTED_EDGE ( 'NONE', *, *, #5429, .F. ) ;
#6702 = FACE_OUTER_BOUND ( 'NONE', #7060, .T. ) ;
#6703 = VECTOR ( 'NONE', #2213, 1000.000000000000000 ) ;
#6704 = EDGE_CURVE ( 'NONE', #9114, #6894, #2876, .T. ) ;
#6705 = ORIENTED_EDGE ( 'NONE', *, *, #2020, .F. ) ;
#6706 = VERTEX_POINT ( 'NONE', #2384 ) ;
#6707 = CARTESIAN_POINT ( 'NONE',  ( -8.608777606945020366, -0.04083239725793825353, -19.51490910883289942 ) ) ;
#6708 = VECTOR ( 'NONE', #2299, 1000.000000000000000 ) ;
#6709 = CARTESIAN_POINT ( 'NONE',  ( 9.000000000000000000, -5.000000000000000000, 0.000000000000000000 ) ) ;
#6710 = ORIENTED_EDGE ( 'NONE', *, *, #4356, .F. ) ;
#6711 = LINE ( 'NONE', #829, #3466 ) ;
#6712 = VERTEX_POINT ( 'NONE', #9910 ) ;
#6713 = FACE_OUTER_BOUND ( 'NONE', #1559, .T. ) ;
#6714 = CARTESIAN_POINT ( 'NONE',  ( 8.773800045999999853, 4.599999997882339708E-08, -19.36501500962519984 ) ) ;
#6715 = CARTESIAN_POINT ( 'NONE',  ( -3.241600662235954555, -1.499999953999869851, -79.67810574249129729 ) ) ;
#6716 = VECTOR ( 'NONE', #6743, 1000.000000000000114 ) ;
#6717 = MANIFOLD_SOLID_BREP ( 'NONE', #1147 ) ;
#6718 = ADVANCED_FACE ( 'NONE', ( #721 ), #672, .T. ) ;
#6719 = ORIENTED_EDGE ( 'NONE', *, *, #3065, .F. ) ;
#6720 = CIRCLE ( 'NONE', #4092, 0.1010000000000003950 ) ;
#6721 = AXIS2_PLACEMENT_3D ( 'NONE', #4274, #10248, #189 ) ;
#6722 = CARTESIAN_POINT ( 'NONE',  ( -1.122600582235953937, -1.499999954000047930, -20.24880012599999901 ) ) ;
#6723 = CARTESIAN_POINT ( 'NONE',  ( -6.383799999999999919, -1.802799999999999958, -0.5471988640971798823 ) ) ;
#6724 = CARTESIAN_POINT ( 'NONE',  ( -7.987434920206769817, -0.06479686222638339488, -20.16396218008905095 ) ) ;
#6725 = CARTESIAN_POINT ( 'NONE',  ( -8.623800091999999751, 4.599999496438830302E-08, -19.16195333473704920 ) ) ;
#6726 = ORIENTED_EDGE ( 'NONE', *, *, #8401, .T. ) ;
#6727 = AXIS2_PLACEMENT_3D ( 'NONE', #8034, #5505, #7041 ) ;
#6728 = CARTESIAN_POINT ( 'NONE',  ( 7.879221455915749850, -0.06564671180959570640, -20.22283454019070348 ) ) ;
#6729 =( NAMED_UNIT ( * ) PLANE_ANGLE_UNIT ( ) SI_UNIT ( $, .RADIAN. ) );
#6730 = CARTESIAN_POINT ( 'NONE',  ( 8.703089367881348792, -0.1446800112590609921, -0.1499999539999996023 ) ) ;
#6731 = DIRECTION ( 'NONE',  ( -0.7071067811865474617, -2.662161967126743653E-15, 0.7071067811865474617 ) ) ;
#6732 = ADVANCED_FACE ( 'NONE', ( #9025 ), #10626, .T. ) ;
#6733 = ORIENTED_EDGE ( 'NONE', *, *, #426, .F. ) ;
#6734 = VERTEX_POINT ( 'NONE', #10735 ) ;
#6735 = VERTEX_POINT ( 'NONE', #3268 ) ;
#6736 = AXIS2_PLACEMENT_3D ( 'NONE', #4384, #185, #9424 ) ;
#6737 = PLANE ( 'NONE',  #10407 ) ;
#6738 = DIRECTION ( 'NONE',  ( -0.7071067811865500152, 0.000000000000000000, 0.7071067811865450192 ) ) ;
#6739 = ORIENTED_EDGE ( 'NONE', *, *, #7489, .F. ) ;
#6740 = DIRECTION ( 'NONE',  ( -3.848953698056000290E-15, 1.000000000000000000, 1.674047928902419981E-31 ) ) ;
#6741 = CARTESIAN_POINT ( 'NONE',  ( 8.773800046000008734, -1.802799999999999958, 7.812693701354880314E-16 ) ) ;
#6742 = DIRECTION ( 'NONE',  ( 0.000000000000000000, 3.794708767409994433E-15, -1.000000000000000000 ) ) ;
#6743 = DIRECTION ( 'NONE',  ( 0.7071067811865460184, -4.541133094095090171E-14, -0.7071067811865489050 ) ) ;
#6744 = CARTESIAN_POINT ( 'NONE',  ( -9.000000000000000000, -1.550000000000000044, 0.8719667599999999519 ) ) ;
#6745 = DIRECTION ( 'NONE',  ( 0.000000000000000000, -2.903302832784645416E-15, 1.000000000000000000 ) ) ;
#6746 = AXIS2_PLACEMENT_3D ( 'NONE', #4091, #10791, #3270 ) ;
#6747 = EDGE_CURVE ( 'NONE', #10787, #8451, #9394, .T. ) ;
#6748 = VERTEX_POINT ( 'NONE', #3104 ) ;
#6749 = ORIENTED_EDGE ( 'NONE', *, *, #8165, .F. ) ;
#6750 = LINE ( 'NONE', #9995, #3410 ) ;
#6751 = ORIENTED_EDGE ( 'NONE', *, *, #3504, .F. ) ;
#6752 = VECTOR ( 'NONE', #3074, 1000.000000000000000 ) ;
#6753 = PLANE ( 'NONE',  #953 ) ;
#6754 = EDGE_CURVE ( 'NONE', #3977, #5004, #9179, .T. ) ;
#6755 = DIRECTION ( 'NONE',  ( 0.000000000000000000, 0.000000000000000000, 1.000000000000000000 ) ) ;
#6756 = ORIENTED_EDGE ( 'NONE', *, *, #8903, .T. ) ;
#6757 = ADVANCED_FACE ( 'NONE', ( #3429 ), #9846, .T. ) ;
#6758 = FACE_OUTER_BOUND ( 'NONE', #2981, .T. ) ;
#6759 = EDGE_CURVE ( 'NONE', #4058, #5308, #5832, .T. ) ;
#6760 = AXIS2_PLACEMENT_3D ( 'NONE', #4996, #8345, #4173 ) ;
#6761 = ORIENTED_EDGE ( 'NONE', *, *, #7903, .F. ) ;
#6762 = ORIENTED_EDGE ( 'NONE', *, *, #9718, .F. ) ;
#6763 = DIRECTION ( 'NONE',  ( 1.000000000000000000, 0.000000000000000000, 0.000000000000000000 ) ) ;
#6764 = VECTOR ( 'NONE', #3160, 1000.000000000000000 ) ;
#6765 = DIRECTION ( 'NONE',  ( 3.794707603699255264E-15, -1.000000000000000000, 8.205087984843659386E-18 ) ) ;
#6766 = ORIENTED_EDGE ( 'NONE', *, *, #9185, .T. ) ;
#6767 = DIRECTION ( 'NONE',  ( -1.000000000000000000, 3.446013993391890312E-15, 3.562560286365675406E-16 ) ) ;
#6768 = EDGE_CURVE ( 'NONE', #6253, #8275, #6876, .T. ) ;
#6769 = ORIENTED_EDGE ( 'NONE', *, *, #8219, .T. ) ;
#6770 = FACE_OUTER_BOUND ( 'NONE', #1314, .T. ) ;
#6771 = VECTOR ( 'NONE', #9324, 1000.000000000000000 ) ;
#6772 = DIRECTION ( 'NONE',  ( -3.848953698056000290E-15, 1.000000000000000000, 2.751459602139305321E-31 ) ) ;
#6773 = ORIENTED_EDGE ( 'NONE', *, *, #3894, .T. ) ;
#6774 = B_SPLINE_CURVE_WITH_KNOTS ( 'NONE', 3,
 ( #1609, #682, #8333, #786, #4103, #4161 ),
 .UNSPECIFIED., .F., .F.,
 ( 4, 2, 4 ),
 ( 0.000000000000000000, 0.5000000000000000000, 1.000000000000000000 ),
 .UNSPECIFIED. ) ;
#6775 = LINE ( 'NONE', #1770, #4078 ) ;
#6776 = AXIS2_PLACEMENT_3D ( 'NONE', #3166, #8923, #3873 ) ;
#6777 = CARTESIAN_POINT ( 'NONE',  ( -8.002267239413990652, -1.802799999999999958, -20.39880008000000089 ) ) ;
#6778 = AXIS2_PLACEMENT_3D ( 'NONE', #888, #2612, #4320 ) ;
#6779 = DIRECTION ( 'NONE',  ( 0.000000000000000000, 0.000000000000000000, 1.000000000000000000 ) ) ;
#6780 = DIRECTION ( 'NONE',  ( 1.000000000000000000, 0.000000000000000000, 0.000000000000000000 ) ) ;
#6781 = ADVANCED_FACE ( 'NONE', ( #9247 ), #8470, .F. ) ;
#6782 = CARTESIAN_POINT ( 'NONE',  ( 9.000000000000000000, -10.00000000000000000, 0.000000000000000000 ) ) ;
#6783 = ORIENTED_EDGE ( 'NONE', *, *, #10648, .T. ) ;
#6784 = LINE ( 'NONE', #10298, #58 ) ;
#6785 = CARTESIAN_POINT ( 'NONE',  ( 9.000000000000000000, -8.750000000000000000, 0.8719667599999999519 ) ) ;
#6786 = CARTESIAN_POINT ( 'NONE',  ( 8.569110987563812287, -1.499999954000093894, -19.83595564737819927 ) ) ;
#6787 = VECTOR ( 'NONE', #5514, 1000.000000000000000 ) ;
#6788 = AXIS2_PLACEMENT_3D ( 'NONE', #1849, #248, #6742 ) ;
#6789 = ORIENTED_EDGE ( 'NONE', *, *, #5325, .F. ) ;
#6790 = ORIENTED_EDGE ( 'NONE', *, *, #5885, .F. ) ;
#6791 = ORIENTED_EDGE ( 'NONE', *, *, #8903, .F. ) ;
#6792 = CARTESIAN_POINT ( 'NONE',  ( -8.443143749512369567, 4.599999949093241947E-08, -19.36101569409725087 ) ) ;
#6793 = CARTESIAN_POINT ( 'NONE',  ( -4.872600702235950543, -1.499999954000042157, -20.24880012599999901 ) ) ;
#6794 = ORIENTED_EDGE ( 'NONE', *, *, #6278, .F. ) ;
#6795 = AXIS2_PLACEMENT_3D ( 'NONE', #8190, #536, #486 ) ;
#6796 = CARTESIAN_POINT ( 'NONE',  ( -8.047903072767208954, 0.01838495531328884769, -20.28003128818235012 ) ) ;
#6797 = DIRECTION ( 'NONE',  ( 1.000000000000000000, 0.000000000000000000, 0.000000000000000000 ) ) ;
#6798 = EDGE_CURVE ( 'NONE', #4355, #6712, #9005, .T. ) ;
#6799 = VECTOR ( 'NONE', #9009, 1000.000000000000000 ) ;
#6800 = DIRECTION ( 'NONE',  ( -1.000000000000000000, -3.629128540980805093E-15, -8.904572318030769708E-17 ) ) ;
#6801 = EDGE_CURVE ( 'NONE', #3626, #7764, #9188, .T. ) ;
#6802 = CARTESIAN_POINT ( 'NONE',  ( -7.774062090305849715, -0.04918936753803260231, -20.21014015668150066 ) ) ;
#6803 = CARTESIAN_POINT ( 'NONE',  ( -8.872014464914769860, 0.01849218873360850002, -19.35741786952739929 ) ) ;
#6804 = LINE ( 'NONE', #198, #1645 ) ;
#6805 = CIRCLE ( 'NONE', #9085, 0.2000000000000005107 ) ;
#6806 = VERTEX_POINT ( 'NONE', #994 ) ;
#6807 = ORIENTED_EDGE ( 'NONE', *, *, #7699, .T. ) ;
#6808 = AXIS2_PLACEMENT_3D ( 'NONE', #6509, #9862, #5581 ) ;
#6809 = CARTESIAN_POINT ( 'NONE',  ( 8.391000000000000014, 10.41999999999999993, 0.000000000000000000 ) ) ;
#6810 = ORIENTED_EDGE ( 'NONE', *, *, #7068, .T. ) ;
#6811 = DIRECTION ( 'NONE',  ( 1.833260990695839833E-13, -1.000000000000000000, -3.848953698056000290E-15 ) ) ;
#6812 = EDGE_CURVE ( 'NONE', #10584, #10141, #4672, .T. ) ;
#6813 = CARTESIAN_POINT ( 'NONE',  ( -9.000000000000000000, -2.500000000000000000, 0.000000000000000000 ) ) ;
#6814 = VERTEX_POINT ( 'NONE', #4253 ) ;
#6815 = DIRECTION ( 'NONE',  ( -1.000000000000000000, -3.629128540980805093E-15, -8.904572318030769708E-17 ) ) ;
#6816 = ORIENTED_EDGE ( 'NONE', *, *, #5155, .F. ) ;
#6817 = ORIENTED_EDGE ( 'NONE', *, *, #2492, .T. ) ;
#6818 = ADVANCED_FACE ( 'NONE', ( #6770 ), #7707, .F. ) ;
#6819 = CARTESIAN_POINT ( 'NONE',  ( 4.873399617764049729, -1.499999954000070135, -20.24880012599999901 ) ) ;
#6820 = ADVANCED_FACE ( 'NONE', ( #934 ), #2543, .F. ) ;
#6821 = DIRECTION ( 'NONE',  ( 1.000000000000000000, 0.000000000000000000, -3.562560286365675406E-16 ) ) ;
#6822 = EDGE_LOOP ( 'NONE', ( #7411, #5184, #8360, #10876 ) ) ;
#6823 = CARTESIAN_POINT ( 'NONE',  ( -8.623800092000008632, 0.1499999999999949984, -19.36101569409725087 ) ) ;
#6824 = EDGE_LOOP ( 'NONE', ( #9105, #7104, #2761, #7669 ) ) ;
#6825 = DIRECTION ( 'NONE',  ( 1.000000000000000000, -1.165734175856414367E-15, -3.658806941728177845E-15 ) ) ;
#6826 = CARTESIAN_POINT ( 'NONE',  ( 9.000000000000000000, -8.449999999999999289, 0.000000000000000000 ) ) ;
#6827 = CARTESIAN_POINT ( 'NONE',  ( -8.773800045999999853, 3.434729301071215197E-14, -9.551199144097219929 ) ) ;
#6828 = ORIENTED_EDGE ( 'NONE', *, *, #1590, .F. ) ;
#6829 = EDGE_CURVE ( 'NONE', #4304, #3701, #831, .T. ) ;
#6830 = DIRECTION ( 'NONE',  ( 0.000000000000000000, -2.903302832784645416E-15, 1.000000000000000000 ) ) ;
#6831 = CARTESIAN_POINT ( 'NONE',  ( -9.000000000000000000, 11.00000000000000000, 0.8719667599999999519 ) ) ;
#6832 = DIRECTION ( 'NONE',  ( -6.180374837806370896E-15, 1.000000000000000000, -3.491481338843135327E-15 ) ) ;
#6833 = CARTESIAN_POINT ( 'NONE',  ( 8.923799999999999955, -1.499999954000091895, -4.866019119999979381 ) ) ;
#6834 = CARTESIAN_POINT ( 'NONE',  ( 8.714678705099700551, -0.06575385963319539673, -19.44163805751400176 ) ) ;
#6835 = ORIENTED_EDGE ( 'NONE', *, *, #2572, .F. ) ;
#6836 = CYLINDRICAL_SURFACE ( 'NONE', #5681, 0.2000000000000005107 ) ;
#6837 = CARTESIAN_POINT ( 'NONE',  ( -8.923799999999999955, -1.499999954000060143, -18.30119942409725198 ) ) ;
#6838 = LINE ( 'NONE', #3549, #3568 ) ;
#6839 = DIRECTION ( 'NONE',  ( 0.000000000000000000, 0.000000000000000000, 1.000000000000000000 ) ) ;
#6840 = EDGE_LOOP ( 'NONE', ( #4115, #7773, #9120, #8788 ) ) ;
#6841 = VERTEX_POINT ( 'NONE', #7542 ) ;
#6842 = ADVANCED_FACE ( 'NONE', ( #7755 ), #3372, .T. ) ;
#6843 = EDGE_LOOP ( 'NONE', ( #3476, #1423, #3728, #924 ) ) ;
#6844 = CARTESIAN_POINT ( 'NONE',  ( 7.964119989667979738, -0.06580746144262619723, -20.19224818244835262 ) ) ;
#6845 = ORIENTED_EDGE ( 'NONE', *, *, #1755, .F. ) ;
#6846 = CARTESIAN_POINT ( 'NONE',  ( -8.703089367881348792, -0.1393600662480244112, 4.878909776184769953E-16 ) ) ;
#6847 = CARTESIAN_POINT ( 'NONE',  ( -6.383799999999999919, -0.9999999540000689136, -8.976199024097221368 ) ) ;
#6848 = DIRECTION ( 'NONE',  ( 0.000000000000000000, 0.000000000000000000, -1.000000000000000000 ) ) ;
#6849 = DIRECTION ( 'NONE',  ( -0.7071067811865450192, -2.740991289913664852E-15, -0.7071067811865500152 ) ) ;
#6850 = FACE_OUTER_BOUND ( 'NONE', #2488, .T. ) ;
#6851 = DIRECTION ( 'NONE',  ( 1.000000000000000000, -7.401486830834660505E-14, -2.148875768278049665E-28 ) ) ;
#6852 = PLANE ( 'NONE',  #4990 ) ;
#6853 = VECTOR ( 'NONE', #3599, 1000.000000000000000 ) ;
#6854 = ORIENTED_EDGE ( 'NONE', *, *, #5435, .T. ) ;
#6855 = EDGE_CURVE ( 'NONE', #10880, #5914, #10224, .T. ) ;
#6856 = ORIENTED_EDGE ( 'NONE', *, *, #4685, .F. ) ;
#6857 = APPLICATION_CONTEXT ( 'automotive_design' ) ;
#6858 = DIRECTION ( 'NONE',  ( 0.000000000000000000, -1.000000000000000000, 9.035020874785599019E-17 ) ) ;
#6859 = VERTEX_POINT ( 'NONE', #1880 ) ;
#6860 = LINE ( 'NONE', #8616, #9206 ) ;
#6861 = CARTESIAN_POINT ( 'NONE',  ( 8.922075049351319009, -0.1178752349731845978, -0.2216135942127749892 ) ) ;
#6862 = EDGE_LOOP ( 'NONE', ( #10513, #6978, #3293, #2690 ) ) ;
#6863 = CARTESIAN_POINT ( 'NONE',  ( 7.971675624837670782, -0.06564668205622808950, -20.18453812857960017 ) ) ;
#6864 = AXIS2_PLACEMENT_3D ( 'NONE', #5132, #7761, #8475 ) ;
#6865 = EDGE_CURVE ( 'NONE', #9766, #1219, #64, .T. ) ;
#6866 = ORIENTED_EDGE ( 'NONE', *, *, #4755, .F. ) ;
#6867 = EDGE_CURVE ( 'NONE', #8814, #4291, #119, .T. ) ;
#6868 = ORIENTED_EDGE ( 'NONE', *, *, #3615, .F. ) ;
#6869 = DIRECTION ( 'NONE',  ( 0.000000000000000000, 0.000000000000000000, 1.000000000000000000 ) ) ;
#6870 = CARTESIAN_POINT ( 'NONE',  ( 8.923799999999999955, -1.499999954000091895, -8.616019239999980428 ) ) ;
#6871 = CARTESIAN_POINT ( 'NONE',  ( -8.744876852580489413, -0.06111922942098709649, -19.29569866110999854 ) ) ;
#6872 = VERTEX_POINT ( 'NONE', #1765 ) ;
#6874 = AXIS2_PLACEMENT_3D ( 'NONE', #10681, #8315, #5726 ) ;
#6873 = CARTESIAN_POINT ( 'NONE',  ( 9.000000000000000000, -10.00000000000000000, 0.000000000000000000 ) ) ;
#6875 = ORIENTED_EDGE ( 'NONE', *, *, #9148, .T. ) ;
#6876 = LINE ( 'NONE', #5892, #10773 ) ;
#6877 = FACE_OUTER_BOUND ( 'NONE', #1442, .T. ) ;
#6878 = ORIENTED_EDGE ( 'NONE', *, *, #5507, .F. ) ;
#6879 = EDGE_CURVE ( 'NONE', #8907, #6232, #3487, .T. ) ;
#6880 = VECTOR ( 'NONE', #368, 1000.000000000000000 ) ;
#6881 = PLANE ( 'NONE',  #8796 ) ;
#6882 = DIRECTION ( 'NONE',  ( 0.000000000000000000, 0.000000000000000000, 1.000000000000000000 ) ) ;
#6883 = LINE ( 'NONE', #5194, #10274 ) ;
#6884 = ORIENTED_EDGE ( 'NONE', *, *, #1856, .F. ) ;
#6885 = FACE_OUTER_BOUND ( 'NONE', #7418, .T. ) ;
#6886 = ORIENTED_EDGE ( 'NONE', *, *, #9111, .T. ) ;
#6887 = CARTESIAN_POINT ( 'NONE',  ( 7.890014929625221107, -0.06580747634334910279, -20.22294372057075051 ) ) ;
#6888 = PLANE ( 'NONE',  #9233 ) ;
#6889 = CARTESIAN_POINT ( 'NONE',  ( 61.95510655778610243, -1.499999953999900049, -8.295019119999979651 ) ) ;
#6890 = EDGE_CURVE ( 'NONE', #8145, #4009, #8746, .T. ) ;
#6891 = CARTESIAN_POINT ( 'NONE',  ( -8.923799999999999955, -1.802799999999999958, -0.5471988640971789941 ) ) ;
#6892 = VECTOR ( 'NONE', #8047, 1000.000000000000000 ) ;
#6893 = EDGE_CURVE ( 'NONE', #10647, #6814, #6991, .T. ) ;
#6894 = VERTEX_POINT ( 'NONE', #9464 ) ;
#6895 = VERTEX_POINT ( 'NONE', #5450 ) ;
#6896 = VECTOR ( 'NONE', #480, 1000.000000000000000 ) ;
#6897 = CARTESIAN_POINT ( 'NONE',  ( 9.000000000000000000, 7.799999999999999822, 0.000000000000000000 ) ) ;
#6898 = VECTOR ( 'NONE', #6745, 1000.000000000000000 ) ;
#6899 = VERTEX_POINT ( 'NONE', #6112 ) ;
#6900 = CARTESIAN_POINT ( 'NONE',  ( 8.773800046000008734, -1.802799999999999958, 7.812693701354880314E-16 ) ) ;
#6901 = CARTESIAN_POINT ( 'NONE',  ( -8.699999999999999289, -2.500000000000000000, 0.8719667599999999519 ) ) ;
#6902 = CARTESIAN_POINT ( 'NONE',  ( -8.923799999999999955, -1.802799999999999958, -4.551198984097220013 ) ) ;
#6903 = VECTOR ( 'NONE', #5046, 1000.000000000000000 ) ;
#6904 = CARTESIAN_POINT ( 'NONE',  ( -7.697223138786999819, -0.01432100015766529962, -20.16887787998140169 ) ) ;
#6905 = LINE ( 'NONE', #7783, #7835 ) ;
#6906 = CARTESIAN_POINT ( 'NONE',  ( -9.000000000000000000, -2.500000000000000000, 0.000000000000000000 ) ) ;
#6907 = EDGE_CURVE ( 'NONE', #2585, #3994, #3649, .T. ) ;
#6908 = DIRECTION ( 'NONE',  ( -1.000000000000000000, 0.000000000000000000, 0.000000000000000000 ) ) ;
#6909 = VECTOR ( 'NONE', #4343, 1000.000000000000000 ) ;
#6910 = VECTOR ( 'NONE', #3877, 1000.000000000000000 ) ;
#6911 = VERTEX_POINT ( 'NONE', #383 ) ;
#6912 = ORIENTED_EDGE ( 'NONE', *, *, #4287, .F. ) ;
#6913 = DIRECTION ( 'NONE',  ( -1.000000000000000000, -3.629128540980805093E-15, -8.904572318030769708E-17 ) ) ;
#6914 = ORIENTED_EDGE ( 'NONE', *, *, #7069, .T. ) ;
#6915 = LINE ( 'NONE', #9554, #604 ) ;
#6916 = CARTESIAN_POINT ( 'NONE',  ( 6.550000000000000711, 11.00000000000000000, 0.000000000000000000 ) ) ;
#6917 = ORIENTED_EDGE ( 'NONE', *, *, #2111, .T. ) ;
#6918 = VECTOR ( 'NONE', #9041, 1000.000000000000000 ) ;
#6919 = CARTESIAN_POINT ( 'NONE',  ( 7.890014929625221107, -0.1499999079999949914, -20.39880008000000089 ) ) ;
#6920 = EDGE_CURVE ( 'NONE', #5109, #7525, #10308, .T. ) ;
#6921 = B_SPLINE_CURVE_WITH_KNOTS ( 'NONE', 3,
 ( #3414, #10158, #4237, #7636 ),
 .UNSPECIFIED., .F., .F.,
 ( 4, 4 ),
 ( 9.256969014852219426E-05, 1.000000000000000000 ),
 .UNSPECIFIED. ) ;
#6922 = ORIENTED_EDGE ( 'NONE', *, *, #9429, .F. ) ;
#6923 = ORIENTED_EDGE ( 'NONE', *, *, #7566, .T. ) ;
#6924 = VERTEX_POINT ( 'NONE', #2763 ) ;
#6925 = VECTOR ( 'NONE', #7043, 1000.000000000000000 ) ;
#6926 = CARTESIAN_POINT ( 'NONE',  ( -8.488707373929848643, 0.1499999999999999944, -19.48809600687989985 ) ) ;
#6927 = LINE ( 'NONE', #6870, #6983 ) ;
#6928 = CARTESIAN_POINT ( 'NONE',  ( -8.747834450073801449, -0.06564669693354550917, -19.35022122114675014 ) ) ;
#6929 = ORIENTED_EDGE ( 'NONE', *, *, #5016, .F. ) ;
#6930 = CARTESIAN_POINT ( 'NONE',  ( -3.241600662235899488, -0.7499999539999040454, -79.67810574249129729 ) ) ;
#6931 = EDGE_CURVE ( 'NONE', #8339, #7162, #5401, .T. ) ;
#6932 = ORIENTED_EDGE ( 'NONE', *, *, #1240, .T. ) ;
#6933 = APPLICATION_PROTOCOL_DEFINITION ( 'draft international standard', 'automotive_design', 1998, #6857 ) ;
#6934 = DIRECTION ( 'NONE',  ( 2.762281822093729986E-14, 1.000000000000000000, 3.197777247011439598E-14 ) ) ;
#6935 = VECTOR ( 'NONE', #3017, 1000.000000000000000 ) ;
#6936 = LINE ( 'NONE', #3488, #4829 ) ;
#6937 = ORIENTED_EDGE ( 'NONE', *, *, #145, .F. ) ;
#6938 = AXIS2_PLACEMENT_3D ( 'NONE', #7867, #3850, #6214 ) ;
#6939 = CARTESIAN_POINT ( 'NONE',  ( -3.622600662235954783, -1.499999953999869851, -79.67810574249129729 ) ) ;
#6940 = DIRECTION ( 'NONE',  ( 1.000000000000000000, 0.000000000000000000, 0.000000000000000000 ) ) ;
#6941 = CYLINDRICAL_SURFACE ( 'NONE', #836, 0.2999999999999999334 ) ;
#6942 = ORIENTED_EDGE ( 'NONE', *, *, #7028, .T. ) ;
#6943 = CARTESIAN_POINT ( 'NONE',  ( 3.449999999999999734, 11.00000000000000000, 0.000000000000000000 ) ) ;
#6944 = EDGE_CURVE ( 'NONE', #6237, #5715, #7812, .T. ) ;
#6945 = CIRCLE ( 'NONE', #2211, 0.2999999999999999334 ) ;
#6946 = ORIENTED_EDGE ( 'NONE', *, *, #7705, .F. ) ;
#6947 = DIRECTION ( 'NONE',  ( 1.000000000000000000, 0.000000000000000000, 0.000000000000000000 ) ) ;
#6948 = CARTESIAN_POINT ( 'NONE',  ( 8.051902727557290973, 0.01838498511474540020, -20.28003092033765142 ) ) ;
#6949 = DIRECTION ( 'NONE',  ( 1.000000000000000000, 0.000000000000000000, 0.000000000000000000 ) ) ;
#6950 = VECTOR ( 'NONE', #8373, 1000.000000000000000 ) ;
#6951 = DIRECTION ( 'NONE',  ( -3.848953698056000290E-15, 1.000000000000000000, 1.674047928902419981E-31 ) ) ;
#6952 = VERTEX_POINT ( 'NONE', #2147 ) ;
#6953 = ORIENTED_EDGE ( 'NONE', *, *, #2607, .F. ) ;
#6954 = VECTOR ( 'NONE', #2340, 1000.000000000000000 ) ;
#6955 = EDGE_CURVE ( 'NONE', #9129, #5358, #6275, .T. ) ;
#6956 = LINE ( 'NONE', #1736, #5849 ) ;
#6957 = ORIENTED_EDGE ( 'NONE', *, *, #6184, .T. ) ;
#6958 = DIRECTION ( 'NONE',  ( 1.000000000000000000, 0.000000000000000000, 0.000000000000000000 ) ) ;
#6959 = FACE_OUTER_BOUND ( 'NONE', #7051, .T. ) ;
#6960 = CARTESIAN_POINT ( 'NONE',  ( 0.1273994577640993886, -1.802799999999999958, -20.24880012599999901 ) ) ;
#6961 = EDGE_CURVE ( 'NONE', #8296, #3156, #402, .T. ) ;
#6962 = FACE_OUTER_BOUND ( 'NONE', #8748, .T. ) ;
#6963 = DIRECTION ( 'NONE',  ( 3.562560286365675406E-16, -1.227663259911834029E-30, 1.000000000000000000 ) ) ;
#6964 = CARTESIAN_POINT ( 'NONE',  ( 8.773800045999999853, 3.434729301071215197E-14, -8.616019239999980428 ) ) ;
#6965 = AXIS2_PLACEMENT_3D ( 'NONE', #8602, #1068, #5526 ) ;
#6966 = AXIS2_PLACEMENT_3D ( 'NONE', #74, #6217, #10075 ) ;
#6967 = CARTESIAN_POINT ( 'NONE',  ( 9.000000000000000000, 11.00000000000000000, 0.000000000000000000 ) ) ;
#6968 = ORIENTED_EDGE ( 'NONE', *, *, #1316, .T. ) ;
#6969 = EDGE_LOOP ( 'NONE', ( #1427, #10497, #378, #4948 ) ) ;
#6970 = ADVANCED_FACE ( 'NONE', ( #1211 ), #3804, .T. ) ;
#6971 = CARTESIAN_POINT ( 'NONE',  ( -4.939999999999999503, -9.342999999999999972, 0.000000000000000000 ) ) ;
#6972 = VECTOR ( 'NONE', #1713, 1000.000000000000114 ) ;
#6973 = EDGE_LOOP ( 'NONE', ( #654, #6454, #1089, #9884 ) ) ;
#6974 = LINE ( 'NONE', #5436, #5708 ) ;
#6975 = LINE ( 'NONE', #5983, #1589 ) ;
#6976 = CARTESIAN_POINT ( 'NONE',  ( 3.250871628118515722E-17, -1.499999954000042157, -20.24880012599999901 ) ) ;
#6977 = AXIS2_PLACEMENT_3D ( 'NONE', #5494, #9002, #8839 ) ;
#6978 = ORIENTED_EDGE ( 'NONE', *, *, #10225, .T. ) ;
#6979 = ORIENTED_EDGE ( 'NONE', *, *, #2307, .F. ) ;
#6980 = EDGE_LOOP ( 'NONE', ( #6173, #233, #9374, #1656 ) ) ;
#6981 = ADVANCED_FACE ( 'NONE', ( #4474 ), #8849, .F. ) ;
#6982 = DIRECTION ( 'NONE',  ( 3.848953698056000290E-15, -1.000000000000000000, 3.379345265849269788E-32 ) ) ;
#6983 = VECTOR ( 'NONE', #7806, 1000.000000000000000 ) ;
#6984 = DIRECTION ( 'NONE',  ( 0.000000000000000000, -1.000000000000000000, 0.000000000000000000 ) ) ;
#6985 = CARTESIAN_POINT ( 'NONE',  ( -6.383799999999999919, -1.802799999999999958, -4.551198984097220013 ) ) ;
#6986 = ORIENTED_EDGE ( 'NONE', *, *, #1698, .T. ) ;
#6987 = AXIS2_PLACEMENT_3D ( 'NONE', #4376, #5298, #10347 ) ;
#6988 = CARTESIAN_POINT ( 'NONE',  ( 9.000000000000000000, -4.700000000000000178, 0.000000000000000000 ) ) ;
#6989 = ORIENTED_EDGE ( 'NONE', *, *, #6955, .T. ) ;
#6990 = CARTESIAN_POINT ( 'NONE',  ( 0.000000000000000000, 0.000000000000000000, 0.000000000000000000 ) ) ;
#6991 = LINE ( 'NONE', #10391, #1457 ) ;
#6992 = DIRECTION ( 'NONE',  ( 1.000000000000000000, 0.000000000000000000, 0.000000000000000000 ) ) ;
#6993 = EDGE_LOOP ( 'NONE', ( #1545, #5919, #5978, #7901 ) ) ;
#6994 = EDGE_CURVE ( 'NONE', #3566, #1582, #278, .T. ) ;
#6995 = EDGE_CURVE ( 'NONE', #1832, #6035, #7151, .T. ) ;
#6996 = DIRECTION ( 'NONE',  ( 0.000000000000000000, 0.000000000000000000, -1.000000000000000000 ) ) ;
#6997 = CARTESIAN_POINT ( 'NONE',  ( 8.643143749512379514, 0.1499999999999999944, -19.36501500962519984 ) ) ;
#6998 = CARTESIAN_POINT ( 'NONE',  ( -9.000000000000000000, -5.299999999999999822, 0.8719667599999999519 ) ) ;
#6999 = ORIENTED_EDGE ( 'NONE', *, *, #335, .F. ) ;
#7000 = CARTESIAN_POINT ( 'NONE',  ( 7.850699116927218668, -0.06479686222635089310, -20.22225657500120022 ) ) ;
#7001 = ORIENTED_EDGE ( 'NONE', *, *, #1240, .F. ) ;
#7002 = DIRECTION ( 'NONE',  ( -3.848953698056000290E-15, -1.000000000000000000, 0.000000000000000000 ) ) ;
#7003 = DIRECTION ( 'NONE',  ( 1.000000000000000000, 0.000000000000000000, 0.000000000000000000 ) ) ;
#7004 = CARTESIAN_POINT ( 'NONE',  ( 8.772937570667570739, -0.1339375714114274252, -0.3046457735203464967 ) ) ;
#7005 = VERTEX_POINT ( 'NONE', #5291 ) ;
#7006 = ORIENTED_EDGE ( 'NONE', *, *, #67, .F. ) ;
#7007 = ADVANCED_FACE ( 'NONE', ( #6219 ), #2982, .F. ) ;
#7008 = EDGE_CURVE ( 'NONE', #4054, #7758, #9571, .T. ) ;
#7009 = CARTESIAN_POINT ( 'NONE',  ( 7.971675278942000453, -0.06564669693353550328, -20.18453848878390033 ) ) ;
#7010 = ORIENTED_EDGE ( 'NONE', *, *, #2361, .T. ) ;
#7011 = FACE_OUTER_BOUND ( 'NONE', #7121, .T. ) ;
#7012 = CARTESIAN_POINT ( 'NONE',  ( -9.000000000000000000, -8.750000000000000000, 0.8719667599999999519 ) ) ;
#7013 = CARTESIAN_POINT ( 'NONE',  ( -4.812999602235880303, -1.499999954000106106, 0.000000000000000000 ) ) ;
#7014 = DIRECTION ( 'NONE',  ( 0.000000000000000000, 0.000000000000000000, -1.000000000000000000 ) ) ;
#7015 = CARTESIAN_POINT ( 'NONE',  ( 8.923799999999999955, -1.499999954000091895, -8.295019119999990309 ) ) ;
#7016 = FACE_OUTER_BOUND ( 'NONE', #3990, .T. ) ;
#7017 = DIRECTION ( 'NONE',  ( 0.000000000000000000, -1.000000000000000000, 0.000000000000000000 ) ) ;
#7018 = ORIENTED_EDGE ( 'NONE', *, *, #4194, .T. ) ;
#7019 = EDGE_CURVE ( 'NONE', #1513, #8118, #3855, .T. ) ;
#7020 = VERTEX_POINT ( 'NONE', #3698 ) ;
#7021 = B_SPLINE_CURVE_WITH_KNOTS ( 'NONE', 3,
 ( #907, #2677, #9436, #6802, #7624, #6904, #6136, #2735 ),
 .UNSPECIFIED., .F., .F.,
 ( 4, 2, 2, 4 ),
 ( 0.000000000000000000, 0.2499999999999998057, 0.5000000000000005551, 1.000000000000000000 ),
 .UNSPECIFIED. ) ;
#7022 = DIRECTION ( 'NONE',  ( 1.000000000000000000, 0.000000000000000000, 0.000000000000000000 ) ) ;
#7023 = ORIENTED_EDGE ( 'NONE', *, *, #2195, .T. ) ;
#7024 = DIRECTION ( 'NONE',  ( 0.000000000000000000, -2.903302832784645416E-15, 1.000000000000000000 ) ) ;
#7025 = LINE ( 'NONE', #2852, #9787 ) ;
#7026 = DIRECTION ( 'NONE',  ( 0.000000000000000000, 2.903302832784645416E-15, -1.000000000000000000 ) ) ;
#7027 = DIRECTION ( 'NONE',  ( 0.000000000000000000, 0.000000000000000000, 1.000000000000000000 ) ) ;
#7028 = EDGE_CURVE ( 'NONE', #3514, #9870, #2043, .T. ) ;
#7029 = EDGE_CURVE ( 'NONE', #6058, #9020, #1250, .T. ) ;
#7030 = VERTEX_POINT ( 'NONE', #6491 ) ;
#7031 = ORIENTED_EDGE ( 'NONE', *, *, #2705, .F. ) ;
#7032 = ORIENTED_EDGE ( 'NONE', *, *, #5456, .T. ) ;
#7033 = CARTESIAN_POINT ( 'NONE',  ( 1.377399497764104197, -1.802799999999999958, -20.24880012599999901 ) ) ;
#7034 = VECTOR ( 'NONE', #5237, 1000.000000000000000 ) ;
#7035 = CARTESIAN_POINT ( 'NONE',  ( 9.000000000000000000, -1.250000000000000000, 0.000000000000000000 ) ) ;
#7036 = DIRECTION ( 'NONE',  ( 1.000000000000000000, 0.000000000000000000, 0.000000000000000000 ) ) ;
#7037 = ORIENTED_EDGE ( 'NONE', *, *, #1050, .T. ) ;
#7038 = DIRECTION ( 'NONE',  ( 8.904572318030769708E-17, 5.101376584211580244E-31, -1.000000000000000000 ) ) ;
#7039 = CARTESIAN_POINT ( 'NONE',  ( -8.923799999999999955, -1.802799999999999958, -9.297199144097220369 ) ) ;
#7040 = ORIENTED_EDGE ( 'NONE', *, *, #9573, .T. ) ;
#7041 = DIRECTION ( 'NONE',  ( -1.000000000000000000, -3.252606517456518824E-15, 0.000000000000000000 ) ) ;
#7042 = EDGE_CURVE ( 'NONE', #680, #4804, #9276, .T. ) ;
#7043 = DIRECTION ( 'NONE',  ( 3.848953698056000290E-15, -1.000000000000000000, -1.608122649676634875E-16 ) ) ;
#7044 = VERTEX_POINT ( 'NONE', #1373 ) ;
#7045 = AXIS2_PLACEMENT_3D ( 'NONE', #8221, #675, #10015 ) ;
#7046 = DIRECTION ( 'NONE',  ( 0.000000000000000000, 0.000000000000000000, 1.000000000000000000 ) ) ;
#7047 = EDGE_LOOP ( 'NONE', ( #5592, #824, #2470, #7106, #5614, #10734, #3803, #7876 ) ) ;
#7048 = CARTESIAN_POINT ( 'NONE',  ( 61.95510655778610243, -1.802799999999810110, -16.79101939999999971 ) ) ;
#7049 = EDGE_LOOP ( 'NONE', ( #8301, #8191, #3264, #3463 ) ) ;
#7050 = DIRECTION ( 'NONE',  ( 0.000000000000000000, 0.000000000000000000, -1.000000000000000000 ) ) ;
#7051 = EDGE_LOOP ( 'NONE', ( #2088, #2302, #6719, #7235 ) ) ;
#7052 = DIRECTION ( 'NONE',  ( -3.848953698056000290E-15, 1.000000000000000000, 1.674047928902419981E-31 ) ) ;
#7053 = DIRECTION ( 'NONE',  ( 0.7071067811865480168, 0.000000000000000000, -0.7071067811865470176 ) ) ;
#7054 = ADVANCED_FACE ( 'NONE', ( #3091 ), #2207, .T. ) ;
#7055 = CARTESIAN_POINT ( 'NONE',  ( -5.899999999999999467, 11.00000000000000000, 0.000000000000000000 ) ) ;
#7056 = ORIENTED_EDGE ( 'NONE', *, *, #5574, .T. ) ;
#7057 = B_SPLINE_CURVE_WITH_KNOTS ( 'NONE', 3,
 ( #5554, #1364, #537, #3899, #5607, #8132, #7247, #3961 ),
 .UNSPECIFIED., .F., .F.,
 ( 4, 2, 2, 4 ),
 ( 0.000000000000000000, 0.2500000000000000000, 0.5000000000000000000, 1.000000000000000000 ),
 .UNSPECIFIED. ) ;
#7058 = ORIENTED_EDGE ( 'NONE', *, *, #5189, .T. ) ;
#7059 = CARTESIAN_POINT ( 'NONE',  ( 4.969999999999999751, -9.342999999999999972, 0.000000000000000000 ) ) ;
#7060 = EDGE_LOOP ( 'NONE', ( #8600, #5241, #2900, #883 ) ) ;
#7061 = DIRECTION ( 'NONE',  ( -1.833260990695674992E-13, 1.000000000000000000, 0.000000000000000000 ) ) ;
#7062 = CARTESIAN_POINT ( 'NONE',  ( 8.702185907131779530, -0.1178752808228553939, -0.001724950664875310024 ) ) ;
#7063 = CARTESIAN_POINT ( 'NONE',  ( 8.923799999999999955, -0.9999999540000900078, -16.47001928000000248 ) ) ;
#7064 = CIRCLE ( 'NONE', #10569, 0.2999999999999999334 ) ;
#7065 = DIRECTION ( 'NONE',  ( 0.000000000000000000, 0.000000000000000000, 1.000000000000000000 ) ) ;
#7066 = CARTESIAN_POINT ( 'NONE',  ( -6.072600842235900132, -1.802799999999999958, -20.24880012599999901 ) ) ;
#7067 = CARTESIAN_POINT ( 'NONE',  ( 9.000000000000000000, -4.049999999999999822, 0.8719667599999999519 ) ) ;
#7068 = EDGE_CURVE ( 'NONE', #9059, #434, #7606, .T. ) ;
#7069 = EDGE_CURVE ( 'NONE', #8045, #1155, #5509, .T. ) ;
#7070 = PLANE ( 'NONE',  #9371 ) ;
#7071 = VECTOR ( 'NONE', #5385, 1000.000000000000000 ) ;
#7072 = EDGE_LOOP ( 'NONE', ( #1985, #8531, #5096, #657 ) ) ;
#7073 = VERTEX_POINT ( 'NONE', #7521 ) ;
#7074 = AXIS2_PLACEMENT_3D ( 'NONE', #8385, #1673, #10747 ) ;
#7075 = CARTESIAN_POINT ( 'NONE',  ( -7.960120327732250090, -0.06580747634335519514, -20.19224854314739659 ) ) ;
#7076 = AXIS2_PLACEMENT_3D ( 'NONE', #10650, #6469, #6307 ) ;
#7077 = EDGE_LOOP ( 'NONE', ( #7801, #1241, #1145, #151 ) ) ;
#7078 = CARTESIAN_POINT ( 'NONE',  ( -8.055380806845318986, 0.01870648438078375067, -20.27224474535575283 ) ) ;
#7079 = CARTESIAN_POINT ( 'NONE',  ( -9.000000000000000000, -6.550000000000000711, 0.000000000000000000 ) ) ;
#7080 = CARTESIAN_POINT ( 'NONE',  ( 7.890014929625221107, -0.1499999079999949914, -20.39880008000000089 ) ) ;
#7081 = PLANE ( 'NONE',  #1266 ) ;
#7082 = EDGE_CURVE ( 'NONE', #7839, #5964, #3151, .T. ) ;
#7083 = VECTOR ( 'NONE', #330, 1000.000000000000000 ) ;
#7084 = VECTOR ( 'NONE', #9543, 1000.000000000000000 ) ;
#7085 = VECTOR ( 'NONE', #9878, 1000.000000000000000 ) ;
#7086 = EDGE_LOOP ( 'NONE', ( #8524, #8848, #4429, #7802 ) ) ;
#7087 = VERTEX_POINT ( 'NONE', #6380 ) ;
#7088 = EDGE_CURVE ( 'NONE', #8382, #1746, #602, .T. ) ;
#7089 = VECTOR ( 'NONE', #7214, 1000.000000000000000 ) ;
#7090 = CARTESIAN_POINT ( 'NONE',  ( -8.923799999999999955, -1.499999954000060143, -1.122198984097179997 ) ) ;
#7091 = PLANE ( 'NONE',  #7468 ) ;
#7092 = ORIENTED_EDGE ( 'NONE', *, *, #5178, .F. ) ;
#7093 = CARTESIAN_POINT ( 'NONE',  ( -1.122600582235953937, -1.499999954000045932, -20.39880008000000089 ) ) ;
#7094 = CARTESIAN_POINT ( 'NONE',  ( -9.000000000000000000, 8.750000000000000000, 0.8719667599999999519 ) ) ;
#7095 = EDGE_CURVE ( 'NONE', #2202, #3854, #5925, .T. ) ;
#7096 = ORIENTED_EDGE ( 'NONE', *, *, #1665, .T. ) ;
#7097 = CARTESIAN_POINT ( 'NONE',  ( -8.703089367881348792, -0.1393599958418604012, 4.880995099087401063E-16 ) ) ;
#7098 = CIRCLE ( 'NONE', #2366, 0.2999999999999999334 ) ;
#7099 = FACE_OUTER_BOUND ( 'NONE', #2561, .T. ) ;
#7100 = AXIS2_PLACEMENT_3D ( 'NONE', #8268, #6451, #4206 ) ;
#7101 = ORIENTED_EDGE ( 'NONE', *, *, #9346, .F. ) ;
#7102 = EDGE_CURVE ( 'NONE', #5562, #1997, #2315, .T. ) ;
#7103 = CARTESIAN_POINT ( 'NONE',  ( -9.000000000000000000, 7.200000000000000178, 0.000000000000000000 ) ) ;
#7104 = ORIENTED_EDGE ( 'NONE', *, *, #2692, .T. ) ;
#7105 = CARTESIAN_POINT ( 'NONE',  ( -6.383799999999999919, -1.499999954000070135, -9.297199144097220369 ) ) ;
#7106 = ORIENTED_EDGE ( 'NONE', *, *, #2165, .F. ) ;
#7107 = VECTOR ( 'NONE', #10489, 1000.000000000000000 ) ;
#7108 = LINE ( 'NONE', #10561, #3812 ) ;
#7109 = ORIENTED_EDGE ( 'NONE', *, *, #9123, .T. ) ;
#7110 = CARTESIAN_POINT ( 'NONE',  ( 9.000000000000000000, -10.00000000000000000, 0.8719667599999999519 ) ) ;
#7111 = CARTESIAN_POINT ( 'NONE',  ( -8.923799999999999955, -0.9999999540000600318, -9.872199264097220706 ) ) ;
#7112 = CARTESIAN_POINT ( 'NONE',  ( 3.877399577763770200, 7.893425761293060282E-13, -20.24880012599999901 ) ) ;
#7113 = ORIENTED_EDGE ( 'NONE', *, *, #10306, .F. ) ;
#7114 = EDGE_CURVE ( 'NONE', #4888, #5883, #5054, .T. ) ;
#7115 = CARTESIAN_POINT ( 'NONE',  ( -8.002267239413990652, -1.802799999999999958, -20.39880008000000089 ) ) ;
#7116 = VERTEX_POINT ( 'NONE', #9220 ) ;
#7117 = CARTESIAN_POINT ( 'NONE',  ( -5.126600702235899476, -1.802799999999830094, -79.67810574249129729 ) ) ;
#7118 = LINE ( 'NONE', #2280, #5040 ) ;
#7119 = DIRECTION ( 'NONE',  ( 0.000000000000000000, 0.000000000000000000, 1.000000000000000000 ) ) ;
#7120 = VECTOR ( 'NONE', #5891, 1000.000000000000000 ) ;
#7121 = EDGE_LOOP ( 'NONE', ( #1597, #3971, #428, #1381 ) ) ;
#7122 = CARTESIAN_POINT ( 'NONE',  ( 8.700399837764120292, -1.802800045999999989, -0.1499999539999936071 ) ) ;
#7123 = FACE_OUTER_BOUND ( 'NONE', #2835, .T. ) ;
#7124 = CARTESIAN_POINT ( 'NONE',  ( -9.000000000000000000, 4.049999999999999822, 0.000000000000000000 ) ) ;
#7125 = DIRECTION ( 'NONE',  ( -1.000000000000000000, -1.833260990695839833E-13, -5.322511827520820054E-28 ) ) ;
#7126 = VECTOR ( 'NONE', #1672, 1000.000000000000000 ) ;
#7127 = ORIENTED_EDGE ( 'NONE', *, *, #10551, .F. ) ;
#7128 = VERTEX_POINT ( 'NONE', #10097 ) ;
#7129 = EDGE_CURVE ( 'NONE', #3967, #6305, #1744, .T. ) ;
#7130 = CARTESIAN_POINT ( 'NONE',  ( -9.000000000000000000, 0.000000000000000000, 0.000000000000000000 ) ) ;
#7131 = EDGE_CURVE ( 'NONE', #6911, #9295, #5563, .T. ) ;
#7132 = ORIENTED_EDGE ( 'NONE', *, *, #4205, .T. ) ;
#7133 = CYLINDRICAL_SURFACE ( 'NONE', #3780, 0.1499999540000017395 ) ;
#7134 = VECTOR ( 'NONE', #8714, 1000.000000000000000 ) ;
#7135 = CARTESIAN_POINT ( 'NONE',  ( 5.950000000000000178, 11.00000000000000000, 0.000000000000000000 ) ) ;
#7136 = CIRCLE ( 'NONE', #3110, 0.2999999999999999334 ) ;
#7137 = CARTESIAN_POINT ( 'NONE',  ( -9.000000000000000000, -3.750000000000000000, 0.000000000000000000 ) ) ;
#7138 = CARTESIAN_POINT ( 'NONE',  ( -8.453089367881341687, -0.06216894056948624875, -0.1730742617465881872 ) ) ;
#7139 = ORIENTED_EDGE ( 'NONE', *, *, #7865, .F. ) ;
#7140 = CIRCLE ( 'NONE', #643, 0.2000000000000005107 ) ;
#7141 = ORIENTED_EDGE ( 'NONE', *, *, #2552, .T. ) ;
#7142 = LINE ( 'NONE', #430, #998 ) ;
#7143 = EDGE_CURVE ( 'NONE', #611, #3249, #2577, .T. ) ;
#7144 = CARTESIAN_POINT ( 'NONE',  ( -8.773800046000008734, 4.599999997882339708E-08, -19.36101569409725087 ) ) ;
#7145 = LINE ( 'NONE', #3028, #2733 ) ;
#7146 = ORIENTED_EDGE ( 'NONE', *, *, #8935, .F. ) ;
#7148 = VECTOR ( 'NONE', #3075, 1000.000000000000000 ) ;
#7147 = LINE ( 'NONE', #1370, #10126 ) ;
#7149 = DIRECTION ( 'NONE',  ( 0.000000000000000000, 9.035020874785599019E-17, 1.000000000000000000 ) ) ;
#7150 = EDGE_LOOP ( 'NONE', ( #1045, #4310, #6284, #7648 ) ) ;
#7151 = LINE ( 'NONE', #5346, #9537 ) ;
#7152 = CARTESIAN_POINT ( 'NONE',  ( 7.982402882876360017, -1.499999954000089897, -20.21053178276349982 ) ) ;
#7153 = EDGE_CURVE ( 'NONE', #10320, #7613, #909, .T. ) ;
#7154 = ORIENTED_EDGE ( 'NONE', *, *, #10040, .F. ) ;
#7155 = AXIS2_PLACEMENT_3D ( 'NONE', #3292, #9047, #1519 ) ;
#7156 = EDGE_CURVE ( 'NONE', #9887, #10357, #7200, .T. ) ;
#7157 = AXIS2_PLACEMENT_3D ( 'NONE', #10335, #7866, #5286 ) ;
#7158 = DIRECTION ( 'NONE',  ( 0.000000000000000000, 0.000000000000000000, -1.000000000000000000 ) ) ;
#7159 = CARTESIAN_POINT ( 'NONE',  ( -8.084469551999442061, -0.1499999079999955742, -20.31659776741454948 ) ) ;
#7160 = EDGE_LOOP ( 'NONE', ( #7018, #3426, #6631, #5301 ) ) ;
#7161 = DIRECTION ( 'NONE',  ( 0.000000000000000000, -1.000000000000000000, -3.089394128724239908E-31 ) ) ;
#7162 = VERTEX_POINT ( 'NONE', #7256 ) ;
#7163 = DIRECTION ( 'NONE',  ( 3.562560286365675406E-16, -2.040969624998810176E-30, 1.000000000000000000 ) ) ;
#7164 = DIRECTION ( 'NONE',  ( 1.000000000000000000, 0.000000000000000000, 0.000000000000000000 ) ) ;
#7165 = PLANE ( 'NONE',  #8146 ) ;
#7166 = EDGE_CURVE ( 'NONE', #1636, #4455, #5615, .T. ) ;
#7167 = EDGE_CURVE ( 'NONE', #3409, #4741, #8955, .T. ) ;
#7168 = LINE ( 'NONE', #9690, #2487 ) ;
#7169 = ORIENTED_EDGE ( 'NONE', *, *, #80, .T. ) ;
#7170 = PLANE ( 'NONE',  #2430 ) ;
#7171 = CARTESIAN_POINT ( 'NONE',  ( -7.886015114097229883, 0.01838498511474300282, -20.34708724893059895 ) ) ;
#7172 = DIRECTION ( 'NONE',  ( 0.000000000000000000, 0.000000000000000000, -1.000000000000000000 ) ) ;
#7173 = ORIENTED_EDGE ( 'NONE', *, *, #3869, .T. ) ;
#7174 = CARTESIAN_POINT ( 'NONE',  ( -4.939999999999999503, -9.342999999999999972, 0.000000000000000000 ) ) ;
#7175 = LINE ( 'NONE', #9038, #2921 ) ;
#7176 = DIRECTION ( 'NONE',  ( 0.000000000000000000, 9.035020874785489318E-17, -1.000000000000000000 ) ) ;
#7177 = CARTESIAN_POINT ( 'NONE',  ( 61.95510655778610243, -1.499999953999900049, -4.866019119999979381 ) ) ;
#7178 = B_SPLINE_CURVE_WITH_KNOTS ( 'NONE', 3,
 ( #853, #7458, #9876, #2510, #8441, #901 ),
 .UNSPECIFIED., .F., .F.,
 ( 4, 2, 4 ),
 ( 0.000000000000000000, 0.5000000000000000000, 1.000000000000000000 ),
 .UNSPECIFIED. ) ;
#7179 = EDGE_CURVE ( 'NONE', #2702, #8925, #10837, .T. ) ;
#7180 = ORIENTED_EDGE ( 'NONE', *, *, #9964, .T. ) ;
#7181 = ORIENTED_EDGE ( 'NONE', *, *, #10770, .T. ) ;
#7182 = CYLINDRICAL_SURFACE ( 'NONE', #2515, 0.2999999999999999334 ) ;
#7183 = VERTEX_POINT ( 'NONE', #4794 ) ;
#7184 = LINE ( 'NONE', #8828, #778 ) ;
#7185 = DIRECTION ( 'NONE',  ( 0.000000000000000000, 2.903302832784645416E-15, -1.000000000000000000 ) ) ;
#7186 = CYLINDRICAL_SURFACE ( 'NONE', #1630, 0.2999999999999999334 ) ;
#7187 = DIRECTION ( 'NONE',  ( -1.000000000000000000, 0.000000000000000000, 0.000000000000000000 ) ) ;
#7188 = EDGE_CURVE ( 'NONE', #6332, #5311, #1075, .T. ) ;
#7189 = ORIENTED_EDGE ( 'NONE', *, *, #6489, .T. ) ;
#7190 = B_SPLINE_CURVE_WITH_KNOTS ( 'NONE', 3,
 ( #6133, #1950, #10573, #1556 ),
 .UNSPECIFIED., .F., .F.,
 ( 4, 4 ),
 ( 0.000000000000000000, 1.000000000000000000 ),
 .UNSPECIFIED. ) ;
#7191 = ORIENTED_EDGE ( 'NONE', *, *, #1102, .T. ) ;
#7192 = CARTESIAN_POINT ( 'NONE',  ( 7.882819280485580116, 0.01859936015244965241, -20.34694176134290089 ) ) ;
#7193 = CARTESIAN_POINT ( 'NONE',  ( -8.773800046000008734, -1.499999954000060143, -9.872199264097220706 ) ) ;
#7194 = DIRECTION ( 'NONE',  ( 1.000000000000000000, 1.833260990695704780E-13, 5.322511827520420067E-28 ) ) ;
#7195 = LINE ( 'NONE', #325, #6059 ) ;
#7196 = ORIENTED_EDGE ( 'NONE', *, *, #2863, .T. ) ;
#7197 = DIRECTION ( 'NONE',  ( -1.829680402823389991E-13, 1.000000000000000000, 0.000000000000000000 ) ) ;
#7198 = CARTESIAN_POINT ( 'NONE',  ( -8.623800091999999751, -0.1499999080000000151, -0.4707106321186549924 ) ) ;
#7199 = ORIENTED_EDGE ( 'NONE', *, *, #8455, .F. ) ;
#7200 = LINE ( 'NONE', #5809, #7777 ) ;
#7201 = EDGE_CURVE ( 'NONE', #8205, #1866, #9439, .T. ) ;
#7202 = EDGE_CURVE ( 'NONE', #7794, #346, #9190, .T. ) ;
#7203 = CARTESIAN_POINT ( 'NONE',  ( 9.000000000000000000, 9.050000000000000711, 0.8719667599999999519 ) ) ;
#7204 = ORIENTED_EDGE ( 'NONE', *, *, #6618, .F. ) ;
#7205 = AXIS2_PLACEMENT_3D ( 'NONE', #9724, #2200, #8738 ) ;
#7206 = CARTESIAN_POINT ( 'NONE',  ( 8.773800046000008734, -0.9999999540000930054, 7.052916428615569112E-16 ) ) ;
#7207 = CARTESIAN_POINT ( 'NONE',  ( 9.000000000000000000, -8.750000000000000000, 0.000000000000000000 ) ) ;
#7208 = EDGE_LOOP ( 'NONE', ( #8234, #8127, #10609, #8987 ) ) ;
#7209 = DIRECTION ( 'NONE',  ( 0.000000000000000000, 0.000000000000000000, -1.000000000000000000 ) ) ;
#7210 = ORIENTED_EDGE ( 'NONE', *, *, #4891, .F. ) ;
#7211 = FACE_OUTER_BOUND ( 'NONE', #290, .T. ) ;
#7212 = DIRECTION ( 'NONE',  ( 0.000000000000000000, 0.000000000000000000, -1.000000000000000000 ) ) ;
#7213 = ADVANCED_FACE ( 'NONE', ( #7786 ), #308, .F. ) ;
#7214 = DIRECTION ( 'NONE',  ( 0.000000000000000000, -1.000000000000000000, 0.000000000000000000 ) ) ;
#7215 = VECTOR ( 'NONE', #4094, 1000.000000000000000 ) ;
#7216 = LINE ( 'NONE', #1281, #4250 ) ;
#7217 = ORIENTED_EDGE ( 'NONE', *, *, #1929, .F. ) ;
#7218 = EDGE_CURVE ( 'NONE', #129, #1288, #1959, .T. ) ;
#7219 = FACE_OUTER_BOUND ( 'NONE', #9333, .T. ) ;
#7220 = LINE ( 'NONE', #5471, #5564 ) ;
#7221 = LINE ( 'NONE', #10575, #10481 ) ;
#7222 = ORIENTED_EDGE ( 'NONE', *, *, #5206, .T. ) ;
#7223 = CARTESIAN_POINT ( 'NONE',  ( 8.703089367881348792, -0.1446800112590609921, -0.1499999539999996023 ) ) ;
#7224 = CARTESIAN_POINT ( 'NONE',  ( 9.000000000000000000, -4.700000000000000178, 0.8719667599999999519 ) ) ;
#7225 = CARTESIAN_POINT ( 'NONE',  ( -0.1266005422359564037, -1.499999953999898050, -79.67810574249129729 ) ) ;
#7226 = VECTOR ( 'NONE', #5619, 1000.000000000000000 ) ;
#7227 = EDGE_CURVE ( 'NONE', #6841, #4304, #5374, .T. ) ;
#7228 = CARTESIAN_POINT ( 'NONE',  ( 6.377399657764049934, -1.499999953999898050, -79.67810574249129729 ) ) ;
#7229 = VERTEX_POINT ( 'NONE', #1794 ) ;
#7230 = EDGE_LOOP ( 'NONE', ( #5485, #4017, #8821, #10520 ) ) ;
#7231 = ORIENTED_EDGE ( 'NONE', *, *, #7650, .T. ) ;
#7232 = DIRECTION ( 'NONE',  ( 1.000000000000000000, 0.000000000000000000, 0.000000000000000000 ) ) ;
#7233 = AXIS2_PLACEMENT_3D ( 'NONE', #1626, #7568, #860 ) ;
#7234 = CARTESIAN_POINT ( 'NONE',  ( 8.773800046000008734, -1.499999954000091895, 7.812693701354869467E-16 ) ) ;
#7235 = ORIENTED_EDGE ( 'NONE', *, *, #7028, .F. ) ;
#7236 = EDGE_CURVE ( 'NONE', #622, #635, #5319, .T. ) ;
#7237 = LINE ( 'NONE', #7958, #83 ) ;
#7238 = CARTESIAN_POINT ( 'NONE',  ( -8.285661024963159704, -1.499999954000032165, -19.90327432514870054 ) ) ;
#7239 = DIRECTION ( 'NONE',  ( 0.000000000000000000, -3.109014807878360910E-31, -1.000000000000000000 ) ) ;
#7240 = DIRECTION ( 'NONE',  ( 0.000000000000000000, -3.109014807878360910E-31, -1.000000000000000000 ) ) ;
#7241 = VECTOR ( 'NONE', #10404, 1000.000000000000000 ) ;
#7242 = VERTEX_POINT ( 'NONE', #3513 ) ;
#7243 = ORIENTED_EDGE ( 'NONE', *, *, #1379, .F. ) ;
#7244 = CIRCLE ( 'NONE', #9001, 0.2999999999999999334 ) ;
#7245 = CARTESIAN_POINT ( 'NONE',  ( 8.773800046000008734, -0.9999999540000918952, -8.616019239999980428 ) ) ;
#7246 = ADVANCED_FACE ( 'NONE', ( #3624 ), #6852, .T. ) ;
#7247 = CARTESIAN_POINT ( 'NONE',  ( -8.660809586314703878, 4.599999658984457512E-08, -0.4707106321186549924 ) ) ;
#7248 =( GEOMETRIC_REPRESENTATION_CONTEXT ( 3 ) GLOBAL_UNCERTAINTY_ASSIGNED_CONTEXT ( ( #10315 ) ) GLOBAL_UNIT_ASSIGNED_CONTEXT ( ( #4145, #5577, #9856 ) ) REPRESENTATION_CONTEXT ( 'NONE', 'WORKASPACE' ) );
#7249 = PLANE ( 'NONE',  #6682 ) ;
#7250 = DIRECTION ( 'NONE',  ( 0.000000000000000000, 3.491481338843135327E-15, -1.000000000000000000 ) ) ;
#7251 = ORIENTED_EDGE ( 'NONE', *, *, #1977, .F. ) ;
#7252 = CARTESIAN_POINT ( 'NONE',  ( 9.000000000000000000, 7.500000000000000000, 0.000000000000000000 ) ) ;
#7253 = DIRECTION ( 'NONE',  ( 0.000000000000000000, 0.000000000000000000, 1.000000000000000000 ) ) ;
#7254 = AXIS2_PLACEMENT_3D ( 'NONE', #1581, #2472, #3250 ) ;
#7255 = ORIENTED_EDGE ( 'NONE', *, *, #8219, .F. ) ;
#7256 = CARTESIAN_POINT ( 'NONE',  ( 8.773800045999999853, -0.1499999080000011809, -0.2207106321186549924 ) ) ;
#7257 = CARTESIAN_POINT ( 'NONE',  ( -8.923799999999999955, -1.802799999999999958, -4.551198984097220013 ) ) ;
#7258 = ORIENTED_EDGE ( 'NONE', *, *, #5230, .T. ) ;
#7259 = CIRCLE ( 'NONE', #6206, 0.2999999999999999334 ) ;
#7260 = VECTOR ( 'NONE', #4000, 1000.000000000000000 ) ;
#7262 = EDGE_CURVE ( 'NONE', #7794, #3800, #8504, .T. ) ;
#7261 = PLANE ( 'NONE',  #3551 ) ;
#7263 = EDGE_CURVE ( 'NONE', #6253, #8823, #1025, .T. ) ;
#7264 = LINE ( 'NONE', #1326, #3137 ) ;
#7265 = ORIENTED_EDGE ( 'NONE', *, *, #6422, .F. ) ;
#7266 = DIRECTION ( 'NONE',  ( -1.000000000000000000, 0.000000000000000000, 0.000000000000000000 ) ) ;
#7267 = VERTEX_POINT ( 'NONE', #10317 ) ;
#7268 = CARTESIAN_POINT ( 'NONE',  ( 9.000000000000000000, 11.00000000000000000, 0.8719667599999999519 ) ) ;
#7269 = PLANE ( 'NONE',  #5671 ) ;
#7270 = CIRCLE ( 'NONE', #7797, 0.1999999999999996503 ) ;
#7271 = CARTESIAN_POINT ( 'NONE',  ( 9.000000000000000000, -7.200000000000000178, 0.000000000000000000 ) ) ;
#7272 = CIRCLE ( 'NONE', #6230, 0.2000000000000005107 ) ;
#7273 = CARTESIAN_POINT ( 'NONE',  ( -8.002267239413990652, -1.802799999999999958, -20.39880008000000089 ) ) ;
#7274 = EDGE_CURVE ( 'NONE', #6332, #9164, #1854, .T. ) ;
#7275 = ORIENTED_EDGE ( 'NONE', *, *, #8732, .F. ) ;
#7276 = CARTESIAN_POINT ( 'NONE',  ( 8.923799999999999955, -1.802799999999999958, -16.79101939999999971 ) ) ;
#7277 = DIRECTION ( 'NONE',  ( 0.000000000000000000, 9.035020874785489318E-17, -1.000000000000000000 ) ) ;
#7278 = CARTESIAN_POINT ( 'NONE',  ( -5.126600702235899476, -1.802800000000055025, -20.39880008000000089 ) ) ;
#7279 = ORIENTED_EDGE ( 'NONE', *, *, #6128, .F. ) ;
#7280 = DIRECTION ( 'NONE',  ( 0.000000000000000000, 0.000000000000000000, 1.000000000000000000 ) ) ;
#7281 = CARTESIAN_POINT ( 'NONE',  ( -5.066999602235879863, -1.499999954000106106, -0.1499999539999939957 ) ) ;
#7282 = DIRECTION ( 'NONE',  ( -1.000000000000000000, 0.000000000000000000, 0.000000000000000000 ) ) ;
#7283 = DIRECTION ( 'NONE',  ( 1.000000000000000000, 0.000000000000000000, 0.000000000000000000 ) ) ;
#7284 = VECTOR ( 'NONE', #2569, 1000.000000000000000 ) ;
#7285 = VERTEX_POINT ( 'NONE', #7627 ) ;
#7286 = EDGE_CURVE ( 'NONE', #4399, #5007, #6804, .T. ) ;
#7287 = ORIENTED_EDGE ( 'NONE', *, *, #4692, .F. ) ;
#7288 = ORIENTED_EDGE ( 'NONE', *, *, #8233, .T. ) ;
#7289 = DIRECTION ( 'NONE',  ( 3.562560286365700058E-16, 6.755151197360950356E-16, 1.000000000000000000 ) ) ;
#7290 = EDGE_CURVE ( 'NONE', #3928, #8656, #9328, .T. ) ;
#7291 = CIRCLE ( 'NONE', #2558, 0.2999999999999999334 ) ;
#7292 = FACE_OUTER_BOUND ( 'NONE', #10043, .T. ) ;
#7293 = ORIENTED_EDGE ( 'NONE', *, *, #10767, .T. ) ;
#7294 = LINE ( 'NONE', #8344, #929 ) ;
#7295 = PLANE ( 'NONE',  #429 ) ;
#7296 = FACE_OUTER_BOUND ( 'NONE', #6840, .T. ) ;
#7297 = DIRECTION ( 'NONE',  ( 1.000000000000000000, 0.000000000000000000, 0.000000000000000000 ) ) ;
#7298 = DIRECTION ( 'NONE',  ( 1.000000000000000000, 0.000000000000000000, 0.000000000000000000 ) ) ;
#7299 =( GEOMETRIC_REPRESENTATION_CONTEXT ( 3 ) GLOBAL_UNCERTAINTY_ASSIGNED_CONTEXT ( ( #3402 ) ) GLOBAL_UNIT_ASSIGNED_CONTEXT ( ( #5908, #6729, #9259 ) ) REPRESENTATION_CONTEXT ( 'NONE', 'WORKASPACE' ) );
#7300 = AXIS2_PLACEMENT_3D ( 'NONE', #1555, #4923, #3379 ) ;
#7301 = B_SPLINE_SURFACE_WITH_KNOTS ( 'NONE', 1, 3, ( 
 ( #10114, #5941, #1759, #7700, #5122, #3585, #7643, #6926 ),
 ( #111, #3480, #10275, #2755, #6707, #1653, #4008, #3946 ) ),
 .UNSPECIFIED., .F., .F., .F.,
 ( 2, 2 ),
 ( 4, 2, 2, 4 ),
 ( 0.000000000000000000, 1.000000000000000000 ),
 ( 1.469957675688812062E-06, 0.2500011024682569638, 0.5000007349788380129, 1.000000000000000000 ),
 .UNSPECIFIED. ) ;
#7302 = EDGE_CURVE ( 'NONE', #9588, #9931, #3245, .T. ) ;
#7303 = ORIENTED_EDGE ( 'NONE', *, *, #8013, .T. ) ;
#7304 = ORIENTED_EDGE ( 'NONE', *, *, #4547, .F. ) ;
#7305 = DIRECTION ( 'NONE',  ( 8.904572318031029786E-17, -6.755151197360919788E-16, -1.000000000000000000 ) ) ;
#7306 = ORIENTED_EDGE ( 'NONE', *, *, #6087, .F. ) ;
#7307 = AXIS2_PLACEMENT_3D ( 'NONE', #10195, #2674, #247 ) ;
#7308 = VECTOR ( 'NONE', #8847, 1000.000000000000000 ) ;
#7309 = EDGE_LOOP ( 'NONE', ( #3189, #2030, #2457, #9336, #2859, #10215, #8565, #6379 ) ) ;
#7310 = CARTESIAN_POINT ( 'NONE',  ( 3.250871628118515722E-17, -1.802799999999999958, -20.24880012599999901 ) ) ;
#7311 = DIRECTION ( 'NONE',  ( -8.904572318030769708E-17, -4.379057701015049943E-47, 1.000000000000000000 ) ) ;
#7312 = LINE ( 'NONE', #8950, #2205 ) ;
#7313 = ORIENTED_EDGE ( 'NONE', *, *, #5069, .T. ) ;
#7314 = LINE ( 'NONE', #9897, #8726 ) ;
#7315 = FACE_OUTER_BOUND ( 'NONE', #3636, .T. ) ;
#7316 = B_SPLINE_CURVE_WITH_KNOTS ( 'NONE', 3,
 ( #9863, #3222, #10856, #6566 ),
 .UNSPECIFIED., .F., .F.,
 ( 4, 4 ),
 ( 0.000000000000000000, 1.000000000000000000 ),
 .UNSPECIFIED. ) ;
#7317 = EDGE_LOOP ( 'NONE', ( #5425, #1295, #4579, #8836 ) ) ;
#7318 = CARTESIAN_POINT ( 'NONE',  ( -8.717248102448349911, -0.06580746144263278918, -19.43512075414000151 ) ) ;
#7319 = VECTOR ( 'NONE', #10502, 1000.000000000000000 ) ;
#7320 = VECTOR ( 'NONE', #5688, 1000.000000000000000 ) ;
#7321 = LINE ( 'NONE', #4743, #3768 ) ;
#7322 = EDGE_CURVE ( 'NONE', #4769, #1216, #4504, .T. ) ;
#7323 = ORIENTED_EDGE ( 'NONE', *, *, #289, .F. ) ;
#7324 = CARTESIAN_POINT ( 'NONE',  ( -8.453089867881340425, -0.1339376174114268181, -0.1508624293324375143 ) ) ;
#7325 = VECTOR ( 'NONE', #3257, 1000.000000000000000 ) ;
#7326 = CARTESIAN_POINT ( 'NONE',  ( 8.905341495506617022, -0.03064922724720296754, -19.36501500962519984 ) ) ;
#7327 = ORIENTED_EDGE ( 'NONE', *, *, #7935, .F. ) ;
#7328 = DIRECTION ( 'NONE',  ( 3.403067459445360063E-14, 1.000000000000000000, 3.838562884363069674E-14 ) ) ;
#7329 = VECTOR ( 'NONE', #10130, 1000.000000000000000 ) ;
#7330 = ORIENTED_EDGE ( 'NONE', *, *, #4028, .F. ) ;
#7331 = LINE ( 'NONE', #8756, #2212 ) ;
#7332 = SURFACE_SIDE_STYLE ('',( #10846 ) ) ;
#7333 = LINE ( 'NONE', #8158, #5008 ) ;
#7334 = VECTOR ( 'NONE', #10595, 1000.000000000000114 ) ;
#7335 = EDGE_CURVE ( 'NONE', #5225, #3638, #5160, .T. ) ;
#7336 = EDGE_CURVE ( 'NONE', #8331, #5753, #7444, .T. ) ;
#7337 = VECTOR ( 'NONE', #6958, 1000.000000000000000 ) ;
#7338 = LINE ( 'NONE', #5629, #6695 ) ;
#7339 = VERTEX_POINT ( 'NONE', #6086 ) ;
#7340 = CARTESIAN_POINT ( 'NONE',  ( 8.006266554941980473, -1.802799999999999958, -20.39880008000000089 ) ) ;
#7341 = PLANE ( 'NONE',  #8709 ) ;
#7342 = CARTESIAN_POINT ( 'NONE',  ( -8.923799999999999955, -1.802799999999999958, -16.79719938409719759 ) ) ;
#7343 = EDGE_LOOP ( 'NONE', ( #1043, #9634, #2991, #1433, #1347, #5233, #7686, #5508 ) ) ;
#7344 = LINE ( 'NONE', #10695, #4991 ) ;
#7345 = CARTESIAN_POINT ( 'NONE',  ( 6.123399657764100112, -1.802800000000055025, -20.39880008000000089 ) ) ;
#7346 = DIRECTION ( 'NONE',  ( 1.000000000000000000, 0.000000000000000000, 0.000000000000000000 ) ) ;
#7347 = CARTESIAN_POINT ( 'NONE',  ( 9.000000000000000000, 5.299999999999999822, 0.000000000000000000 ) ) ;
#7348 = ADVANCED_FACE ( 'NONE', ( #253 ), #3675, .F. ) ;
#7349 = EDGE_CURVE ( 'NONE', #896, #2964, #8854, .T. ) ;
#7350 = VERTEX_POINT ( 'NONE', #5532 ) ;
#7351 = VERTEX_POINT ( 'NONE', #2122 ) ;
#7352 = ORIENTED_EDGE ( 'NONE', *, *, #9410, .T. ) ;
#7353 = CARTESIAN_POINT ( 'NONE',  ( 8.923799999999999955, -1.499999954000091895, -1.116018999999983885 ) ) ;
#7354 = LINE ( 'NONE', #7234, #5755 ) ;
#7355 = ORIENTED_EDGE ( 'NONE', *, *, #2193, .T. ) ;
#7356 = LINE ( 'NONE', #3181, #8660 ) ;
#7357 = CARTESIAN_POINT ( 'NONE',  ( -1.757600582235955056, -1.499999954000045932, -20.39880008000000089 ) ) ;
#7358 = DIRECTION ( 'NONE',  ( 0.000000000000000000, -1.000000000000000000, -3.491481338843135327E-15 ) ) ;
#7359 = FACE_OUTER_BOUND ( 'NONE', #10061, .T. ) ;
#7360 = CYLINDRICAL_SURFACE ( 'NONE', #3560, 0.2000000000000005107 ) ;
#7361 = ADVANCED_FACE ( 'NONE', ( #8819 ), #8186, .T. ) ;
#7362 = ORIENTED_EDGE ( 'NONE', *, *, #10882, .T. ) ;
#7363 = ORIENTED_EDGE ( 'NONE', *, *, #4287, .T. ) ;
#7364 = LINE ( 'NONE', #5769, #1815 ) ;
#7365 = VERTEX_POINT ( 'NONE', #6407 ) ;
#7366 = CARTESIAN_POINT ( 'NONE',  ( -5.066999602235879863, -1.499999954000106106, 0.000000000000000000 ) ) ;
#7367 = CARTESIAN_POINT ( 'NONE',  ( -7.875220641858579285, -0.06564668205622910258, -20.22283451995604864 ) ) ;
#7368 = ORIENTED_EDGE ( 'NONE', *, *, #10854, .T. ) ;
#7369 = DIRECTION ( 'NONE',  ( -3.848953698055995557E-15, 1.000000000000000000, 0.000000000000000000 ) ) ;
#7370 = ADVANCED_FACE ( 'NONE', ( #5591 ), #5640, .F. ) ;
#7371 = CARTESIAN_POINT ( 'NONE',  ( 8.453089367881350569, 0.1499999999999999944, -1.355253131217835847E-17 ) ) ;
#7372 = ORIENTED_EDGE ( 'NONE', *, *, #8863, .T. ) ;
#7373 = EDGE_CURVE ( 'NONE', #4001, #26, #8082, .T. ) ;
#7374 = CARTESIAN_POINT ( 'NONE',  ( -8.055380806845318986, 0.01870648438078375067, -20.27224474535575283 ) ) ;
#7375 = ORIENTED_EDGE ( 'NONE', *, *, #8412, .F. ) ;
#7376 = CARTESIAN_POINT ( 'NONE',  ( -8.619154227381640609, -0.1339376174114268181, -0.1508624293324375143 ) ) ;
#7377 = CARTESIAN_POINT ( 'NONE',  ( 8.923800000000001731, -0.09006359392086886462, -19.36501500962519984 ) ) ;
#7378 = ORIENTED_EDGE ( 'NONE', *, *, #1081, .T. ) ;
#7379 = CARTESIAN_POINT ( 'NONE',  ( -9.000000000000000000, 1.550000000000000044, 0.000000000000000000 ) ) ;
#7380 = EDGE_CURVE ( 'NONE', #7513, #2362, #2888, .T. ) ;
#7381 = ORIENTED_EDGE ( 'NONE', *, *, #1612, .T. ) ;
#7382 = PLANE ( 'NONE',  #2029 ) ;
#7383 = PLANE ( 'NONE',  #5161 ) ;
#7384 = VECTOR ( 'NONE', #8425, 1000.000000000000000 ) ;
#7385 = CARTESIAN_POINT ( 'NONE',  ( -5.508000000000000007, 4.722999999999999865, 0.000000000000000000 ) ) ;
#7386 = DIRECTION ( 'NONE',  ( 0.7071067811865460184, -1.972152263052529951E-31, 0.7071067811865489050 ) ) ;
#7387 = CARTESIAN_POINT ( 'NONE',  ( 8.623800091999999751, 0.1499999999999999944, -19.16595265026500172 ) ) ;
#7388 = CARTESIAN_POINT ( 'NONE',  ( -9.000000000000000000, -4.700000000000000178, 0.000000000000000000 ) ) ;
#7389 = LINE ( 'NONE', #10742, #1870 ) ;
#7390 = EDGE_CURVE ( 'NONE', #10295, #1937, #358, .T. ) ;
#7391 = CARTESIAN_POINT ( 'NONE',  ( -8.702186407140199975, -0.1178752809731870022, -0.001724950648684379917 ) ) ;
#7392 = ORIENTED_EDGE ( 'NONE', *, *, #1492, .F. ) ;
#7393 = CARTESIAN_POINT ( 'NONE',  ( -6.383799999999999919, -1.499999954000070135, -0.8011988640971799969 ) ) ;
#7394 = FACE_OUTER_BOUND ( 'NONE', #6342, .T. ) ;
#7395 = DIRECTION ( 'NONE',  ( 0.000000000000000000, 0.000000000000000000, 1.000000000000000000 ) ) ;
#7396 = ORIENTED_EDGE ( 'NONE', *, *, #6681, .T. ) ;
#7397 = ORIENTED_EDGE ( 'NONE', *, *, #2137, .F. ) ;
#7398 = ORIENTED_EDGE ( 'NONE', *, *, #3577, .T. ) ;
#7399 = LINE ( 'NONE', #9102, #1634 ) ;
#7400 = PLANE ( 'NONE',  #133 ) ;
#7401 = ORIENTED_EDGE ( 'NONE', *, *, #4081, .T. ) ;
#7402 = VECTOR ( 'NONE', #1122, 1000.000000000000000 ) ;
#7403 = DIRECTION ( 'NONE',  ( -8.873591187180439572E-17, -1.000000000000000000, -3.760217786184205447E-15 ) ) ;
#7404 = DIRECTION ( 'NONE',  ( 3.562560286365675406E-16, 8.668993274143480653E-31, 1.000000000000000000 ) ) ;
#7405 = EDGE_CURVE ( 'NONE', #2395, #9685, #10482, .T. ) ;
#7406 = DIRECTION ( 'NONE',  ( 0.000000000000000000, 0.000000000000000000, 1.000000000000000000 ) ) ;
#7407 = ADVANCED_FACE ( 'NONE', ( #4605 ), #7070, .F. ) ;
#7408 = DIRECTION ( 'NONE',  ( 3.629128540980809827E-15, -1.000000000000000000, -3.655660926715080239E-14 ) ) ;
#7409 = CARTESIAN_POINT ( 'NONE',  ( 5.127399617764049289, -1.499999954000070135, -20.24880012599999901 ) ) ;
#7410 = EDGE_LOOP ( 'NONE', ( #9460, #1082, #2686, #5395, #3005, #7189, #2858, #258, #6942, #7571, #5121, #2963, #341, #8621 ) ) ;
#7411 = ORIENTED_EDGE ( 'NONE', *, *, #5387, .T. ) ;
#7412 = DIRECTION ( 'NONE',  ( 3.848953698056000290E-15, 1.000000000000000000, -1.352015662072215929E-31 ) ) ;
#7413 = ORIENTED_EDGE ( 'NONE', *, *, #3458, .T. ) ;
#7414 = VERTEX_POINT ( 'NONE', #10422 ) ;
#7415 = CARTESIAN_POINT ( 'NONE',  ( -9.000000000000000000, 11.00000000000000000, 0.000000000000000000 ) ) ;
#7416 = EDGE_CURVE ( 'NONE', #6305, #713, #414, .T. ) ;
#7417 = CARTESIAN_POINT ( 'NONE',  ( -7.774062090305849715, 0.05162117292393540030, -20.32148014136295089 ) ) ;
#7418 = EDGE_LOOP ( 'NONE', ( #2251, #332, #7734, #5281 ) ) ;
#7419 = LINE ( 'NONE', #763, #6771 ) ;
#7420 = CARTESIAN_POINT ( 'NONE',  ( 8.059381153377570328, 0.01870654388755344996, -20.27224365711920129 ) ) ;
#7421 = ORIENTED_EDGE ( 'NONE', *, *, #7840, .T. ) ;
#7422 = VECTOR ( 'NONE', #6096, 1000.000000000000000 ) ;
#7423 =( REPRESENTATION_RELATIONSHIP ('NONE','NONE', #5098, #10416 ) REPRESENTATION_RELATIONSHIP_WITH_TRANSFORMATION ( #2042 )SHAPE_REPRESENTATION_RELATIONSHIP( ) );
#7424 = VERTEX_POINT ( 'NONE', #470 ) ;
#7425 = CIRCLE ( 'NONE', #9702, 0.2000000000000005107 ) ;
#7426 = PRODUCT_RELATED_PRODUCT_CATEGORY ( 'part', '', ( #3973 ) ) ;
#7427 = EDGE_CURVE ( 'NONE', #4952, #5868, #5172, .T. ) ;
#7428 = VECTOR ( 'NONE', #9545, 1000.000000000000000 ) ;
#7429 = CARTESIAN_POINT ( 'NONE',  ( -8.699999999999999289, 5.000000000000000000, 0.8719667599999999519 ) ) ;
#7430 = ADVANCED_FACE ( 'NONE', ( #2961 ), #10529, .T. ) ;
#7431 = VECTOR ( 'NONE', #1798, 1000.000000000000000 ) ;
#7432 = CARTESIAN_POINT ( 'NONE',  ( -7.960120327732250090, -0.06580747634335519514, -20.19224854314739659 ) ) ;
#7433 = ORIENTED_EDGE ( 'NONE', *, *, #4179, .T. ) ;
#7434 = DIRECTION ( 'NONE',  ( 0.000000000000000000, 3.838562884363069674E-14, -1.000000000000000000 ) ) ;
#7435 = VERTEX_POINT ( 'NONE', #10643 ) ;
#7436 = CARTESIAN_POINT ( 'NONE',  ( -8.199999999999999289, 10.41999999999999993, 0.8719667599999999519 ) ) ;
#7437 = DIRECTION ( 'NONE',  ( 1.000000000000000000, 0.000000000000000000, 8.904572318030769708E-17 ) ) ;
#7438 = CARTESIAN_POINT ( 'NONE',  ( -1.376600582235898207, -1.802799999999830094, -79.67810574249129729 ) ) ;
#7439 = AXIS2_PLACEMENT_3D ( 'NONE', #616, #4869, #3922 ) ;
#7440 = VECTOR ( 'NONE', #3776, 1000.000000000000000 ) ;
#7441 = EDGE_CURVE ( 'NONE', #3625, #3514, #6304, .T. ) ;
#7442 = CARTESIAN_POINT ( 'NONE',  ( 8.773800046000008734, -1.802799999999999958, -0.7950188799999839961 ) ) ;
#7443 = CARTESIAN_POINT ( 'NONE',  ( 8.744883734635790162, -0.06112860361462279374, -19.30002223920865134 ) ) ;
#7444 = CIRCLE ( 'NONE', #7790, 0.2999999999999999334 ) ;
#7445 = CARTESIAN_POINT ( 'NONE',  ( 3.877399577764045091, -1.499999953999898050, -79.67810574249129729 ) ) ;
#7446 = CARTESIAN_POINT ( 'NONE',  ( 7.756777164227089294, 0.06825117539171719760, -20.30663150272244977 ) ) ;
#7447 = CARTESIAN_POINT ( 'NONE',  ( -6.072600842235959639, -1.499999953999869851, -79.67810574249129729 ) ) ;
#7448 = VERTEX_POINT ( 'NONE', #6353 ) ;
#7449 = LINE ( 'NONE', #568, #1458 ) ;
#7450 = DIRECTION ( 'NONE',  ( 1.000000000000000000, 0.000000000000000000, 0.000000000000000000 ) ) ;
#7451 = CARTESIAN_POINT ( 'NONE',  ( -8.703089367881348792, -0.1499999540000006015, -0.1499999539999994080 ) ) ;
#7452 = ORIENTED_EDGE ( 'NONE', *, *, #3880, .F. ) ;
#7453 = VECTOR ( 'NONE', #6663, 1000.000000000000000 ) ;
#7454 = VERTEX_POINT ( 'NONE', #3337 ) ;
#7455 = ADVANCED_FACE ( 'NONE', ( #789 ), #9869, .F. ) ;
#7456 = ORIENTED_EDGE ( 'NONE', *, *, #2344, .F. ) ;
#7457 = CARTESIAN_POINT ( 'NONE',  ( -3.622600662235899716, -1.802799999999999958, -20.39880008000000089 ) ) ;
#7458 = CARTESIAN_POINT ( 'NONE',  ( 8.097784221268742755, 0.02207989053942120000, -20.23059617947359001 ) ) ;
#7459 = ORIENTED_EDGE ( 'NONE', *, *, #7848, .T. ) ;
#7460 = FACE_OUTER_BOUND ( 'NONE', #2238, .T. ) ;
#7461 = DIRECTION ( 'NONE',  ( 1.000000000000000000, 0.000000000000000000, 0.000000000000000000 ) ) ;
#7462 = CARTESIAN_POINT ( 'NONE',  ( -8.699999999999999289, 5.000000000000000000, 0.000000000000000000 ) ) ;
#7463 = FACE_OUTER_BOUND ( 'NONE', #8899, .T. ) ;
#7464 = PLANE ( 'NONE',  #8116 ) ;
#7465 = ORIENTED_EDGE ( 'NONE', *, *, #3479, .F. ) ;
#7466 = EDGE_CURVE ( 'NONE', #4066, #7475, #1644, .T. ) ;
#7467 = EDGE_CURVE ( 'NONE', #1103, #2266, #8335, .T. ) ;
#7468 = AXIS2_PLACEMENT_3D ( 'NONE', #10546, #3901, #1313 ) ;
#7469 = EDGE_LOOP ( 'NONE', ( #8772, #211, #2303, #7653 ) ) ;
#7470 = DIRECTION ( 'NONE',  ( 0.000000000000000000, 0.000000000000000000, 1.000000000000000000 ) ) ;
#7471 = ORIENTED_EDGE ( 'NONE', *, *, #1438, .T. ) ;
#7472 = ORIENTED_EDGE ( 'NONE', *, *, #6961, .F. ) ;
#7473 = DIRECTION ( 'NONE',  ( 1.000000000000000000, 0.000000000000000000, 0.000000000000000000 ) ) ;
#7474 = CARTESIAN_POINT ( 'NONE',  ( -8.923799999999999955, -1.499999954000060143, -0.5471988640971789941 ) ) ;
#7475 = VERTEX_POINT ( 'NONE', #9145 ) ;
#7476 = DIRECTION ( 'NONE',  ( -0.7071067811865490160, -2.721621260368439465E-15, 0.7071067811865461294 ) ) ;
#7477 = CARTESIAN_POINT ( 'NONE',  ( 9.000000000000000000, 2.500000000000000000, 0.000000000000000000 ) ) ;
#7478 = AXIS2_PLACEMENT_3D ( 'NONE', #7811, #3591, #1986 ) ;
#7479 = ORIENTED_EDGE ( 'NONE', *, *, #5620, .T. ) ;
#7480 = AXIS2_PLACEMENT_3D ( 'NONE', #6514, #8927, #3936 ) ;
#7481 = EDGE_CURVE ( 'NONE', #9298, #4902, #4163, .T. ) ;
#7482 = CARTESIAN_POINT ( 'NONE',  ( 8.773800046000008734, -0.9999999540000918952, -3.970018879999979600 ) ) ;
#7483 = CARTESIAN_POINT ( 'NONE',  ( 8.746509378159039727, -0.03774333245780915613, -19.46838063827190268 ) ) ;
#7484 = ORIENTED_EDGE ( 'NONE', *, *, #9063, .T. ) ;
#7485 = CARTESIAN_POINT ( 'NONE',  ( -8.841597687414571638, -0.1499999080000005980, -19.55946963199944832 ) ) ;
#7486 = VECTOR ( 'NONE', #3002, 1000.000000000000000 ) ;
#7487 = ORIENTED_EDGE ( 'NONE', *, *, #4632, .T. ) ;
#7488 = VECTOR ( 'NONE', #6598, 1000.000000000000000 ) ;
#7489 = EDGE_CURVE ( 'NONE', #361, #7116, #10700, .T. ) ;
#7490 = CARTESIAN_POINT ( 'NONE',  ( -9.000000000000000000, 2.500000000000000000, 0.000000000000000000 ) ) ;
#7491 = ADVANCED_FACE ( 'NONE', ( #5751 ), #10082, .T. ) ;
#7492 = VECTOR ( 'NONE', #3368, 1000.000000000000000 ) ;
#7493 = FACE_OUTER_BOUND ( 'NONE', #10823, .T. ) ;
#7494 = CARTESIAN_POINT ( 'NONE',  ( 8.865967377271569916, 0.02774270077075329660, -19.30002223920865134 ) ) ;
#7495 = CYLINDRICAL_SURFACE ( 'NONE', #4007, 0.2999999999999999334 ) ;
#7496 = CARTESIAN_POINT ( 'NONE',  ( -9.000000000000000000, -2.799999999999999822, 0.8719667599999999519 ) ) ;
#7497 = DIRECTION ( 'NONE',  ( -1.000000000000000000, -1.833260990695704780E-13, -5.322511827520420067E-28 ) ) ;
#7498 = ORIENTED_EDGE ( 'NONE', *, *, #6290, .T. ) ;
#7499 = DIRECTION ( 'NONE',  ( 1.000000000000000000, 0.000000000000000000, 0.000000000000000000 ) ) ;
#7500 = CARTESIAN_POINT ( 'NONE',  ( 9.000000000000000000, -0.9499999999999999556, 0.000000000000000000 ) ) ;
#7501 = ADVANCED_FACE ( 'NONE', ( #2559 ), #6675, .F. ) ;
#7502 = DIRECTION ( 'NONE',  ( -1.000000000000000000, 0.000000000000000000, 0.000000000000000000 ) ) ;
#7503 = AXIS2_PLACEMENT_3D ( 'NONE', #2188, #5543, #529 ) ;
#7504 = ADVANCED_FACE ( 'NONE', ( #2503 ), #4826, .T. ) ;
#7505 = CARTESIAN_POINT ( 'NONE',  ( -8.773800045999999853, 3.434729301071215197E-14, 3.125719160439294934E-15 ) ) ;
#7506 = ORIENTED_EDGE ( 'NONE', *, *, #3331, .F. ) ;
#7507 = VERTEX_POINT ( 'NONE', #5694 ) ;
#7508 = ORIENTED_EDGE ( 'NONE', *, *, #10040, .T. ) ;
#7509 = VECTOR ( 'NONE', #4170, 1000.000000000000000 ) ;
#7510 = CARTESIAN_POINT ( 'NONE',  ( 3.449999999999999734, 11.00000000000000000, 0.8719667599999999519 ) ) ;
#7511 = CIRCLE ( 'NONE', #6808, 0.2999999999999999334 ) ;
#7512 = CYLINDRICAL_SURFACE ( 'NONE', #482, 0.1499999540000035991 ) ;
#7513 = VERTEX_POINT ( 'NONE', #1453 ) ;
#7514 = VECTOR ( 'NONE', #2882, 1000.000000000000000 ) ;
#7515 = CARTESIAN_POINT ( 'NONE',  ( -9.000000000000000000, -10.00000000000000000, 0.000000000000000000 ) ) ;
#7516 = LINE ( 'NONE', #3346, #5900 ) ;
#7517 = LINE ( 'NONE', #1685, #8386 ) ;
#7518 = DIRECTION ( 'NONE',  ( 0.000000000000000000, -2.903302832784645416E-15, 1.000000000000000000 ) ) ;
#7519 = CARTESIAN_POINT ( 'NONE',  ( -8.629465718112431460, -0.1499999080000030127, -19.34733766269729927 ) ) ;
#7520 = EDGE_CURVE ( 'NONE', #2989, #8051, #9204, .T. ) ;
#7521 = CARTESIAN_POINT ( 'NONE',  ( 8.703089367881348792, -0.1499999539999989917, -0.1499999539999994080 ) ) ;
#7522 = EDGE_LOOP ( 'NONE', ( #4887, #1033, #3352, #6816 ) ) ;
#7523 = ORIENTED_EDGE ( 'NONE', *, *, #2754, .F. ) ;
#7524 = LINE ( 'NONE', #1748, #2523 ) ;
#7525 = VERTEX_POINT ( 'NONE', #8170 ) ;
#7526 = ORIENTED_EDGE ( 'NONE', *, *, #3248, .T. ) ;
#7527 = LINE ( 'NONE', #2475, #7635 ) ;
#7528 = DIRECTION ( 'NONE',  ( -1.833260990695839833E-13, 1.000000000000000000, 0.000000000000000000 ) ) ;
#7529 = ORIENTED_EDGE ( 'NONE', *, *, #8302, .F. ) ;
#7530 = CARTESIAN_POINT ( 'NONE',  ( -8.773800046000008734, -0.9999999540000609199, -9.872199264097220706 ) ) ;
#7531 = EDGE_CURVE ( 'NONE', #10250, #7435, #1509, .T. ) ;
#7532 = ORIENTED_EDGE ( 'NONE', *, *, #5745, .T. ) ;
#7533 = ORIENTED_EDGE ( 'NONE', *, *, #3918, .F. ) ;
#7534 = CARTESIAN_POINT ( 'NONE',  ( 8.922075049351319009, -0.1178752349731845978, -0.2216135942127749892 ) ) ;
#7535 = CARTESIAN_POINT ( 'NONE',  ( 8.805031208182350966, 0.01838495531328475027, -19.52690246829520149 ) ) ;
#7536 = ORIENTED_EDGE ( 'NONE', *, *, #8637, .T. ) ;
#7537 = CARTESIAN_POINT ( 'NONE',  ( -8.923799999999999955, -1.499999954000060143, -4.551198984097220013 ) ) ;
#7538 = EDGE_CURVE ( 'NONE', #10333, #10202, #6564, .T. ) ;
#7539 = ADVANCED_FACE ( 'NONE', ( #2453 ), #8281, .F. ) ;
#7540 = ORIENTED_EDGE ( 'NONE', *, *, #8421, .F. ) ;
#7541 = FILL_AREA_STYLE_COLOUR ( '', #1680 ) ;
#7542 = CARTESIAN_POINT ( 'NONE',  ( -1.550000000000000044, 11.00000000000000000, 0.000000000000000000 ) ) ;
#7543 = LINE ( 'NONE', #9248, #6047 ) ;
#7544 = DIRECTION ( 'NONE',  ( -7.459310946700599934E-14, -1.000000000000000000, -3.848953698056000290E-15 ) ) ;
#7545 = CARTESIAN_POINT ( 'NONE',  ( 8.747834439956060137, -0.06564668205624320241, -19.35422003738664998 ) ) ;
#7546 = CARTESIAN_POINT ( 'NONE',  ( -8.109177556628500483, 0.05163835851089099843, -20.18252084601489926 ) ) ;
#7547 = LINE ( 'NONE', #4263, #8535 ) ;
#7548 = EDGE_CURVE ( 'NONE', #6735, #9877, #8387, .T. ) ;
#7549 = ORIENTED_EDGE ( 'NONE', *, *, #4462, .T. ) ;
#7550 = LINE ( 'NONE', #5252, #403 ) ;
#7551 = DIRECTION ( 'NONE',  ( -3.848953698056000290E-15, -1.000000000000000000, -6.697566661233470495E-31 ) ) ;
#7552 = CARTESIAN_POINT ( 'NONE',  ( -8.030453801170089889, -0.04918077474455440079, -20.10379709055645137 ) ) ;
#7553 = DIRECTION ( 'NONE',  ( 1.000000000000000000, 0.000000000000000000, 0.000000000000000000 ) ) ;
#7554 = ORIENTED_EDGE ( 'NONE', *, *, #846, .F. ) ;
#7555 = ORIENTED_EDGE ( 'NONE', *, *, #1968, .T. ) ;
#7556 = ORIENTED_EDGE ( 'NONE', *, *, #8569, .T. ) ;
#7557 = EDGE_CURVE ( 'NONE', #1134, #6734, #8606, .T. ) ;
#7558 = EDGE_CURVE ( 'NONE', #3837, #6355, #2002, .T. ) ;
#7559 = DIRECTION ( 'NONE',  ( -8.904572318030769708E-17, -6.178788257448470182E-31, 1.000000000000000000 ) ) ;
#7560 = VECTOR ( 'NONE', #5609, 1000.000000000000000 ) ;
#7561 = CARTESIAN_POINT ( 'NONE',  ( -9.000000000000000000, 3.750000000000000000, 0.8719667599999999519 ) ) ;
#7562 = ORIENTED_EDGE ( 'NONE', *, *, #1215, .F. ) ;
#7563 = DIRECTION ( 'NONE',  ( 1.000000000000000000, 0.000000000000000000, 0.000000000000000000 ) ) ;
#7564 = CARTESIAN_POINT ( 'NONE',  ( 3.250871628118515722E-17, -1.499999954000042157, -20.24880012599999901 ) ) ;
#7565 = PLANE ( 'NONE',  #10838 ) ;
#7566 = EDGE_CURVE ( 'NONE', #8331, #8573, #3285, .T. ) ;
#7567 = CARTESIAN_POINT ( 'NONE',  ( 8.088468867527419448, -0.1499999079999976004, -20.31659776741454948 ) ) ;
#7568 = DIRECTION ( 'NONE',  ( 0.000000000000000000, 0.000000000000000000, 1.000000000000000000 ) ) ;
#7569 = DIRECTION ( 'NONE',  ( 0.000000000000000000, -1.000000000000000000, 9.035020874785599019E-17 ) ) ;
#7570 = ORIENTED_EDGE ( 'NONE', *, *, #1766, .T. ) ;
#7571 = ORIENTED_EDGE ( 'NONE', *, *, #4704, .T. ) ;
#7572 = VECTOR ( 'NONE', #2936, 1000.000000000000000 ) ;
#7573 = EDGE_CURVE ( 'NONE', #6645, #2885, #293, .T. ) ;
#7574 = CARTESIAN_POINT ( 'NONE',  ( -9.000000000000000000, 7.500000000000000000, 0.000000000000000000 ) ) ;
#7575 = VERTEX_POINT ( 'NONE', #8489 ) ;
#7576 = LINE ( 'NONE', #6699, #8159 ) ;
#7577 = CARTESIAN_POINT ( 'NONE',  ( 8.923799999999999955, -0.9999999540000900078, -16.47001928000000248 ) ) ;
#7578 = ORIENTED_EDGE ( 'NONE', *, *, #5429, .T. ) ;
#7579 = DIRECTION ( 'NONE',  ( 8.904572318030709311E-17, 1.519554615377920006E-16, -1.000000000000000000 ) ) ;
#7580 = VECTOR ( 'NONE', #8911, 1000.000000000000000 ) ;
#7581 = ORIENTED_EDGE ( 'NONE', *, *, #7695, .F. ) ;
#7582 = EDGE_LOOP ( 'NONE', ( #8712, #1922, #6077, #4507, #8853, #9454, #4196, #5333 ) ) ;
#7583 = B_SPLINE_CURVE_WITH_KNOTS ( 'NONE', 3,
 ( #5511, #5352, #4693, #336, #10558, #8694 ),
 .UNSPECIFIED., .F., .F.,
 ( 4, 2, 4 ),
 ( 0.000000000000000000, 0.5000000000000000000, 1.000000000000000000 ),
 .UNSPECIFIED. ) ;
#7584 = ADVANCED_FACE ( 'NONE', ( #3662 ), #1839, .F. ) ;
#7585 = DIRECTION ( 'NONE',  ( 1.000000000000000000, 0.000000000000000000, 0.000000000000000000 ) ) ;
#7586 = AXIS2_PLACEMENT_3D ( 'NONE', #8069, #7187, #2916 ) ;
#7587 = DIRECTION ( 'NONE',  ( 0.000000000000000000, -2.903302832784645416E-15, 1.000000000000000000 ) ) ;
#7588 = ORIENTED_EDGE ( 'NONE', *, *, #3905, .F. ) ;
#7589 = LINE ( 'NONE', #7704, #5223 ) ;
#7590 = ORIENTED_EDGE ( 'NONE', *, *, #6666, .F. ) ;
#7591 = DIRECTION ( 'NONE',  ( 1.000000000000000000, 0.000000000000000000, 0.000000000000000000 ) ) ;
#7592 = CARTESIAN_POINT ( 'NONE',  ( 3.250871628118515722E-17, -1.802799999999999958, -20.24880012599999901 ) ) ;
#7593 = DIRECTION ( 'NONE',  ( 8.904572318030738893E-17, 8.904572318030769708E-17, -1.000000000000000000 ) ) ;
#7594 = ORIENTED_EDGE ( 'NONE', *, *, #6532, .T. ) ;
#7595 = VECTOR ( 'NONE', #6248, 1000.000000000000000 ) ;
#7596 = EDGE_CURVE ( 'NONE', #7030, #6806, #10137, .T. ) ;
#7597 = EDGE_CURVE ( 'NONE', #9447, #3580, #2666, .T. ) ;
#7598 = VECTOR ( 'NONE', #8825, 1000.000000000000114 ) ;
#7599 = LINE ( 'NONE', #4374, #8099 ) ;
#7600 = DIRECTION ( 'NONE',  ( -1.000000000000000000, 3.446013993391890312E-15, 3.562560286365675406E-16 ) ) ;
#7601 = B_SPLINE_CURVE_WITH_KNOTS ( 'NONE', 3,
 ( #7159, #3915, #2103, #8751 ),
 .UNSPECIFIED., .F., .F.,
 ( 4, 4 ),
 ( 0.000000000000000000, 1.000000000000000000 ),
 .UNSPECIFIED. ) ;
#7602 = DIRECTION ( 'NONE',  ( 0.000000000000000000, 0.000000000000000000, -1.000000000000000000 ) ) ;
#7603 = DIRECTION ( 'NONE',  ( -1.000000000000000000, 0.000000000000000000, 0.000000000000000000 ) ) ;
#7604 = DIRECTION ( 'NONE',  ( 0.000000000000000000, 0.000000000000000000, 1.000000000000000000 ) ) ;
#7605 = VERTEX_POINT ( 'NONE', #6786 ) ;
#7606 = CIRCLE ( 'NONE', #10238, 0.2999999999999999334 ) ;
#7607 = CARTESIAN_POINT ( 'NONE',  ( -8.002267239413990652, -1.802799999999999958, -20.39880008000000089 ) ) ;
#7608 = CARTESIAN_POINT ( 'NONE',  ( -8.488707373929848643, 0.05000003066666600104, -19.48809600687989985 ) ) ;
#7609 = AXIS2_PLACEMENT_3D ( 'NONE', #9142, #731, #7499 ) ;
#7610 = DIRECTION ( 'NONE',  ( 0.000000000000000000, -1.000000000000000000, 9.035020874785599019E-17 ) ) ;
#7611 = AXIS2_PLACEMENT_3D ( 'NONE', #4486, #7827, #6947 ) ;
#7612 = DIRECTION ( 'NONE',  ( 3.848953698056000290E-15, -1.000000000000000000, 3.427328655309160045E-31 ) ) ;
#7613 = VERTEX_POINT ( 'NONE', #3610 ) ;
#7614 = VERTEX_POINT ( 'NONE', #6891 ) ;
#7615 = EDGE_CURVE ( 'NONE', #6895, #9100, #3096, .T. ) ;
#7616 = ORIENTED_EDGE ( 'NONE', *, *, #5778, .F. ) ;
#7617 = VECTOR ( 'NONE', #4449, 1000.000000000000000 ) ;
#7618 = FACE_OUTER_BOUND ( 'NONE', #7522, .T. ) ;
#7619 = CARTESIAN_POINT ( 'NONE',  ( -9.000000000000000000, 11.00000000000000000, 0.8719667599999999519 ) ) ;
#7620 = ORIENTED_EDGE ( 'NONE', *, *, #1678, .T. ) ;
#7621 = CARTESIAN_POINT ( 'NONE',  ( 8.682211333986399993, 0.06825117539154521018, -19.59250924894529788 ) ) ;
#7622 = CARTESIAN_POINT ( 'NONE',  ( 7.964119989667979738, -0.06580746144262659969, -20.19224818244835262 ) ) ;
#7623 = FACE_BOUND ( 'NONE', #4730, .T. ) ;
#7624 = CARTESIAN_POINT ( 'NONE',  ( -7.752896004504469474, -0.04083239725765030331, -20.20266237419899724 ) ) ;
#7625 = DIRECTION ( 'NONE',  ( 0.000000000000000000, -6.755151197360919788E-16, -1.000000000000000000 ) ) ;
#7626 = AXIS2_PLACEMENT_3D ( 'NONE', #9126, #9182, #4032 ) ;
#7627 = CARTESIAN_POINT ( 'NONE',  ( 3.623399577764045087, -1.499999954000070135, -20.39880008000000089 ) ) ;
#7628 = EDGE_CURVE ( 'NONE', #5109, #1134, #6504, .T. ) ;
#7629 = AXIS2_PLACEMENT_3D ( 'NONE', #5660, #8195, #4906 ) ;
#7630 = ORIENTED_EDGE ( 'NONE', *, *, #1827, .T. ) ;
#7631 = ADVANCED_FACE ( 'NONE', ( #3550 ), #9366, .F. ) ;
#7632 = ORIENTED_EDGE ( 'NONE', *, *, #4411, .T. ) ;
#7633 = DIRECTION ( 'NONE',  ( 1.000000000000000000, 0.000000000000000000, 0.000000000000000000 ) ) ;
#7634 = ORIENTED_EDGE ( 'NONE', *, *, #5534, .F. ) ;
#7635 = VECTOR ( 'NONE', #9283, 1000.000000000000000 ) ;
#7636 = CARTESIAN_POINT ( 'NONE',  ( 7.890014929625221107, 0.01838495531330324936, -20.34708726914155008 ) ) ;
#7637 = DIRECTION ( 'NONE',  ( 1.000000000000000000, 0.000000000000000000, 0.000000000000000000 ) ) ;
#7638 = ORIENTED_EDGE ( 'NONE', *, *, #8096, .F. ) ;
#7639 = CARTESIAN_POINT ( 'NONE',  ( 9.000000000000000000, -5.299999999999999822, 0.8719667599999999519 ) ) ;
#7640 = EDGE_CURVE ( 'NONE', #5513, #372, #2779, .T. ) ;
#7641 = ORIENTED_EDGE ( 'NONE', *, *, #3933, .T. ) ;
#7642 = VERTEX_POINT ( 'NONE', #5202 ) ;
#7643 = CARTESIAN_POINT ( 'NONE',  ( -8.538911783456649474, 0.1499999999999999944, -19.54619350185225102 ) ) ;
#7644 = CIRCLE ( 'NONE', #8693, 0.2999999999999999334 ) ;
#7645 = CARTESIAN_POINT ( 'NONE',  ( -8.727715757361240279, -0.04087436630415099137, -19.22777792869915103 ) ) ;
#7646 = ORIENTED_EDGE ( 'NONE', *, *, #9148, .F. ) ;
#7647 = CARTESIAN_POINT ( 'NONE',  ( -9.000000000000000000, 7.799999999999999822, 0.000000000000000000 ) ) ;
#7648 = ORIENTED_EDGE ( 'NONE', *, *, #5756, .F. ) ;
#7649 = DIRECTION ( 'NONE',  ( 1.000000000000000000, 0.000000000000000000, 0.000000000000000000 ) ) ;
#7650 = EDGE_CURVE ( 'NONE', #6058, #7073, #9519, .T. ) ;
#7651 = VECTOR ( 'NONE', #1128, 1000.000000000000000 ) ;
#7652 = DIRECTION ( 'NONE',  ( 3.491481338843135327E-15, -1.000000000000000000, 3.109014807878360910E-31 ) ) ;
#7653 = ORIENTED_EDGE ( 'NONE', *, *, #4422, .T. ) ;
#7654 = CARTESIAN_POINT ( 'NONE',  ( 9.000000000000000000, -0.9499999999999999556, 0.8719667599999999519 ) ) ;
#7655 = CIRCLE ( 'NONE', #3459, 0.2999999999999999334 ) ;
#7656 = LINE ( 'NONE', #1000, #5454 ) ;
#7657 = VECTOR ( 'NONE', #1588, 1000.000000000000000 ) ;
#7658 = LINE ( 'NONE', #2658, #4191 ) ;
#7659 = DIRECTION ( 'NONE',  ( -1.000000000000000000, 0.000000000000000000, 0.000000000000000000 ) ) ;
#7660 = CARTESIAN_POINT ( 'NONE',  ( -5.710000000000000853, 4.722999999999999865, 0.000000000000000000 ) ) ;
#7661 = ORIENTED_EDGE ( 'NONE', *, *, #1215, .T. ) ;
#7662 = CYLINDRICAL_SURFACE ( 'NONE', #9899, 0.1499999540000018783 ) ;
#7663 = LINE ( 'NONE', #9584, #7825 ) ;
#7664 = CARTESIAN_POINT ( 'NONE',  ( -9.000000000000000000, 5.000000000000000000, 0.000000000000000000 ) ) ;
#7665 = EDGE_CURVE ( 'NONE', #8249, #5674, #5142, .T. ) ;
#7666 = DIRECTION ( 'NONE',  ( -6.180374837806370896E-15, 1.000000000000000000, 0.000000000000000000 ) ) ;
#7667 = AXIS2_PLACEMENT_3D ( 'NONE', #7986, #2884, #9581 ) ;
#7668 = VECTOR ( 'NONE', #3774, 1000.000000000000000 ) ;
#7669 = ORIENTED_EDGE ( 'NONE', *, *, #360, .F. ) ;
#7670 = ORIENTED_EDGE ( 'NONE', *, *, #1515, .F. ) ;
#7671 = ORIENTED_EDGE ( 'NONE', *, *, #7427, .F. ) ;
#7672 = DIRECTION ( 'NONE',  ( 0.000000000000000000, 0.000000000000000000, 1.000000000000000000 ) ) ;
#7673 = ORIENTED_EDGE ( 'NONE', *, *, #10792, .T. ) ;
#7674 = VECTOR ( 'NONE', #1300, 1000.000000000000000 ) ;
#7675 = CARTESIAN_POINT ( 'NONE',  ( 8.709539122508070719, -0.06564671180961441366, -19.44667465952534968 ) ) ;
#7676 = CARTESIAN_POINT ( 'NONE',  ( 8.805031208182350966, 0.01838495531328475027, -19.52690246829520149 ) ) ;
#7677 = LINE ( 'NONE', #193, #3298 ) ;
#7678 = CARTESIAN_POINT ( 'NONE',  ( -3.241600662235899488, -0.7499999539999040454, -79.67810574249129729 ) ) ;
#7679 = DIRECTION ( 'NONE',  ( 0.000000000000000000, 0.000000000000000000, 1.000000000000000000 ) ) ;
#7680 = LINE ( 'NONE', #10094, #4269 ) ;
#7681 = EDGE_CURVE ( 'NONE', #3249, #2136, #951, .T. ) ;
#7682 = ADVANCED_FACE ( 'NONE', ( #4326 ), #5305, .F. ) ;
#7683 = DIRECTION ( 'NONE',  ( -1.000000000000000000, -3.629128540980805093E-15, -8.904572318030769708E-17 ) ) ;
#7684 = VECTOR ( 'NONE', #8287, 1000.000000000000000 ) ;
#7685 = ORIENTED_EDGE ( 'NONE', *, *, #5230, .F. ) ;
#7686 = ORIENTED_EDGE ( 'NONE', *, *, #4124, .T. ) ;
#7687 = AXIS2_PLACEMENT_3D ( 'NONE', #7445, #2226, #6619 ) ;
#7688 = B_SPLINE_CURVE_WITH_KNOTS ( 'NONE', 1,
 ( #6861, #6095 ),
 .UNSPECIFIED., .F., .F.,
 ( 2, 2 ),
 ( 0.000000000000000000, 1.000000000000000000 ),
 .UNSPECIFIED. ) ;
#7689 = DIRECTION ( 'NONE',  ( 0.000000000000000000, 9.035020874785599019E-17, 1.000000000000000000 ) ) ;
#7690 = ORIENTED_EDGE ( 'NONE', *, *, #10539, .T. ) ;
#7691 = CARTESIAN_POINT ( 'NONE',  ( -6.326600842235960087, -1.499999954000042157, -20.39880008000000089 ) ) ;
#7692 = DIRECTION ( 'NONE',  ( -3.848953698056000290E-15, 1.000000000000000000, 1.674047928902419981E-31 ) ) ;
#7693 = ORIENTED_EDGE ( 'NONE', *, *, #6313, .F. ) ;
#7694 = DIRECTION ( 'NONE',  ( -1.000000000000000000, 0.000000000000000000, 0.000000000000000000 ) ) ;
#7695 = EDGE_CURVE ( 'NONE', #5188, #8683, #1731, .T. ) ;
#7696 = ORIENTED_EDGE ( 'NONE', *, *, #5336, .F. ) ;
#7697 = EDGE_LOOP ( 'NONE', ( #4417, #6693, #2602, #10602 ) ) ;
#7698 = EDGE_CURVE ( 'NONE', #2592, #5225, #1010, .T. ) ;
#7699 = EDGE_CURVE ( 'NONE', #6295, #7861, #8435, .T. ) ;
#7700 = CARTESIAN_POINT ( 'NONE',  ( -8.707761138633609121, 0.05162117292339690050, -19.58395927491874744 ) ) ;
#7701 = CARTESIAN_POINT ( 'NONE',  ( 9.000000000000000000, -10.00000000000000000, 0.000000000000000000 ) ) ;
#7702 = DIRECTION ( 'NONE',  ( 1.000000000000000000, 3.794707603699256053E-15, 0.000000000000000000 ) ) ;
#7703 = ORIENTED_EDGE ( 'NONE', *, *, #9477, .T. ) ;
#7704 = CARTESIAN_POINT ( 'NONE',  ( 32.66098742138245115, -1.499999953999989977, -43.92783208119674754 ) ) ;
#7705 = EDGE_CURVE ( 'NONE', #9654, #7778, #4466, .T. ) ;
#7706 = ORIENTED_EDGE ( 'NONE', *, *, #10042, .F. ) ;
#7707 = CYLINDRICAL_SURFACE ( 'NONE', #4811, 0.2000000000000005107 ) ;
#7708 = CARTESIAN_POINT ( 'NONE',  ( -9.000000000000000000, -0.2999999999999999889, 0.8719667599999999519 ) ) ;
#7709 = ORIENTED_EDGE ( 'NONE', *, *, #5309, .T. ) ;
#7710 = EDGE_CURVE ( 'NONE', #2934, #1682, #1895, .T. ) ;
#7711 = DIRECTION ( 'NONE',  ( 1.000000000000000000, 0.000000000000000000, 0.000000000000000000 ) ) ;
#7712 = DIRECTION ( 'NONE',  ( 0.000000000000000000, 3.491481338843135327E-15, -1.000000000000000000 ) ) ;
#7713 = LINE ( 'NONE', #9524, #5547 ) ;
#7714 = ORIENTED_EDGE ( 'NONE', *, *, #8151, .T. ) ;
#7715 = CARTESIAN_POINT ( 'NONE',  ( 6.377399657764049934, -1.499999954000126090, -20.39880008000000089 ) ) ;
#7716 = ORIENTED_EDGE ( 'NONE', *, *, #9982, .F. ) ;
#7717 = CARTESIAN_POINT ( 'NONE',  ( 4.843000897764119905, -1.802800045999999989, 0.000000000000000000 ) ) ;
#7718 = CARTESIAN_POINT ( 'NONE',  ( 8.773800045999999853, 3.434729301071215197E-14, -18.04101943999999946 ) ) ;
#7719 = CARTESIAN_POINT ( 'NONE',  ( -8.040030381768819012, -0.04087436630419184758, -20.08373194233784886 ) ) ;
#7720 = CARTESIAN_POINT ( 'NONE',  ( 9.000000000000000000, -9.050000000000000711, 0.000000000000000000 ) ) ;
#7721 = ORIENTED_EDGE ( 'NONE', *, *, #1553, .F. ) ;
#7722 = ORIENTED_EDGE ( 'NONE', *, *, #674, .F. ) ;
#7723 = EDGE_CURVE ( 'NONE', #5299, #6662, #4939, .T. ) ;
#7724 = CARTESIAN_POINT ( 'NONE',  ( 8.059380814636101675, 0.01870651413292780119, -20.27224402447800244 ) ) ;
#7725 = ORIENTED_EDGE ( 'NONE', *, *, #4403, .F. ) ;
#7726 = CARTESIAN_POINT ( 'NONE',  ( 8.511606916511640364, 4.600000423516160123E-08, -19.52280966747624902 ) ) ;
#7727 = CARTESIAN_POINT ( 'NONE',  ( 9.000000000000000000, -5.299999999999999822, 0.000000000000000000 ) ) ;
#7728 = CARTESIAN_POINT ( 'NONE',  ( -4.812999602235880303, -1.802800045999999989, -0.1499999539999936071 ) ) ;
#7729 = DIRECTION ( 'NONE',  ( 0.000000000000000000, 0.000000000000000000, 1.000000000000000000 ) ) ;
#7730 = DIRECTION ( 'NONE',  ( 1.000000000000000000, 3.008831912698249990E-16, 0.000000000000000000 ) ) ;
#7731 = CARTESIAN_POINT ( 'NONE',  ( -8.871868828381400007, 0.01870648438078955159, -19.35022222038774942 ) ) ;
#7732 = DIRECTION ( 'NONE',  ( 0.000000000000000000, -2.903302832784645416E-15, 1.000000000000000000 ) ) ;
#7733 = EDGE_LOOP ( 'NONE', ( #2346, #2506, #4638, #3064 ) ) ;
#7734 = ORIENTED_EDGE ( 'NONE', *, *, #3810, .T. ) ;
#7735 = VECTOR ( 'NONE', #206, 1000.000000000000000 ) ;
#7736 = EDGE_CURVE ( 'NONE', #281, #4385, #2221, .T. ) ;
#7737 = CARTESIAN_POINT ( 'NONE',  ( 61.95510655778610243, -1.802799999999810110, -18.04101943999999946 ) ) ;
#7738 = EDGE_CURVE ( 'NONE', #5746, #2800, #10567, .T. ) ;
#7739 = ORIENTED_EDGE ( 'NONE', *, *, #1658, .F. ) ;
#7740 = CARTESIAN_POINT ( 'NONE',  ( 5.127399617764049289, -1.499999954000070135, -20.39880008000000089 ) ) ;
#7741 = LINE ( 'NONE', #2802, #6329 ) ;
#7742 = ORIENTED_EDGE ( 'NONE', *, *, #4632, .F. ) ;
#7743 = CARTESIAN_POINT ( 'NONE',  ( 7.991284586516670174, -0.06480326468093669523, -20.16411798683465051 ) ) ;
#7744 = VECTOR ( 'NONE', #401, 1000.000000000000000 ) ;
#7745 = ORIENTED_EDGE ( 'NONE', *, *, #1175, .F. ) ;
#7746 = EDGE_LOOP ( 'NONE', ( #3770, #9604, #7330, #10534 ) ) ;
#7747 = EDGE_CURVE ( 'NONE', #6577, #417, #10568, .T. ) ;
#7748 = CARTESIAN_POINT ( 'NONE',  ( -8.488707373929848643, 4.599999927409200482E-08, -19.48809600687989985 ) ) ;
#7749 = LINE ( 'NONE', #9508, #4714 ) ;
#7750 = FACE_OUTER_BOUND ( 'NONE', #3916, .T. ) ;
#7751 = ORIENTED_EDGE ( 'NONE', *, *, #8766, .F. ) ;
#7753 = VECTOR ( 'NONE', #4083, 1000.000000000000000 ) ;
#7752 = CARTESIAN_POINT ( 'NONE',  ( -8.828545553716377725, -0.03064922724644294702, -19.54641749830124908 ) ) ;
#7754 = ORIENTED_EDGE ( 'NONE', *, *, #9681, .F. ) ;
#7755 = FACE_OUTER_BOUND ( 'NONE', #5593, .T. ) ;
#7756 = LINE ( 'NONE', #5078, #3940 ) ;
#7757 = ADVANCED_FACE ( 'NONE', ( #6176 ), #4543, .T. ) ;
#7758 = VERTEX_POINT ( 'NONE', #344 ) ;
#7759 = ADVANCED_FACE ( 'NONE', ( #3047 ), #7165, .T. ) ;
#7760 = VECTOR ( 'NONE', #318, 1000.000000000000000 ) ;
#7761 = DIRECTION ( 'NONE',  ( -1.000000000000000000, -3.848953698056000290E-15, -8.904572318030769708E-17 ) ) ;
#7762 = LINE ( 'NONE', #4259, #5977 ) ;
#7763 = CARTESIAN_POINT ( 'NONE',  ( 1.550000000000000044, 11.00000000000000000, 0.000000000000000000 ) ) ;
#7764 = VERTEX_POINT ( 'NONE', #5519 ) ;
#7765 = CARTESIAN_POINT ( 'NONE',  ( 7.879220456674730144, -0.06564669693353450408, -20.22283453007380061 ) ) ;
#7766 = ORIENTED_EDGE ( 'NONE', *, *, #3823, .F. ) ;
#7767 = CARTESIAN_POINT ( 'NONE',  ( -7.886015614097240167, -0.1499999079999989882, -20.39880008000000089 ) ) ;
#7768 = CARTESIAN_POINT ( 'NONE',  ( -1.122600582235953937, -1.499999953999874069, -79.67810574249129729 ) ) ;
#7769 = PLANE ( 'NONE',  #1807 ) ;
#7770 = CARTESIAN_POINT ( 'NONE',  ( 3.250871628118515722E-17, -1.499999954000070135, -20.24880012599999901 ) ) ;
#7771 = VECTOR ( 'NONE', #2160, 1000.000000000000000 ) ;
#7772 = EDGE_CURVE ( 'NONE', #391, #5004, #2946, .T. ) ;
#7773 = ORIENTED_EDGE ( 'NONE', *, *, #1492, .T. ) ;
#7774 = VERTEX_POINT ( 'NONE', #7055 ) ;
#7775 = AXIS2_PLACEMENT_3D ( 'NONE', #1686, #7408, #6641 ) ;
#7776 = DIRECTION ( 'NONE',  ( 1.000000000000000000, 0.000000000000000000, 0.000000000000000000 ) ) ;
#7777 = VECTOR ( 'NONE', #8350, 1000.000000000000000 ) ;
#7778 = VERTEX_POINT ( 'NONE', #3766 ) ;
#7779 = DIRECTION ( 'NONE',  ( 0.000000000000000000, 0.000000000000000000, 1.000000000000000000 ) ) ;
#7780 = CARTESIAN_POINT ( 'NONE',  ( 3.250871628118515722E-17, -0.7499999540000760190, -20.24880012599999901 ) ) ;
#7781 = CYLINDRICAL_SURFACE ( 'NONE', #6788, 0.1499999539999984088 ) ;
#7782 = DIRECTION ( 'NONE',  ( 0.000000000000000000, -2.903302832784645416E-15, 1.000000000000000000 ) ) ;
#7783 = CARTESIAN_POINT ( 'NONE',  ( -9.000000000000000000, 11.00000000000000000, 0.000000000000000000 ) ) ;
#7784 = PRODUCT_DEFINITION_CONTEXT ( 'detailed design', #6857, 'design' ) ;
#7785 = LINE ( 'NONE', #8558, #8298 ) ;
#7786 = FACE_OUTER_BOUND ( 'NONE', #1164, .T. ) ;
#7787 = EDGE_CURVE ( 'NONE', #10495, #391, #4591, .T. ) ;
#7788 = AXIS2_PLACEMENT_3D ( 'NONE', #8610, #8559, #966 ) ;
#7789 = AXIS2_PLACEMENT_3D ( 'NONE', #1560, #1394, #4764 ) ;
#7790 = AXIS2_PLACEMENT_3D ( 'NONE', #10258, #2738, #7850 ) ;
#7791 = VERTEX_POINT ( 'NONE', #3923 ) ;
#7792 = VERTEX_POINT ( 'NONE', #6395 ) ;
#7793 = CARTESIAN_POINT ( 'NONE',  ( -9.000000000000000000, -4.049999999999999822, 0.000000000000000000 ) ) ;
#7794 = VERTEX_POINT ( 'NONE', #7271 ) ;
#7795 = CARTESIAN_POINT ( 'NONE',  ( -6.383799999999999919, -1.499999954000070135, -18.30119942409725198 ) ) ;
#7796 = DIRECTION ( 'NONE',  ( 0.000000000000000000, 0.000000000000000000, 1.000000000000000000 ) ) ;
#7797 = AXIS2_PLACEMENT_3D ( 'NONE', #10466, #9638, #6338 ) ;
#7798 = CARTESIAN_POINT ( 'NONE',  ( 9.000000000000000000, -1.550000000000000044, 0.000000000000000000 ) ) ;
#7799 = EDGE_CURVE ( 'NONE', #7758, #2918, #4702, .T. ) ;
#7800 = EDGE_CURVE ( 'NONE', #10552, #1144, #8048, .T. ) ;
#7801 = ORIENTED_EDGE ( 'NONE', *, *, #6464, .F. ) ;
#7802 = ORIENTED_EDGE ( 'NONE', *, *, #5745, .F. ) ;
#7803 = ORIENTED_EDGE ( 'NONE', *, *, #7373, .T. ) ;
#7804 = CIRCLE ( 'NONE', #6746, 0.2999999999999999334 ) ;
#7805 = CARTESIAN_POINT ( 'NONE',  ( 8.922075049351319009, -0.1178752349731845978, -0.2216135942127749892 ) ) ;
#7806 = DIRECTION ( 'NONE',  ( 8.904572318030769708E-17, 3.231583754459304999E-31, -1.000000000000000000 ) ) ;
#7807 = LINE ( 'NONE', #2811, #1850 ) ;
#7808 = ORIENTED_EDGE ( 'NONE', *, *, #5189, .F. ) ;
#7809 = DIRECTION ( 'NONE',  ( 0.000000000000000000, 9.035022412278281565E-17, -1.000000000000000000 ) ) ;
#7810 = VERTEX_POINT ( 'NONE', #2161 ) ;
#7811 = CARTESIAN_POINT ( 'NONE',  ( 0.000000000000000000, 0.000000000000000000, -0.8719667599999999519 ) ) ;
#7812 = LINE ( 'NONE', #2873, #9706 ) ;
#7813 = VECTOR ( 'NONE', #5169, 1000.000000000000000 ) ;
#7814 = ADVANCED_FACE ( 'NONE', ( #6291 ), #5361, .T. ) ;
#7815 = EDGE_CURVE ( 'NONE', #5715, #3190, #8758, .T. ) ;
#7816 = LINE ( 'NONE', #10506, #775 ) ;
#7817 = ORIENTED_EDGE ( 'NONE', *, *, #8579, .T. ) ;
#7818 = B_SPLINE_CURVE_WITH_KNOTS ( 'NONE', 1,
 ( #1983, #6725 ),
 .UNSPECIFIED., .F., .F.,
 ( 2, 2 ),
 ( 0.000000000000000000, 1.000000000000000000 ),
 .UNSPECIFIED. ) ;
#7819 = CARTESIAN_POINT ( 'NONE',  ( -9.000000000000000000, 11.00000000000000000, 0.000000000000000000 ) ) ;
#7820 = FACE_OUTER_BOUND ( 'NONE', #9444, .T. ) ;
#7821 = CARTESIAN_POINT ( 'NONE',  ( -7.965156975258260275, -0.06570027392378569031, -20.18710900607025138 ) ) ;
#7822 = ORIENTED_EDGE ( 'NONE', *, *, #8478, .T. ) ;
#7823 = EDGE_CURVE ( 'NONE', #9510, #7044, #7270, .T. ) ;
#7824 = LINE ( 'NONE', #6833, #10644 ) ;
#7825 = VECTOR ( 'NONE', #1892, 1000.000000000000000 ) ;
#7826 = VERTEX_POINT ( 'NONE', #1334 ) ;
#7827 = DIRECTION ( 'NONE',  ( 0.000000000000000000, 0.000000000000000000, -1.000000000000000000 ) ) ;
#7828 = LINE ( 'NONE', #7718, #279 ) ;
#7829 = CARTESIAN_POINT ( 'NONE',  ( 9.000000000000000000, -10.00000000000000000, 0.000000000000000000 ) ) ;
#7830 = EDGE_CURVE ( 'NONE', #1995, #7887, #2110, .T. ) ;
#7831 = VECTOR ( 'NONE', #3371, 1000.000000000000000 ) ;
#7832 = DIRECTION ( 'NONE',  ( -3.469446951953614978E-15, -1.000000000000000000, 0.000000000000000000 ) ) ;
#7833 = ORIENTED_EDGE ( 'NONE', *, *, #4692, .T. ) ;
#7834 = ORIENTED_EDGE ( 'NONE', *, *, #2994, .T. ) ;
#7835 = VECTOR ( 'NONE', #1907, 1000.000000000000000 ) ;
#7836 = DIRECTION ( 'NONE',  ( 1.000000000000000000, 0.000000000000000000, 0.000000000000000000 ) ) ;
#7837 = PRODUCT_DEFINITION_FORMATION_WITH_SPECIFIED_SOURCE ( 'ANY', '', #10633, .NOT_KNOWN. ) ;
#7838 = EDGE_CURVE ( 'NONE', #1682, #5418, #8805, .T. ) ;
#7839 = VERTEX_POINT ( 'NONE', #2275 ) ;
#7840 = EDGE_CURVE ( 'NONE', #7525, #6734, #2712, .T. ) ;
#7841 = LINE ( 'NONE', #8868, #9746 ) ;
#7842 = PLANE ( 'NONE',  #982 ) ;
#7843 = CARTESIAN_POINT ( 'NONE',  ( -5.899999999999999467, 11.00000000000000000, 0.8719667599999999519 ) ) ;
#7844 = PLANE ( 'NONE',  #4465 ) ;
#7845 = CARTESIAN_POINT ( 'NONE',  ( 9.000000000000000000, 4.049999999999999822, 0.000000000000000000 ) ) ;
#7846 = PLANE ( 'NONE',  #9875 ) ;
#7847 = VECTOR ( 'NONE', #1998, 1000.000000000000114 ) ;
#7848 = EDGE_CURVE ( 'NONE', #8051, #3067, #7980, .T. ) ;
#7849 = VECTOR ( 'NONE', #7253, 1000.000000000000000 ) ;
#7850 = DIRECTION ( 'NONE',  ( 1.000000000000000000, 0.000000000000000000, 0.000000000000000000 ) ) ;
#7851 = EDGE_LOOP ( 'NONE', ( #4408, #3863, #6036, #97, #6299, #359, #2875, #10385 ) ) ;
#7852 = VERTEX_POINT ( 'NONE', #8375 ) ;
#7853 = CARTESIAN_POINT ( 'NONE',  ( 61.95510655778610243, -1.802799999999810110, -4.291019000000000361 ) ) ;
#7854 = VECTOR ( 'NONE', #10281, 1000.000000000000000 ) ;
#7855 = ORIENTED_EDGE ( 'NONE', *, *, #7772, .T. ) ;
#7856 = EDGE_CURVE ( 'NONE', #8814, #8515, #3984, .T. ) ;
#7857 = DIRECTION ( 'NONE',  ( 1.000000000000000000, 0.000000000000000000, 0.000000000000000000 ) ) ;
#7858 = CARTESIAN_POINT ( 'NONE',  ( 8.389505865142419694, -1.802799999999999958, -20.01556076979954923 ) ) ;
#7859 = DIRECTION ( 'NONE',  ( 1.000000000000000000, 0.000000000000000000, 0.000000000000000000 ) ) ;
#7860 = VECTOR ( 'NONE', #3950, 1000.000000000000000 ) ;
#7861 = VERTEX_POINT ( 'NONE', #5627 ) ;
#7862 = EDGE_LOOP ( 'NONE', ( #9819, #952, #9620, #1571 ) ) ;
#7863 = ORIENTED_EDGE ( 'NONE', *, *, #5521, .T. ) ;
#7865 = EDGE_CURVE ( 'NONE', #9705, #3625, #5784, .T. ) ;
#7864 = LINE ( 'NONE', #1148, #659 ) ;
#7866 = DIRECTION ( 'NONE',  ( 0.000000000000000000, 0.000000000000000000, 1.000000000000000000 ) ) ;
#7867 = CARTESIAN_POINT ( 'NONE',  ( 9.000000000000000000, -2.200000000000000178, 0.000000000000000000 ) ) ;
#7868 = ORIENTED_EDGE ( 'NONE', *, *, #745, .T. ) ;
#7869 = VECTOR ( 'NONE', #2988, 1000.000000000000000 ) ;
#7870 = DIRECTION ( 'NONE',  ( 1.000000000000000000, 0.000000000000000000, 0.000000000000000000 ) ) ;
#7871 = LINE ( 'NONE', #9199, #8372 ) ;
#7872 = ORIENTED_EDGE ( 'NONE', *, *, #2540, .T. ) ;
#7873 =( LENGTH_UNIT ( ) NAMED_UNIT ( * ) SI_UNIT ( .MILLI., .METRE. ) );
#7874 = CARTESIAN_POINT ( 'NONE',  ( 3.250871628118515722E-17, -1.802799999999999958, -20.24880012599999901 ) ) ;
#7875 = LINE ( 'NONE', #2985, #4648 ) ;
#7876 = ORIENTED_EDGE ( 'NONE', *, *, #7747, .T. ) ;
#7878 = EDGE_CURVE ( 'NONE', #8364, #5388, #7804, .T. ) ;
#7877 = DIRECTION ( 'NONE',  ( 0.000000000000000000, 0.9942501626871302900, -0.1070822767623804406 ) ) ;
#7879 = ORIENTED_EDGE ( 'NONE', *, *, #1329, .F. ) ;
#7880 = DIRECTION ( 'NONE',  ( 0.000000000000000000, -1.000000000000000000, 0.000000000000000000 ) ) ;
#7881 = EDGE_LOOP ( 'NONE', ( #4329, #5696, #3200, #7092 ) ) ;
#7882 = DIRECTION ( 'NONE',  ( 0.000000000000000000, -1.000000000000000000, 0.000000000000000000 ) ) ;
#7883 = ORIENTED_EDGE ( 'NONE', *, *, #10212, .T. ) ;
#7884 = CARTESIAN_POINT ( 'NONE',  ( 8.773800046000008734, -1.499999954000091895, -4.866019119999979381 ) ) ;
#7885 = CARTESIAN_POINT ( 'NONE',  ( -7.686953254737039387, 0.1499999999999999944, -20.09880017200000069 ) ) ;
#7886 = CARTESIAN_POINT ( 'NONE',  ( -7.681427534180361505, 0.1499999999999968026, -20.17461919919078284 ) ) ;
#7887 = VERTEX_POINT ( 'NONE', #7385 ) ;
#7888 = ORIENTED_EDGE ( 'NONE', *, *, #7008, .T. ) ;
#7889 = FACE_OUTER_BOUND ( 'NONE', #6432, .T. ) ;
#7890 = EDGE_CURVE ( 'NONE', #10088, #1513, #833, .T. ) ;
#7891 = ORIENTED_EDGE ( 'NONE', *, *, #8280, .F. ) ;
#7892 = DIRECTION ( 'NONE',  ( -3.848953698056000290E-15, -1.000000000000000000, 1.352015662072215929E-31 ) ) ;
#7893 = CARTESIAN_POINT ( 'NONE',  ( 8.772937570675658492, -0.1339375714865931877, -0.2216135942127749892 ) ) ;
#7894 = LINE ( 'NONE', #7063, #7668 ) ;
#7895 = CARTESIAN_POINT ( 'NONE',  ( -8.703089367881348792, -1.499999954000106106, -0.1499999539999996023 ) ) ;
#7896 = DIRECTION ( 'NONE',  ( 3.465105002973940263E-14, 1.000000000000000000, -2.957027007236625215E-14 ) ) ;
#7897 = LINE ( 'NONE', #2960, #1447 ) ;
#7898 = DIRECTION ( 'NONE',  ( 1.000000000000000000, 0.000000000000000000, 0.000000000000000000 ) ) ;
#7899 = EDGE_CURVE ( 'NONE', #3340, #8907, #4129, .T. ) ;
#7900 = ORIENTED_EDGE ( 'NONE', *, *, #7923, .F. ) ;
#7901 = ORIENTED_EDGE ( 'NONE', *, *, #6290, .F. ) ;
#7902 = CARTESIAN_POINT ( 'NONE',  ( -8.699999999999999289, -3.750000000000000000, 0.8719667599999999519 ) ) ;
#7903 = EDGE_CURVE ( 'NONE', #7826, #1456, #10736, .T. ) ;
#7904 = VERTEX_POINT ( 'NONE', #722 ) ;
#7905 = CARTESIAN_POINT ( 'NONE',  ( -4.812999602235880303, -1.499999954000106106, 0.000000000000000000 ) ) ;
#7906 = DIRECTION ( 'NONE',  ( 1.000000000000000000, 0.000000000000000000, 0.000000000000000000 ) ) ;
#7907 = DIRECTION ( 'NONE',  ( 0.000000000000000000, 1.000000000000000000, 0.000000000000000000 ) ) ;
#7908 = DIRECTION ( 'NONE',  ( -0.7071067811865489050, 0.000000000000000000, 0.7071067811865460184 ) ) ;
#7909 = VECTOR ( 'NONE', #3669, 1000.000000000000000 ) ;
#7910 = ADVANCED_FACE ( 'NONE', ( #6613 ), #9084, .T. ) ;
#7911 = ORIENTED_EDGE ( 'NONE', *, *, #7705, .T. ) ;
#7912 = VERTEX_POINT ( 'NONE', #9132 ) ;
#7913 = ORIENTED_EDGE ( 'NONE', *, *, #7531, .F. ) ;
#7914 = VECTOR ( 'NONE', #7796, 1000.000000000000000 ) ;
#7915 = PLANE ( 'NONE',  #1944 ) ;
#7916 = DIRECTION ( 'NONE',  ( 0.000000000000000000, 0.000000000000000000, 1.000000000000000000 ) ) ;
#7917 = VERTEX_POINT ( 'NONE', #776 ) ;
#7918 = DIRECTION ( 'NONE',  ( -1.000000000000000000, 3.446013993391890312E-15, 3.562560286365675406E-16 ) ) ;
#7919 = CARTESIAN_POINT ( 'NONE',  ( 8.668893799610948747, -0.06111922942104579259, -19.48313729362794788 ) ) ;
#7920 = ORIENTED_EDGE ( 'NONE', *, *, #8626, .F. ) ;
#7921 = DIRECTION ( 'NONE',  ( -1.000000000000000000, 0.000000000000000000, 0.000000000000000000 ) ) ;
#7922 = CARTESIAN_POINT ( 'NONE',  ( 9.000000000000000000, -9.050000000000000711, 0.000000000000000000 ) ) ;
#7923 = EDGE_CURVE ( 'NONE', #4248, #4219, #3077, .T. ) ;
#7924 = EDGE_LOOP ( 'NONE', ( #9523, #10437, #1514, #7132, #3784, #3246, #9357, #2883, #10485, #3757, #3153, #8226, #6245, #9493, #1027, #5604, #2999, #4470, #1242, #5624, #7817, #7433, #10027, #1659, #4346, #4518, #3332, #1696, #41, #3072, #1857, #9396, #6678, #10304, #2507, #4132 ) ) ;
#7925 = VECTOR ( 'NONE', #5030, 1000.000000000000000 ) ;
#7926 = LINE ( 'NONE', #9629, #550 ) ;
#7927 = ORIENTED_EDGE ( 'NONE', *, *, #5988, .F. ) ;
#7928 = CARTESIAN_POINT ( 'NONE',  ( -8.923799999999999955, -1.802799999999999958, 2.696301859066384856E-30 ) ) ;
#7929 = EDGE_LOOP ( 'NONE', ( #8999, #4758, #8283, #310 ) ) ;
#7930 = DIRECTION ( 'NONE',  ( 0.000000000000000000, 0.000000000000000000, -1.000000000000000000 ) ) ;
#7931 = ORIENTED_EDGE ( 'NONE', *, *, #80, .F. ) ;
#7932 = CARTESIAN_POINT ( 'NONE',  ( -9.000000000000000000, 11.00000000000000000, 0.8719667599999999519 ) ) ;
#7933 = PLANE ( 'NONE',  #5322 ) ;
#7934 = CARTESIAN_POINT ( 'NONE',  ( -8.922075049319058593, -0.1178752346737041989, -0.4707106321186549924 ) ) ;
#7935 = EDGE_CURVE ( 'NONE', #4492, #5796, #10848, .T. ) ;
#7936 = EDGE_CURVE ( 'NONE', #4850, #7351, #714, .T. ) ;
#7937 = ORIENTED_EDGE ( 'NONE', *, *, #10712, .T. ) ;
#7938 = PLANE ( 'NONE',  #6524 ) ;
#7939 = EDGE_LOOP ( 'NONE', ( #4535, #7972, #4911, #3740 ) ) ;
#7940 = CARTESIAN_POINT ( 'NONE',  ( -9.000000000000000000, -8.750000000000000000, 0.000000000000000000 ) ) ;
#7941 = CARTESIAN_POINT ( 'NONE',  ( -8.488707373929848643, 0.1499999999999999944, -19.48809600687989985 ) ) ;
#7942 = CYLINDRICAL_SURFACE ( 'NONE', #8547, 0.2999999999999999334 ) ;
#7943 = EDGE_LOOP ( 'NONE', ( #1026, #5350, #3522, #8305 ) ) ;
#7944 = AXIS2_PLACEMENT_3D ( 'NONE', #1409, #4780, #7908 ) ;
#7945 = CARTESIAN_POINT ( 'NONE',  ( 32.48138229896110118, -1.802799999999900038, -44.10743720361814724 ) ) ;
#7946 = DIRECTION ( 'NONE',  ( 0.000000000000000000, 0.000000000000000000, 1.000000000000000000 ) ) ;
#7947 = CARTESIAN_POINT ( 'NONE',  ( -8.699999999999999289, 1.250000000000000000, 0.000000000000000000 ) ) ;
#7948 = CARTESIAN_POINT ( 'NONE',  ( 4.843000897764119905, -2.622730222957395441, -2.540000000000000036 ) ) ;
#7949 = EDGE_CURVE ( 'NONE', #1037, #10427, #4810, .T. ) ;
#7950 = AXIS2_PLACEMENT_3D ( 'NONE', #3456, #10149, #4446 ) ;
#7951 = ORIENTED_EDGE ( 'NONE', *, *, #6893, .F. ) ;
#7952 = ORIENTED_EDGE ( 'NONE', *, *, #8506, .F. ) ;
#7953 = CIRCLE ( 'NONE', #6365, 0.2999999999999999334 ) ;
#7954 = CARTESIAN_POINT ( 'NONE',  ( -8.773800045999999853, 3.433377838225404880E-14, -0.2207106321186549924 ) ) ;
#7955 = AXIS2_PLACEMENT_3D ( 'NONE', #6680, #4937, #1569 ) ;
#7956 = B_SPLINE_CURVE_WITH_KNOTS ( 'NONE', 3,
 ( #3495, #2814, #19, #5956, #9256, #7919, #5085, #8429 ),
 .UNSPECIFIED., .F., .F.,
 ( 4, 2, 2, 4 ),
 ( 0.000000000000000000, 0.5000000000000000000, 0.7500000000000000000, 1.000000000000000000 ),
 .UNSPECIFIED. ) ;
#7957 = EDGE_LOOP ( 'NONE', ( #3433, #7834, #7951, #9392, #6273, #50, #3068, #2004, #5431, #4185, #9534, #276, #3955, #2538, #9663, #9277, #1825, #1842, #851, #10368, #5878, #10139, #947, #10390, #9833, #4576, #6016, #7581, #2005, #2477, #6761, #9986, #702, #3407, #6828, #8759 ) ) ;
#7958 = CARTESIAN_POINT ( 'NONE',  ( 2.373399537764104839, -1.802799999999830094, -79.67810574249129729 ) ) ;
#7959 = DIRECTION ( 'NONE',  ( 0.000000000000000000, 0.000000000000000000, 1.000000000000000000 ) ) ;
#7960 = FACE_OUTER_BOUND ( 'NONE', #6399, .T. ) ;
#7961 = EDGE_CURVE ( 'NONE', #9205, #3011, #7333, .T. ) ;
#7962 = CARTESIAN_POINT ( 'NONE',  ( -8.923799999999999955, -1.499999954000060143, -8.976199024097221368 ) ) ;
#7963 = VECTOR ( 'NONE', #2500, 1000.000000000000000 ) ;
#7964 = EDGE_CURVE ( 'NONE', #3503, #7605, #617, .T. ) ;
#7965 = AXIS2_PLACEMENT_3D ( 'NONE', #4400, #1135, #5167 ) ;
#7966 = VERTEX_POINT ( 'NONE', #9857 ) ;
#7967 = ORIENTED_EDGE ( 'NONE', *, *, #7961, .F. ) ;
#7968 = LINE ( 'NONE', #8894, #5406 ) ;
#7969 = AXIS2_PLACEMENT_3D ( 'NONE', #8705, #1176, #10405 ) ;
#7970 = CARTESIAN_POINT ( 'NONE',  ( -9.000000000000000000, -7.500000000000000000, 0.8719667599999999519 ) ) ;
#7971 = LINE ( 'NONE', #9784, #10270 ) ;
#7972 = ORIENTED_EDGE ( 'NONE', *, *, #5768, .T. ) ;
#7973 = CARTESIAN_POINT ( 'NONE',  ( 8.923799999999999955, -1.499999954000091895, -4.545018999999999920 ) ) ;
#7974 = EDGE_CURVE ( 'NONE', #9588, #6679, #2386, .T. ) ;
#7975 = LINE ( 'NONE', #9672, #4867 ) ;
#7976 = ORIENTED_EDGE ( 'NONE', *, *, #2704, .T. ) ;
#7977 = CARTESIAN_POINT ( 'NONE',  ( 8.773800045999999853, -0.1499999079999994045, -19.48126663494194943 ) ) ;
#7978 = CIRCLE ( 'NONE', #7626, 0.1999999999999996503 ) ;
#7979 = DIRECTION ( 'NONE',  ( 9.035020874785528761E-17, 1.608122649676639805E-16, -1.000000000000000000 ) ) ;
#7980 = CIRCLE ( 'NONE', #4476, 0.2999999999999999334 ) ;
#7981 = ORIENTED_EDGE ( 'NONE', *, *, #3093, .F. ) ;
#7982 = CARTESIAN_POINT ( 'NONE',  ( -0.1266005422362320165, 5.525952301894079657E-14, -20.24880012599999901 ) ) ;
#7983 = CARTESIAN_POINT ( 'NONE',  ( 3.623399577764095270, -1.802799999999999958, -20.39880008000000089 ) ) ;
#7984 = ORIENTED_EDGE ( 'NONE', *, *, #4289, .F. ) ;
#7985 = VECTOR ( 'NONE', #2255, 1000.000000000000000 ) ;
#7986 = CARTESIAN_POINT ( 'NONE',  ( 9.000000000000000000, -7.200000000000000178, 0.000000000000000000 ) ) ;
#7987 = ADVANCED_FACE ( 'NONE', ( #1494 ), #4870, .F. ) ;
#7988 = VERTEX_POINT ( 'NONE', #8471 ) ;
#7989 = DIRECTION ( 'NONE',  ( 0.000000000000000000, -1.000000000000000000, 0.000000000000000000 ) ) ;
#7990 = CYLINDRICAL_SURFACE ( 'NONE', #4800, 0.2999999999999999334 ) ;
#7991 = DIRECTION ( 'NONE',  ( 0.000000000000000000, 0.000000000000000000, -1.000000000000000000 ) ) ;
#7992 = AXIS2_PLACEMENT_3D ( 'NONE', #433, #7036, #1206 ) ;
#7993 = B_SPLINE_CURVE_WITH_KNOTS ( 'NONE', 3,
 ( #5020, #4916, #8367, #7432 ),
 .UNSPECIFIED., .F., .F.,
 ( 4, 4 ),
 ( 0.000000000000000000, 1.000000000000000000 ),
 .UNSPECIFIED. ) ;
#7994 = LINE ( 'NONE', #7273, #1958 ) ;
#7995 = ORIENTED_EDGE ( 'NONE', *, *, #8308, .F. ) ;
#7996 = DIRECTION ( 'NONE',  ( 0.000000000000000000, 0.000000000000000000, -1.000000000000000000 ) ) ;
#7997 = LINE ( 'NONE', #10522, #7486 ) ;
#7998 = ADVANCED_FACE ( 'NONE', ( #6001 ), #4254, .F. ) ;
#7999 = CARTESIAN_POINT ( 'NONE',  ( 5.097000897764120353, -1.499999954000106106, 0.000000000000000000 ) ) ;
#8000 = CIRCLE ( 'NONE', #9400, 0.2999999999999999334 ) ;
#8001 = EDGE_LOOP ( 'NONE', ( #6534, #6773, #4080, #2669 ) ) ;
#8002 = CARTESIAN_POINT ( 'NONE',  ( 8.703089367881348792, -0.1393600662480470043, 4.359153248272474934E-16 ) ) ;
#8003 = CARTESIAN_POINT ( 'NONE',  ( -9.000000000000000000, -8.750000000000000000, 0.8719667599999999519 ) ) ;
#8004 = CARTESIAN_POINT ( 'NONE',  ( 8.735531702763498885, -0.1499999079999969898, -19.45740296287634763 ) ) ;
#8005 = DIRECTION ( 'NONE',  ( -1.000000000000000000, -3.629128540980805093E-15, -8.904572318030769708E-17 ) ) ;
#8006 = VECTOR ( 'NONE', #2120, 1000.000000000000000 ) ;
#8007 = ORIENTED_EDGE ( 'NONE', *, *, #2908, .F. ) ;
#8008 = ORIENTED_EDGE ( 'NONE', *, *, #3866, .T. ) ;
#8009 = CARTESIAN_POINT ( 'NONE',  ( -7.875220641858579285, 0.01870654388754250039, -20.34686886791210014 ) ) ;
#8010 = CARTESIAN_POINT ( 'NONE',  ( -6.326600842235899691, -1.802799999999999958, -20.24880012599999901 ) ) ;
#8011 = ORIENTED_EDGE ( 'NONE', *, *, #9287, .F. ) ;
#8012 = CARTESIAN_POINT ( 'NONE',  ( -1.376600582236230164, -1.738527777144459622E-13, -20.24880012599999901 ) ) ;
#8013 = EDGE_CURVE ( 'NONE', #6237, #3928, #6113, .T. ) ;
#8014 = VECTOR ( 'NONE', #1003, 1000.000000000000000 ) ;
#8015 = CARTESIAN_POINT ( 'NONE',  ( -8.923799999999999955, -1.499999954000060143, -18.04719942409725064 ) ) ;
#8016 = EDGE_CURVE ( 'NONE', #7475, #7128, #5187, .T. ) ;
#8017 = VECTOR ( 'NONE', #710, 1000.000000000000000 ) ;
#8018 = CARTESIAN_POINT ( 'NONE',  ( -8.773800045999999853, 3.434729301071215197E-14, -9.297199144097220369 ) ) ;
#8019 = CARTESIAN_POINT ( 'NONE',  ( 8.453089367881341687, -0.01439896467488427541, -0.2262653957880975675 ) ) ;
#8020 = EDGE_LOOP ( 'NONE', ( #10000, #2183, #4004, #5816 ) ) ;
#8021 = EDGE_LOOP ( 'NONE', ( #3396, #9116, #3234, #6671 ) ) ;
#8022 = VECTOR ( 'NONE', #6567, 1000.000000000000000 ) ;
#8023 = CARTESIAN_POINT ( 'NONE',  ( -8.453089367881339911, 4.065758146820640050E-15, -0.2999999080000035345 ) ) ;
#8024 = CARTESIAN_POINT ( 'NONE',  ( -9.000000000000000000, -5.000000000000000000, 0.8719667599999999519 ) ) ;
#8025 = ADVANCED_FACE ( 'NONE', ( #2545 ), #10286, .F. ) ;
#8026 = CARTESIAN_POINT ( 'NONE',  ( -8.747256495001190402, -0.06479686222636379944, -19.32169988139930084 ) ) ;
#8027 = CARTESIAN_POINT ( 'NONE',  ( -6.072600842235959639, -1.499999954000042157, -20.24880012599999901 ) ) ;
#8028 = VERTEX_POINT ( 'NONE', #65 ) ;
#8030 = CIRCLE ( 'NONE', #5397, 0.2999999999999999334 ) ;
#8029 = FACE_OUTER_BOUND ( 'NONE', #9553, .T. ) ;
#8031 = DIRECTION ( 'NONE',  ( 0.000000000000000000, 1.000000000000000000, 0.000000000000000000 ) ) ;
#8032 = ORIENTED_EDGE ( 'NONE', *, *, #7949, .F. ) ;
#8033 = PRODUCT_CONTEXT ( 'NONE', #10794, 'mechanical' ) ;
#8034 = CARTESIAN_POINT ( 'NONE',  ( 7.890014929625221107, 0.1500000000000514810, -20.11814382951234847 ) ) ;
#8035 = DIRECTION ( 'NONE',  ( 0.000000000000000000, 2.903302832784645416E-15, -1.000000000000000000 ) ) ;
#8036 = ORIENTED_EDGE ( 'NONE', *, *, #4816, .F. ) ;
#8037 = EDGE_CURVE ( 'NONE', #9056, #6899, #8583, .T. ) ;
#8038 = VECTOR ( 'NONE', #9153, 1000.000000000000000 ) ;
#8039 = EDGE_CURVE ( 'NONE', #3749, #7852, #5947, .T. ) ;
#8040 = CIRCLE ( 'NONE', #9086, 0.2999999999999999334 ) ;
#8041 = CARTESIAN_POINT ( 'NONE',  ( 8.623800091999999751, 0.1499999999999999944, -19.16595265026500172 ) ) ;
#8042 = DIRECTION ( 'NONE',  ( 1.000000000000000000, 0.000000000000000000, 8.904572318030769708E-17 ) ) ;
#8043 = EDGE_LOOP ( 'NONE', ( #3169, #8931, #5274, #1498 ) ) ;
#8044 = FACE_OUTER_BOUND ( 'NONE', #5636, .T. ) ;
#8045 = VERTEX_POINT ( 'NONE', #7708 ) ;
#8046 = DIRECTION ( 'NONE',  ( 0.000000000000000000, 1.000000000000000000, 0.000000000000000000 ) ) ;
#8047 = DIRECTION ( 'NONE',  ( 0.000000000000000000, 0.000000000000000000, 1.000000000000000000 ) ) ;
#8048 = LINE ( 'NONE', #2831, #6211 ) ;
#8049 = EDGE_CURVE ( 'NONE', #10858, #8142, #9408, .T. ) ;
#8050 = DIRECTION ( 'NONE',  ( 0.000000000000000000, 0.000000000000000000, 1.000000000000000000 ) ) ;
#8051 = VERTEX_POINT ( 'NONE', #5895 ) ;
#8052 = CARTESIAN_POINT ( 'NONE',  ( 8.773800046000008734, -1.499999953999895830, 1.689237721322650173E-14 ) ) ;
#8053 = DIRECTION ( 'NONE',  ( 0.000000000000000000, -1.000000000000000000, 3.491481338843135327E-15 ) ) ;
#8054 = FACE_OUTER_BOUND ( 'NONE', #2812, .T. ) ;
#8055 = ORIENTED_EDGE ( 'NONE', *, *, #10188, .F. ) ;
#8056 = CARTESIAN_POINT ( 'NONE',  ( 8.923799999999999955, -1.499999954000104108, -16.47001928000000248 ) ) ;
#8057 = CARTESIAN_POINT ( 'NONE',  ( 9.000000000000000000, 1.550000000000000044, 0.000000000000000000 ) ) ;
#8058 = LINE ( 'NONE', #6190, #7428 ) ;
#8059 = CARTESIAN_POINT ( 'NONE',  ( -8.047903072767208954, 0.01838495531328884769, -20.28003128818235012 ) ) ;
#8060 = ORIENTED_EDGE ( 'NONE', *, *, #2797, .F. ) ;
#8061 = EDGE_CURVE ( 'NONE', #9295, #4421, #7756, .T. ) ;
#8062 = ORIENTED_EDGE ( 'NONE', *, *, #2587, .F. ) ;
#8063 = DIRECTION ( 'NONE',  ( -3.848953698056000290E-15, -1.000000000000000000, 6.123233995736769734E-17 ) ) ;
#8064 = CARTESIAN_POINT ( 'NONE',  ( -9.000000000000000000, -1.250000000000000000, 0.000000000000000000 ) ) ;
#8065 = VERTEX_POINT ( 'NONE', #1881 ) ;
#8066 = CARTESIAN_POINT ( 'NONE',  ( 9.000000000000000000, 2.200000000000000178, 0.000000000000000000 ) ) ;
#8067 = LINE ( 'NONE', #4612, #825 ) ;
#8068 = CARTESIAN_POINT ( 'NONE',  ( -8.773800046000008734, -0.9999999540000609199, -16.47619926409720037 ) ) ;
#8069 = CARTESIAN_POINT ( 'NONE',  ( 9.000000000000000000, 7.799999999999999822, 0.000000000000000000 ) ) ;
#8070 = ORIENTED_EDGE ( 'NONE', *, *, #5521, .F. ) ;
#8071 = EDGE_CURVE ( 'NONE', #3625, #2508, #7543, .T. ) ;
#8072 = VERTEX_POINT ( 'NONE', #1767 ) ;
#8073 = CARTESIAN_POINT ( 'NONE',  ( 8.923799999999999955, -1.499999954000091895, -16.79101939999999971 ) ) ;
#8074 = CARTESIAN_POINT ( 'NONE',  ( 2.200000000000000178, 11.00000000000000000, 0.000000000000000000 ) ) ;
#8075 = CARTESIAN_POINT ( 'NONE',  ( -8.623800091999999751, 4.599999496438830302E-08, -19.16195333473704920 ) ) ;
#8076 = CARTESIAN_POINT ( 'NONE',  ( -8.735531702763498885, -0.1499999080000020135, -19.45340364734834893 ) ) ;
#8077 = ORIENTED_EDGE ( 'NONE', *, *, #9378, .T. ) ;
#8078 = CARTESIAN_POINT ( 'NONE',  ( -8.002267239413990652, -1.802799999999999958, -20.39880008000000089 ) ) ;
#8079 = DIRECTION ( 'NONE',  ( -3.848953698056000290E-15, -1.000000000000000000, 6.123233995736769734E-17 ) ) ;
#8080 = B_SPLINE_CURVE_WITH_KNOTS ( 'NONE', 3,
 ( #6301, #3996, #2175, #8979 ),
 .UNSPECIFIED., .F., .F.,
 ( 4, 4 ),
 ( 2.007249870337214704E-06, 1.000000000000000000 ),
 .UNSPECIFIED. ) ;
#8081 = VERTEX_POINT ( 'NONE', #935 ) ;
#8082 = B_SPLINE_CURVE_WITH_KNOTS ( 'NONE', 3,
 ( #8929, #8877, #5430, #6465, #6249, #1191, #8771, #2179 ),
 .UNSPECIFIED., .F., .F.,
 ( 4, 2, 2, 4 ),
 ( 0.000000000000000000, 0.2500000000000001110, 0.4999999999999997224, 1.000000000000000000 ),
 .UNSPECIFIED. ) ;
#8083 = CARTESIAN_POINT ( 'NONE',  ( 8.623800091999999751, 0.1499999999999999944, -0.4707106321186549924 ) ) ;
#8084 = LINE ( 'NONE', #4797, #3603 ) ;
#8085 = ORIENTED_EDGE ( 'NONE', *, *, #81, .T. ) ;
#8086 = ADVANCED_FACE ( 'NONE', ( #6877 ), #11, .T. ) ;
#8087 = CIRCLE ( 'NONE', #9662, 0.2999999999999999334 ) ;
#8088 = B_SPLINE_CURVE_WITH_KNOTS ( 'NONE', 3,
 ( #5692, #8229, #10860, #4824, #6674, #3335, #9924, #1450 ),
 .UNSPECIFIED., .F., .F.,
 ( 4, 2, 2, 4 ),
 ( 0.000000000000000000, 0.2499999999999998612, 0.4999999999999996114, 1.000000000000000000 ),
 .UNSPECIFIED. ) ;
#8089 = DIRECTION ( 'NONE',  ( 0.000000000000000000, -1.000000000000000000, 0.000000000000000000 ) ) ;
#8090 = CARTESIAN_POINT ( 'NONE',  ( 8.702185907131779530, -0.1285835052152365932, -0.1011499364432500020 ) ) ;
#8091 = EDGE_LOOP ( 'NONE', ( #5605, #8438, #1594, #8708 ) ) ;
#8092 = DIRECTION ( 'NONE',  ( 0.000000000000000000, 0.000000000000000000, 1.000000000000000000 ) ) ;
#8093 = ORIENTED_EDGE ( 'NONE', *, *, #5786, .F. ) ;
#8094 = DIRECTION ( 'NONE',  ( 3.446013993391870196E-15, 1.000000000000000000, -5.711776272529639886E-14 ) ) ;
#8095 = CARTESIAN_POINT ( 'NONE',  ( 7.824697896637928807, -0.06111922942097349626, -20.21987693258049745 ) ) ;
#8096 = EDGE_CURVE ( 'NONE', #9578, #6530, #9383, .T. ) ;
#8097 = DIRECTION ( 'NONE',  ( -3.773070647129320449E-15, 1.000000000000000000, 0.000000000000000000 ) ) ;
#8098 = ADVANCED_FACE ( 'NONE', ( #6057 ), #223, .F. ) ;
#8099 = VECTOR ( 'NONE', #7711, 1000.000000000000000 ) ;
#8100 = CARTESIAN_POINT ( 'NONE',  ( 8.773800046000008734, -1.499999954000091895, 7.812693701354869467E-16 ) ) ;
#8101 = VERTEX_POINT ( 'NONE', #120 ) ;
#8102 = LINE ( 'NONE', #3991, #662 ) ;
#8103 = CARTESIAN_POINT ( 'NONE',  ( -5.066999602235879863, -1.499999954000106106, 0.000000000000000000 ) ) ;
#8104 = CARTESIAN_POINT ( 'NONE',  ( -8.773800045999999853, -1.499999954000382107, -2.326792659130314855E-14 ) ) ;
#8105 = ORIENTED_EDGE ( 'NONE', *, *, #5016, .T. ) ;
#8106 = DIRECTION ( 'NONE',  ( 0.000000000000000000, 0.000000000000000000, 1.000000000000000000 ) ) ;
#8107 = CARTESIAN_POINT ( 'NONE',  ( 8.923799999999999955, -1.802799999999999958, -8.295019119999990309 ) ) ;
#8108 = CARTESIAN_POINT ( 'NONE',  ( -8.923799999999999955, -1.802800045999999989, 6.288372600415919406E-15 ) ) ;
#8109 = VECTOR ( 'NONE', #8208, 1000.000000000000000 ) ;
#8110 = EDGE_CURVE ( 'NONE', #8356, #6218, #6936, .T. ) ;
#8111 = CARTESIAN_POINT ( 'NONE',  ( 4.049999999999999822, 11.00000000000000000, 0.000000000000000000 ) ) ;
#8112 = EDGE_LOOP ( 'NONE', ( #742, #3290, #2649, #4472 ) ) ;
#8113 = ORIENTED_EDGE ( 'NONE', *, *, #7710, .F. ) ;
#8114 = ORIENTED_EDGE ( 'NONE', *, *, #2165, .T. ) ;
#8115 = CARTESIAN_POINT ( 'NONE',  ( -8.773800045999999853, -1.499999954000053926, 4.138991808969800020E-15 ) ) ;
#8116 = AXIS2_PLACEMENT_3D ( 'NONE', #5808, #9161, #1073 ) ;
#8117 = CARTESIAN_POINT ( 'NONE',  ( -8.699999999999999289, 0.000000000000000000, 0.000000000000000000 ) ) ;
#8118 = VERTEX_POINT ( 'NONE', #5292 ) ;
#8119 = CARTESIAN_POINT ( 'NONE',  ( 8.453089367881350569, 4.065758146820640050E-15, -0.2999999080000029794 ) ) ;
#8120 = LINE ( 'NONE', #3785, #8348 ) ;
#8121 = CYLINDRICAL_SURFACE ( 'NONE', #3127, 0.2999999999999999334 ) ;
#8122 = LINE ( 'NONE', #2465, #10227 ) ;
#8123 = CARTESIAN_POINT ( 'NONE',  ( 8.773800046000008734, -1.802799999999999958, 7.812693701354880314E-16 ) ) ;
#8124 = EDGE_CURVE ( 'NONE', #773, #5363, #8634, .T. ) ;
#8125 = VECTOR ( 'NONE', #7297, 1000.000000000000000 ) ;
#8126 = CIRCLE ( 'NONE', #8649, 0.2999999999999999334 ) ;
#8127 = ORIENTED_EDGE ( 'NONE', *, *, #3700, .T. ) ;
#8128 = ORIENTED_EDGE ( 'NONE', *, *, #8692, .T. ) ;
#8129 = VECTOR ( 'NONE', #1784, 1000.000000000000000 ) ;
#8130 = CARTESIAN_POINT ( 'NONE',  ( -8.923799999999999955, -0.1499999079999989882, -0.2207106321186549924 ) ) ;
#8131 = ORIENTED_EDGE ( 'NONE', *, *, #8579, .F. ) ;
#8132 = CARTESIAN_POINT ( 'NONE',  ( -8.697534604211876186, -0.01439891867485969777, -0.4707106321186550479 ) ) ;
#8133 = AXIS2_PLACEMENT_3D ( 'NONE', #9516, #4530, #4687 ) ;
#8134 = CARTESIAN_POINT ( 'NONE',  ( -8.735132294650188811, -0.04918077474451129638, -19.24873779615195346 ) ) ;
#8135 = LINE ( 'NONE', #596, #788 ) ;
#8136 = ORIENTED_EDGE ( 'NONE', *, *, #8935, .T. ) ;
#8137 = CARTESIAN_POINT ( 'NONE',  ( 8.623800091999999751, 4.600000184907209830E-08, -19.16595265026500172 ) ) ;
#8138 = FACE_OUTER_BOUND ( 'NONE', #6676, .T. ) ;
#8139 = EDGE_CURVE ( 'NONE', #3112, #9664, #882, .T. ) ;
#8140 = EDGE_CURVE ( 'NONE', #409, #281, #10123, .T. ) ;
#8141 = AXIS2_PLACEMENT_3D ( 'NONE', #7574, #44, #5111 ) ;
#8142 = VERTEX_POINT ( 'NONE', #5567 ) ;
#8143 = DIRECTION ( 'NONE',  ( 0.000000000000000000, 0.000000000000000000, 1.000000000000000000 ) ) ;
#8144 = CARTESIAN_POINT ( 'NONE',  ( 8.747834439956060137, -0.06564668205623749864, -19.35422003738645103 ) ) ;
#8145 = VERTEX_POINT ( 'NONE', #10450 ) ;
#8146 = AXIS2_PLACEMENT_3D ( 'NONE', #3712, #10517, #8097 ) ;
#8147 = LINE ( 'NONE', #6656, #8109 ) ;
#8148 = LINE ( 'NONE', #1655, #1474 ) ;
#8149 = EDGE_LOOP ( 'NONE', ( #10749, #2925, #5144, #2798, #2454, #10836, #4789, #3934 ) ) ;
#8150 = CARTESIAN_POINT ( 'NONE',  ( -9.000000000000000000, 0.2999999999999999889, 0.000000000000000000 ) ) ;
#8151 = EDGE_CURVE ( 'NONE', #8172, #6226, #6381, .T. ) ;
#8152 = AXIS2_PLACEMENT_3D ( 'NONE', #10166, #2648, #8523 ) ;
#8153 = ADVANCED_FACE ( 'NONE', ( #1988 ), #8793, .F. ) ;
#8154 = EDGE_LOOP ( 'NONE', ( #2847, #2896, #4738, #3704, #549, #266, #5647, #3363, #9518, #1961, #6739, #3367, #2314, #956, #5504 ) ) ;
#8155 = CARTESIAN_POINT ( 'NONE',  ( -7.886015614097240167, -0.09006359392084929694, -20.39880007999999023 ) ) ;
#8156 = CARTESIAN_POINT ( 'NONE',  ( 0.1273994577640993886, -1.802799999999999958, -20.39880008000000089 ) ) ;
#8157 = VECTOR ( 'NONE', #8968, 1000.000000000000000 ) ;
#8158 = CARTESIAN_POINT ( 'NONE',  ( -6.326600842235899691, -1.802799999999830094, -79.67810574249129729 ) ) ;
#8159 = VECTOR ( 'NONE', #10829, 1000.000000000000000 ) ;
#8160 = CARTESIAN_POINT ( 'NONE',  ( -0.1266005422359010035, -1.802799999999830094, -79.67810574249129729 ) ) ;
#8161 = ORIENTED_EDGE ( 'NONE', *, *, #1035, .F. ) ;
#8162 = DIRECTION ( 'NONE',  ( -8.904572318034908763E-17, 1.074073889144384075E-14, 1.000000000000000000 ) ) ;
#8163 = DIRECTION ( 'NONE',  ( 0.000000000000000000, -1.000000000000000000, 0.000000000000000000 ) ) ;
#8164 = CARTESIAN_POINT ( 'NONE',  ( -7.875221141146669268, -0.06564669693353621105, -20.22283453007380061 ) ) ;
#8165 = EDGE_CURVE ( 'NONE', #1253, #8371, #5711, .T. ) ;
#8166 = VERTEX_POINT ( 'NONE', #7203 ) ;
#8167 = CARTESIAN_POINT ( 'NONE',  ( 5.950000000000000178, 11.00000000000000000, 0.000000000000000000 ) ) ;
#8168 = DIRECTION ( 'NONE',  ( 1.000000000000000000, 0.000000000000000000, 0.000000000000000000 ) ) ;
#8169 = DIRECTION ( 'NONE',  ( 0.000000000000000000, 1.000000000000000000, 0.000000000000000000 ) ) ;
#8170 = CARTESIAN_POINT ( 'NONE',  ( -8.703089367881348792, -0.1499999540000000187, 4.878909776184769953E-16 ) ) ;
#8171 = VERTEX_POINT ( 'NONE', #8690 ) ;
#8172 = VERTEX_POINT ( 'NONE', #3807 ) ;
#8173 = ORIENTED_EDGE ( 'NONE', *, *, #6955, .F. ) ;
#8174 = ADVANCED_FACE ( 'NONE', ( #7099 ), #5506, .F. ) ;
#8175 = CARTESIAN_POINT ( 'NONE',  ( -9.000000000000000000, 0.000000000000000000, 0.8719667599999999519 ) ) ;
#8176 = STYLED_ITEM ( 'NONE', ( #993 ), #2972 ) ;
#8177 = DIRECTION ( 'NONE',  ( -1.833260990695674992E-13, 1.000000000000000000, 0.000000000000000000 ) ) ;
#8178 = VERTEX_POINT ( 'NONE', #7152 ) ;
#8179 = CARTESIAN_POINT ( 'NONE',  ( -8.623800091999999751, 0.1499999999999969968, -19.16195333473704920 ) ) ;
#8180 = LINE ( 'NONE', #642, #9738 ) ;
#8181 = DIRECTION ( 'NONE',  ( -1.000000000000000000, 1.237566747377124013E-14, 4.763337108908320239E-29 ) ) ;
#8182 = EDGE_CURVE ( 'NONE', #2461, #7087, #7816, .T. ) ;
#8183 = LINE ( 'NONE', #2357, #3572 ) ;
#8184 = DIRECTION ( 'NONE',  ( -3.764865559144474816E-15, 1.000000000000000000, 0.000000000000000000 ) ) ;
#8185 = VECTOR ( 'NONE', #1729, 1000.000000000000114 ) ;
#8186 = B_SPLINE_SURFACE_WITH_KNOTS ( 'NONE', 1, 3, ( 
 ( #2286, #9601, #9816, #2236 ),
 ( #1292, #3063, #9701, #3881 ) ),
 .UNSPECIFIED., .F., .F., .F.,
 ( 2, 2 ),
 ( 4, 4 ),
 ( 0.000000000000000000, 1.000000000000000000 ),
 ( 0.000000000000000000, 1.000000000000000000 ),
 .UNSPECIFIED. ) ;
#8187 = EDGE_LOOP ( 'NONE', ( #172, #364, #1530, #3471, #9418, #7199, #314, #7995 ) ) ;
#8188 = ORIENTED_EDGE ( 'NONE', *, *, #7890, .T. ) ;
#8189 = EDGE_CURVE ( 'NONE', #8339, #2258, #331, .T. ) ;
#8190 = CARTESIAN_POINT ( 'NONE',  ( 9.000000000000000000, -2.500000000000000000, 0.8719667599999999519 ) ) ;
#8191 = ORIENTED_EDGE ( 'NONE', *, *, #5520, .T. ) ;
#8192 = VECTOR ( 'NONE', #5357, 1000.000000000000000 ) ;
#8193 = AXIS2_PLACEMENT_3D ( 'NONE', #7094, #10503, #5613 ) ;
#8194 = ORIENTED_EDGE ( 'NONE', *, *, #7129, .T. ) ;
#8195 = DIRECTION ( 'NONE',  ( 0.000000000000000000, 1.000000000000000000, 2.903302832784645416E-15 ) ) ;
#8196 = DIRECTION ( 'NONE',  ( 1.000000000000000000, 0.000000000000000000, 0.000000000000000000 ) ) ;
#8197 = B_SPLINE_CURVE_WITH_KNOTS ( 'NONE', 3,
 ( #1635, #2524, #2364, #5059, #9167, #8299 ),
 .UNSPECIFIED., .F., .F.,
 ( 4, 2, 4 ),
 ( 0.000000000000000000, 0.5000000000000000000, 1.000000000000000000 ),
 .UNSPECIFIED. ) ;
#8198 = ORIENTED_EDGE ( 'NONE', *, *, #7723, .F. ) ;
#8199 = FACE_OUTER_BOUND ( 'NONE', #6969, .T. ) ;
#8200 = DIRECTION ( 'NONE',  ( 3.629128540980805093E-15, -1.000000000000000000, -1.519554615377914829E-16 ) ) ;
#8201 = EDGE_LOOP ( 'NONE', ( #863, #9367, #5728, #1607 ) ) ;
#8202 = CIRCLE ( 'NONE', #9251, 0.2999999999999999334 ) ;
#8203 = VECTOR ( 'NONE', #6080, 1000.000000000000000 ) ;
#8204 = CARTESIAN_POINT ( 'NONE',  ( -8.699999999999999289, -1.250000000000000000, 0.000000000000000000 ) ) ;
#8205 = VERTEX_POINT ( 'NONE', #3699 ) ;
#8206 = EDGE_CURVE ( 'NONE', #2087, #8391, #3650, .T. ) ;
#8207 = AXIS2_PLACEMENT_3D ( 'NONE', #2026, #4564, #7906 ) ;
#8208 = DIRECTION ( 'NONE',  ( 3.848953698056000290E-15, -1.000000000000000000, -1.608122649676634875E-16 ) ) ;
#8209 = VECTOR ( 'NONE', #598, 1000.000000000000000 ) ;
#8210 = DIRECTION ( 'NONE',  ( 0.000000000000000000, 0.000000000000000000, 1.000000000000000000 ) ) ;
#8211 = ORIENTED_EDGE ( 'NONE', *, *, #7349, .T. ) ;
#8212 = CARTESIAN_POINT ( 'NONE',  ( -8.643143749512368856, 4.599999873199089873E-08, -19.36101569409725087 ) ) ;
#8213 = ORIENTED_EDGE ( 'NONE', *, *, #7262, .F. ) ;
#8214 = SHAPE_REPRESENTATION_RELATIONSHIP ( 'NONE' , 'NONE' ,  #10416, #9913 ) ;
#8215 = CARTESIAN_POINT ( 'NONE',  ( -9.000000000000000000, 5.950000000000000178, 0.000000000000000000 ) ) ;
#8216 = CARTESIAN_POINT ( 'NONE',  ( 1.123399497764103971, -1.802799999999830094, -79.67810574249129729 ) ) ;
#8217 = AXIS2_PLACEMENT_3D ( 'NONE', #323, #8989, #8177 ) ;
#8218 = VECTOR ( 'NONE', #3771, 1000.000000000000000 ) ;
#8219 = EDGE_CURVE ( 'NONE', #9313, #3483, #7875, .T. ) ;
#8220 = ADVANCED_FACE ( 'NONE', ( #10392 ), #4690, .F. ) ;
#8221 = CARTESIAN_POINT ( 'NONE',  ( -1.250000000000000000, 11.00000000000000000, 0.000000000000000000 ) ) ;
#8222 = ORIENTED_EDGE ( 'NONE', *, *, #5106, .F. ) ;
#8223 = DIRECTION ( 'NONE',  ( 0.000000000000000000, 0.000000000000000000, 1.000000000000000000 ) ) ;
#8224 = CARTESIAN_POINT ( 'NONE',  ( -8.074731328849830803, 0.02040614392399064947, -20.25125952904085125 ) ) ;
#8225 = CARTESIAN_POINT ( 'NONE',  ( -9.000000000000000000, 11.00000000000000000, 0.000000000000000000 ) ) ;
#8226 = ORIENTED_EDGE ( 'NONE', *, *, #2276, .T. ) ;
#8227 = DIRECTION ( 'NONE',  ( 0.000000000000000000, 0.000000000000000000, 1.000000000000000000 ) ) ;
#8228 = DIRECTION ( 'NONE',  ( 0.000000000000000000, 0.000000000000000000, -1.000000000000000000 ) ) ;
#8229 = CARTESIAN_POINT ( 'NONE',  ( 8.747260849030682905, -0.06480326468094829706, -19.32591518691074839 ) ) ;
#8230 = CARTESIAN_POINT ( 'NONE',  ( 8.923799999999999955, -0.1393599508108882001, -0.2207106321186584896 ) ) ;
#8231 = ORIENTED_EDGE ( 'NONE', *, *, #5885, .T. ) ;
#8232 = ORIENTED_EDGE ( 'NONE', *, *, #3565, .F. ) ;
#8233 = EDGE_CURVE ( 'NONE', #3141, #1921, #4578, .T. ) ;
#8234 = ORIENTED_EDGE ( 'NONE', *, *, #9163, .T. ) ;
#8235 = DIRECTION ( 'NONE',  ( 8.904572318030769708E-17, 5.101376584211580244E-31, -1.000000000000000000 ) ) ;
#8236 = CARTESIAN_POINT ( 'NONE',  ( -8.703089367881348792, -0.1499999539999994080, -0.2999999080000029794 ) ) ;
#8237 = ORIENTED_EDGE ( 'NONE', *, *, #8411, .T. ) ;
#8238 = B_SPLINE_CURVE_WITH_KNOTS ( 'NONE', 3,
 ( #950, #6730, #8487, #78 ),
 .UNSPECIFIED., .F., .F.,
 ( 4, 4 ),
 ( 0.000000000000000000, 1.000000000000000000 ),
 .UNSPECIFIED. ) ;
#8239 = CARTESIAN_POINT ( 'NONE',  ( -8.923799999999999955, -1.802800045999999989, 6.288372600415919406E-15 ) ) ;
#8240 = CARTESIAN_POINT ( 'NONE',  ( 8.463045002912730652, -1.802799999999999958, -19.72988966272709987 ) ) ;
#8241 = DIRECTION ( 'NONE',  ( 0.000000000000000000, 0.000000000000000000, 1.000000000000000000 ) ) ;
#8242 = DIRECTION ( 'NONE',  ( 1.000000000000000000, 0.000000000000000000, 0.000000000000000000 ) ) ;
#8243 = CARTESIAN_POINT ( 'NONE',  ( -8.773800045999999853, -1.499999954000060143, 3.125719160439294934E-15 ) ) ;
#8244 = EDGE_CURVE ( 'NONE', #8683, #8145, #1323, .T. ) ;
#8245 = ORIENTED_EDGE ( 'NONE', *, *, #1830, .T. ) ;
#8246 = ADVANCED_FACE ( 'NONE', ( #4475 ), #9517, .F. ) ;
#8247 = ORIENTED_EDGE ( 'NONE', *, *, #4451, .T. ) ;
#8248 = CYLINDRICAL_SURFACE ( 'NONE', #578, 0.2999999080000035345 ) ;
#8249 = VERTEX_POINT ( 'NONE', #7922 ) ;
#8250 = EDGE_LOOP ( 'NONE', ( #5469, #650, #2113, #3896 ) ) ;
#8251 = DIRECTION ( 'NONE',  ( 0.000000000000000000, 0.000000000000000000, 1.000000000000000000 ) ) ;
#8252 = LINE ( 'NONE', #5773, #9848 ) ;
#8253 = ORIENTED_EDGE ( 'NONE', *, *, #9278, .T. ) ;
#8254 = CARTESIAN_POINT ( 'NONE',  ( 1.123399497764047794, -1.499999954000070135, -20.24880012599999901 ) ) ;
#8255 = LINE ( 'NONE', #9122, #285 ) ;
#8256 = ORIENTED_EDGE ( 'NONE', *, *, #6262, .T. ) ;
#8257 = ADVANCED_FACE ( 'NONE', ( #5452 ), #5347, .F. ) ;
#8258 = CARTESIAN_POINT ( 'NONE',  ( -8.922075049335118635, -0.1178752348228414015, -0.2216140942213130072 ) ) ;
#8259 = B_SPLINE_CURVE_WITH_KNOTS ( 'NONE', 3,
 ( #9844, #3152, #3092, #9015, #6492, #7374 ),
 .UNSPECIFIED., .F., .F.,
 ( 4, 2, 4 ),
 ( 0.000000000000000000, 0.5000000000000000000, 1.000000000000000000 ),
 .UNSPECIFIED. ) ;
#8260 = ORIENTED_EDGE ( 'NONE', *, *, #5091, .T. ) ;
#8261 = DIRECTION ( 'NONE',  ( 0.000000000000000000, 3.491481338843135327E-15, -1.000000000000000000 ) ) ;
#8262 = DIRECTION ( 'NONE',  ( 0.000000000000000000, 1.000000000000000000, 2.903302832784645416E-15 ) ) ;
#8263 = ORIENTED_EDGE ( 'NONE', *, *, #1952, .F. ) ;
#8264 = DIRECTION ( 'NONE',  ( 8.904572318030509631E-17, 6.755151197360940495E-16, -1.000000000000000000 ) ) ;
#8265 = ORIENTED_EDGE ( 'NONE', *, *, #274, .T. ) ;
#8266 = EDGE_CURVE ( 'NONE', #6006, #4587, #385, .T. ) ;
#8267 = VECTOR ( 'NONE', #7600, 1000.000000000000000 ) ;
#8268 = CARTESIAN_POINT ( 'NONE',  ( -8.643143749512368856, 4.599999873199089873E-08, -19.36101569409725087 ) ) ;
#8269 = DIRECTION ( 'NONE',  ( 0.000000000000000000, -2.903302832784645416E-15, 1.000000000000000000 ) ) ;
#8270 = B_SPLINE_CURVE_WITH_KNOTS ( 'NONE', 3,
 ( #8696, #7821, #125, #1169 ),
 .UNSPECIFIED., .F., .F.,
 ( 4, 4 ),
 ( 0.000000000000000000, 1.000000000000000000 ),
 .UNSPECIFIED. ) ;
#8271 = CARTESIAN_POINT ( 'NONE',  ( 8.700381103086380463, 0.1499999999999999944, -19.16037139602200057 ) ) ;
#8272 = DIRECTION ( 'NONE',  ( 1.000000000000000000, 0.000000000000000000, 0.000000000000000000 ) ) ;
#8273 = CARTESIAN_POINT ( 'NONE',  ( -8.055143602370829825, -0.01423729588893109937, -20.02061382822260072 ) ) ;
#8274 = LINE ( 'NONE', #729, #5902 ) ;
#8275 = VERTEX_POINT ( 'NONE', #9627 ) ;
#8276 = LINE ( 'NONE', #8167, #9895 ) ;
#8277 = DIRECTION ( 'NONE',  ( 5.728940595924320405E-15, 1.000000000000000000, 0.000000000000000000 ) ) ;
#8278 = CARTESIAN_POINT ( 'NONE',  ( 8.453089367881350569, 0.1499999999999999944, -0.4707106321186549924 ) ) ;
#8279 = EDGE_CURVE ( 'NONE', #4027, #5119, #7321, .T. ) ;
#8280 = EDGE_CURVE ( 'NONE', #8857, #2600, #8084, .T. ) ;
#8281 = CYLINDRICAL_SURFACE ( 'NONE', #1294, 0.2999999999999999334 ) ;
#8282 = CIRCLE ( 'NONE', #3201, 0.2999999999999999334 ) ;
#8283 = ORIENTED_EDGE ( 'NONE', *, *, #6677, .F. ) ;
#8284 = ORIENTED_EDGE ( 'NONE', *, *, #832, .F. ) ;
#8285 = VERTEX_POINT ( 'NONE', #8258 ) ;
#8286 = LINE ( 'NONE', #10030, #922 ) ;
#8287 = DIRECTION ( 'NONE',  ( 1.833260990695674992E-13, -1.000000000000000000, -3.848953698056000290E-15 ) ) ;
#8288 = VERTEX_POINT ( 'NONE', #4079 ) ;
#8289 = AXIS2_PLACEMENT_3D ( 'NONE', #1165, #7158, #6281 ) ;
#8290 = CARTESIAN_POINT ( 'NONE',  ( -8.699028407858099499, 0.1499999999999954980, -19.15647066545493615 ) ) ;
#8291 = LINE ( 'NONE', #7564, #8689 ) ;
#8292 = DIRECTION ( 'NONE',  ( 5.728940595924320405E-15, 1.000000000000000000, 0.000000000000000000 ) ) ;
#8293 = LINE ( 'NONE', #2516, #8125 ) ;
#8294 = CARTESIAN_POINT ( 'NONE',  ( -8.709538048580389713, -0.06564668205626671138, -19.44267638930890030 ) ) ;
#8295 = EDGE_CURVE ( 'NONE', #9673, #7424, #1484, .T. ) ;
#8296 = VERTEX_POINT ( 'NONE', #6544 ) ;
#8297 = ORIENTED_EDGE ( 'NONE', *, *, #3269, .T. ) ;
#8298 = VECTOR ( 'NONE', #5159, 1000.000000000000000 ) ;
#8299 = CARTESIAN_POINT ( 'NONE',  ( 8.797244665355909987, 0.01870648438076745121, -19.53438020237314987 ) ) ;
#8300 = ORIENTED_EDGE ( 'NONE', *, *, #6658, .T. ) ;
#8301 = ORIENTED_EDGE ( 'NONE', *, *, #6411, .F. ) ;
#8302 = EDGE_CURVE ( 'NONE', #8943, #10105, #8259, .T. ) ;
#8303 = DIRECTION ( 'NONE',  ( 1.000000000000000000, 0.000000000000000000, -3.562560286365675406E-16 ) ) ;
#8304 = CARTESIAN_POINT ( 'NONE',  ( 8.773800046000008734, -1.802799999999999958, -4.545018999999999920 ) ) ;
#8305 = ORIENTED_EDGE ( 'NONE', *, *, #9163, .F. ) ;
#8306 = DIRECTION ( 'NONE',  ( 0.000000000000000000, 3.491481338843135327E-15, -1.000000000000000000 ) ) ;
#8307 = CARTESIAN_POINT ( 'NONE',  ( 9.000000000000000000, -10.00000000000000000, 0.000000000000000000 ) ) ;
#8308 = EDGE_CURVE ( 'NONE', #10858, #5405, #10070, .T. ) ;
#8309 = VECTOR ( 'NONE', #7003, 1000.000000000000000 ) ;
#8310 = ORIENTED_EDGE ( 'NONE', *, *, #9077, .T. ) ;
#8311 = AXIS2_PLACEMENT_3D ( 'NONE', #9610, #2189, #7239 ) ;
#8312 = VECTOR ( 'NONE', #5002, 1000.000000000000000 ) ;
#8313 = ADVANCED_FACE ( 'NONE', ( #9901 ), #10726, .T. ) ;
#8314 = ADVANCED_FACE ( 'NONE', ( #2376 ), #4854, .F. ) ;
#8315 = DIRECTION ( 'NONE',  ( -0.7071067811865445751, -2.596129730329804100E-15, 0.7071067811865504593 ) ) ;
#8316 = CARTESIAN_POINT ( 'NONE',  ( -4.872600702235899917, -1.802799999999999958, -20.39880008000000089 ) ) ;
#8317 = ORIENTED_EDGE ( 'NONE', *, *, #685, .F. ) ;
#8318 = DIRECTION ( 'NONE',  ( -8.904572318030769708E-17, -4.379057701015049943E-47, 1.000000000000000000 ) ) ;
#8319 = VERTEX_POINT ( 'NONE', #1374 ) ;
#8320 = CARTESIAN_POINT ( 'NONE',  ( 7.701459256947480014, -0.01423729588891169996, -20.16877125162789852 ) ) ;
#8321 = DIRECTION ( 'NONE',  ( 0.7071067811865490160, -2.721621260368435521E-15, 0.7071067811865461294 ) ) ;
#8322 = VECTOR ( 'NONE', #3969, 1000.000000000000000 ) ;
#8323 = VECTOR ( 'NONE', #8227, 1000.000000000000000 ) ;
#8324 = EDGE_CURVE ( 'NONE', #8402, #9720, #3910, .T. ) ;
#8325 = CARTESIAN_POINT ( 'NONE',  ( 8.623800091999999751, 4.600000016855879712E-08, -0.4707106321186549924 ) ) ;
#8326 = DIRECTION ( 'NONE',  ( 1.000000000000000000, 0.000000000000000000, 0.000000000000000000 ) ) ;
#8327 = VECTOR ( 'NONE', #6731, 1000.000000000000114 ) ;
#8328 = CARTESIAN_POINT ( 'NONE',  ( -9.000000000000000000, -1.250000000000000000, 0.8719667599999999519 ) ) ;
#8329 = DIRECTION ( 'NONE',  ( 1.000000000000000000, 0.000000000000000000, 0.000000000000000000 ) ) ;
#8330 = CARTESIAN_POINT ( 'NONE',  ( -8.923799999999999955, -0.9999999540000600318, -3.976198864097220120 ) ) ;
#8331 = VERTEX_POINT ( 'NONE', #8204 ) ;
#8332 = CARTESIAN_POINT ( 'NONE',  ( 7.982402882876349359, 3.096465739999384907E-14, -20.21053178276349982 ) ) ;
#8333 = CARTESIAN_POINT ( 'NONE',  ( 8.854041426266276105, 0.05066560908522099727, -19.25045358392374695 ) ) ;
#8334 = CARTESIAN_POINT ( 'NONE',  ( -9.000000000000000000, 0.9499999999999999556, 0.000000000000000000 ) ) ;
#8335 = LINE ( 'NONE', #6516, #7260 ) ;
#8336 = EDGE_LOOP ( 'NONE', ( #1551, #1002, #5703, #3964 ) ) ;
#8337 = AXIS2_PLACEMENT_3D ( 'NONE', #4633, #7979, #10555 ) ;
#8338 = ORIENTED_EDGE ( 'NONE', *, *, #10318, .F. ) ;
#8339 = VERTEX_POINT ( 'NONE', #9793 ) ;
#8340 = EDGE_CURVE ( 'NONE', #5957, #5585, #1687, .T. ) ;
#8341 = DIRECTION ( 'NONE',  ( 0.7071067811865470176, -3.592653961575235902E-15, 0.7071067811865480168 ) ) ;
#8342 = CARTESIAN_POINT ( 'NONE',  ( -9.000000000000000000, -6.550000000000000711, 0.8719667599999999519 ) ) ;
#8343 = ORIENTED_EDGE ( 'NONE', *, *, #2962, .F. ) ;
#8344 = CARTESIAN_POINT ( 'NONE',  ( -9.000000000000000000, 11.00000000000000000, 0.000000000000000000 ) ) ;
#8345 = DIRECTION ( 'NONE',  ( 0.000000000000000000, -3.848953698056000290E-15, 1.000000000000000000 ) ) ;
#8346 = CARTESIAN_POINT ( 'NONE',  ( -9.000000000000000000, 0.2999999999999999889, 0.8719667599999999519 ) ) ;
#8347 = CARTESIAN_POINT ( 'NONE',  ( 4.873399617764049729, -1.499999953999898050, -79.67810574249129729 ) ) ;
#8348 = VECTOR ( 'NONE', #5486, 1000.000000000000000 ) ;
#8349 = CARTESIAN_POINT ( 'NONE',  ( -8.773800046000008734, -1.499999954000060143, -4.297198984097219565 ) ) ;
#8350 = DIRECTION ( 'NONE',  ( 0.000000000000000000, 0.000000000000000000, 1.000000000000000000 ) ) ;
#8351 = ORIENTED_EDGE ( 'NONE', *, *, #7489, .T. ) ;
#8352 = AXIS2_PLACEMENT_3D ( 'NONE', #6777, #70, #7712 ) ;
#8353 = ORIENTED_EDGE ( 'NONE', *, *, #2254, .F. ) ;
#8354 = ADVANCED_FACE ( 'NONE', ( #10678 ), #9203, .T. ) ;
#8355 = CARTESIAN_POINT ( 'NONE',  ( 8.923799999999999955, 3.490650802758394511E-14, -0.2207106321186534659 ) ) ;
#8356 = VERTEX_POINT ( 'NONE', #6317 ) ;
#8357 = ORIENTED_EDGE ( 'NONE', *, *, #3617, .F. ) ;
#8358 = CARTESIAN_POINT ( 'NONE',  ( -8.923799999999999955, -0.9999999540000600318, -8.976199024097221368 ) ) ;
#8359 = CARTESIAN_POINT ( 'NONE',  ( -6.383799999999999919, -1.499999954000070135, -1.122198984097179997 ) ) ;
#8360 = ORIENTED_EDGE ( 'NONE', *, *, #5948, .F. ) ;
#8361 = LINE ( 'NONE', #10051, #8017 ) ;
#8362 = AXIS2_PLACEMENT_3D ( 'NONE', #4752, #8094, #8966 ) ;
#8363 = VERTEX_POINT ( 'NONE', #4848 ) ;
#8364 = VERTEX_POINT ( 'NONE', #1477 ) ;
#8365 = ADVANCED_FACE ( 'NONE', ( #4786 ), #3848, .F. ) ;
#8366 = CARTESIAN_POINT ( 'NONE',  ( 61.95510655778610243, -1.499999953999900049, -1.116018999999980110 ) ) ;
#8367 = CARTESIAN_POINT ( 'NONE',  ( -7.971946273647407821, -0.09046798262973090865, -20.20407448906255965 ) ) ;
#8368 = ORIENTED_EDGE ( 'NONE', *, *, #4236, .F. ) ;
#8369 = CARTESIAN_POINT ( 'NONE',  ( 8.923799999999999955, -1.499999954000091895, -18.29501944000000080 ) ) ;
#8370 = VECTOR ( 'NONE', #4652, 1000.000000000000000 ) ;
#8371 = VERTEX_POINT ( 'NONE', #10606 ) ;
#8372 = VECTOR ( 'NONE', #5905, 1000.000000000000000 ) ;
#8373 = DIRECTION ( 'NONE',  ( -1.833260990695839833E-13, 1.000000000000000000, 3.848953698056000290E-15 ) ) ;
#8374 = CARTESIAN_POINT ( 'NONE',  ( -43.63585387122780190, -1.499999953999851865, -55.25346717141340491 ) ) ;
#8375 = CARTESIAN_POINT ( 'NONE',  ( -9.000000000000000000, 6.550000000000000711, 0.000000000000000000 ) ) ;
#8376 = EDGE_CURVE ( 'NONE', #3630, #7507, #9667, .T. ) ;
#8377 = VECTOR ( 'NONE', #10169, 1000.000000000000000 ) ;
#8378 = CARTESIAN_POINT ( 'NONE',  ( 8.772937570667570739, -0.1339375714114274252, -0.4707101321186560328 ) ) ;
#8379 = FACE_OUTER_BOUND ( 'NONE', #3370, .T. ) ;
#8380 = CARTESIAN_POINT ( 'NONE',  ( 14.09646733281990016, -1.499999954000441837, -14.09646733281991970 ) ) ;
#8381 = DIRECTION ( 'NONE',  ( 0.000000000000000000, 0.000000000000000000, 1.000000000000000000 ) ) ;
#8382 = VERTEX_POINT ( 'NONE', #6428 ) ;
#8383 = CARTESIAN_POINT ( 'NONE',  ( 7.890014929625221107, 0.01838495531330324936, -20.34708726914155008 ) ) ;
#8384 = PRESENTATION_STYLE_ASSIGNMENT (( #10078 ) ) ;
#8385 = CARTESIAN_POINT ( 'NONE',  ( -8.923799999999999955, -1.802800045999999989, 6.288372600415919406E-15 ) ) ;
#8386 = VECTOR ( 'NONE', #4118, 1000.000000000000000 ) ;
#8387 = LINE ( 'NONE', #7347, #4299 ) ;
#8388 = ADVANCED_FACE ( 'NONE', ( #2199 ), #3194, .F. ) ;
#8389 = ORIENTED_EDGE ( 'NONE', *, *, #5117, .T. ) ;
#8390 = VERTEX_POINT ( 'NONE', #6371 ) ;
#8391 = VERTEX_POINT ( 'NONE', #10669 ) ;
#8392 = PLANE ( 'NONE',  #2342 ) ;
#8393 = LINE ( 'NONE', #9933, #1540 ) ;
#8394 = ORIENTED_EDGE ( 'NONE', *, *, #10249, .T. ) ;
#8395 = FACE_OUTER_BOUND ( 'NONE', #3882, .T. ) ;
#8396 = DIRECTION ( 'NONE',  ( 1.833260990695704780E-13, -1.000000000000000000, -3.848953698056000290E-15 ) ) ;
#8397 = CARTESIAN_POINT ( 'NONE',  ( 8.629465718112431460, -0.1499999079999965734, -19.35133697822525178 ) ) ;
#8398 = CARTESIAN_POINT ( 'NONE',  ( 8.735531702763498885, 4.599999997882339708E-08, -19.45740296287634763 ) ) ;
#8399 = DIRECTION ( 'NONE',  ( -0.7071067811865475727, -2.662161967126741286E-15, 0.7071067811865475727 ) ) ;
#8400 = CARTESIAN_POINT ( 'NONE',  ( -8.773800045999999853, 4.279921117622274280E-14, -4.872199104097219902 ) ) ;
#8401 = EDGE_CURVE ( 'NONE', #5513, #4355, #655, .T. ) ;
#8402 = VERTEX_POINT ( 'NONE', #8841 ) ;
#8403 = ORIENTED_EDGE ( 'NONE', *, *, #1376, .F. ) ;
#8404 = DIRECTION ( 'NONE',  ( 3.848953698056000290E-15, -1.000000000000000000, -1.608122649676634875E-16 ) ) ;
#8405 = ORIENTED_EDGE ( 'NONE', *, *, #1329, .T. ) ;
#8406 = ORIENTED_EDGE ( 'NONE', *, *, #5029, .F. ) ;
#8407 = CARTESIAN_POINT ( 'NONE',  ( -9.000000000000000000, 4.700000000000000178, 0.000000000000000000 ) ) ;
#8408 = PLANE ( 'NONE',  #8613 ) ;
#8409 = ORIENTED_EDGE ( 'NONE', *, *, #5620, .F. ) ;
#8410 = DIRECTION ( 'NONE',  ( 1.000000000000000000, 0.000000000000000000, 0.000000000000000000 ) ) ;
#8411 = EDGE_CURVE ( 'NONE', #6859, #3439, #704, .T. ) ;
#8412 = EDGE_CURVE ( 'NONE', #3664, #10725, #4022, .T. ) ;
#8413 = ORIENTED_EDGE ( 'NONE', *, *, #106, .T. ) ;
#8414 = ORIENTED_EDGE ( 'NONE', *, *, #6334, .F. ) ;
#8415 = CARTESIAN_POINT ( 'NONE',  ( -8.709538048580389713, -0.06564668205626671138, -19.44267638930890030 ) ) ;
#8416 = CARTESIAN_POINT ( 'NONE',  ( 9.000000000000000000, -10.00000000000000000, 0.8719667599999999519 ) ) ;
#8417 = VERTEX_POINT ( 'NONE', #2139 ) ;
#8418 = FACE_OUTER_BOUND ( 'NONE', #10183, .T. ) ;
#8419 = EDGE_LOOP ( 'NONE', ( #717, #8310, #4763, #8915 ) ) ;
#8420 = DIRECTION ( 'NONE',  ( -1.000000000000000000, 0.000000000000000000, 6.189589613795100152E-31 ) ) ;
#8421 = EDGE_CURVE ( 'NONE', #2373, #4568, #9412, .T. ) ;
#8422 = CARTESIAN_POINT ( 'NONE',  ( -6.383799999999999919, -1.499999954000070135, -18.30119942409725198 ) ) ;
#8423 = ORIENTED_EDGE ( 'NONE', *, *, #3314, .T. ) ;
#8424 = FACE_OUTER_BOUND ( 'NONE', #4843, .T. ) ;
#8425 = DIRECTION ( 'NONE',  ( -8.904572318030769708E-17, -4.379057701015049943E-47, 1.000000000000000000 ) ) ;
#8426 = VERTEX_POINT ( 'NONE', #9780 ) ;
#8427 = EDGE_CURVE ( 'NONE', #9997, #2796, #4660, .T. ) ;
#8428 = CARTESIAN_POINT ( 'NONE',  ( -8.923799999999999955, -1.499999954000060143, -1.122198984097179997 ) ) ;
#8429 = CARTESIAN_POINT ( 'NONE',  ( 8.709539122508060061, -0.06564671180961409447, -19.44667465952534968 ) ) ;
#8430 = ORIENTED_EDGE ( 'NONE', *, *, #8302, .T. ) ;
#8431 = CARTESIAN_POINT ( 'NONE',  ( -1.376600582235954162, -1.499999954000045932, -20.39880008000000089 ) ) ;
#8432 = CARTESIAN_POINT ( 'NONE',  ( -1.376600582235954162, -1.499999953999874069, -79.67810574249129729 ) ) ;
#8433 = DIRECTION ( 'NONE',  ( 1.000000000000000000, -3.446013993391890312E-15, 0.000000000000000000 ) ) ;
#8434 = EDGE_CURVE ( 'NONE', #9225, #9397, #2309, .T. ) ;
#8435 = LINE ( 'NONE', #3445, #1469 ) ;
#8436 = VERTEX_POINT ( 'NONE', #7193 ) ;
#8437 = ORIENTED_EDGE ( 'NONE', *, *, #274, .F. ) ;
#8438 = ORIENTED_EDGE ( 'NONE', *, *, #3680, .T. ) ;
#8439 = CARTESIAN_POINT ( 'NONE',  ( -9.000000000000000000, 11.00000000000000000, 0.000000000000000000 ) ) ;
#8440 = VECTOR ( 'NONE', #9196, 1000.000000000000000 ) ;
#8441 = CARTESIAN_POINT ( 'NONE',  ( 8.074614665155657178, 0.1500000000000020761, -20.01341232772429279 ) ) ;
#8442 = ORIENTED_EDGE ( 'NONE', *, *, #2208, .F. ) ;
#8443 = EDGE_CURVE ( 'NONE', #4919, #5014, #10544, .T. ) ;
#8444 = CARTESIAN_POINT ( 'NONE',  ( -8.702788389077070974, -0.1393154062177490160, -0.1502832331794559939 ) ) ;
#8445 = CARTESIAN_POINT ( 'NONE',  ( -8.772937570667560081, -0.1339375714114210136, -0.2216140942213130072 ) ) ;
#8446 = CARTESIAN_POINT ( 'NONE',  ( -9.000000000000000000, 8.750000000000000000, 0.8719667599999999519 ) ) ;
#8447 = CARTESIAN_POINT ( 'NONE',  ( -0.9499999999999999556, 11.00000000000000000, 0.8719667599999999519 ) ) ;
#8448 = FACE_OUTER_BOUND ( 'NONE', #3382, .T. ) ;
#8449 = DIRECTION ( 'NONE',  ( -1.000000000000000000, 0.000000000000000000, 0.000000000000000000 ) ) ;
#8450 = ORIENTED_EDGE ( 'NONE', *, *, #1377, .T. ) ;
#8451 = VERTEX_POINT ( 'NONE', #3026 ) ;
#8452 = VECTOR ( 'NONE', #1885, 1000.000000000000000 ) ;
#8453 = FACE_OUTER_BOUND ( 'NONE', #5642, .T. ) ;
#8454 = ORIENTED_EDGE ( 'NONE', *, *, #7747, .F. ) ;
#8455 = EDGE_CURVE ( 'NONE', #3902, #6232, #7057, .T. ) ;
#8456 = CARTESIAN_POINT ( 'NONE',  ( 8.190999999999998948, 10.41999999999999993, 0.000000000000000000 ) ) ;
#8457 = DIRECTION ( 'NONE',  ( 1.833260990695704780E-13, -1.000000000000000000, -3.848953698056000290E-15 ) ) ;
#8458 = ORIENTED_EDGE ( 'NONE', *, *, #1567, .F. ) ;
#8459 = DIRECTION ( 'NONE',  ( -1.000000000000000000, 0.000000000000000000, 3.562560286365675406E-16 ) ) ;
#8460 = SHAPE_REPRESENTATION ( 'MECH-10389', ( #4673 ), #1149 ) ;
#8461 = ORIENTED_EDGE ( 'NONE', *, *, #10562, .T. ) ;
#8462 = ORIENTED_EDGE ( 'NONE', *, *, #7548, .F. ) ;
#8464 = EDGE_CURVE ( 'NONE', #3818, #2918, #594, .T. ) ;
#8463 = FACE_OUTER_BOUND ( 'NONE', #1454, .T. ) ;
#8465 = VECTOR ( 'NONE', #5214, 1000.000000000000000 ) ;
#8466 = CARTESIAN_POINT ( 'NONE',  ( -8.763742251255790094, 0.1215253162221796024, -19.17246002141940053 ) ) ;
#8467 = VERTEX_POINT ( 'NONE', #6649 ) ;
#8468 = CARTESIAN_POINT ( 'NONE',  ( 9.000000000000000000, 5.299999999999999822, 0.8719667599999999519 ) ) ;
#8469 = ORIENTED_EDGE ( 'NONE', *, *, #2704, .F. ) ;
#8470 = PLANE ( 'NONE',  #926 ) ;
#8471 = CARTESIAN_POINT ( 'NONE',  ( 4.700000000000000178, 11.00000000000000000, 0.8719667599999999519 ) ) ;
#8472 = VECTOR ( 'NONE', #8457, 1000.000000000000000 ) ;
#8473 = ORIENTED_EDGE ( 'NONE', *, *, #2106, .F. ) ;
#8474 = VECTOR ( 'NONE', #2291, 1000.000000000000000 ) ;
#8476 = EDGE_CURVE ( 'NONE', #3319, #6530, #7576, .T. ) ;
#8475 = DIRECTION ( 'NONE',  ( -3.848953698056000290E-15, 1.000000000000000000, 0.000000000000000000 ) ) ;
#8477 = CARTESIAN_POINT ( 'NONE',  ( -7.886015614097240167, -0.1499999079999995988, -20.24880012599999901 ) ) ;
#8478 = EDGE_CURVE ( 'NONE', #8275, #2079, #2586, .T. ) ;
#8479 = DIRECTION ( 'NONE',  ( 0.000000000000000000, -2.903302832784645416E-15, 1.000000000000000000 ) ) ;
#8480 = PLANE ( 'NONE',  #4511 ) ;
#8481 = CARTESIAN_POINT ( 'NONE',  ( -9.000000000000000000, -9.050000000000000711, 0.8719667599999999519 ) ) ;
#8482 = VERTEX_POINT ( 'NONE', #8456 ) ;
#8483 = AXIS2_PLACEMENT_3D ( 'NONE', #6501, #2326, #3213 ) ;
#8484 = CARTESIAN_POINT ( 'NONE',  ( 9.000000000000000000, 0.2999999999999999889, 0.000000000000000000 ) ) ;
#8485 = CARTESIAN_POINT ( 'NONE',  ( -8.923799999999999955, 3.487101505093044495E-14, 3.179157548346999777E-15 ) ) ;
#8486 = VECTOR ( 'NONE', #3280, 1000.000000000000000 ) ;
#8487 = CARTESIAN_POINT ( 'NONE',  ( 8.702788389077070974, -0.1393154062177673902, -0.1502832331794544951 ) ) ;
#8488 = AXIS2_PLACEMENT_3D ( 'NONE', #8239, #2410, #10653 ) ;
#8489 = CARTESIAN_POINT ( 'NONE',  ( 2.373399537764049771, -1.499999954000070135, -20.24880012599999901 ) ) ;
#8490 = ORIENTED_EDGE ( 'NONE', *, *, #8266, .T. ) ;
#8491 = ORIENTED_EDGE ( 'NONE', *, *, #4947, .T. ) ;
#8492 = ORIENTED_EDGE ( 'NONE', *, *, #1856, .T. ) ;
#8493 = DIRECTION ( 'NONE',  ( 0.000000000000000000, 0.000000000000000000, -1.000000000000000000 ) ) ;
#8494 = ADVANCED_FACE ( 'NONE', ( #1802 ), #3469, .F. ) ;
#8495 = DIRECTION ( 'NONE',  ( -8.904572318016699635E-17, -3.655660926715080239E-14, 1.000000000000000000 ) ) ;
#8496 = ORIENTED_EDGE ( 'NONE', *, *, #413, .T. ) ;
#8497 = CARTESIAN_POINT ( 'NONE',  ( -3.622600662235899716, -1.802799999999999958, -20.24880012599999901 ) ) ;
#8498 = CARTESIAN_POINT ( 'NONE',  ( -8.773800046000008734, -1.802799999999999958, -0.8011988640971789977 ) ) ;
#8499 = LINE ( 'NONE', #9377, #4005 ) ;
#8500 = CARTESIAN_POINT ( 'NONE',  ( 9.000000000000000000, -10.00000000000000000, 0.8719667599999999519 ) ) ;
#8501 = DIRECTION ( 'NONE',  ( 0.000000000000000000, 0.000000000000000000, 1.000000000000000000 ) ) ;
#8502 = LINE ( 'NONE', #6083, #8465 ) ;
#8503 = AXIS2_PLACEMENT_3D ( 'NONE', #6496, #10731, #3208 ) ;
#8504 = LINE ( 'NONE', #2681, #234 ) ;
#8505 = VECTOR ( 'NONE', #3751, 1000.000000000000000 ) ;
#8506 = EDGE_CURVE ( 'NONE', #10436, #6924, #5009, .T. ) ;
#8507 = ADVANCED_FACE ( 'NONE', ( #5062 ), #6753, .F. ) ;
#8508 = ORIENTED_EDGE ( 'NONE', *, *, #3301, .F. ) ;
#8509 = VERTEX_POINT ( 'NONE', #8358 ) ;
#8510 = CARTESIAN_POINT ( 'NONE',  ( 0.000000000000000000, 0.1499999999999999944, -0.4707106321186549924 ) ) ;
#8511 = ORIENTED_EDGE ( 'NONE', *, *, #9040, .T. ) ;
#8512 = AXIS2_PLACEMENT_3D ( 'NONE', #9497, #5275, #260 ) ;
#8513 = CARTESIAN_POINT ( 'NONE',  ( 9.000000000000000000, 11.00000000000000000, 0.000000000000000000 ) ) ;
#8514 = PLANE ( 'NONE',  #224 ) ;
#8515 = VERTEX_POINT ( 'NONE', #47 ) ;
#8516 = LINE ( 'NONE', #5330, #6187 ) ;
#8517 = EDGE_CURVE ( 'NONE', #7229, #2906, #10048, .T. ) ;
#8518 = ORIENTED_EDGE ( 'NONE', *, *, #7830, .T. ) ;
#8519 = ORIENTED_EDGE ( 'NONE', *, *, #10596, .F. ) ;
#8520 = CARTESIAN_POINT ( 'NONE',  ( -8.052888275517648964, 0.01859936015242805163, -20.27484030632964718 ) ) ;
#8521 = VECTOR ( 'NONE', #4541, 1000.000000000000000 ) ;
#8522 = LINE ( 'NONE', #3529, #7034 ) ;
#8523 = DIRECTION ( 'NONE',  ( 1.000000000000000000, 0.000000000000000000, 0.000000000000000000 ) ) ;
#8524 = ORIENTED_EDGE ( 'NONE', *, *, #40, .T. ) ;
#8525 = DIRECTION ( 'NONE',  ( 1.000000000000000000, 0.000000000000000000, 0.000000000000000000 ) ) ;
#8526 = VERTEX_POINT ( 'NONE', #2424 ) ;
#8527 = CARTESIAN_POINT ( 'NONE',  ( -5.710000000000000853, 4.722999999999999865, 0.000000000000000000 ) ) ;
#8528 = AXIS2_PLACEMENT_3D ( 'NONE', #8003, #10478, #1506 ) ;
#8529 = CARTESIAN_POINT ( 'NONE',  ( -8.923799999999999955, -1.802799999999999958, -0.8011988640971789977 ) ) ;
#8530 = EDGE_CURVE ( 'NONE', #6065, #3546, #7527, .T. ) ;
#8531 = ORIENTED_EDGE ( 'NONE', *, *, #10869, .T. ) ;
#8532 = PLANE ( 'NONE',  #9858 ) ;
#8533 = VECTOR ( 'NONE', #2954, 1000.000000000000000 ) ;
#8534 = CARTESIAN_POINT ( 'NONE',  ( 8.773800045999999853, 3.434729301071215197E-14, -0.5410188799999838816 ) ) ;
#8535 = VECTOR ( 'NONE', #4575, 1000.000000000000000 ) ;
#8536 = CARTESIAN_POINT ( 'NONE',  ( 6.123399657764049486, -1.499999954000070135, -20.39880008000000089 ) ) ;
#8537 = VERTEX_POINT ( 'NONE', #5818 ) ;
#8538 = DIRECTION ( 'NONE',  ( 8.904572318030769708E-17, 3.231583754459304999E-31, -1.000000000000000000 ) ) ;
#8539 = ORIENTED_EDGE ( 'NONE', *, *, #10484, .T. ) ;
#8540 = DIRECTION ( 'NONE',  ( 0.000000000000000000, 0.000000000000000000, 1.000000000000000000 ) ) ;
#8541 = FACE_OUTER_BOUND ( 'NONE', #2636, .T. ) ;
#8542 = CARTESIAN_POINT ( 'NONE',  ( -6.383799999999999919, -1.499999954000070135, -16.79719938409719759 ) ) ;
#8543 = DIRECTION ( 'NONE',  ( -1.000000000000000000, -6.180374837806370896E-15, 0.000000000000000000 ) ) ;
#8544 = ADVANCED_FACE ( 'NONE', ( #1750 ), #916, .F. ) ;
#8545 = VECTOR ( 'NONE', #7266, 1000.000000000000000 ) ;
#8546 = EDGE_CURVE ( 'NONE', #8285, #5405, #6145, .T. ) ;
#8547 = AXIS2_PLACEMENT_3D ( 'NONE', #3828, #7172, #407 ) ;
#8548 = ORIENTED_EDGE ( 'NONE', *, *, #360, .T. ) ;
#8549 = ORIENTED_EDGE ( 'NONE', *, *, #6920, .F. ) ;
#8550 = LINE ( 'NONE', #5310, #1808 ) ;
#8551 = ORIENTED_EDGE ( 'NONE', *, *, #10429, .T. ) ;
#8552 = VECTOR ( 'NONE', #7406, 1000.000000000000000 ) ;
#8553 = CARTESIAN_POINT ( 'NONE',  ( 8.488707373929848643, 0.1500000000000044909, -19.49209532240785236 ) ) ;
#8554 = CARTESIAN_POINT ( 'NONE',  ( 3.250871628118515722E-17, -1.802799999999999958, -20.24880012599999901 ) ) ;
#8555 = LINE ( 'NONE', #4337, #118 ) ;
#8556 = DIRECTION ( 'NONE',  ( -1.000000000000000000, 2.307739471244675151E-14, 8.882382371996991253E-29 ) ) ;
#8557 = DIRECTION ( 'NONE',  ( -1.833260990695704780E-13, 1.000000000000000000, 3.848953698056000290E-15 ) ) ;
#8558 = CARTESIAN_POINT ( 'NONE',  ( 8.283439880491350493, 5.466489313404349760E-14, -19.90949478514849957 ) ) ;
#8559 = DIRECTION ( 'NONE',  ( 0.000000000000000000, 0.000000000000000000, 1.000000000000000000 ) ) ;
#8560 = EDGE_CURVE ( 'NONE', #534, #1752, #6921, .T. ) ;
#8561 = ORIENTED_EDGE ( 'NONE', *, *, #2328, .F. ) ;
#8562 = ORIENTED_EDGE ( 'NONE', *, *, #5348, .T. ) ;
#8563 = CIRCLE ( 'NONE', #9445, 0.2999999999999999334 ) ;
#8564 = DIRECTION ( 'NONE',  ( 0.000000000000000000, 0.000000000000000000, -1.000000000000000000 ) ) ;
#8565 = ORIENTED_EDGE ( 'NONE', *, *, #2643, .F. ) ;
#8566 = FACE_OUTER_BOUND ( 'NONE', #326, .T. ) ;
#8567 = CARTESIAN_POINT ( 'NONE',  ( -8.773800046000008734, -1.802799999999999958, -18.04719942409725064 ) ) ;
#8568 = ORIENTED_EDGE ( 'NONE', *, *, #9914, .T. ) ;
#8569 = EDGE_CURVE ( 'NONE', #9298, #1835, #9118, .T. ) ;
#8570 = CARTESIAN_POINT ( 'NONE',  ( -8.923799999999999955, -1.499999954000060143, -9.551199144097219929 ) ) ;
#8571 = EDGE_CURVE ( 'NONE', #8515, #8426, #4130, .T. ) ;
#8572 = VERTEX_POINT ( 'NONE', #2639 ) ;
#8573 = VERTEX_POINT ( 'NONE', #5772 ) ;
#8574 = DIRECTION ( 'NONE',  ( 0.000000000000000000, 1.000000000000000000, 0.000000000000000000 ) ) ;
#8575 = LINE ( 'NONE', #2865, #8440 ) ;
#8576 = CARTESIAN_POINT ( 'NONE',  ( 3.250871628118515722E-17, -1.802799999999999958, -20.24880012599999901 ) ) ;
#8577 = EDGE_LOOP ( 'NONE', ( #3220, #7293, #4242, #9168 ) ) ;
#8578 = LINE ( 'NONE', #1044, #6614 ) ;
#8579 = EDGE_CURVE ( 'NONE', #9664, #1937, #5982, .T. ) ;
#8580 = VERTEX_POINT ( 'NONE', #7691 ) ;
#8581 = PRODUCT_CONTEXT ( 'NONE', #10222, 'mechanical' ) ;
#8582 = CARTESIAN_POINT ( 'NONE',  ( -8.623800092000008632, 4.599999491017820101E-08, -19.36101569409725087 ) ) ;
#8583 = LINE ( 'NONE', #8529, #10790 ) ;
#8584 = ORIENTED_EDGE ( 'NONE', *, *, #7322, .T. ) ;
#8585 = CARTESIAN_POINT ( 'NONE',  ( -2.200000000000000178, 11.00000000000000000, 0.8719667599999999519 ) ) ;
#8586 = CARTESIAN_POINT ( 'NONE',  ( -3.241600662235954555, -1.499999954000050151, -20.39880008000000089 ) ) ;
#8587 = LINE ( 'NONE', #6005, #10323 ) ;
#8588 = ORIENTED_EDGE ( 'NONE', *, *, #1525, .F. ) ;
#8589 = PLANE ( 'NONE',  #283 ) ;
#8590 = ADVANCED_FACE ( 'NONE', ( #1584 ), #4954, .F. ) ;
#8591 = VERTEX_POINT ( 'NONE', #3357 ) ;
#8592 = DIRECTION ( 'NONE',  ( 3.794707603699255264E-15, -1.000000000000000000, 8.205087984843659386E-18 ) ) ;
#8593 = DIRECTION ( 'NONE',  ( 0.000000000000000000, 0.000000000000000000, -1.000000000000000000 ) ) ;
#8594 = CARTESIAN_POINT ( 'NONE',  ( -8.055143602370829825, -0.01423729588893109937, -20.02061382822260072 ) ) ;
#8595 = CARTESIAN_POINT ( 'NONE',  ( 8.773800045999999853, 3.434729301071215197E-14, -0.7950188799999839961 ) ) ;
#8596 = B_SPLINE_CURVE_WITH_KNOTS ( 'NONE', 3,
 ( #7080, #8888, #10433, #5602 ),
 .UNSPECIFIED., .F., .F.,
 ( 4, 4 ),
 ( 0.000000000000000000, 1.000000000000000000 ),
 .UNSPECIFIED. ) ;
#8597 = EDGE_LOOP ( 'NONE', ( #7169, #9670, #711, #2210 ) ) ;
#8598 = ORIENTED_EDGE ( 'NONE', *, *, #10112, .F. ) ;
#8599 = DIRECTION ( 'NONE',  ( 0.000000000000000000, 1.000000000000000000, 0.000000000000000000 ) ) ;
#8600 = ORIENTED_EDGE ( 'NONE', *, *, #7548, .T. ) ;
#8601 = DIRECTION ( 'NONE',  ( 1.000000000000000000, 0.000000000000000000, 0.000000000000000000 ) ) ;
#8602 = CARTESIAN_POINT ( 'NONE',  ( -9.000000000000000000, 3.750000000000000000, 0.000000000000000000 ) ) ;
#8603 = EDGE_CURVE ( 'NONE', #3256, #10647, #9226, .T. ) ;
#8604 = LINE ( 'NONE', #3509, #2052 ) ;
#8605 = ADVANCED_FACE ( 'NONE', ( #8566 ), #4402, .F. ) ;
#8606 = B_SPLINE_CURVE_WITH_KNOTS ( 'NONE', 3,
 ( #2400, #734, #4106, #7451 ),
 .UNSPECIFIED., .F., .F.,
 ( 4, 4 ),
 ( 0.000000000000000000, 1.000000000000000000 ),
 .UNSPECIFIED. ) ;
#8607 = CARTESIAN_POINT ( 'NONE',  ( -8.084469551999390546, -1.499999954000050151, -20.31659776741464896 ) ) ;
#8608 = CARTESIAN_POINT ( 'NONE',  ( 9.000000000000000000, -3.750000000000000000, 0.8719667599999999519 ) ) ;
#8609 = DIRECTION ( 'NONE',  ( -1.000000000000000000, -3.629128540980805093E-15, -8.904572318030769708E-17 ) ) ;
#8610 = CARTESIAN_POINT ( 'NONE',  ( 9.000000000000000000, -7.500000000000000000, 0.000000000000000000 ) ) ;
#8611 = ORIENTED_EDGE ( 'NONE', *, *, #2391, .T. ) ;
#8612 = ORIENTED_EDGE ( 'NONE', *, *, #6212, .T. ) ;
#8613 = AXIS2_PLACEMENT_3D ( 'NONE', #9230, #868, #7528 ) ;
#8614 = CARTESIAN_POINT ( 'NONE',  ( -9.000000000000000000, 8.750000000000000000, 0.000000000000000000 ) ) ;
#8615 = EDGE_LOOP ( 'NONE', ( #6726, #9907, #2682, #784 ) ) ;
#8616 = CARTESIAN_POINT ( 'NONE',  ( 1.123399497764047794, -1.499999953999898050, -79.67810574249129729 ) ) ;
#8617 = EDGE_CURVE ( 'NONE', #10105, #8794, #1021, .T. ) ;
#8618 = ADVANCED_FACE ( 'NONE', ( #10428 ), #6199, .F. ) ;
#8619 = FACE_OUTER_BOUND ( 'NONE', #5321, .T. ) ;
#8620 = DIRECTION ( 'NONE',  ( 0.000000000000000000, 0.000000000000000000, 1.000000000000000000 ) ) ;
#8621 = ORIENTED_EDGE ( 'NONE', *, *, #9237, .F. ) ;
#8622 = EDGE_LOOP ( 'NONE', ( #1471, #8253, #10881, #3635 ) ) ;
#8623 = ORIENTED_EDGE ( 'NONE', *, *, #522, .T. ) ;
#8624 = EDGE_CURVE ( 'NONE', #138, #6277, #2025, .T. ) ;
#8625 = DIRECTION ( 'NONE',  ( -1.833260990695674992E-13, 1.000000000000000000, 0.000000000000000000 ) ) ;
#8626 = EDGE_CURVE ( 'NONE', #8515, #10110, #6860, .T. ) ;
#8627 = CARTESIAN_POINT ( 'NONE',  ( 9.000000000000000000, 1.250000000000000000, 0.000000000000000000 ) ) ;
#8628 = CARTESIAN_POINT ( 'NONE',  ( -1.757600582235900211, -0.7499999540000760190, -20.24880012599999901 ) ) ;
#8629 = ORIENTED_EDGE ( 'NONE', *, *, #7390, .F. ) ;
#8631 = VECTOR ( 'NONE', #768, 1000.000000000000000 ) ;
#8630 = CARTESIAN_POINT ( 'NONE',  ( -4.812999602235880303, -1.499999954000106106, -0.1499999539999939957 ) ) ;
#8632 = ORIENTED_EDGE ( 'NONE', *, *, #2643, .T. ) ;
#8633 = CARTESIAN_POINT ( 'NONE',  ( 3.623399577764100155, -1.802799999999830094, -79.67810574249129729 ) ) ;
#8634 = LINE ( 'NONE', #1101, #1833 ) ;
#8635 = ORIENTED_EDGE ( 'NONE', *, *, #698, .F. ) ;
#8636 = ADVANCED_FACE ( 'NONE', ( #3632 ), #8671, .F. ) ;
#8637 = EDGE_CURVE ( 'NONE', #4009, #8402, #6915, .T. ) ;
#8638 = VECTOR ( 'NONE', #3472, 1000.000000000000000 ) ;
#8639 = CARTESIAN_POINT ( 'NONE',  ( -3.241600662235844865, 3.203151100502985051E-13, -20.24880012599999901 ) ) ;
#8640 = CARTESIAN_POINT ( 'NONE',  ( -7.886015280763894353, -0.09046797068851128443, -20.23966812989484865 ) ) ;
#8641 = DIRECTION ( 'NONE',  ( -1.000000000000000000, -3.629128540980805093E-15, -8.904572318030769708E-17 ) ) ;
#8642 = ORIENTED_EDGE ( 'NONE', *, *, #9370, .F. ) ;
#8643 = CARTESIAN_POINT ( 'NONE',  ( -8.002267239413990652, -1.802799999999999958, -20.39880008000000089 ) ) ;
#8644 = ORIENTED_EDGE ( 'NONE', *, *, #4301, .F. ) ;
#8645 = FACE_OUTER_BOUND ( 'NONE', #8615, .T. ) ;
#8646 = CARTESIAN_POINT ( 'NONE',  ( -8.002267239413990652, -1.802799999999999958, -20.39880008000000089 ) ) ;
#8647 = DIRECTION ( 'NONE',  ( 0.000000000000000000, -1.000000000000000000, 0.000000000000000000 ) ) ;
#8648 = CARTESIAN_POINT ( 'NONE',  ( 8.773800045999999853, 3.434729301071215197E-14, -16.79101939999999971 ) ) ;
#8649 = AXIS2_PLACEMENT_3D ( 'NONE', #5794, #2452, #9868 ) ;
#8650 = CIRCLE ( 'NONE', #6197, 0.2999999999999999334 ) ;
#8651 = VERTEX_POINT ( 'NONE', #7740 ) ;
#8652 = ORIENTED_EDGE ( 'NONE', *, *, #7823, .F. ) ;
#8653 = EDGE_CURVE ( 'NONE', #4769, #1103, #1083, .T. ) ;
#8654 = LINE ( 'NONE', #8439, #3015 ) ;
#8655 = VECTOR ( 'NONE', #4311, 1000.000000000000000 ) ;
#8656 = VERTEX_POINT ( 'NONE', #1246 ) ;
#8657 = CARTESIAN_POINT ( 'NONE',  ( 7.890014929625221107, 0.1499999999999979960, -20.09880017200000069 ) ) ;
#8658 = DIRECTION ( 'NONE',  ( 1.000000000000000000, 0.000000000000000000, 0.000000000000000000 ) ) ;
#8659 = LINE ( 'NONE', #7999, #9956 ) ;
#8660 = VECTOR ( 'NONE', #4995, 1000.000000000000000 ) ;
#8661 = CARTESIAN_POINT ( 'NONE',  ( 6.377399657764049934, -1.499999954000070135, -20.24880012599999901 ) ) ;
#8662 = CARTESIAN_POINT ( 'NONE',  ( 7.822171820972427803, 0.02210620818376373906, -20.34455682687424627 ) ) ;
#8663 = CARTESIAN_POINT ( 'NONE',  ( -9.000000000000000000, 1.250000000000000000, 0.000000000000000000 ) ) ;
#8664 = CARTESIAN_POINT ( 'NONE',  ( -8.712108331215089763, -0.06570026152083839610, -19.44015763819784937 ) ) ;
#8665 = AXIS2_PLACEMENT_3D ( 'NONE', #5961, #894, #10244 ) ;
#8666 = EDGE_LOOP ( 'NONE', ( #5389, #10297, #3316, #10713 ) ) ;
#8667 = EDGE_CURVE ( 'NONE', #10495, #6493, #5356, .T. ) ;
#8668 = VERTEX_POINT ( 'NONE', #10266 ) ;
#8669 = CARTESIAN_POINT ( 'NONE',  ( -7.686953254737039387, 0.1499999999999999944, -20.09880017200000069 ) ) ;
#8670 = ORIENTED_EDGE ( 'NONE', *, *, #8110, .T. ) ;
#8671 = CYLINDRICAL_SURFACE ( 'NONE', #1841, 0.2999999999999999334 ) ;
#8672 = CARTESIAN_POINT ( 'NONE',  ( 8.923799999999999955, -0.9999999540001029974, -8.616019239999980428 ) ) ;
#8673 = AXIS2_PLACEMENT_3D ( 'NONE', #280, #5404, #8035 ) ;
#8674 = LINE ( 'NONE', #5277, #8638 ) ;
#8675 = ORIENTED_EDGE ( 'NONE', *, *, #10821, .F. ) ;
#8676 = EDGE_CURVE ( 'NONE', #10029, #2142, #3571, .T. ) ;
#8677 = ORIENTED_EDGE ( 'NONE', *, *, #967, .T. ) ;
#8678 = ORIENTED_EDGE ( 'NONE', *, *, #1105, .T. ) ;
#8679 = VECTOR ( 'NONE', #1915, 1000.000000000000000 ) ;
#8680 = CARTESIAN_POINT ( 'NONE',  ( 8.773800046000008734, -1.499999954000091895, -0.5410188799999838816 ) ) ;
#8681 = LINE ( 'NONE', #1925, #1896 ) ;
#8682 = PLANE ( 'NONE',  #5018 ) ;
#8683 = VERTEX_POINT ( 'NONE', #9448 ) ;
#8684 = CARTESIAN_POINT ( 'NONE',  ( -6.383799999999999919, -1.499999954000070135, -16.47619926409720037 ) ) ;
#8685 = CARTESIAN_POINT ( 'NONE',  ( 8.773800045999999853, 3.434729301071215197E-14, -17.04501940000000104 ) ) ;
#8686 = VERTEX_POINT ( 'NONE', #5328 ) ;
#8687 = CARTESIAN_POINT ( 'NONE',  ( -0.0003998377641272702482, -9.398800080000013324, 1.499999954000171831 ) ) ;
#8688 = DIRECTION ( 'NONE',  ( -3.562560286365675406E-16, 0.000000000000000000, -1.000000000000000000 ) ) ;
#8689 = VECTOR ( 'NONE', #3398, 1000.000000000000000 ) ;
#8690 = CARTESIAN_POINT ( 'NONE',  ( 1.550000000000000044, 11.00000000000000000, 0.8719667599999999519 ) ) ;
#8691 = ORIENTED_EDGE ( 'NONE', *, *, #2844, .F. ) ;
#8692 = EDGE_CURVE ( 'NONE', #5014, #8537, #9608, .T. ) ;
#8693 = AXIS2_PLACEMENT_3D ( 'NONE', #10788, #4089, #10064 ) ;
#8694 = CARTESIAN_POINT ( 'NONE',  ( 8.453089367881339911, 0.1499999770000020050, -0.2999999080000029794 ) ) ;
#8695 = ORIENTED_EDGE ( 'NONE', *, *, #6437, .T. ) ;
#8696 = CARTESIAN_POINT ( 'NONE',  ( -7.967675263997478829, -0.06564671180960771069, -20.18453920250789935 ) ) ;
#8697 = ORIENTED_EDGE ( 'NONE', *, *, #10752, .F. ) ;
#8698 = CARTESIAN_POINT ( 'NONE',  ( 4.513247730641429643E-16, -1.499999954000106106, -0.1499999539999948006 ) ) ;
#8699 = CIRCLE ( 'NONE', #10461, 0.2999999999999999334 ) ;
#8700 = EDGE_LOOP ( 'NONE', ( #1568, #7173, #6067, #10483 ) ) ;
#8701 = DIRECTION ( 'NONE',  ( 0.000000000000000000, -1.000000000000000000, 0.000000000000000000 ) ) ;
#8702 = EDGE_CURVE ( 'NONE', #299, #5803, #6974, .T. ) ;
#8703 = CARTESIAN_POINT ( 'NONE',  ( -8.922075049319058593, -0.1178752346737041989, -0.4707106321186549924 ) ) ;
#8704 = EDGE_CURVE ( 'NONE', #7044, #5168, #9390, .T. ) ;
#8705 = CARTESIAN_POINT ( 'NONE',  ( 8.922075049335129293, -0.1178752348228534058, -0.3461618631699220350 ) ) ;
#8706 = EDGE_CURVE ( 'NONE', #8436, #3190, #4611, .T. ) ;
#8707 = ORIENTED_EDGE ( 'NONE', *, *, #9198, .T. ) ;
#8708 = ORIENTED_EDGE ( 'NONE', *, *, #397, .F. ) ;
#8709 = AXIS2_PLACEMENT_3D ( 'NONE', #9750, #8163, #624 ) ;
#8710 = CIRCLE ( 'NONE', #1511, 0.2999999999999999334 ) ;
#8711 = DIRECTION ( 'NONE',  ( -1.000000000000000000, 3.491481338843135327E-15, 0.000000000000000000 ) ) ;
#8712 = ORIENTED_EDGE ( 'NONE', *, *, #5491, .T. ) ;
#8713 = DIRECTION ( 'NONE',  ( 0.000000000000000000, -1.000000000000000000, 0.000000000000000000 ) ) ;
#8714 = DIRECTION ( 'NONE',  ( -1.000000000000000000, 0.000000000000000000, 0.000000000000000000 ) ) ;
#8715 = CARTESIAN_POINT ( 'NONE',  ( -6.326600842235960087, -1.499999954000042157, -20.39880008000000089 ) ) ;
#8716 = CARTESIAN_POINT ( 'NONE',  ( 8.702788389246238765, -0.1286308614580621845, -0.0005665580333790860542 ) ) ;
#8717 = CARTESIAN_POINT ( 'NONE',  ( -9.000000000000000000, 7.200000000000000178, 0.8719667599999999519 ) ) ;
#8718 = CARTESIAN_POINT ( 'NONE',  ( 8.871868787912109866, 0.01870654388752394925, -19.35422003738645103 ) ) ;
#8719 = EDGE_CURVE ( 'NONE', #2716, #2071, #2687, .T. ) ;
#8720 = AXIS2_PLACEMENT_3D ( 'NONE', #2979, #7038, #3852 ) ;
#8721 = VECTOR ( 'NONE', #9645, 1000.000000000000000 ) ;
#8722 = DIRECTION ( 'NONE',  ( -3.671481874312430325E-15, 1.000000000000000000, 0.000000000000000000 ) ) ;
#8723 = ORIENTED_EDGE ( 'NONE', *, *, #5548, .F. ) ;
#8724 = EDGE_LOOP ( 'NONE', ( #5903, #7984, #8860, #7803 ) ) ;
#8725 = CARTESIAN_POINT ( 'NONE',  ( -9.000000000000000000, -7.799999999999999822, 0.000000000000000000 ) ) ;
#8726 = VECTOR ( 'NONE', #5775, 1000.000000000000000 ) ;
#8727 = EDGE_LOOP ( 'NONE', ( #10822, #3099, #6517, #7323 ) ) ;
#8728 = DIRECTION ( 'NONE',  ( 0.000000000000000000, 0.000000000000000000, 1.000000000000000000 ) ) ;
#8729 = DIRECTION ( 'NONE',  ( 1.829680402823389991E-13, -1.000000000000000000, -3.848953698056000290E-15 ) ) ;
#8730 = PLANE ( 'NONE',  #3044 ) ;
#8731 = CARTESIAN_POINT ( 'NONE',  ( -9.000000000000000000, 3.750000000000000000, 0.000000000000000000 ) ) ;
#8732 = EDGE_CURVE ( 'NONE', #2, #8205, #3682, .T. ) ;
#8733 = AXIS2_PLACEMENT_3D ( 'NONE', #9273, #2627, #9485 ) ;
#8734 = AXIS2_PLACEMENT_3D ( 'NONE', #1816, #9401, #3691 ) ;
#8735 = EDGE_LOOP ( 'NONE', ( #9834, #9763, #9979, #10560 ) ) ;
#8736 = EDGE_LOOP ( 'NONE', ( #6868, #3124, #6922, #4699 ) ) ;
#8737 = ORIENTED_EDGE ( 'NONE', *, *, #5732, .T. ) ;
#8738 = DIRECTION ( 'NONE',  ( 0.000000000000000000, 2.903302832784645416E-15, -1.000000000000000000 ) ) ;
#8739 = DIRECTION ( 'NONE',  ( -1.000000000000000000, -1.833260990695674992E-13, -5.322511827520339352E-28 ) ) ;
#8740 = EDGE_LOOP ( 'NONE', ( #4154, #7381 ) ) ;
#8741 = DIRECTION ( 'NONE',  ( 0.000000000000000000, -1.000000000000000000, -3.491481338843135327E-15 ) ) ;
#8742 = CARTESIAN_POINT ( 'NONE',  ( -8.699999999999999289, -7.500000000000000000, 0.000000000000000000 ) ) ;
#8743 = ADVANCED_FACE ( 'NONE', ( #3520 ), #6040, .F. ) ;
#8744 = EDGE_CURVE ( 'NONE', #10175, #8482, #7272, .T. ) ;
#8745 = ORIENTED_EDGE ( 'NONE', *, *, #4127, .F. ) ;
#8746 = LINE ( 'NONE', #8792, #10057 ) ;
#8747 = CARTESIAN_POINT ( 'NONE',  ( -4.872600702235950543, -1.499999954000099889, -20.39880008000000089 ) ) ;
#8748 = EDGE_LOOP ( 'NONE', ( #4610, #137, #3888, #4650 ) ) ;
#8749 = DIRECTION ( 'NONE',  ( -3.562560286365675406E-16, 0.000000000000000000, -1.000000000000000000 ) ) ;
#8750 = ORIENTED_EDGE ( 'NONE', *, *, #8421, .T. ) ;
#8751 = CARTESIAN_POINT ( 'NONE',  ( -8.047903072767208954, 0.01838495531328884769, -20.28003128818235012 ) ) ;
#8752 = ORIENTED_EDGE ( 'NONE', *, *, #10432, .F. ) ;
#8753 = CARTESIAN_POINT ( 'NONE',  ( 7.890014929625221107, -1.499999954000070135, -20.39880008000000089 ) ) ;
#8754 = ADVANCED_FACE ( 'NONE', ( #8939 ), #2296, .T. ) ;
#8755 = VERTEX_POINT ( 'NONE', #3890 ) ;
#8756 = CARTESIAN_POINT ( 'NONE',  ( 1.377399497763772018, 3.310273137892580387E-13, -20.24880012599999901 ) ) ;
#8757 = LINE ( 'NONE', #2945, #2864 ) ;
#8758 = LINE ( 'NONE', #1224, #2360 ) ;
#8759 = ORIENTED_EDGE ( 'NONE', *, *, #8151, .F. ) ;
#8760 = EDGE_CURVE ( 'NONE', #1513, #4053, #10708, .T. ) ;
#8761 = FACE_OUTER_BOUND ( 'NONE', #8727, .T. ) ;
#8762 = ORIENTED_EDGE ( 'NONE', *, *, #7949, .T. ) ;
#8763 = CARTESIAN_POINT ( 'NONE',  ( -9.000000000000000000, 11.00000000000000000, 0.8719667599999999519 ) ) ;
#8764 = PLANE ( 'NONE',  #2575 ) ;
#8765 = DIRECTION ( 'NONE',  ( 1.000000000000000000, 0.000000000000000000, 0.000000000000000000 ) ) ;
#8766 = EDGE_CURVE ( 'NONE', #2822, #1580, #7237, .T. ) ;
#8767 = ORIENTED_EDGE ( 'NONE', *, *, #5069, .F. ) ;
#8768 = DIRECTION ( 'NONE',  ( 0.000000000000000000, 1.000000000000000000, 0.000000000000000000 ) ) ;
#8769 = CARTESIAN_POINT ( 'NONE',  ( -9.000000000000000000, 6.550000000000000711, 0.8719667599999999519 ) ) ;
#8770 = CARTESIAN_POINT ( 'NONE',  ( 8.717248463147390325, -0.06580747634335550045, -19.43911972326024795 ) ) ;
#8771 = CARTESIAN_POINT ( 'NONE',  ( 8.048112396289070603, 4.600000632997669650E-08, -19.98683276018289945 ) ) ;
#8772 = ORIENTED_EDGE ( 'NONE', *, *, #6160, .T. ) ;
#8773 = VERTEX_POINT ( 'NONE', #7357 ) ;
#8774 = EDGE_CURVE ( 'NONE', #9673, #6748, #7184, .T. ) ;
#8775 = DIRECTION ( 'NONE',  ( 0.000000000000000000, 0.000000000000000000, 1.000000000000000000 ) ) ;
#8776 = ORIENTED_EDGE ( 'NONE', *, *, #1079, .T. ) ;
#8777 = DIRECTION ( 'NONE',  ( 0.000000000000000000, 0.000000000000000000, 1.000000000000000000 ) ) ;
#8778 = DIRECTION ( 'NONE',  ( 0.000000000000000000, 1.000000000000000000, 0.000000000000000000 ) ) ;
#8779 = LINE ( 'NONE', #10375, #394 ) ;
#8780 = FACE_OUTER_BOUND ( 'NONE', #574, .T. ) ;
#8781 = VECTOR ( 'NONE', #960, 1000.000000000000000 ) ;
#8782 = ORIENTED_EDGE ( 'NONE', *, *, #2587, .T. ) ;
#8783 = ORIENTED_EDGE ( 'NONE', *, *, #457, .F. ) ;
#8784 = EDGE_CURVE ( 'NONE', #6694, #8668, #8992, .T. ) ;
#8785 = LINE ( 'NONE', #7079, #3652 ) ;
#8786 = FACE_OUTER_BOUND ( 'NONE', #919, .T. ) ;
#8787 = CARTESIAN_POINT ( 'NONE',  ( -8.922075049319058593, -0.1178752346737041989, -0.4707106321186549924 ) ) ;
#8788 = ORIENTED_EDGE ( 'NONE', *, *, #9338, .F. ) ;
#8789 = LINE ( 'NONE', #8900, #6091 ) ;
#8790 = LINE ( 'NONE', #6434, #984 ) ;
#8791 = ORIENTED_EDGE ( 'NONE', *, *, #8434, .F. ) ;
#8792 = CARTESIAN_POINT ( 'NONE',  ( -8.923799999999999955, -1.802799999999999958, -4.297198984097219565 ) ) ;
#8793 = PLANE ( 'NONE',  #8337 ) ;
#8794 = VERTEX_POINT ( 'NONE', #3132 ) ;
#8795 = EDGE_CURVE ( 'NONE', #6493, #10333, #9656, .T. ) ;
#8796 = AXIS2_PLACEMENT_3D ( 'NONE', #4316, #10231, #3491 ) ;
#8797 = DIRECTION ( 'NONE',  ( 0.000000000000000000, 0.000000000000000000, -1.000000000000000000 ) ) ;
#8798 = ORIENTED_EDGE ( 'NONE', *, *, #1414, .T. ) ;
#8799 = DIRECTION ( 'NONE',  ( 1.000000000000000000, 0.000000000000000000, 0.000000000000000000 ) ) ;
#8800 = ORIENTED_EDGE ( 'NONE', *, *, #8206, .T. ) ;
#8801 = CARTESIAN_POINT ( 'NONE',  ( 0.000000000000000000, 0.1499999999999999944, 0.000000000000000000 ) ) ;
#8802 = ORIENTED_EDGE ( 'NONE', *, *, #1855, .T. ) ;
#8803 = DIRECTION ( 'NONE',  ( 0.000000000000000000, 0.000000000000000000, 1.000000000000000000 ) ) ;
#8804 = PLANE ( 'NONE',  #5490 ) ;
#8805 = LINE ( 'NONE', #1276, #1662 ) ;
#8806 = AXIS2_PLACEMENT_3D ( 'NONE', #2358, #4014, #3403 ) ;
#8807 = EDGE_CURVE ( 'NONE', #9249, #9822, #1485, .T. ) ;
#8808 = EDGE_CURVE ( 'NONE', #5100, #3664, #8120, .T. ) ;
#8809 = DIRECTION ( 'NONE',  ( -1.000000000000000000, 3.446013993391890312E-15, 3.562560286365675406E-16 ) ) ;
#8810 = ORIENTED_EDGE ( 'NONE', *, *, #5268, .T. ) ;
#8811 = CYLINDRICAL_SURFACE ( 'NONE', #4892, 0.2999999999999999334 ) ;
#8812 = DIRECTION ( 'NONE',  ( 0.000000000000000000, -2.903302832784645416E-15, 1.000000000000000000 ) ) ;
#8813 = CARTESIAN_POINT ( 'NONE',  ( 9.000000000000000000, 5.000000000000000000, 0.8719667599999999519 ) ) ;
#8814 = VERTEX_POINT ( 'NONE', #5650 ) ;
#8815 = VECTOR ( 'NONE', #6815, 1000.000000000000000 ) ;
#8816 = LINE ( 'NONE', #1235, #4111 ) ;
#8817 = LINE ( 'NONE', #1290, #6074 ) ;
#8818 = DIRECTION ( 'NONE',  ( 1.000000000000000000, 0.000000000000000000, 0.000000000000000000 ) ) ;
#8819 = FACE_OUTER_BOUND ( 'NONE', #4569, .T. ) ;
#8820 = VECTOR ( 'NONE', #7729, 1000.000000000000000 ) ;
#8821 = ORIENTED_EDGE ( 'NONE', *, *, #3123, .F. ) ;
#8822 = EDGE_CURVE ( 'NONE', #9951, #5979, #6361, .T. ) ;
#8823 = VERTEX_POINT ( 'NONE', #1299 ) ;
#8824 = VECTOR ( 'NONE', #5846, 1000.000000000000000 ) ;
#8825 = DIRECTION ( 'NONE',  ( -0.7071067811865474617, -2.673765713835372737E-15, -0.7071067811865474617 ) ) ;
#8826 = VECTOR ( 'NONE', #10426, 1000.000000000000000 ) ;
#8827 = ORIENTED_EDGE ( 'NONE', *, *, #557, .F. ) ;
#8828 = CARTESIAN_POINT ( 'NONE',  ( 61.95510655778610243, -1.499999953999900049, -18.29501944000000080 ) ) ;
#8829 = DIRECTION ( 'NONE',  ( 6.180374837806370896E-15, -1.000000000000000000, 3.491481338843135327E-15 ) ) ;
#8830 = CARTESIAN_POINT ( 'NONE',  ( -9.000000000000000000, -6.550000000000000711, 0.000000000000000000 ) ) ;
#8831 = CARTESIAN_POINT ( 'NONE',  ( -8.453089367881339911, -0.003199955853611593289, -0.2631008533410190697 ) ) ;
#8832 = AXIS2_PLACEMENT_3D ( 'NONE', #4419, #5129, #7649 ) ;
#8833 = ADVANCED_FACE ( 'NONE', ( #583 ), #7133, .F. ) ;
#8834 = VECTOR ( 'NONE', #8768, 1000.000000000000000 ) ;
#8835 = ADVANCED_FACE ( 'NONE', ( #478 ), #7295, .T. ) ;
#8836 = ORIENTED_EDGE ( 'NONE', *, *, #10596, .T. ) ;
#8837 = EDGE_CURVE ( 'NONE', #3837, #8526, #8180, .T. ) ;
#8838 = ORIENTED_EDGE ( 'NONE', *, *, #8266, .F. ) ;
#8839 = DIRECTION ( 'NONE',  ( 0.000000000000000000, 0.000000000000000000, 1.000000000000000000 ) ) ;
#8840 = VECTOR ( 'NONE', #7612, 1000.000000000000000 ) ;
#8841 = CARTESIAN_POINT ( 'NONE',  ( -8.923799999999999955, -1.802799999999999958, -4.551198984097220013 ) ) ;
#8842 = FACE_OUTER_BOUND ( 'NONE', #2345, .T. ) ;
#8843 = CARTESIAN_POINT ( 'NONE',  ( 7.890014929625221107, -1.499999954000070135, -20.39880008000000089 ) ) ;
#8844 = B_SPLINE_CURVE_WITH_KNOTS ( 'NONE', 3,
 ( #3333, #6569, #627, #8926 ),
 .UNSPECIFIED., .F., .F.,
 ( 4, 4 ),
 ( 0.000000000000000000, 1.000000000000000000 ),
 .UNSPECIFIED. ) ;
#8845 = ORIENTED_EDGE ( 'NONE', *, *, #9792, .F. ) ;
#8846 = DIRECTION ( 'NONE',  ( -1.000000000000000000, 0.000000000000000000, 0.000000000000000000 ) ) ;
#8847 = DIRECTION ( 'NONE',  ( 0.000000000000000000, 0.000000000000000000, 1.000000000000000000 ) ) ;
#8848 = ORIENTED_EDGE ( 'NONE', *, *, #5932, .T. ) ;
#8849 = PLANE ( 'NONE',  #10587 ) ;
#8850 = EDGE_CURVE ( 'NONE', #6911, #2668, #3794, .T. ) ;
#8851 = DIRECTION ( 'NONE',  ( 0.7071067811865460184, 5.900215997242179221E-14, -0.7071067811865489050 ) ) ;
#8852 = AXIS2_PLACEMENT_3D ( 'NONE', #9804, #8321, #4040 ) ;
#8853 = ORIENTED_EDGE ( 'NONE', *, *, #6931, .T. ) ;
#8854 = B_SPLINE_CURVE_WITH_KNOTS ( 'NONE', 3,
 ( #8059, #521, #5478, #10583 ),
 .UNSPECIFIED., .F., .F.,
 ( 4, 4 ),
 ( 0.000000000000000000, 1.000000000000000000 ),
 .UNSPECIFIED. ) ;
#8855 = DIRECTION ( 'NONE',  ( 1.000000000000000000, 0.000000000000000000, 0.000000000000000000 ) ) ;
#8856 = LINE ( 'NONE', #5459, #6461 ) ;
#8857 = VERTEX_POINT ( 'NONE', #8066 ) ;
#8858 = VECTOR ( 'NONE', #1639, 1000.000000000000000 ) ;
#8859 = CYLINDRICAL_SURFACE ( 'NONE', #116, 0.2000000000000005107 ) ;
#8860 = ORIENTED_EDGE ( 'NONE', *, *, #5535, .T. ) ;
#8861 = CARTESIAN_POINT ( 'NONE',  ( 8.700399837764120292, -1.499999954000104108, -0.1499999539999939957 ) ) ;
#8862 = DIRECTION ( 'NONE',  ( 1.000000000000000000, 0.000000000000000000, 0.000000000000000000 ) ) ;
#8863 = EDGE_CURVE ( 'NONE', #2071, #6218, #528, .T. ) ;
#8864 = CARTESIAN_POINT ( 'NONE',  ( -9.000000000000000000, 11.00000000000000000, 0.8719667599999999519 ) ) ;
#8865 = VECTOR ( 'NONE', #9725, 1000.000000000000000 ) ;
#8866 = CARTESIAN_POINT ( 'NONE',  ( 9.000000000000000000, -2.500000000000000000, 0.000000000000000000 ) ) ;
#8867 = ORIENTED_EDGE ( 'NONE', *, *, #1377, .F. ) ;
#8868 = CARTESIAN_POINT ( 'NONE',  ( -6.383799999999999919, -1.499999954000070135, -1.122198984097179997 ) ) ;
#8869 = DIRECTION ( 'NONE',  ( 1.000000000000000000, 0.000000000000000000, 0.000000000000000000 ) ) ;
#8870 = CARTESIAN_POINT ( 'NONE',  ( -8.623800091999999751, -0.1499999080000017915, -19.36101569409725087 ) ) ;
#8871 = AXIS2_PLACEMENT_3D ( 'NONE', #4487, #8701, #8593 ) ;
#8872 = ORIENTED_EDGE ( 'NONE', *, *, #8706, .F. ) ;
#8873 = CARTESIAN_POINT ( 'NONE',  ( -6.383799999999999919, -1.499999954000070135, -4.297198984097219565 ) ) ;
#8874 = DIRECTION ( 'NONE',  ( 0.000000000000000000, 0.000000000000000000, 1.000000000000000000 ) ) ;
#8875 = CYLINDRICAL_SURFACE ( 'NONE', #6021, 0.2999999999999999334 ) ;
#8876 = ADVANCED_FACE ( 'NONE', ( #3840 ), #2187, .F. ) ;
#8877 = CARTESIAN_POINT ( 'NONE',  ( 7.991284586516670174, -0.06480326468093533521, -20.16411798683465051 ) ) ;
#8878 = CIRCLE ( 'NONE', #7480, 0.2000000000000005107 ) ;
#8879 = VERTEX_POINT ( 'NONE', #6686 ) ;
#8880 = VERTEX_POINT ( 'NONE', #9272 ) ;
#8881 = FACE_OUTER_BOUND ( 'NONE', #2581, .T. ) ;
#8882 = FACE_OUTER_BOUND ( 'NONE', #4415, .T. ) ;
#8883 = VERTEX_POINT ( 'NONE', #8240 ) ;
#8884 = CARTESIAN_POINT ( 'NONE',  ( 8.923799999999999955, -1.802799999999999958, -19.48126663494194943 ) ) ;
#8885 = AXIS2_PLACEMENT_3D ( 'NONE', #4390, #142, #10414 ) ;
#8886 = CARTESIAN_POINT ( 'NONE',  ( -7.875220641858379444, -0.06564668205622339880, -20.22283451995604864 ) ) ;
#8887 = VECTOR ( 'NONE', #2228, 1000.000000000000000 ) ;
#8888 = CARTESIAN_POINT ( 'NONE',  ( 7.890014929625221107, -0.09075294947023775094, -20.39880007999999734 ) ) ;
#8889 = LINE ( 'NONE', #425, #2504 ) ;
#8890 = ADVANCED_FACE ( 'NONE', ( #744 ), #4896, .F. ) ;
#8891 = ORIENTED_EDGE ( 'NONE', *, *, #5951, .T. ) ;
#8892 = AXIS2_PLACEMENT_3D ( 'NONE', #4641, #6333, #7050 ) ;
#8893 = ORIENTED_EDGE ( 'NONE', *, *, #1024, .F. ) ;
#8894 = CARTESIAN_POINT ( 'NONE',  ( -8.923799999999999955, -1.802800045999999989, 6.294442718274539613E-15 ) ) ;
#8895 = ADVANCED_FACE ( 'NONE', ( #4227 ), #5970, .F. ) ;
#8896 = CARTESIAN_POINT ( 'NONE',  ( -8.747943640570770896, -0.06580747634336130136, -19.36101569409725087 ) ) ;
#8897 = CARTESIAN_POINT ( 'NONE',  ( 9.000000000000000000, 8.750000000000000000, 0.8719667599999999519 ) ) ;
#8898 = DIRECTION ( 'NONE',  ( 1.000000000000000000, 0.000000000000000000, 0.000000000000000000 ) ) ;
#8899 = EDGE_LOOP ( 'NONE', ( #2533, #9527, #600, #265 ) ) ;
#8901 = AXIS2_PLACEMENT_3D ( 'NONE', #6583, #8993, #9937 ) ;
#8900 = CARTESIAN_POINT ( 'NONE',  ( 3.250871628118515722E-17, -1.499999954000070135, -20.24880012599999901 ) ) ;
#8902 = LINE ( 'NONE', #7371, #5566 ) ;
#8903 = EDGE_CURVE ( 'NONE', #3665, #8118, #1684, .T. ) ;
#8904 = EDGE_LOOP ( 'NONE', ( #1066, #9603, #4441, #4200, #7641, #427, #7833, #4109, #2654, #7113, #1805, #10424, #7673, #10124, #4674, #5208, #7372, #9236, #6886, #5219, #1796, #5888, #3032, #6099, #4828, #1098, #10401, #7696, #10214, #6023, #7632, #12, #1693, #1120, #5239, #2720, #1195, #2529, #1902, #6968, #3125, #3657, #8473, #7822, #1840, #1063, #103, #7703, #7638, #5434, #4630, #255, #7742, #10193, #7363, #7210, #10451, #6817, #10260, #3090, #1862, #9761, #7456, #7855, #9646, #876, #1306, #6946, #3413, #6208, #10337, #5145, #10154, #6878, #1810, #8492, #7981, #3678, #8077, #6144, #10321, #4806, #10621, #5280, #2403, #614, #2194, #5689, #9456, #3947, #1207, #8036, #588, #1389, #7392, #2377, #389, #5221, #2752, #9748, #10369 ) ) ;
#8905 = CARTESIAN_POINT ( 'NONE',  ( 8.703089367881348792, -0.1393599958418836049, 4.359795658231565008E-16 ) ) ;
#8906 = CARTESIAN_POINT ( 'NONE',  ( 8.872087168930629986, 0.01838498511471440069, -19.36501450962520110 ) ) ;
#8907 = VERTEX_POINT ( 'NONE', #10090 ) ;
#8908 = VECTOR ( 'NONE', #4773, 1000.000000000000000 ) ;
#8909 = VECTOR ( 'NONE', #8162, 1000.000000000000000 ) ;
#8910 = EDGE_CURVE ( 'NONE', #10436, #7774, #3241, .T. ) ;
#8911 = DIRECTION ( 'NONE',  ( 8.904572318030769708E-17, 3.231583754459304999E-31, -1.000000000000000000 ) ) ;
#8912 = CARTESIAN_POINT ( 'NONE',  ( -9.000000000000000000, 11.00000000000000000, 0.000000000000000000 ) ) ;
#8913 = ORIENTED_EDGE ( 'NONE', *, *, #834, .F. ) ;
#8914 = CARTESIAN_POINT ( 'NONE',  ( -9.000000000000000000, 2.200000000000000178, 0.8719667599999999519 ) ) ;
#8915 = ORIENTED_EDGE ( 'NONE', *, *, #9964, .F. ) ;
#8916 = CARTESIAN_POINT ( 'NONE',  ( 2.799999999999999822, 11.00000000000000000, 0.000000000000000000 ) ) ;
#8917 = SURFACE_STYLE_USAGE ( .BOTH. , #7332 ) ;
#8918 = DIRECTION ( 'NONE',  ( 0.000000000000000000, 0.000000000000000000, -1.000000000000000000 ) ) ;
#8919 = EDGE_CURVE ( 'NONE', #7904, #2215, #9988, .T. ) ;
#8920 = LINE ( 'NONE', #10471, #10554 ) ;
#8921 = ORIENTED_EDGE ( 'NONE', *, *, #1365, .F. ) ;
#8922 = LINE ( 'NONE', #4759, #10138 ) ;
#8923 = DIRECTION ( 'NONE',  ( 0.000000000000000000, 0.000000000000000000, 1.000000000000000000 ) ) ;
#8924 = CARTESIAN_POINT ( 'NONE',  ( -8.923799999999999955, -0.1499999079999989882, -0.2207106321186549924 ) ) ;
#8925 = VERTEX_POINT ( 'NONE', #5921 ) ;
#8926 = CARTESIAN_POINT ( 'NONE',  ( -8.747943640570770896, -0.06580747634336130136, -19.36101569409725087 ) ) ;
#8927 = DIRECTION ( 'NONE',  ( 3.794707603699255264E-15, -1.000000000000000000, 8.205087984843659386E-18 ) ) ;
#8928 = DIRECTION ( 'NONE',  ( -1.000000000000000000, 3.491481338843135327E-15, 0.000000000000000000 ) ) ;
#8929 = CARTESIAN_POINT ( 'NONE',  ( 7.971675624837800456, -0.06564668205622249675, -20.18453812857945096 ) ) ;
#8930 = ORIENTED_EDGE ( 'NONE', *, *, #10452, .F. ) ;
#8931 = ORIENTED_EDGE ( 'NONE', *, *, #2879, .T. ) ;
#8932 = EDGE_LOOP ( 'NONE', ( #2522, #9431, #3708, #3715 ) ) ;
#8933 = EDGE_CURVE ( 'NONE', #6523, #5796, #3295, .T. ) ;
#8934 = CARTESIAN_POINT ( 'NONE',  ( 8.283439880491350493, -1.499999954000093894, -19.90949478514849957 ) ) ;
#8935 = EDGE_CURVE ( 'NONE', #9615, #5258, #3454, .T. ) ;
#8936 = CARTESIAN_POINT ( 'NONE',  ( 8.922075049335129293, -0.1178752348228534058, -0.3046457735203464967 ) ) ;
#8937 = ORIENTED_EDGE ( 'NONE', *, *, #3943, .T. ) ;
#8938 = CARTESIAN_POINT ( 'NONE',  ( 8.922075049335129293, -0.1178752348228534058, -0.4707101321186560328 ) ) ;
#8939 = FACE_OUTER_BOUND ( 'NONE', #9442, .T. ) ;
#8940 = CARTESIAN_POINT ( 'NONE',  ( -8.703089367881348792, 4.600000050254540362E-08, 0.000000000000000000 ) ) ;
#8941 = CARTESIAN_POINT ( 'NONE',  ( 8.773800046000008734, -1.499999954000091895, -17.04501940000000104 ) ) ;
#8942 = PLANE ( 'NONE',  #7944 ) ;
#8943 = VERTEX_POINT ( 'NONE', #4943 ) ;
#8944 = ORIENTED_EDGE ( 'NONE', *, *, #1532, .T. ) ;
#8945 = EDGE_CURVE ( 'NONE', #10584, #4001, #2471, .T. ) ;
#8946 = CARTESIAN_POINT ( 'NONE',  ( -6.383799999999999919, -1.499999954000070135, -4.551198984097220013 ) ) ;
#8947 = EDGE_CURVE ( 'NONE', #2142, #4385, #8291, .T. ) ;
#8948 = CARTESIAN_POINT ( 'NONE',  ( -8.047903065621440533, 0.01838497021427289851, -20.28003128103654973 ) ) ;
#8949 = FACE_OUTER_BOUND ( 'NONE', #4691, .T. ) ;
#8950 = CARTESIAN_POINT ( 'NONE',  ( -8.923799999999999955, -1.802800045999999989, 6.294442718274539613E-15 ) ) ;
#8951 = ORIENTED_EDGE ( 'NONE', *, *, #3260, .F. ) ;
#8952 = DIRECTION ( 'NONE',  ( 0.000000000000000000, -1.000000000000000000, -3.491481338843135327E-15 ) ) ;
#8953 = FACE_OUTER_BOUND ( 'NONE', #386, .T. ) ;
#8954 = ORIENTED_EDGE ( 'NONE', *, *, #2192, .F. ) ;
#8955 = LINE ( 'NONE', #1424, #8322 ) ;
#8956 = CARTESIAN_POINT ( 'NONE',  ( 8.747907271719880029, -0.06575384970551050035, -19.36141651864169688 ) ) ;
#8957 = ORIENTED_EDGE ( 'NONE', *, *, #8676, .F. ) ;
#8958 = B_SPLINE_SURFACE_WITH_KNOTS ( 'NONE', 1, 3, ( 
 ( #1826, #2769, #6116, #14 ),
 ( #9252, #1722, #5081, #884 ) ),
 .UNSPECIFIED., .F., .F., .F.,
 ( 2, 2 ),
 ( 4, 4 ),
 ( 0.000000000000000000, 1.000000000000000000 ),
 ( 4.632000149373660246E-05, 1.000000000000000000 ),
 .UNSPECIFIED. ) ;
#8959 = EDGE_CURVE ( 'NONE', #8391, #9616, #5102, .T. ) ;
#8960 = CIRCLE ( 'NONE', #1769, 0.2999999999999999334 ) ;
#8961 = CARTESIAN_POINT ( 'NONE',  ( -8.772937570659529172, -0.1339375713368521903, -0.4707106321186549924 ) ) ;
#8962 = CYLINDRICAL_SURFACE ( 'NONE', #5066, 0.2999999999999999334 ) ;
#8963 = ORIENTED_EDGE ( 'NONE', *, *, #6303, .T. ) ;
#8964 = PLANE ( 'NONE',  #3986 ) ;
#8965 = ORIENTED_EDGE ( 'NONE', *, *, #10201, .F. ) ;
#8966 = DIRECTION ( 'NONE',  ( 0.000000000000000000, -5.711776272529639886E-14, -1.000000000000000000 ) ) ;
#8967 = CARTESIAN_POINT ( 'NONE',  ( 7.690952570265030985, 4.599999791883929583E-08, -20.09880017200000069 ) ) ;
#8968 = DIRECTION ( 'NONE',  ( 3.095837663272710165E-32, -8.205087984843659386E-18, -1.000000000000000000 ) ) ;
#8969 = EDGE_CURVE ( 'NONE', #2136, #4741, #6639, .T. ) ;
#8970 = ADVANCED_FACE ( 'NONE', ( #4280 ), #6582, .T. ) ;
#8971 = AXIS2_PLACEMENT_3D ( 'NONE', #4387, #8493, #5097 ) ;
#8972 = LINE ( 'NONE', #4873, #5996 ) ;
#8973 = EDGE_LOOP ( 'NONE', ( #3941, #1298, #9921, #2382 ) ) ;
#8974 = CARTESIAN_POINT ( 'NONE',  ( -7.978403567348370196, -0.1499999079999959906, -20.21053178276349982 ) ) ;
#8975 = CARTESIAN_POINT ( 'NONE',  ( 9.000000000000000000, -3.449999999999999734, 0.000000000000000000 ) ) ;
#8976 = CARTESIAN_POINT ( 'NONE',  ( -7.882417123113719448, -0.06575384970549728869, -20.22290735171985077 ) ) ;
#8977 = ORIENTED_EDGE ( 'NONE', *, *, #4616, .T. ) ;
#8978 = CARTESIAN_POINT ( 'NONE',  ( 9.000000000000000000, 7.200000000000000178, 0.8719667599999999519 ) ) ;
#8979 = CARTESIAN_POINT ( 'NONE',  ( 8.453089367881339911, -0.1339376173368586054, -0.1508624293404684791 ) ) ;
#8980 = B_SPLINE_CURVE_WITH_KNOTS ( 'NONE', 3,
 ( #9611, #6364, #8831, #1358, #9715, #7138, #5386, #3893 ),
 .UNSPECIFIED., .F., .F.,
 ( 4, 2, 2, 4 ),
 ( 0.000000000000000000, 0.2499999999999998890, 0.4999999999999997780, 1.000000000000000000 ),
 .UNSPECIFIED. ) ;
#8981 = CARTESIAN_POINT ( 'NONE',  ( 9.000000000000000000, 5.950000000000000178, 0.000000000000000000 ) ) ;
#8982 = VECTOR ( 'NONE', #1547, 1000.000000000000000 ) ;
#8983 = DIRECTION ( 'NONE',  ( 1.000000000000000000, -3.848953698056000290E-15, -3.562560286365675406E-16 ) ) ;
#8984 = EDGE_CURVE ( 'NONE', #5405, #3902, #6125, .T. ) ;
#8985 = ORIENTED_EDGE ( 'NONE', *, *, #1264, .F. ) ;
#8986 = ORIENTED_EDGE ( 'NONE', *, *, #5351, .F. ) ;
#8987 = ORIENTED_EDGE ( 'NONE', *, *, #6172, .T. ) ;
#8988 = PLANE ( 'NONE',  #9181 ) ;
#8989 = DIRECTION ( 'NONE',  ( 1.000000000000000000, 1.833260990695674992E-13, 5.322511827520339352E-28 ) ) ;
#8990 = VERTEX_POINT ( 'NONE', #2411 ) ;
#8991 = CARTESIAN_POINT ( 'NONE',  ( 7.890014929625221107, 4.600005155974179940E-08, -20.11814382951234847 ) ) ;
#8992 = LINE ( 'NONE', #5599, #6935 ) ;
#8993 = DIRECTION ( 'NONE',  ( 1.000000000000000000, 0.000000000000000000, 0.000000000000000000 ) ) ;
#8994 = CARTESIAN_POINT ( 'NONE',  ( 3.250871628118515722E-17, -1.802799999999999958, -20.24880012599999901 ) ) ;
#8995 = DIRECTION ( 'NONE',  ( 1.000000000000000000, 0.000000000000000000, 0.000000000000000000 ) ) ;
#8996 = CIRCLE ( 'NONE', #4622, 0.2000000000000005107 ) ;
#8997 = ADVANCED_FACE ( 'NONE', ( #5805 ), #9157, .T. ) ;
#8998 = AXIS2_PLACEMENT_3D ( 'NONE', #1223, #7053, #8647 ) ;
#8999 = ORIENTED_EDGE ( 'NONE', *, *, #8837, .T. ) ;
#9000 = ORIENTED_EDGE ( 'NONE', *, *, #6463, .T. ) ;
#9001 = AXIS2_PLACEMENT_3D ( 'NONE', #3342, #2406, #5757 ) ;
#9002 = DIRECTION ( 'NONE',  ( -1.000000000000000000, 0.000000000000000000, 0.000000000000000000 ) ) ;
#9003 = ORIENTED_EDGE ( 'NONE', *, *, #2635, .F. ) ;
#9004 = CARTESIAN_POINT ( 'NONE',  ( -8.872087189141550922, 0.01838495531328099980, -19.36101569409725087 ) ) ;
#9005 = CIRCLE ( 'NONE', #8832, 0.2999999999999999334 ) ;
#9006 = CARTESIAN_POINT ( 'NONE',  ( -7.681372875763069707, 4.599999791415079642E-08, -20.13708467271115055 ) ) ;
#9007 = VECTOR ( 'NONE', #5844, 1000.000000000000000 ) ;
#9008 = ORIENTED_EDGE ( 'NONE', *, *, #9133, .T. ) ;
#9009 = DIRECTION ( 'NONE',  ( 0.7071067811865470176, -3.592653961575235902E-15, 0.7071067811865480168 ) ) ;
#9010 = LINE ( 'NONE', #3966, #4519 ) ;
#9011 = CIRCLE ( 'NONE', #1993, 0.1999999999999996503 ) ;
#9012 = ORIENTED_EDGE ( 'NONE', *, *, #9973, .F. ) ;
#9013 = EDGE_CURVE ( 'NONE', #5746, #2461, #7516, .T. ) ;
#9014 = ADVANCED_FACE ( 'NONE', ( #2731 ), #4551, .F. ) ;
#9015 = CARTESIAN_POINT ( 'NONE',  ( -8.116476833344670183, 0.05049338102112116422, -20.18624724121817593 ) ) ;
#9016 = ORIENTED_EDGE ( 'NONE', *, *, #6424, .F. ) ;
#9017 = VECTOR ( 'NONE', #847, 1000.000000000000000 ) ;
#9018 = CARTESIAN_POINT ( 'NONE',  ( -8.773800046000008734, -1.802799999999999958, -9.551199144097219929 ) ) ;
#9019 = DIRECTION ( 'NONE',  ( -1.000000000000000000, 0.000000000000000000, 0.000000000000000000 ) ) ;
#9020 = VERTEX_POINT ( 'NONE', #7062 ) ;
#9021 = LINE ( 'NONE', #1490, #9600 ) ;
#9022 = VECTOR ( 'NONE', #667, 1000.000000000000000 ) ;
#9023 = EDGE_LOOP ( 'NONE', ( #3211, #6762, #10556, #5094 ) ) ;
#9024 =( LENGTH_UNIT ( ) NAMED_UNIT ( * ) SI_UNIT ( .MILLI., .METRE. ) );
#9025 = FACE_OUTER_BOUND ( 'NONE', #4450, .T. ) ;
#9026 = AXIS2_PLACEMENT_3D ( 'NONE', #2709, #7652, #1717 ) ;
#9027 = ADVANCED_FACE ( 'NONE', ( #5313 ), #6134, .F. ) ;
#9028 = CARTESIAN_POINT ( 'NONE',  ( 9.000000000000000000, -6.550000000000000711, 0.000000000000000000 ) ) ;
#9029 = VECTOR ( 'NONE', #1197, 1000.000000000000000 ) ;
#9030 = CARTESIAN_POINT ( 'NONE',  ( -8.773800045999999853, -1.499999954000060143, -0.5471988640971789941 ) ) ;
#9031 = CARTESIAN_POINT ( 'NONE',  ( -9.000000000000000000, -10.00000000000000000, 0.000000000000000000 ) ) ;
#9032 = EDGE_CURVE ( 'NONE', #7791, #6282, #5870, .T. ) ;
#9033 = CARTESIAN_POINT ( 'NONE',  ( 9.000000000000000000, 7.200000000000000178, 0.000000000000000000 ) ) ;
#9034 = DIRECTION ( 'NONE',  ( 0.000000000000000000, 0.000000000000000000, 1.000000000000000000 ) ) ;
#9035 = LINE ( 'NONE', #9140, #645 ) ;
#9036 = ORIENTED_EDGE ( 'NONE', *, *, #807, .T. ) ;
#9037 = CARTESIAN_POINT ( 'NONE',  ( -9.000000000000000000, 6.250000000000000000, 0.8719667599999999519 ) ) ;
#9038 = CARTESIAN_POINT ( 'NONE',  ( 9.000000000000000000, -10.00000000000000000, 0.000000000000000000 ) ) ;
#9039 = CARTESIAN_POINT ( 'NONE',  ( -6.383799999999999919, -1.499999954000070135, -8.976199024097221368 ) ) ;
#9040 = EDGE_CURVE ( 'NONE', #472, #7966, #961, .T. ) ;
#9041 = DIRECTION ( 'NONE',  ( 0.7071067811865470176, -3.592653961575235902E-15, 0.7071067811865480168 ) ) ;
#9042 = ORIENTED_EDGE ( 'NONE', *, *, #3919, .F. ) ;
#9043 = VERTEX_POINT ( 'NONE', #7727 ) ;
#9044 = VERTEX_POINT ( 'NONE', #3619 ) ;
#9045 = CARTESIAN_POINT ( 'NONE',  ( 9.000000000000000000, -2.799999999999999822, 0.000000000000000000 ) ) ;
#9046 = STYLED_ITEM ( 'NONE', ( #4969 ), #9913 ) ;
#9047 = DIRECTION ( 'NONE',  ( 3.446013993391890312E-15, 1.000000000000000000, -6.755151197360960217E-16 ) ) ;
#9048 = ORIENTED_EDGE ( 'NONE', *, *, #1525, .T. ) ;
#9049 = EDGE_CURVE ( 'NONE', #1103, #7861, #4865, .T. ) ;
#9050 = DIRECTION ( 'NONE',  ( 0.000000000000000000, 0.000000000000000000, 1.000000000000000000 ) ) ;
#9051 = CARTESIAN_POINT ( 'NONE',  ( 8.914239261474056875, -0.04512058679704104847, -0.4707106321186534936 ) ) ;
#9052 = DIRECTION ( 'NONE',  ( 0.000000000000000000, 0.000000000000000000, -1.000000000000000000 ) ) ;
#9053 = DIRECTION ( 'NONE',  ( -6.180374837806370896E-15, 1.000000000000000000, 0.000000000000000000 ) ) ;
#9054 = DIRECTION ( 'NONE',  ( 3.794707603699255264E-15, -1.000000000000000000, 8.205087984843659386E-18 ) ) ;
#9055 = VECTOR ( 'NONE', #8277, 1000.000000000000000 ) ;
#9056 = VERTEX_POINT ( 'NONE', #8498 ) ;
#9057 = ORIENTED_EDGE ( 'NONE', *, *, #792, .T. ) ;
#9058 = DIRECTION ( 'NONE',  ( -1.000000000000000000, 0.000000000000000000, 0.000000000000000000 ) ) ;
#9059 = VERTEX_POINT ( 'NONE', #6901 ) ;
#9060 = CIRCLE ( 'NONE', #10469, 0.2999999999999999334 ) ;
#9061 = VECTOR ( 'NONE', #10389, 1000.000000000000000 ) ;
#9062 = ORIENTED_EDGE ( 'NONE', *, *, #5421, .T. ) ;
#9063 = EDGE_CURVE ( 'NONE', #9951, #3638, #7655, .T. ) ;
#9064 = CARTESIAN_POINT ( 'NONE',  ( -8.052888275517648964, 0.01859936015242790244, -20.27484030632964718 ) ) ;
#9065 = LINE ( 'NONE', #7474, #184 ) ;
#9066 = VERTEX_POINT ( 'NONE', #9376 ) ;
#9067 = DIRECTION ( 'NONE',  ( 0.000000000000000000, 0.000000000000000000, 1.000000000000000000 ) ) ;
#9068 = CARTESIAN_POINT ( 'NONE',  ( 8.006266554941980473, -0.1499999079999989882, -20.39880008000000089 ) ) ;
#9069 = ORIENTED_EDGE ( 'NONE', *, *, #2290, .T. ) ;
#9070 = AXIS2_PLACEMENT_3D ( 'NONE', #6930, #3589, #114 ) ;
#9071 = AXIS2_PLACEMENT_3D ( 'NONE', #8397, #857, #4653 ) ;
#9072 = CARTESIAN_POINT ( 'NONE',  ( 9.000000000000000000, -7.500000000000000000, 0.000000000000000000 ) ) ;
#9073 = ORIENTED_EDGE ( 'NONE', *, *, #6747, .T. ) ;
#9074 = VECTOR ( 'NONE', #6266, 1000.000000000000000 ) ;
#9076 = EDGE_CURVE ( 'NONE', #346, #5307, #1951, .T. ) ;
#9075 = DIRECTION ( 'NONE',  ( 0.000000000000000000, -1.000000000000000000, -3.491481338843135327E-15 ) ) ;
#9077 = EDGE_CURVE ( 'NONE', #1746, #4988, #2012, .T. ) ;
#9078 = PLANE ( 'NONE',  #6220 ) ;
#9079 = ORIENTED_EDGE ( 'NONE', *, *, #1023, .T. ) ;
#9080 = PLANE ( 'NONE',  #1877 ) ;
#9081 = EDGE_LOOP ( 'NONE', ( #4618, #153, #339, #5631 ) ) ;
#9082 = DIRECTION ( 'NONE',  ( -3.491481338843135327E-15, -1.000000000000000000, 1.243861275834940073E-30 ) ) ;
#9083 = FILL_AREA_STYLE ('',( #10010 ) ) ;
#9084 = PLANE ( 'NONE',  #8852 ) ;
#9085 = AXIS2_PLACEMENT_3D ( 'NONE', #4223, #4993, #1570 ) ;
#9086 = AXIS2_PLACEMENT_3D ( 'NONE', #8328, #270, #4155 ) ;
#9087 = CYLINDRICAL_SURFACE ( 'NONE', #5648, 0.2999999999999999334 ) ;
#9088 = ADVANCED_FACE ( 'NONE', ( #6026 ), #10361, .F. ) ;
#9089 = CARTESIAN_POINT ( 'NONE',  ( 8.623800091999999751, 4.600000184907209830E-08, -19.16595265026500172 ) ) ;
#9090 = CARTESIAN_POINT ( 'NONE',  ( 0.000000000000000000, 11.00000000000000000, 0.000000000000000000 ) ) ;
#9091 = CARTESIAN_POINT ( 'NONE',  ( -8.013095926879879372, 4.600000111723569805E-08, -19.96370745392984958 ) ) ;
#9092 = DIRECTION ( 'NONE',  ( -1.833260990695704780E-13, 1.000000000000000000, 0.000000000000000000 ) ) ;
#9093 = EDGE_LOOP ( 'NONE', ( #2683, #1270, #756, #7327 ) ) ;
#9094 = LINE ( 'NONE', #8332, #9717 ) ;
#9095 = FACE_OUTER_BOUND ( 'NONE', #7049, .T. ) ;
#9096 = CARTESIAN_POINT ( 'NONE',  ( 9.000000000000000000, 11.00000000000000000, 0.8719667599999999519 ) ) ;
#9097 = DIRECTION ( 'NONE',  ( 0.000000000000000000, 0.000000000000000000, -1.000000000000000000 ) ) ;
#9098 = ORIENTED_EDGE ( 'NONE', *, *, #3735, .T. ) ;
#9099 = EDGE_CURVE ( 'NONE', #5358, #10667, #4341, .T. ) ;
#9100 = VERTEX_POINT ( 'NONE', #7893 ) ;
#9101 = ORIENTED_EDGE ( 'NONE', *, *, #6356, .F. ) ;
#9102 = CARTESIAN_POINT ( 'NONE',  ( -44.08572454902819970, -1.499999953999876068, -54.80359649361300001 ) ) ;
#9103 = ADVANCED_FACE ( 'NONE', ( #6959 ), #7842, .F. ) ;
#9104 = CARTESIAN_POINT ( 'NONE',  ( -6.383799999999999919, -1.499999954000070135, -16.79719938409719759 ) ) ;
#9105 = ORIENTED_EDGE ( 'NONE', *, *, #1929, .T. ) ;
#9106 = DIRECTION ( 'NONE',  ( 0.000000000000000000, -1.000000000000000000, 0.000000000000000000 ) ) ;
#9107 = CARTESIAN_POINT ( 'NONE',  ( -8.772937570659529172, -0.1339375713368521903, -0.4707106321186549924 ) ) ;
#9108 = LINE ( 'NONE', #746, #4703 ) ;
#9109 = FACE_OUTER_BOUND ( 'NONE', #4243, .T. ) ;
#9110 = CARTESIAN_POINT ( 'NONE',  ( -9.000000000000000000, 7.500000000000000000, 0.8719667599999999519 ) ) ;
#9111 = EDGE_CURVE ( 'NONE', #9044, #2600, #3670, .T. ) ;
#9112 = ADVANCED_FACE ( 'NONE', ( #5210 ), #2789, .F. ) ;
#9113 = EDGE_LOOP ( 'NONE', ( #186, #6002, #10501, #7288 ) ) ;
#9114 = VERTEX_POINT ( 'NONE', #353 ) ;
#9115 = CARTESIAN_POINT ( 'NONE',  ( -8.872014464914769860, 0.01849218873360984963, -19.35741786952734955 ) ) ;
#9116 = ORIENTED_EDGE ( 'NONE', *, *, #4503, .F. ) ;
#9117 = ORIENTED_EDGE ( 'NONE', *, *, #9443, .T. ) ;
#9118 = LINE ( 'NONE', #8513, #8858 ) ;
#9119 = CARTESIAN_POINT ( 'NONE',  ( -9.000000000000000000, 7.799999999999999822, 0.8719667599999999519 ) ) ;
#9120 = ORIENTED_EDGE ( 'NONE', *, *, #792, .F. ) ;
#9121 = DIRECTION ( 'NONE',  ( 0.000000000000000000, 1.000000000000000000, 0.000000000000000000 ) ) ;
#9122 = CARTESIAN_POINT ( 'NONE',  ( -43.63585387122780190, -1.499999953999851865, -55.25346717141340491 ) ) ;
#9123 = EDGE_CURVE ( 'NONE', #3011, #10273, #5263, .T. ) ;
#9124 = ORIENTED_EDGE ( 'NONE', *, *, #3974, .T. ) ;
#9125 = DIRECTION ( 'NONE',  ( 0.000000000000000000, 0.000000000000000000, 1.000000000000000000 ) ) ;
#9126 = CARTESIAN_POINT ( 'NONE',  ( 4.969999999999999751, -9.342999999999999972, 0.000000000000000000 ) ) ;
#9127 = ORIENTED_EDGE ( 'NONE', *, *, #9032, .T. ) ;
#9128 = CARTESIAN_POINT ( 'NONE',  ( 2.500000000000000000, 11.00000000000000000, 0.000000000000000000 ) ) ;
#9129 = VERTEX_POINT ( 'NONE', #192 ) ;
#9130 = LINE ( 'NONE', #6610, #7120 ) ;
#9131 = CARTESIAN_POINT ( 'NONE',  ( -8.805030840337661147, 0.01838498511473629984, -19.52290349202930031 ) ) ;
#9132 = CARTESIAN_POINT ( 'NONE',  ( -2.799999999999999822, 11.00000000000000000, 0.8719667599999999519 ) ) ;
#9133 = EDGE_CURVE ( 'NONE', #2237, #626, #6084, .T. ) ;
#9134 = B_SPLINE_CURVE_WITH_KNOTS ( 'NONE', 3,
 ( #10799, #1605, #2335, #839 ),
 .UNSPECIFIED., .F., .F.,
 ( 4, 4 ),
 ( 0.000000000000000000, 1.000000000000000000 ),
 .UNSPECIFIED. ) ;
#9135 = VECTOR ( 'NONE', #156, 1000.000000000000000 ) ;
#9136 = CARTESIAN_POINT ( 'NONE',  ( 8.768974509754517754, -0.09714087566801543616, -0.4707106321186549924 ) ) ;
#9137 = CYLINDRICAL_SURFACE ( 'NONE', #6421, 0.2999999999999999334 ) ;
#9138 = CARTESIAN_POINT ( 'NONE',  ( -8.699999999999999289, 0.000000000000000000, 0.8719667599999999519 ) ) ;
#9139 = CARTESIAN_POINT ( 'NONE',  ( -7.978403567348410164, -1.499999954000052149, -20.21053178276344653 ) ) ;
#9140 = CARTESIAN_POINT ( 'NONE',  ( -8.773800046000008734, -1.499999954000042157, -19.36101569409725087 ) ) ;
#9141 = ORIENTED_EDGE ( 'NONE', *, *, #7628, .F. ) ;
#9142 = CARTESIAN_POINT ( 'NONE',  ( -9.000000000000000000, -5.000000000000000000, 0.000000000000000000 ) ) ;
#9143 = LINE ( 'NONE', #3334, #975 ) ;
#9144 = LINE ( 'NONE', #10697, #10578 ) ;
#9145 = CARTESIAN_POINT ( 'NONE',  ( 8.923799999999999955, -0.1499999080000005980, -0.2207106321186549924 ) ) ;
#9146 = AXIS2_PLACEMENT_3D ( 'NONE', #2224, #6239, #1388 ) ;
#9147 = ADVANCED_FACE ( 'NONE', ( #461 ), #8764, .T. ) ;
#9148 = EDGE_CURVE ( 'NONE', #296, #3156, #10574, .T. ) ;
#9149 = VERTEX_POINT ( 'NONE', #5633 ) ;
#9150 = ORIENTED_EDGE ( 'NONE', *, *, #7336, .T. ) ;
#9151 = VERTEX_POINT ( 'NONE', #7941 ) ;
#9152 = DIRECTION ( 'NONE',  ( 3.446013993391890312E-15, 1.000000000000000000, -2.094562587326179992E-30 ) ) ;
#9153 = DIRECTION ( 'NONE',  ( -1.833260990695674992E-13, 1.000000000000000000, 3.848953698056000290E-15 ) ) ;
#9154 = ORIENTED_EDGE ( 'NONE', *, *, #10724, .F. ) ;
#9155 = CIRCLE ( 'NONE', #5306, 0.2000000000000005107 ) ;
#9156 = CARTESIAN_POINT ( 'NONE',  ( -8.536122047631488741, -0.1178752808228543947, -0.001724950664875419962 ) ) ;
#9157 = PLANE ( 'NONE',  #6760 ) ;
#9158 = B_SPLINE_CURVE_WITH_KNOTS ( 'NONE', 3,
 ( #9301, #8640, #5133, #8477 ),
 .UNSPECIFIED., .F., .F.,
 ( 4, 4 ),
 ( 0.000000000000000000, 1.000000000000000000 ),
 .UNSPECIFIED. ) ;
#9159 = CARTESIAN_POINT ( 'NONE',  ( -8.002267239413990652, -1.802799999999999958, -20.39880008000000089 ) ) ;
#9160 = DIRECTION ( 'NONE',  ( 0.000000000000000000, -1.000000000000000000, 8.205087984843659386E-18 ) ) ;
#9161 = DIRECTION ( 'NONE',  ( 3.562560286365675406E-16, -1.236011392668240023E-30, 1.000000000000000000 ) ) ;
#9162 = DIRECTION ( 'NONE',  ( 0.000000000000000000, 0.000000000000000000, 1.000000000000000000 ) ) ;
#9163 = EDGE_CURVE ( 'NONE', #3485, #5883, #6297, .T. ) ;
#9164 = VERTEX_POINT ( 'NONE', #1232 ) ;
#9165 = ORIENTED_EDGE ( 'NONE', *, *, #8653, .T. ) ;
#9166 = VECTOR ( 'NONE', #9337, 1000.000000000000000 ) ;
#9167 = CARTESIAN_POINT ( 'NONE',  ( 8.755269593114023863, 0.02210620818333546705, -19.57308549759068939 ) ) ;
#9168 = ORIENTED_EDGE ( 'NONE', *, *, #3016, .F. ) ;
#9169 = ORIENTED_EDGE ( 'NONE', *, *, #8061, .F. ) ;
#9170 = DIRECTION ( 'NONE',  ( 0.000000000000000000, 0.000000000000000000, -1.000000000000000000 ) ) ;
#9171 = DIRECTION ( 'NONE',  ( 0.000000000000000000, 2.903302832784645416E-15, -1.000000000000000000 ) ) ;
#9172 = ORIENTED_EDGE ( 'NONE', *, *, #2459, .F. ) ;
#9173 = EDGE_CURVE ( 'NONE', #830, #5753, #4819, .T. ) ;
#9174 = DIRECTION ( 'NONE',  ( 0.000000000000000000, 0.000000000000000000, 1.000000000000000000 ) ) ;
#9175 = AXIS2_PLACEMENT_3D ( 'NONE', #3119, #9202, #6625 ) ;
#9176 = ADVANCED_FACE ( 'NONE', ( #3772 ), #7341, .F. ) ;
#9177 = ORIENTED_EDGE ( 'NONE', *, *, #6356, .T. ) ;
#9178 = ORIENTED_EDGE ( 'NONE', *, *, #5309, .F. ) ;
#9179 = CIRCLE ( 'NONE', #8483, 0.2999999999999999334 ) ;
#9180 = CARTESIAN_POINT ( 'NONE',  ( 9.000000000000000000, -10.00000000000000000, 0.000000000000000000 ) ) ;
#9181 = AXIS2_PLACEMENT_3D ( 'NONE', #3291, #3237, #4832 ) ;
#9182 = DIRECTION ( 'NONE',  ( 0.000000000000000000, 0.000000000000000000, 1.000000000000000000 ) ) ;
#9183 = VERTEX_POINT ( 'NONE', #9644 ) ;
#9184 = DIRECTION ( 'NONE',  ( 0.000000000000000000, -1.000000000000000000, 0.000000000000000000 ) ) ;
#9185 = EDGE_CURVE ( 'NONE', #8426, #5021, #7220, .T. ) ;
#9186 = ORIENTED_EDGE ( 'NONE', *, *, #4678, .T. ) ;
#9187 = FILL_AREA_STYLE ('',( #7541 ) ) ;
#9188 = LINE ( 'NONE', #6826, #1631 ) ;
#9189 = DIRECTION ( 'NONE',  ( 1.000000000000000000, 0.000000000000000000, 0.000000000000000000 ) ) ;
#9190 = CIRCLE ( 'NONE', #7788, 0.2999999999999999334 ) ;
#9191 = AXIS2_PLACEMENT_3D ( 'NONE', #9379, #5265, #9323 ) ;
#9192 = AXIS2_PLACEMENT_3D ( 'NONE', #4931, #9097, #10862 ) ;
#9193 = CARTESIAN_POINT ( 'NONE',  ( 9.000000000000000000, 4.700000000000000178, 0.000000000000000000 ) ) ;
#9194 = FACE_OUTER_BOUND ( 'NONE', #4463, .T. ) ;
#9195 = VECTOR ( 'NONE', #442, 1000.000000000000000 ) ;
#9196 = DIRECTION ( 'NONE',  ( 3.848953698056000290E-15, -1.000000000000000000, 3.379345265849269788E-32 ) ) ;
#9197 = CARTESIAN_POINT ( 'NONE',  ( 3.623399577764100155, -1.802800000000055025, -20.39880008000000089 ) ) ;
#9198 = EDGE_CURVE ( 'NONE', #8990, #9871, #1391, .T. ) ;
#9199 = CARTESIAN_POINT ( 'NONE',  ( -8.002267239413990652, -1.802799999999999958, -20.39880008000000089 ) ) ;
#9200 = ORIENTED_EDGE ( 'NONE', *, *, #7029, .F. ) ;
#9201 = CARTESIAN_POINT ( 'NONE',  ( -9.000000000000000000, 11.00000000000000000, 0.8719667599999999519 ) ) ;
#9202 = DIRECTION ( 'NONE',  ( -3.562560286365675406E-16, 1.236011392668238096E-30, -1.000000000000000000 ) ) ;
#9203 = B_SPLINE_SURFACE_WITH_KNOTS ( 'NONE', 1, 3, ( 
 ( #4029, #9064, #1417, #8948 ),
 ( #10772, #3084, #4735, #5716 ) ),
 .UNSPECIFIED., .F., .F., .F.,
 ( 2, 2 ),
 ( 4, 4 ),
 ( 0.000000000000000000, 1.000000000000000000 ),
 ( 9.256968988838749348E-05, 1.000000000000000000 ),
 .UNSPECIFIED. ) ;
#9204 = LINE ( 'NONE', #4884, #9017 ) ;
#9205 = VERTEX_POINT ( 'NONE', #3992 ) ;
#9206 = VECTOR ( 'NONE', #2082, 1000.000000000000000 ) ;
#9207 = ORIENTED_EDGE ( 'NONE', *, *, #509, .F. ) ;
#9208 = ORIENTED_EDGE ( 'NONE', *, *, #7274, .F. ) ;
#9209 = DIRECTION ( 'NONE',  ( 6.162975822039149940E-33, -1.000000000000000000, -1.355252715606889910E-16 ) ) ;
#9210 = CARTESIAN_POINT ( 'NONE',  ( -14.20053365970701975, 5.518091858411629512E-14, -14.20053365970695936 ) ) ;
#9211 = ORIENTED_EDGE ( 'NONE', *, *, #2195, .F. ) ;
#9212 = CARTESIAN_POINT ( 'NONE',  ( 8.802435738237711860, 0.01849218873360394810, -19.52939509065199886 ) ) ;
#9213 = DIRECTION ( 'NONE',  ( 0.000000000000000000, 1.000000000000000000, 0.000000000000000000 ) ) ;
#9214 = EDGE_CURVE ( 'NONE', #626, #9654, #3827, .T. ) ;
#9215 = FACE_OUTER_BOUND ( 'NONE', #1535, .T. ) ;
#9216 = EDGE_CURVE ( 'NONE', #5965, #9807, #2222, .T. ) ;
#9217 = DIRECTION ( 'NONE',  ( 1.237566747377124013E-14, 1.000000000000000000, 2.903302832784645416E-15 ) ) ;
#9218 = AXIS2_PLACEMENT_3D ( 'NONE', #2527, #10883, #8303 ) ;
#9219 = FACE_OUTER_BOUND ( 'NONE', #6862, .T. ) ;
#9220 = CARTESIAN_POINT ( 'NONE',  ( -8.488707373929848643, 4.599999927409200482E-08, -19.48809600687989985 ) ) ;
#9221 = ORIENTED_EDGE ( 'NONE', *, *, #7800, .F. ) ;
#9222 = ORIENTED_EDGE ( 'NONE', *, *, #8624, .F. ) ;
#9223 = LINE ( 'NONE', #3191, #10418 ) ;
#9224 = VERTEX_POINT ( 'NONE', #3057 ) ;
#9225 = VERTEX_POINT ( 'NONE', #8103 ) ;
#9226 = LINE ( 'NONE', #7795, #8679 ) ;
#9227 = VECTOR ( 'NONE', #4074, 1000.000000000000000 ) ;
#9228 = EDGE_CURVE ( 'NONE', #8028, #5299, #2996, .T. ) ;
#9229 = AXIS2_PLACEMENT_3D ( 'NONE', #10853, #3164, #6508 ) ;
#9230 = CARTESIAN_POINT ( 'NONE',  ( 5.127399617764049289, -1.499999953999898050, -79.67810574249129729 ) ) ;
#9231 = ORIENTED_EDGE ( 'NONE', *, *, #9278, .F. ) ;
#9232 = CARTESIAN_POINT ( 'NONE',  ( 8.453089367881339911, 0.1499999770000020050, -0.2999999080000029794 ) ) ;
#9233 = AXIS2_PLACEMENT_3D ( 'NONE', #6011, #5359, #5199 ) ;
#9234 = ORIENTED_EDGE ( 'NONE', *, *, #10589, .F. ) ;
#9235 = VECTOR ( 'NONE', #6780, 1000.000000000000000 ) ;
#9236 = ORIENTED_EDGE ( 'NONE', *, *, #4678, .F. ) ;
#9237 = EDGE_CURVE ( 'NONE', #6734, #2157, #9809, .T. ) ;
#9238 = CARTESIAN_POINT ( 'NONE',  ( -9.000000000000000000, 7.799999999999999822, 0.000000000000000000 ) ) ;
#9239 = EDGE_CURVE ( 'NONE', #2010, #1152, #5423, .T. ) ;
#9240 = DIRECTION ( 'NONE',  ( 3.562560286365675406E-16, -2.040969624998810176E-30, 1.000000000000000000 ) ) ;
#9241 = ORIENTED_EDGE ( 'NONE', *, *, #2433, .F. ) ;
#9242 = LINE ( 'NONE', #613, #5737 ) ;
#9243 = VECTOR ( 'NONE', #6120, 1000.000000000000000 ) ;
#9244 = VERTEX_POINT ( 'NONE', #406 ) ;
#9245 = AXIS2_PLACEMENT_3D ( 'NONE', #3089, #8200, #5664 ) ;
#9246 =( LENGTH_UNIT ( ) NAMED_UNIT ( * ) SI_UNIT ( .MILLI., .METRE. ) );
#9247 = FACE_OUTER_BOUND ( 'NONE', #6478, .T. ) ;
#9248 = CARTESIAN_POINT ( 'NONE',  ( 4.843000897764119905, -1.802800045999999989, 6.288372600416219173E-15 ) ) ;
#9249 = VERTEX_POINT ( 'NONE', #10636 ) ;
#9250 = EDGE_CURVE ( 'NONE', #580, #3141, #7118, .T. ) ;
#9251 = AXIS2_PLACEMENT_3D ( 'NONE', #9128, #718, #2486 ) ;
#9252 = CARTESIAN_POINT ( 'NONE',  ( 8.747943630465320197, -0.06580746144264219832, -19.36501450962520110 ) ) ;
#9253 = PLANE ( 'NONE',  #4580 ) ;
#9254 = ORIENTED_EDGE ( 'NONE', *, *, #2705, .T. ) ;
#9255 = DIRECTION ( 'NONE',  ( 1.833260990695839833E-13, -1.000000000000000000, -3.848953698056000290E-15 ) ) ;
#9256 = CARTESIAN_POINT ( 'NONE',  ( 8.628797010556489511, -0.04918077474458839443, -19.50945319669810019 ) ) ;
#9257 = ORIENTED_EDGE ( 'NONE', *, *, #7596, .T. ) ;
#9258 = DIRECTION ( 'NONE',  ( 1.000000000000000000, 1.836841578568294975E-13, 5.332907358433949134E-28 ) ) ;
#9259 =( NAMED_UNIT ( * ) SI_UNIT ( $, .STERADIAN. ) SOLID_ANGLE_UNIT ( ) );
#9260 = CARTESIAN_POINT ( 'NONE',  ( -8.453089367881339911, 0.1499999999999405975, -0.4707106321186560471 ) ) ;
#9261 = VECTOR ( 'NONE', #9322, 1000.000000000000000 ) ;
#9262 = CARTESIAN_POINT ( 'NONE',  ( 9.000000000000000000, 11.00000000000000000, 0.000000000000000000 ) ) ;
#9263 = ORIENTED_EDGE ( 'NONE', *, *, #4721, .T. ) ;
#9264 = ORIENTED_EDGE ( 'NONE', *, *, #10155, .T. ) ;
#9265 = EDGE_CURVE ( 'NONE', #3837, #2560, #6401, .T. ) ;
#9266 = EDGE_LOOP ( 'NONE', ( #811, #2436, #10408, #6073 ) ) ;
#9267 = CARTESIAN_POINT ( 'NONE',  ( -8.703089367881348792, 0.1499999540000040155, -0.2999999080000029794 ) ) ;
#9268 = CARTESIAN_POINT ( 'NONE',  ( -3.622600662236230118, -5.856032108907799812E-13, -20.24880012599999901 ) ) ;
#9269 = ORIENTED_EDGE ( 'NONE', *, *, #5669, .T. ) ;
#9270 = AXIS2_PLACEMENT_3D ( 'NONE', #3098, #4696, #8042 ) ;
#9271 = CARTESIAN_POINT ( 'NONE',  ( -8.702186407131780044, -0.1178752808227741949, -0.001724950664884095097 ) ) ;
#9272 = CARTESIAN_POINT ( 'NONE',  ( 8.488707373929848643, 4.600000450536750030E-08, -19.49209532240785236 ) ) ;
#9273 = CARTESIAN_POINT ( 'NONE',  ( -9.000000000000000000, -6.250000000000000000, 0.000000000000000000 ) ) ;
#9274 = DIRECTION ( 'NONE',  ( 0.000000000000000000, -2.903302832784645416E-15, 1.000000000000000000 ) ) ;
#9275 = PLANE ( 'NONE',  #387 ) ;
#9276 = LINE ( 'NONE', #10553, #2348 ) ;
#9277 = ORIENTED_EDGE ( 'NONE', *, *, #10516, .F. ) ;
#9278 = EDGE_CURVE ( 'NONE', #8319, #7448, #7997, .T. ) ;
#9279 = EDGE_CURVE ( 'NONE', #626, #6165, #1510, .T. ) ;
#9280 = ORIENTED_EDGE ( 'NONE', *, *, #1694, .F. ) ;
#9281 = CARTESIAN_POINT ( 'NONE',  ( 7.890014929625221107, -0.1499999079999954077, -20.24880012599999901 ) ) ;
#9282 = ORIENTED_EDGE ( 'NONE', *, *, #5507, .T. ) ;
#9283 = DIRECTION ( 'NONE',  ( 0.000000000000000000, -1.000000000000000000, 0.000000000000000000 ) ) ;
#9284 = CARTESIAN_POINT ( 'NONE',  ( -1.376600582235898207, -1.802800000000055025, -20.39880008000000089 ) ) ;
#9285 = ORIENTED_EDGE ( 'NONE', *, *, #5057, .F. ) ;
#9286 = DIRECTION ( 'NONE',  ( 1.000000000000000000, 0.000000000000000000, 0.000000000000000000 ) ) ;
#9287 = EDGE_CURVE ( 'NONE', #4850, #2820, #9134, .T. ) ;
#9288 = ORIENTED_EDGE ( 'NONE', *, *, #547, .T. ) ;
#9289 = EDGE_CURVE ( 'NONE', #3556, #2600, #2751, .T. ) ;
#9290 = ORIENTED_EDGE ( 'NONE', *, *, #664, .T. ) ;
#9291 = CARTESIAN_POINT ( 'NONE',  ( -8.050395695124079154, 0.01849218873361315255, -20.27743581823765240 ) ) ;
#9292 = DIRECTION ( 'NONE',  ( 1.000000000000000000, 0.000000000000000000, 0.000000000000000000 ) ) ;
#9293 = VERTEX_POINT ( 'NONE', #6669 ) ;
#9294 = LINE ( 'NONE', #61, #2234 ) ;
#9295 = VERTEX_POINT ( 'NONE', #18 ) ;
#9296 = CARTESIAN_POINT ( 'NONE',  ( 32.48138229896110118, -1.499999953999989977, -44.10743720361814724 ) ) ;
#9297 = DIRECTION ( 'NONE',  ( -3.562560286365680337E-16, -8.906400715914189748E-17, -1.000000000000000000 ) ) ;
#9298 = VERTEX_POINT ( 'NONE', #2446 ) ;
#9299 = EDGE_CURVE ( 'NONE', #4596, #2419, #1725, .T. ) ;
#9300 = CARTESIAN_POINT ( 'NONE',  ( 6.123399657764100112, -1.802799999999999958, -20.39880008000000089 ) ) ;
#9301 = CARTESIAN_POINT ( 'NONE',  ( -7.886015114097229883, -0.06580746144262919484, -20.22294371046530159 ) ) ;
#9302 = DIRECTION ( 'NONE',  ( -3.848953698056000290E-15, -1.000000000000000000, -6.697566661233470495E-31 ) ) ;
#9303 = CARTESIAN_POINT ( 'NONE',  ( 9.000000000000000000, 11.00000000000000000, 0.8719667599999999519 ) ) ;
#9304 = CARTESIAN_POINT ( 'NONE',  ( 8.717248463147390325, -0.06580747634335550045, -19.43911972326024795 ) ) ;
#9305 = VECTOR ( 'NONE', #9469, 1000.000000000000000 ) ;
#9306 = ORIENTED_EDGE ( 'NONE', *, *, #8807, .T. ) ;
#9307 = FACE_OUTER_BOUND ( 'NONE', #561, .T. ) ;
#9308 = CARTESIAN_POINT ( 'NONE',  ( 61.95510655778610243, -1.499999953999900049, -0.7950188799999790001 ) ) ;
#9309 = CARTESIAN_POINT ( 'NONE',  ( -5.608999999999999986, 4.722999999999999865, 0.8719667599999999519 ) ) ;
#9310 = EDGE_CURVE ( 'NONE', #7285, #299, #6620, .T. ) ;
#9311 = DIRECTION ( 'NONE',  ( 0.000000000000000000, -0.1070822767623804267, -0.9942501626871301790 ) ) ;
#9312 = EDGE_CURVE ( 'NONE', #1456, #220, #4925, .T. ) ;
#9313 = VERTEX_POINT ( 'NONE', #3380 ) ;
#9314 = VERTEX_POINT ( 'NONE', #9139 ) ;
#9315 = ORIENTED_EDGE ( 'NONE', *, *, #4275, .T. ) ;
#9316 = LINE ( 'NONE', #9372, #7402 ) ;
#9317 = AXIS2_PLACEMENT_3D ( 'NONE', #7035, #1041, #1604 ) ;
#9318 = CARTESIAN_POINT ( 'NONE',  ( 8.773800046000008734, -1.499999954000112101, -5.405364284899209407E-14 ) ) ;
#9319 = ORIENTED_EDGE ( 'NONE', *, *, #5295, .F. ) ;
#9320 = CARTESIAN_POINT ( 'NONE',  ( 8.688962100089147711, -0.06479686222640150539, -19.46643431573469840 ) ) ;
#9321 = DIRECTION ( 'NONE',  ( -8.904572318030769708E-17, -4.379057701015049943E-47, 1.000000000000000000 ) ) ;
#9322 = DIRECTION ( 'NONE',  ( -1.000000000000000000, 3.446013993391890312E-15, 3.562560286365675406E-16 ) ) ;
#9323 = DIRECTION ( 'NONE',  ( 1.000000000000000000, 0.000000000000000000, 0.000000000000000000 ) ) ;
#9324 = DIRECTION ( 'NONE',  ( 1.000000000000000000, 0.000000000000000000, 0.000000000000000000 ) ) ;
#9325 = PRODUCT_DEFINITION_CONTEXT ( 'detailed design', #3645, 'design' ) ;
#9326 = CARTESIAN_POINT ( 'NONE',  ( 1.377399497764048020, -1.499999954000070135, -20.24880012599999901 ) ) ;
#9327 = EDGE_CURVE ( 'NONE', #225, #472, #4211, .T. ) ;
#9328 = LINE ( 'NONE', #10152, #7617 ) ;
#9329 = ORIENTED_EDGE ( 'NONE', *, *, #7557, .T. ) ;
#9330 = ORIENTED_EDGE ( 'NONE', *, *, #9982, .T. ) ;
#9331 = AXIS2_PLACEMENT_3D ( 'NONE', #7059, #3824, #6294 ) ;
#9332 = CARTESIAN_POINT ( 'NONE',  ( -7.686953254737050045, 0.1000000153333326092, -20.09880017200000069 ) ) ;
#9333 = EDGE_LOOP ( 'NONE', ( #9288, #4494, #1479, #10785 ) ) ;
#9334 = DIRECTION ( 'NONE',  ( 0.000000000000000000, 0.000000000000000000, -1.000000000000000000 ) ) ;
#9335 = CARTESIAN_POINT ( 'NONE',  ( 8.923799999999999955, -1.499999954000091895, -4.866019119999979381 ) ) ;
#9336 = ORIENTED_EDGE ( 'NONE', *, *, #6681, .F. ) ;
#9337 = DIRECTION ( 'NONE',  ( 0.000000000000000000, 0.000000000000000000, 1.000000000000000000 ) ) ;
#9338 = EDGE_CURVE ( 'NONE', #7242, #8879, #9060, .T. ) ;
#9339 = EDGE_LOOP ( 'NONE', ( #2019, #9330, #4437, #5829 ) ) ;
#9340 = ORIENTED_EDGE ( 'NONE', *, *, #9289, .T. ) ;
#9341 = CARTESIAN_POINT ( 'NONE',  ( 8.391000000000000014, 10.41999999999999993, 0.000000000000000000 ) ) ;
#9342 = AXIS2_PLACEMENT_3D ( 'NONE', #8108, #4556, #4766 ) ;
#9343 = CYLINDRICAL_SURFACE ( 'NONE', #8152, 0.2999999999999999334 ) ;
#9344 = VERTEX_POINT ( 'NONE', #7496 ) ;
#9345 = CARTESIAN_POINT ( 'NONE',  ( -8.805030840337661147, 0.01838498511473629984, -19.52290349202930031 ) ) ;
#9346 = EDGE_CURVE ( 'NONE', #3010, #8178, #727, .T. ) ;
#9347 = ADVANCED_FACE ( 'NONE', ( #73 ), #5630, .T. ) ;
#9348 = ORIENTED_EDGE ( 'NONE', *, *, #8744, .T. ) ;
#9349 = DIRECTION ( 'NONE',  ( -0.7071067811865480168, -8.101945488785456994E-15, 0.7071067811865470176 ) ) ;
#9350 = DIRECTION ( 'NONE',  ( -3.848953698056000290E-15, -1.000000000000000000, -6.697566661233470495E-31 ) ) ;
#9351 = VECTOR ( 'NONE', #3684, 1000.000000000000000 ) ;
#9352 = ORIENTED_EDGE ( 'NONE', *, *, #7878, .T. ) ;
#9353 = AXIS2_PLACEMENT_3D ( 'NONE', #7664, #237, #6949 ) ;
#9354 = FACE_OUTER_BOUND ( 'NONE', #3356, .T. ) ;
#9355 = CARTESIAN_POINT ( 'NONE',  ( 8.923799999999999955, -1.802799999999999958, -19.48126663494194943 ) ) ;
#9356 = DIRECTION ( 'NONE',  ( -1.000000000000000000, -3.629128540980805093E-15, -8.904572318030769708E-17 ) ) ;
#9357 = ORIENTED_EDGE ( 'NONE', *, *, #3479, .T. ) ;
#9358 = FACE_OUTER_BOUND ( 'NONE', #8021, .T. ) ;
#9359 = EDGE_CURVE ( 'NONE', #4421, #2695, #7389, .T. ) ;
#9360 = ORIENTED_EDGE ( 'NONE', *, *, #95, .T. ) ;
#9361 = VECTOR ( 'NONE', #3033, 1000.000000000000000 ) ;
#9362 = CARTESIAN_POINT ( 'NONE',  ( -5.066999602235879863, -1.802800045999999989, -0.1499999539999936071 ) ) ;
#9363 = CARTESIAN_POINT ( 'NONE',  ( 7.964119989667979738, -0.06580746144262659969, -20.19224818244835262 ) ) ;
#9364 = AXIS2_PLACEMENT_3D ( 'NONE', #7174, #7014, #2174 ) ;
#9365 = LINE ( 'NONE', #1007, #2338 ) ;
#9366 = PLANE ( 'NONE',  #3596 ) ;
#9367 = ORIENTED_EDGE ( 'NONE', *, *, #10717, .T. ) ;
#9368 = ORIENTED_EDGE ( 'NONE', *, *, #9954, .T. ) ;
#9369 = ORIENTED_EDGE ( 'NONE', *, *, #3526, .T. ) ;
#9370 = EDGE_CURVE ( 'NONE', #5957, #8339, #7316, .T. ) ;
#9371 = AXIS2_PLACEMENT_3D ( 'NONE', #7948, #1397, #4767 ) ;
#9372 = CARTESIAN_POINT ( 'NONE',  ( 2.627399537763774884, 5.601849449592819830E-13, -20.24880012599999901 ) ) ;
#9373 = B_SPLINE_CURVE_WITH_KNOTS ( 'NONE', 3,
 ( #6416, #9156, #693, #641 ),
 .UNSPECIFIED., .F., .F.,
 ( 4, 4 ),
 ( 2.007249870337185058E-06, 1.000000000000000000 ),
 .UNSPECIFIED. ) ;
#9374 = ORIENTED_EDGE ( 'NONE', *, *, #2785, .T. ) ;
#9375 = CARTESIAN_POINT ( 'NONE',  ( 8.776259449040949789, 0.02040614392395024776, -19.55373072437775051 ) ) ;
#9376 = CARTESIAN_POINT ( 'NONE',  ( 8.773800046000008734, -1.499999954000091895, -8.041019119999980092 ) ) ;
#9377 = CARTESIAN_POINT ( 'NONE',  ( -9.000000000000000000, 4.700000000000000178, 0.000000000000000000 ) ) ;
#9378 = EDGE_CURVE ( 'NONE', #8045, #121, #9919, .T. ) ;
#9379 = CARTESIAN_POINT ( 'NONE',  ( 9.000000000000000000, -7.500000000000000000, 0.8719667599999999519 ) ) ;
#9380 = LINE ( 'NONE', #5213, #5725 ) ;
#9381 = FACE_OUTER_BOUND ( 'NONE', #6308, .T. ) ;
#9382 = DIRECTION ( 'NONE',  ( 0.000000000000000000, 0.000000000000000000, 1.000000000000000000 ) ) ;
#9383 = CIRCLE ( 'NONE', #10605, 0.2999999999999999334 ) ;
#9384 = ORIENTED_EDGE ( 'NONE', *, *, #1952, .T. ) ;
#9385 = ORIENTED_EDGE ( 'NONE', *, *, #4260, .F. ) ;
#9386 = ADVANCED_FACE ( 'NONE', ( #10018 ), #6507, .T. ) ;
#9387 = DIRECTION ( 'NONE',  ( 0.000000000000000000, -1.000000000000000000, -3.089394128724235091E-31 ) ) ;
#9388 = ORIENTED_EDGE ( 'NONE', *, *, #3526, .F. ) ;
#9389 = AXIS2_PLACEMENT_3D ( 'NONE', #6417, #10594, #4777 ) ;
#9390 = LINE ( 'NONE', #315, #10616 ) ;
#9391 = DIRECTION ( 'NONE',  ( 1.000000000000000000, 0.000000000000000000, 0.000000000000000000 ) ) ;
#9392 = ORIENTED_EDGE ( 'NONE', *, *, #1217, .F. ) ;
#9393 = CARTESIAN_POINT ( 'NONE',  ( 8.112958510446910410, 0.05162117292391459750, -20.18276121863275208 ) ) ;
#9394 = B_SPLINE_CURVE_WITH_KNOTS ( 'NONE', 3,
 ( #9131, #1385, #6449, #3161 ),
 .UNSPECIFIED., .F., .F.,
 ( 4, 4 ),
 ( 4.632000119909989838E-05, 1.000000000000000000 ),
 .UNSPECIFIED. ) ;
#9395 = CIRCLE ( 'NONE', #10805, 0.2999999999999999334 ) ;
#9396 = ORIENTED_EDGE ( 'NONE', *, *, #7597, .T. ) ;
#9397 = VERTEX_POINT ( 'NONE', #4430 ) ;
#9398 = ADVANCED_FACE ( 'NONE', ( #2718 ), #8589, .F. ) ;
#9399 = FACE_OUTER_BOUND ( 'NONE', #2624, .T. ) ;
#9400 = AXIS2_PLACEMENT_3D ( 'NONE', #10240, #236, #6069 ) ;
#9401 = DIRECTION ( 'NONE',  ( 0.000000000000000000, 0.000000000000000000, -1.000000000000000000 ) ) ;
#9402 = CARTESIAN_POINT ( 'NONE',  ( -8.831631422722470148, 0.06825117539170211245, -19.22777792869915103 ) ) ;
#9403 = EDGE_LOOP ( 'NONE', ( #9580, #8670, #9854, #3839 ) ) ;
#9404 = DIRECTION ( 'NONE',  ( 1.000000000000000000, 0.000000000000000000, 0.000000000000000000 ) ) ;
#9405 = ORIENTED_EDGE ( 'NONE', *, *, #10400, .F. ) ;
#9406 = DIRECTION ( 'NONE',  ( 1.000000000000000000, 0.000000000000000000, 0.000000000000000000 ) ) ;
#9407 = AXIS2_PLACEMENT_3D ( 'NONE', #5475, #628, #1344 ) ;
#9408 = LINE ( 'NONE', #1823, #3066 ) ;
#9409 = ORIENTED_EDGE ( 'NONE', *, *, #7615, .T. ) ;
#9410 = EDGE_CURVE ( 'NONE', #10250, #1415, #2773, .T. ) ;
#9411 = EDGE_CURVE ( 'NONE', #10007, #1700, #7824, .T. ) ;
#9412 = B_SPLINE_CURVE_WITH_KNOTS ( 'NONE', 3,
 ( #9004, #9723, #1310, #8896 ),
 .UNSPECIFIED., .F., .F.,
 ( 4, 4 ),
 ( 0.000000000000000000, 1.000000000000000000 ),
 .UNSPECIFIED. ) ;
#9413 = LINE ( 'NONE', #3434, #4950 ) ;
#9414 = AXIS2_PLACEMENT_3D ( 'NONE', #7012, #10253, #1789 ) ;
#9415 = DIRECTION ( 'NONE',  ( 0.000000000000000000, 0.000000000000000000, -1.000000000000000000 ) ) ;
#9416 = AXIS2_PLACEMENT_3D ( 'NONE', #7198, #7149, #10446 ) ;
#9417 = CARTESIAN_POINT ( 'NONE',  ( -8.699999999999999289, 7.500000000000000000, 0.8719667599999999519 ) ) ;
#9418 = ORIENTED_EDGE ( 'NONE', *, *, #6879, .T. ) ;
#9419 = DIRECTION ( 'NONE',  ( -3.562560286365675406E-16, 1.236011392668240023E-30, -1.000000000000000000 ) ) ;
#9420 = ORIENTED_EDGE ( 'NONE', *, *, #1183, .F. ) ;
#9421 = DIRECTION ( 'NONE',  ( -1.000000000000000000, 0.000000000000000000, 0.000000000000000000 ) ) ;
#9422 = DIRECTION ( 'NONE',  ( 0.000000000000000000, -1.000000000000000000, -3.491481338843135327E-15 ) ) ;
#9423 = CARTESIAN_POINT ( 'NONE',  ( 5.097000897764109695, 3.150137609681779174E-14, -0.1499999540000000187 ) ) ;
#9424 = DIRECTION ( 'NONE',  ( 1.000000000000000000, 0.000000000000000000, 0.000000000000000000 ) ) ;
#9425 = AXIS2_PLACEMENT_3D ( 'NONE', #1876, #1819, #2759 ) ;
#9426 = VECTOR ( 'NONE', #6457, 1000.000000000000000 ) ;
#9427 = ORIENTED_EDGE ( 'NONE', *, *, #1039, .T. ) ;
#9428 = ORIENTED_EDGE ( 'NONE', *, *, #674, .T. ) ;
#9429 = EDGE_CURVE ( 'NONE', #3566, #10007, #2659, .T. ) ;
#9430 = DIRECTION ( 'NONE',  ( 0.000000000000000000, -1.000000000000000000, 0.000000000000000000 ) ) ;
#9431 = ORIENTED_EDGE ( 'NONE', *, *, #163, .T. ) ;
#9432 = CIRCLE ( 'NONE', #7503, 0.2999999999999999334 ) ;
#9433 = DIRECTION ( 'NONE',  ( -8.904572318030769708E-17, -4.379057701015049943E-47, 1.000000000000000000 ) ) ;
#9434 = DIRECTION ( 'NONE',  ( 1.000000000000000000, -3.446013993391890312E-15, 0.000000000000000000 ) ) ;
#9435 = FACE_BOUND ( 'NONE', #10577, .T. ) ;
#9436 = CARTESIAN_POINT ( 'NONE',  ( -7.821022843680750292, -0.06112860361460539099, -20.21988381463575024 ) ) ;
#9437 = CARTESIAN_POINT ( 'NONE',  ( -8.571332132035609064, -1.802799999999999958, -19.82973518737840024 ) ) ;
#9438 = CARTESIAN_POINT ( 'NONE',  ( -8.923799999999999955, -1.499999954000060143, -18.04719942409725064 ) ) ;
#9439 = LINE ( 'NONE', #6191, #3052 ) ;
#9440 = EDGE_CURVE ( 'NONE', #9865, #3142, #3658, .T. ) ;
#9441 = VECTOR ( 'NONE', #10031, 1000.000000000000000 ) ;
#9442 = EDGE_LOOP ( 'NONE', ( #9420, #6929, #6223, #5991 ) ) ;
#9443 = EDGE_CURVE ( 'NONE', #3409, #10646, #2611, .T. ) ;
#9444 = EDGE_LOOP ( 'NONE', ( #6979, #9178, #730, #6119 ) ) ;
#9445 = AXIS2_PLACEMENT_3D ( 'NONE', #8627, #1093, #6050 ) ;
#9446 = DIRECTION ( 'NONE',  ( 0.000000000000000000, 1.000000000000000000, 0.000000000000000000 ) ) ;
#9447 = VERTEX_POINT ( 'NONE', #9472 ) ;
#9448 = CARTESIAN_POINT ( 'NONE',  ( -8.923799999999999955, -1.499999954000060143, -3.976198864097220120 ) ) ;
#9449 = CYLINDRICAL_SURFACE ( 'NONE', #4590, 0.2999999999999999334 ) ;
#9450 = DIRECTION ( 'NONE',  ( 1.000000000000000000, 0.000000000000000000, 0.000000000000000000 ) ) ;
#9451 = EDGE_CURVE ( 'NONE', #10744, #9615, #179, .T. ) ;
#9452 = EDGE_CURVE ( 'NONE', #8051, #2796, #5300, .T. ) ;
#9453 = ORIENTED_EDGE ( 'NONE', *, *, #7405, .F. ) ;
#9454 = ORIENTED_EDGE ( 'NONE', *, *, #938, .F. ) ;
#9455 = EDGE_CURVE ( 'NONE', #2206, #4888, #10236, .T. ) ;
#9456 = ORIENTED_EDGE ( 'NONE', *, *, #8427, .F. ) ;
#9457 = CARTESIAN_POINT ( 'NONE',  ( -6.500000000000000000, 11.00000000000000000, 0.8719667599999999519 ) ) ;
#9458 = FACE_OUTER_BOUND ( 'NONE', #10462, .T. ) ;
#9459 = PLANE ( 'NONE',  #4664 ) ;
#9460 = ORIENTED_EDGE ( 'NONE', *, *, #807, .F. ) ;
#9461 = DIRECTION ( 'NONE',  ( 0.000000000000000000, 1.000000000000000000, 0.000000000000000000 ) ) ;
#9462 = ORIENTED_EDGE ( 'NONE', *, *, #4260, .T. ) ;
#9463 =( NAMED_UNIT ( * ) SI_UNIT ( $, .STERADIAN. ) SOLID_ANGLE_UNIT ( ) );
#9464 = CARTESIAN_POINT ( 'NONE',  ( -8.699999999999999289, 5.000000000000000000, 0.000000000000000000 ) ) ;
#9465 = EDGE_CURVE ( 'NONE', #4492, #2695, #3437, .T. ) ;
#9466 = DIRECTION ( 'NONE',  ( 0.000000000000000000, 0.000000000000000000, 1.000000000000000000 ) ) ;
#9467 = ORIENTED_EDGE ( 'NONE', *, *, #9573, .F. ) ;
#9468 = CARTESIAN_POINT ( 'NONE',  ( 9.000000000000000000, -8.449999999999999289, 0.000000000000000000 ) ) ;
#9469 = DIRECTION ( 'NONE',  ( 0.000000000000000000, 0.000000000000000000, 1.000000000000000000 ) ) ;
#9470 = DIRECTION ( 'NONE',  ( 1.000000000000000000, 0.000000000000000000, 0.000000000000000000 ) ) ;
#9471 = ORIENTED_EDGE ( 'NONE', *, *, #2935, .F. ) ;
#9472 = CARTESIAN_POINT ( 'NONE',  ( 8.773800046000008734, -1.499999954000091895, -0.7950188799999839961 ) ) ;
#9473 = ORIENTED_EDGE ( 'NONE', *, *, #226, .T. ) ;
#9474 = DIRECTION ( 'NONE',  ( 0.000000000000000000, 1.000000000000000000, 0.000000000000000000 ) ) ;
#9475 = CARTESIAN_POINT ( 'NONE',  ( 7.964119989667979738, -0.06580746144262659969, -20.19224818244835262 ) ) ;
#9476 = DIRECTION ( 'NONE',  ( -1.000000000000000000, -1.833260990695674992E-13, -5.322511827520339352E-28 ) ) ;
#9477 = EDGE_CURVE ( 'NONE', #7912, #6530, #1938, .T. ) ;
#9478 = CARTESIAN_POINT ( 'NONE',  ( -7.818616358269982136, 0.02207989053954536110, -20.34457472377369669 ) ) ;
#9479 = ORIENTED_EDGE ( 'NONE', *, *, #4124, .F. ) ;
#9480 = ORIENTED_EDGE ( 'NONE', *, *, #1217, .T. ) ;
#9481 = CARTESIAN_POINT ( 'NONE',  ( 7.890014929625221107, 7.903775904403939347E-14, -20.39880008000000089 ) ) ;
#9482 = ORIENTED_EDGE ( 'NONE', *, *, #1050, .F. ) ;
#9483 = LINE ( 'NONE', #5525, #3481 ) ;
#9484 = CARTESIAN_POINT ( 'NONE',  ( -6.383799999999999919, -0.9999999540000689136, -16.47619926409720037 ) ) ;
#9485 = DIRECTION ( 'NONE',  ( 1.000000000000000000, 0.000000000000000000, 0.000000000000000000 ) ) ;
#9486 = PLANE ( 'NONE',  #6546 ) ;
#9487 = CARTESIAN_POINT ( 'NONE',  ( 7.701465100667088670, 0.1215250636491815306, -20.23874265311872378 ) ) ;
#9488 = CARTESIAN_POINT ( 'NONE',  ( -8.285661024963159704, -1.802799999999999958, -19.90327432514870054 ) ) ;
#9489 = EDGE_CURVE ( 'NONE', #6277, #5994, #5135, .T. ) ;
#9490 = ADVANCED_FACE ( 'NONE', ( #3604 ), #8480, .F. ) ;
#9491 = DIRECTION ( 'NONE',  ( 3.469446951953614978E-15, 1.000000000000000000, 1.734723475976805122E-15 ) ) ;
#9492 = ORIENTED_EDGE ( 'NONE', *, *, #3593, .F. ) ;
#9493 = ORIENTED_EDGE ( 'NONE', *, *, #6039, .T. ) ;
#9494 = VECTOR ( 'NONE', #6156, 1000.000000000000000 ) ;
#9495 = LINE ( 'NONE', #10262, #9888 ) ;
#9496 = ORIENTED_EDGE ( 'NONE', *, *, #487, .T. ) ;
#9497 = CARTESIAN_POINT ( 'NONE',  ( -0.1266005422359564037, -1.499999953999898050, -79.67810574249129729 ) ) ;
#9498 = LINE ( 'NONE', #102, #10540 ) ;
#9499 = CARTESIAN_POINT ( 'NONE',  ( 8.078584073999520498, 0.02039333901993104978, -20.25141841446934876 ) ) ;
#9500 = EDGE_CURVE ( 'NONE', #2822, #6332, #232, .T. ) ;
#9501 = AXIS2_PLACEMENT_3D ( 'NONE', #6060, #69, #3598 ) ;
#9502 = ORIENTED_EDGE ( 'NONE', *, *, #6150, .T. ) ;
#9503 = EDGE_LOOP ( 'NONE', ( #204, #7911, #9385, #9677 ) ) ;
#9504 = EDGE_LOOP ( 'NONE', ( #7023, #7196, #1733, #3920 ) ) ;
#9505 = ADVANCED_FACE ( 'NONE', ( #9358 ), #3545, .T. ) ;
#9506 = ADVANCED_FACE ( 'NONE', ( #6885 ), #8964, .F. ) ;
#9507 = LINE ( 'NONE', #5284, #6279 ) ;
#9508 = CARTESIAN_POINT ( 'NONE',  ( 2.373399537763774880, 5.136201157956080740E-13, -20.24880012599999901 ) ) ;
#9509 = CARTESIAN_POINT ( 'NONE',  ( 1.123399497763772015, 2.844624846255835239E-13, -20.24880012599999901 ) ) ;
#9510 = VERTEX_POINT ( 'NONE', #449 ) ;
#9512 = AXIS2_PLACEMENT_3D ( 'NONE', #1994, #7877, #4479 ) ;
#9511 = LINE ( 'NONE', #6053, #9955 ) ;
#9513 = CARTESIAN_POINT ( 'NONE',  ( 5.097000897764120353, -1.499999954000106106, 0.000000000000000000 ) ) ;
#9514 = ADVANCED_FACE ( 'NONE', ( #4586 ), #3707, .F. ) ;
#9515 = ORIENTED_EDGE ( 'NONE', *, *, #9708, .T. ) ;
#9516 = CARTESIAN_POINT ( 'NONE',  ( -8.923799999999999955, -1.802799999999999958, 2.696301922142129844E-30 ) ) ;
#9517 = PLANE ( 'NONE',  #8673 ) ;
#9518 = ORIENTED_EDGE ( 'NONE', *, *, #7899, .F. ) ;
#9519 = B_SPLINE_CURVE_WITH_KNOTS ( 'NONE', 1,
 ( #2724, #1945 ),
 .UNSPECIFIED., .F., .F.,
 ( 2, 2 ),
 ( 0.000000000000000000, 1.000000000000000000 ),
 .UNSPECIFIED. ) ;
#9520 = AXIS2_PLACEMENT_3D ( 'NONE', #6906, #10257, #2737 ) ;
#9521 = EDGE_CURVE ( 'NONE', #2832, #9737, #2105, .T. ) ;
#9522 = CARTESIAN_POINT ( 'NONE',  ( 9.000000000000000000, 6.250000000000000000, 0.000000000000000000 ) ) ;
#9523 = ORIENTED_EDGE ( 'NONE', *, *, #6931, .F. ) ;
#9524 = CARTESIAN_POINT ( 'NONE',  ( -8.773800045999999853, 3.434729301071215197E-14, -4.551198984097220013 ) ) ;
#9525 = ORIENTED_EDGE ( 'NONE', *, *, #2391, .F. ) ;
#9526 = DIRECTION ( 'NONE',  ( 0.000000000000000000, 0.000000000000000000, 1.000000000000000000 ) ) ;
#9527 = ORIENTED_EDGE ( 'NONE', *, *, #9745, .T. ) ;
#9528 = AXIS2_PLACEMENT_3D ( 'NONE', #3348, #9217, #3243 ) ;
#9529 = CARTESIAN_POINT ( 'NONE',  ( 8.190999999999998948, 10.41999999999999993, 0.000000000000000000 ) ) ;
#9530 = LINE ( 'NONE', #10465, #7771 ) ;
#9531 = DIRECTION ( 'NONE',  ( 0.000000000000000000, 1.000000000000000000, 0.000000000000000000 ) ) ;
#9532 = AXIS2_PLACEMENT_3D ( 'NONE', #7130, #3885, #3069 ) ;
#9533 = ORIENTED_EDGE ( 'NONE', *, *, #6238, .T. ) ;
#9534 = ORIENTED_EDGE ( 'NONE', *, *, #10882, .F. ) ;
#9535 = EDGE_CURVE ( 'NONE', #9865, #10714, #10399, .T. ) ;
#9536 = PLANE ( 'NONE',  #3889 ) ;
#9537 = VECTOR ( 'NONE', #10505, 1000.000000000000000 ) ;
#9538 = EDGE_LOOP ( 'NONE', ( #828, #3668, #1225, #1899 ) ) ;
#9539 = DIRECTION ( 'NONE',  ( -3.804463746895945552E-15, 1.000000000000000000, 7.653417444951971085E-15 ) ) ;
#9540 = DIRECTION ( 'NONE',  ( 3.446013993391890312E-15, 1.000000000000000000, -1.456598803462330056E-30 ) ) ;
#9541 = CARTESIAN_POINT ( 'NONE',  ( -9.000000000000000000, 5.000000000000000000, 0.000000000000000000 ) ) ;
#9542 = VECTOR ( 'NONE', #5714, 1000.000000000000114 ) ;
#9543 = DIRECTION ( 'NONE',  ( 3.848953698056000290E-15, -1.000000000000000000, 3.379345265849344779E-32 ) ) ;
#9544 = DIRECTION ( 'NONE',  ( -3.008831912698249990E-16, 1.000000000000000000, 0.000000000000000000 ) ) ;
#9545 = DIRECTION ( 'NONE',  ( 0.000000000000000000, 0.000000000000000000, 1.000000000000000000 ) ) ;
#9546 = CARTESIAN_POINT ( 'NONE',  ( 2.627399537764049775, -1.499999954000126090, -20.39880008000000089 ) ) ;
#9547 = VECTOR ( 'NONE', #558, 1000.000000000000000 ) ;
#9548 = ORIENTED_EDGE ( 'NONE', *, *, #2620, .F. ) ;
#9549 = ORIENTED_EDGE ( 'NONE', *, *, #2249, .T. ) ;
#9550 = EDGE_CURVE ( 'NONE', #10141, #4888, #5573, .T. ) ;
#9551 = CARTESIAN_POINT ( 'NONE',  ( 3.877399577764105043, -1.802799999999999958, -20.24880012599999901 ) ) ;
#9552 = EDGE_CURVE ( 'NONE', #10646, #611, #6231, .T. ) ;
#9553 = EDGE_LOOP ( 'NONE', ( #5457, #150, #10145, #2634 ) ) ;
#9554 = CARTESIAN_POINT ( 'NONE',  ( -8.923799999999999955, -1.802799999999999958, 2.696301859066384856E-30 ) ) ;
#9555 = VECTOR ( 'NONE', #5238, 1000.000000000000000 ) ;
#9556 = DIRECTION ( 'NONE',  ( -3.562560286365675406E-16, 1.751623080406019977E-46, -1.000000000000000000 ) ) ;
#9557 = CARTESIAN_POINT ( 'NONE',  ( -9.000000000000000000, 11.00000000000000000, 0.000000000000000000 ) ) ;
#9558 = AXIS2_PLACEMENT_3D ( 'NONE', #3970, #548, #663 ) ;
#9559 = LINE ( 'NONE', #4300, #4963 ) ;
#9560 = ORIENTED_EDGE ( 'NONE', *, *, #7698, .F. ) ;
#9561 = VERTEX_POINT ( 'NONE', #1328 ) ;
#9562 = EDGE_LOOP ( 'NONE', ( #1399, #10234, #8256, #471, #8437, #5597, #4532, #10750, #8623, #4626, #7251, #3014, #10764, #8827, #3706, #8245, #7879, #9263, #6403, #7452, #5824, #9150, #4697, #3688, #8297, #459, #4523, #4686, #6335, #1178, #850, #9873, #9008, #6590, #8062, #879, #5752, #7590, #9890, #5699, #1586, #7532, #9306, #5777, #5817, #96, #9172, #3496, #1621, #3251, #4941, #2474, #1565, #1714, #10303, #4073, #4069, #6654, #2124, #6471, #7661, #9930, #4278, #1692, #2239, #1210, #9177, #2051, #910, #7670, #2034, #1632, #9778, #3816, #9798, #2041, #8368, #6479, #4904, #3846, #10133, #1004, #7306, #2833, #6651, #9269, #9221, #4965, #6178, #4360, #2606, #2783, #1268, #2118, #7634, #8611, #8403, #3524, #8598, #5320, #10189 ) ) ;
#9563 = AXIS2_PLACEMENT_3D ( 'NONE', #5113, #9170, #3254 ) ;
#9564 = ADVANCED_FACE ( 'NONE', ( #1432 ), #8859, .F. ) ;
#9565 = FACE_OUTER_BOUND ( 'NONE', #605, .T. ) ;
#9566 = PLANE ( 'NONE',  #6589 ) ;
#9567 = EDGE_LOOP ( 'NONE', ( #689, #4221, #1869, #3449 ) ) ;
#9568 = CARTESIAN_POINT ( 'NONE',  ( -8.002267239413990652, -1.802799999999999958, -20.39880008000000089 ) ) ;
#9569 = DIRECTION ( 'NONE',  ( 3.848953698056000290E-15, -1.000000000000000000, -1.674047928902419981E-31 ) ) ;
#9570 = ORIENTED_EDGE ( 'NONE', *, *, #9886, .T. ) ;
#9571 = LINE ( 'NONE', #1157, #4110 ) ;
#9572 = CARTESIAN_POINT ( 'NONE',  ( 8.773800045999999853, 3.746142493554279500E-14, -19.36501500962519984 ) ) ;
#9573 = EDGE_CURVE ( 'NONE', #9510, #8081, #7108, .T. ) ;
#9574 = EDGE_LOOP ( 'NONE', ( #4774, #6325, #5453, #6999 ) ) ;
#9575 = ADVANCED_FACE ( 'NONE', ( #8044 ), #340, .F. ) ;
#9576 = AXIS2_PLACEMENT_3D ( 'NONE', #8485, #3660, #7002 ) ;
#9577 = CARTESIAN_POINT ( 'NONE',  ( -8.773800046000008734, -1.802799999999999958, -4.297198984097219565 ) ) ;
#9578 = VERTEX_POINT ( 'NONE', #4698 ) ;
#9579 = LINE ( 'NONE', #8912, #7514 ) ;
#9580 = ORIENTED_EDGE ( 'NONE', *, *, #9847, .T. ) ;
#9581 = DIRECTION ( 'NONE',  ( 0.000000000000000000, 0.000000000000000000, 1.000000000000000000 ) ) ;
#9582 = VECTOR ( 'NONE', #3831, 1000.000000000000000 ) ;
#9583 = ORIENTED_EDGE ( 'NONE', *, *, #995, .F. ) ;
#9584 = CARTESIAN_POINT ( 'NONE',  ( 61.95510655778610243, -1.499999953999900049, -16.47001928000000248 ) ) ;
#9585 = DIRECTION ( 'NONE',  ( 1.000000000000000000, 0.000000000000000000, 0.000000000000000000 ) ) ;
#9586 = CARTESIAN_POINT ( 'NONE',  ( -7.686953254737039387, 0.1499999999999999944, -20.09880017200000069 ) ) ;
#9587 = EDGE_CURVE ( 'NONE', #4831, #7904, #2216, .T. ) ;
#9588 = VERTEX_POINT ( 'NONE', #8914 ) ;
#9589 = VECTOR ( 'NONE', #4760, 1000.000000000000000 ) ;
#9590 = AXIS2_PLACEMENT_3D ( 'NONE', #9622, #9789, #5502 ) ;
#9591 = CARTESIAN_POINT ( 'NONE',  ( 9.000000000000000000, 11.00000000000000000, 0.000000000000000000 ) ) ;
#9592 = ORIENTED_EDGE ( 'NONE', *, *, #9237, .T. ) ;
#9593 = LINE ( 'NONE', #405, #1758 ) ;
#9594 = DIRECTION ( 'NONE',  ( 0.000000000000000000, -1.000000000000000000, 0.000000000000000000 ) ) ;
#9595 = DIRECTION ( 'NONE',  ( 0.000000000000000000, 0.000000000000000000, 1.000000000000000000 ) ) ;
#9596 = ORIENTED_EDGE ( 'NONE', *, *, #6560, .F. ) ;
#9597 = CARTESIAN_POINT ( 'NONE',  ( 8.702186407131780044, -0.1178752808228149956, -0.001724950664879699959 ) ) ;
#9598 = CARTESIAN_POINT ( 'NONE',  ( 9.000000000000000000, -10.00000000000000000, 0.8719667599999999519 ) ) ;
#9599 = DIRECTION ( 'NONE',  ( 0.000000000000000000, -2.903302832784645416E-15, 1.000000000000000000 ) ) ;
#9600 = VECTOR ( 'NONE', #2437, 1000.000000000000000 ) ;
#9601 = CARTESIAN_POINT ( 'NONE',  ( -8.923799999999999955, -0.1393600212184959997, -0.2207106321186584896 ) ) ;
#9602 = ADVANCED_FACE ( 'NONE', ( #504 ), #2055, .F. ) ;
#9603 = ORIENTED_EDGE ( 'NONE', *, *, #6520, .F. ) ;
#9604 = ORIENTED_EDGE ( 'NONE', *, *, #1141, .T. ) ;
#9605 = CIRCLE ( 'NONE', #6795, 0.2999999999999999334 ) ;
#9606 = DIRECTION ( 'NONE',  ( -3.848953698056000290E-15, -1.000000000000000000, 6.123233995736769734E-17 ) ) ;
#9607 = ORIENTED_EDGE ( 'NONE', *, *, #5730, .F. ) ;
#9608 = LINE ( 'NONE', #7905, #5875 ) ;
#9609 = LINE ( 'NONE', #4778, #2947 ) ;
#9610 = CARTESIAN_POINT ( 'NONE',  ( 8.923799999999999955, -1.802799999999999958, -19.48126663494194943 ) ) ;
#9611 = CARTESIAN_POINT ( 'NONE',  ( -8.453089367881339911, 4.065758146820640050E-15, -0.2999999080000035345 ) ) ;
#9612 = VECTOR ( 'NONE', #1091, 1000.000000000000000 ) ;
#9613 = ADVANCED_FACE ( 'NONE', ( #3817 ), #6390, .T. ) ;
#9614 = AXIS2_PLACEMENT_3D ( 'NONE', #7340, #9749, #2445 ) ;
#9615 = VERTEX_POINT ( 'NONE', #3100 ) ;
#9616 = VERTEX_POINT ( 'NONE', #10512 ) ;
#9617 = LINE ( 'NONE', #1309, #5926 ) ;
#9618 = CARTESIAN_POINT ( 'NONE',  ( -1.376600582235898207, -1.802799999999830094, -79.67810574249129729 ) ) ;
#9619 = CARTESIAN_POINT ( 'NONE',  ( -8.773800046000008734, -1.802799999999999958, -16.79719938409719759 ) ) ;
#9620 = ORIENTED_EDGE ( 'NONE', *, *, #8478, .F. ) ;
#9621 = CARTESIAN_POINT ( 'NONE',  ( 0.000000000000000000, 0.1499999999999999944, -0.4707106321186549924 ) ) ;
#9622 = CARTESIAN_POINT ( 'NONE',  ( -8.400000000000000355, 10.41999999999999993, 0.8719667599999999519 ) ) ;
#9623 = ORIENTED_EDGE ( 'NONE', *, *, #9872, .F. ) ;
#9624 = DIRECTION ( 'NONE',  ( 1.000000000000000000, 1.833260990695839833E-13, 5.322511827520820054E-28 ) ) ;
#9625 = EDGE_CURVE ( 'NONE', #1940, #5551, #3862, .T. ) ;
#9626 = ADVANCED_FACE ( 'NONE', ( #554 ), #9633, .T. ) ;
#9627 = CARTESIAN_POINT ( 'NONE',  ( -0.2999999999999999889, 11.00000000000000000, 0.8719667599999999519 ) ) ;
#9628 = ORIENTED_EDGE ( 'NONE', *, *, #8571, .F. ) ;
#9629 = CARTESIAN_POINT ( 'NONE',  ( -8.923799999999999955, -1.499999954000060143, -4.551198984097220013 ) ) ;
#9630 = VERTEX_POINT ( 'NONE', #6446 ) ;
#9631 = CARTESIAN_POINT ( 'NONE',  ( -8.923799999999999955, -0.9999999540000600318, -1.122198984097179997 ) ) ;
#9632 = EDGE_LOOP ( 'NONE', ( #1883, #9368, #6539, #9169 ) ) ;
#9633 = PLANE ( 'NONE',  #4174 ) ;
#9634 = ORIENTED_EDGE ( 'NONE', *, *, #413, .F. ) ;
#9635 = LINE ( 'NONE', #7110, #2917 ) ;
#9636 = CARTESIAN_POINT ( 'NONE',  ( -8.453089867881340425, -0.1178752808228543947, -0.001724950664875419962 ) ) ;
#9637 = EDGE_CURVE ( 'NONE', #762, #3574, #10623, .T. ) ;
#9638 = DIRECTION ( 'NONE',  ( 0.000000000000000000, 0.000000000000000000, 1.000000000000000000 ) ) ;
#9639 = ORIENTED_EDGE ( 'NONE', *, *, #384, .F. ) ;
#9640 = CARTESIAN_POINT ( 'NONE',  ( 8.709539122508060061, -0.06564671180961409447, -19.44667465952534968 ) ) ;
#9641 = ORIENTED_EDGE ( 'NONE', *, *, #2126, .F. ) ;
#9642 = EDGE_CURVE ( 'NONE', #4239, #10725, #6606, .T. ) ;
#9643 = LINE ( 'NONE', #8763, #5407 ) ;
#9644 = CARTESIAN_POINT ( 'NONE',  ( -1.122600582235897981, -1.802799999999999958, -20.39880008000000089 ) ) ;
#9645 = DIRECTION ( 'NONE',  ( -1.000000000000000000, -3.629128540980805093E-15, -8.904572318030769708E-17 ) ) ;
#9646 = ORIENTED_EDGE ( 'NONE', *, *, #6754, .F. ) ;
#9647 = CARTESIAN_POINT ( 'NONE',  ( -9.000000000000000000, 3.449999999999999734, 0.000000000000000000 ) ) ;
#9648 = CARTESIAN_POINT ( 'NONE',  ( 9.000000000000000000, -6.550000000000000711, 0.8719667599999999519 ) ) ;
#9649 = LINE ( 'NONE', #7947, #7595 ) ;
#9650 = DIRECTION ( 'NONE',  ( -6.180374837806370896E-15, 1.000000000000000000, -3.491481338843135327E-15 ) ) ;
#9651 = ORIENTED_EDGE ( 'NONE', *, *, #8702, .T. ) ;
#9652 = ORIENTED_EDGE ( 'NONE', *, *, #7557, .F. ) ;
#9653 = DIRECTION ( 'NONE',  ( -1.000000000000000000, 3.446013993391890312E-15, 3.562560286365675406E-16 ) ) ;
#9654 = VERTEX_POINT ( 'NONE', #10008 ) ;
#9655 = EDGE_CURVE ( 'NONE', #5964, #434, #5830, .T. ) ;
#9656 = LINE ( 'NONE', #9768, #2197 ) ;
#9657 = B_SPLINE_SURFACE_WITH_KNOTS ( 'NONE', 1, 3, ( 
 ( #8009, #1537, #4907, #7417, #10774, #4238, #3309, #9950 ),
 ( #7367, #2425, #49, #6485, #5661, #3358, #9006, #6700 ) ),
 .UNSPECIFIED., .F., .F., .F.,
 ( 2, 2 ),
 ( 4, 2, 2, 4 ),
 ( 0.000000000000000000, 1.000000000000000000 ),
 ( 1.469957652871377966E-06, 0.2500011024682394778, 0.5000007349788270217, 1.000000000000000000 ),
 .UNSPECIFIED. ) ;
#9658 = LINE ( 'NONE', #5487, #300 ) ;
#9659 = LINE ( 'NONE', #9772, #4799 ) ;
#9660 = DIRECTION ( 'NONE',  ( 1.000000000000000000, 0.000000000000000000, 0.000000000000000000 ) ) ;
#9661 = AXIS2_PLACEMENT_3D ( 'NONE', #5920, #4279, #2730 ) ;
#9662 = AXIS2_PLACEMENT_3D ( 'NONE', #2689, #5114, #4457 ) ;
#9663 = ORIENTED_EDGE ( 'NONE', *, *, #7815, .F. ) ;
#9664 = VERTEX_POINT ( 'NONE', #10733 ) ;
#9665 = CARTESIAN_POINT ( 'NONE',  ( -8.773800045999999853, -0.1499999079999995988, -0.2207106321186549924 ) ) ;
#9666 = EDGE_CURVE ( 'NONE', #1973, #864, #2323, .T. ) ;
#9667 = LINE ( 'NONE', #4679, #1308 ) ;
#9668 = CARTESIAN_POINT ( 'NONE',  ( -8.744876852580489413, -0.06111922942098709649, -19.29569866110999854 ) ) ;
#9669 = DIRECTION ( 'NONE',  ( -1.000000000000000000, 0.000000000000000000, 0.000000000000000000 ) ) ;
#9670 = ORIENTED_EDGE ( 'NONE', *, *, #4913, .T. ) ;
#9671 = CARTESIAN_POINT ( 'NONE',  ( 0.1273994577640435999, -1.499999953999898050, -79.67810574249129729 ) ) ;
#9672 = CARTESIAN_POINT ( 'NONE',  ( 8.623800091999999751, 4.600000011434870173E-08, -0.2207106321186534659 ) ) ;
#9673 = VERTEX_POINT ( 'NONE', #8369 ) ;
#9674 = CARTESIAN_POINT ( 'NONE',  ( -6.383799999999999919, -1.802799999999999958, -18.04719942409725064 ) ) ;
#9675 = CIRCLE ( 'NONE', #9501, 0.1999999999999996503 ) ;
#9676 = CARTESIAN_POINT ( 'NONE',  ( -8.623800091999999751, -0.1499999080000017915, -19.36101569409725087 ) ) ;
#9677 = ORIENTED_EDGE ( 'NONE', *, *, #9279, .F. ) ;
#9678 = VECTOR ( 'NONE', #1710, 1000.000000000000000 ) ;
#9680 = EDGE_CURVE ( 'NONE', #5513, #10714, #8202, .T. ) ;
#9679 = CARTESIAN_POINT ( 'NONE',  ( 9.000000000000000000, -3.449999999999999734, 0.000000000000000000 ) ) ;
#9681 = EDGE_CURVE ( 'NONE', #9630, #10667, #10843, .T. ) ;
#9682 = DIRECTION ( 'NONE',  ( 0.000000000000000000, 0.000000000000000000, -1.000000000000000000 ) ) ;
#9683 = ORIENTED_EDGE ( 'NONE', *, *, #238, .F. ) ;
#9684 = DIRECTION ( 'NONE',  ( 3.446013993391890312E-15, 1.000000000000000000, 0.000000000000000000 ) ) ;
#9685 = VERTEX_POINT ( 'NONE', #5675 ) ;
#9686 = CARTESIAN_POINT ( 'NONE',  ( -9.000000000000000000, -7.500000000000000000, 0.000000000000000000 ) ) ;
#9687 = CARTESIAN_POINT ( 'NONE',  ( -3.750000000000000000, 11.00000000000000000, 0.000000000000000000 ) ) ;
#9688 = DIRECTION ( 'NONE',  ( 1.833260990695839833E-13, -1.000000000000000000, -3.848953698056000290E-15 ) ) ;
#9689 = AXIS2_PLACEMENT_3D ( 'NONE', #2574, #5974, #251 ) ;
#9690 = CARTESIAN_POINT ( 'NONE',  ( -5.066999602235879863, -1.499999954000106106, -2.540000000000000036 ) ) ;
#9691 = EDGE_CURVE ( 'NONE', #4720, #3580, #9242, .T. ) ;
#9692 = EDGE_LOOP ( 'NONE', ( #1486, #6367, #3502, #8632 ) ) ;
#9693 = LINE ( 'NONE', #3618, #5236 ) ;
#9694 = CARTESIAN_POINT ( 'NONE',  ( 32.93347412123325313, -1.499999954000009961, -43.65534538134600240 ) ) ;
#9695 = FACE_OUTER_BOUND ( 'NONE', #8187, .T. ) ;
#9696 = ORIENTED_EDGE ( 'NONE', *, *, #2304, .T. ) ;
#9697 = VECTOR ( 'NONE', #6393, 1000.000000000000000 ) ;
#9698 = CARTESIAN_POINT ( 'NONE',  ( -8.699999999999999289, -6.250000000000000000, 0.000000000000000000 ) ) ;
#9699 = LINE ( 'NONE', #5530, #6250 ) ;
#9700 = CARTESIAN_POINT ( 'NONE',  ( 8.729074409062532069, -0.09046798262973229643, -19.45094566917536838 ) ) ;
#9701 = CARTESIAN_POINT ( 'NONE',  ( -8.773516766872491601, -0.1393153607001125782, -0.2210116113738929966 ) ) ;
#9702 = AXIS2_PLACEMENT_3D ( 'NONE', #1527, #4898, #8242 ) ;
#9703 = ADVANCED_FACE ( 'NONE', ( #2381 ), #4087, .F. ) ;
#9704 = ORIENTED_EDGE ( 'NONE', *, *, #6558, .F. ) ;
#9705 = VERTEX_POINT ( 'NONE', #10062 ) ;
#9706 = VECTOR ( 'NONE', #10449, 1000.000000000000000 ) ;
#9707 = FACE_OUTER_BOUND ( 'NONE', #1473, .T. ) ;
#9708 = EDGE_CURVE ( 'NONE', #7339, #9762, #5022, .T. ) ;
#9709 = CIRCLE ( 'NONE', #53, 0.2999999999999999334 ) ;
#9710 = CARTESIAN_POINT ( 'NONE',  ( 9.000000000000000000, -10.00000000000000000, 0.000000000000000000 ) ) ;
#9711 = ORIENTED_EDGE ( 'NONE', *, *, #9312, .T. ) ;
#9712 = CARTESIAN_POINT ( 'NONE',  ( 9.000000000000000000, 11.00000000000000000, 0.8719667599999999519 ) ) ;
#9713 = LINE ( 'NONE', #4727, #7674 ) ;
#9714 = LINE ( 'NONE', #1199, #5670 ) ;
#9715 = CARTESIAN_POINT ( 'NONE',  ( -8.453089367881338134, -0.02651473508033139886, -0.2131232286434713574 ) ) ;
#9716 = VECTOR ( 'NONE', #1130, 1000.000000000000000 ) ;
#9717 = VECTOR ( 'NONE', #10859, 1000.000000000000000 ) ;
#9718 = EDGE_CURVE ( 'NONE', #8451, #9151, #2448, .T. ) ;
#9719 = EDGE_LOOP ( 'NONE', ( #3468, #1677, #968, #136 ) ) ;
#9720 = VERTEX_POINT ( 'NONE', #7537 ) ;
#9721 = CARTESIAN_POINT ( 'NONE',  ( -9.000000000000000000, -5.950000000000000178, 0.000000000000000000 ) ) ;
#9722 = VECTOR ( 'NONE', #9650, 1000.000000000000000 ) ;
#9723 = CARTESIAN_POINT ( 'NONE',  ( -8.830706006284621878, -0.009679188572266619536, -19.36101569409725087 ) ) ;
#9724 = CARTESIAN_POINT ( 'NONE',  ( -3.876600662235954786, -1.499999953999869851, -79.67810574249129729 ) ) ;
#9725 = DIRECTION ( 'NONE',  ( 0.000000000000000000, -2.903302832784645416E-15, 1.000000000000000000 ) ) ;
#9726 = ORIENTED_EDGE ( 'NONE', *, *, #7787, .F. ) ;
#9727 = CARTESIAN_POINT ( 'NONE',  ( -3.876600662235954786, -1.499999954000042157, -20.39880008000000089 ) ) ;
#9728 = CARTESIAN_POINT ( 'NONE',  ( 9.000000000000000000, 3.750000000000000000, 0.000000000000000000 ) ) ;
#9729 = ORIENTED_EDGE ( 'NONE', *, *, #6944, .T. ) ;
#9730 = DIRECTION ( 'NONE',  ( 3.848953698056000290E-15, 1.000000000000000000, -1.352015662072222059E-31 ) ) ;
#9731 = CARTESIAN_POINT ( 'NONE',  ( 9.000000000000000000, 0.000000000000000000, 0.000000000000000000 ) ) ;
#9732 = AXIS2_PLACEMENT_3D ( 'NONE', #497, #1263, #6992 ) ;
#9733 = EDGE_CURVE ( 'NONE', #1375, #5868, #6711, .T. ) ;
#9734 = ORIENTED_EDGE ( 'NONE', *, *, #9265, .T. ) ;
#9735 = CARTESIAN_POINT ( 'NONE',  ( -8.002267239413990652, -1.802799999999999958, -20.39880008000000089 ) ) ;
#9736 = CARTESIAN_POINT ( 'NONE',  ( -9.000000000000000000, -0.2999999999999999889, 0.000000000000000000 ) ) ;
#9737 = VERTEX_POINT ( 'NONE', #3265 ) ;
#9738 = VECTOR ( 'NONE', #3182, 1000.000000000000000 ) ;
#9739 = CARTESIAN_POINT ( 'NONE',  ( -9.000000000000000000, 8.449999999999999289, 0.000000000000000000 ) ) ;
#9740 = ORIENTED_EDGE ( 'NONE', *, *, #10096, .T. ) ;
#9741 = CARTESIAN_POINT ( 'NONE',  ( -8.773800046000008734, -1.499999954000060143, -4.551198984097220013 ) ) ;
#9742 = FACE_OUTER_BOUND ( 'NONE', #499, .T. ) ;
#9743 = CARTESIAN_POINT ( 'NONE',  ( -7.697222576800927030, 0.1213531473441955971, -20.23896165424800841 ) ) ;
#9744 = ADVANCED_FACE ( 'NONE', ( #8 ), #9080, .T. ) ;
#9745 = EDGE_CURVE ( 'NONE', #6523, #417, #9021, .T. ) ;
#9746 = VECTOR ( 'NONE', #2011, 1000.000000000000000 ) ;
#9747 = LINE ( 'NONE', #2065, #10379 ) ;
#9748 = ORIENTED_EDGE ( 'NONE', *, *, #6665, .T. ) ;
#9749 = DIRECTION ( 'NONE',  ( 2.468850131082270077E-15, -1.000000000000000000, -2.468850131082260216E-15 ) ) ;
#9750 = CARTESIAN_POINT ( 'NONE',  ( -2.799999999999999822, 11.00000000000000000, 0.000000000000000000 ) ) ;
#9751 = LINE ( 'NONE', #8104, #8887 ) ;
#9752 = VECTOR ( 'NONE', #7989, 1000.000000000000000 ) ;
#9753 = ORIENTED_EDGE ( 'NONE', *, *, #9287, .T. ) ;
#9754 = CARTESIAN_POINT ( 'NONE',  ( 8.017095242407860312, 0.1500000000000275002, -19.96370745392984958 ) ) ;
#9755 = CARTESIAN_POINT ( 'NONE',  ( -1.122600582235899980, -1.802799999999830094, -79.67810574249129729 ) ) ;
#9756 = FACE_OUTER_BOUND ( 'NONE', #1455, .T. ) ;
#9757 = DIRECTION ( 'NONE',  ( -1.833260990695839833E-13, 1.000000000000000000, 0.000000000000000000 ) ) ;
#9758 = EDGE_CURVE ( 'NONE', #738, #7030, #4966, .T. ) ;
#9759 = VECTOR ( 'NONE', #3673, 1000.000000000000000 ) ;
#9760 = EDGE_CURVE ( 'NONE', #580, #591, #4864, .T. ) ;
#9761 = ORIENTED_EDGE ( 'NONE', *, *, #7538, .F. ) ;
#9762 = VERTEX_POINT ( 'NONE', #7379 ) ;
#9763 = ORIENTED_EDGE ( 'NONE', *, *, #4835, .T. ) ;
#9764 = LINE ( 'NONE', #2184, #2871 ) ;
#9765 = LINE ( 'NONE', #1403, #10494 ) ;
#9766 = VERTEX_POINT ( 'NONE', #9908 ) ;
#9767 = FACE_BOUND ( 'NONE', #1888, .T. ) ;
#9768 = CARTESIAN_POINT ( 'NONE',  ( -8.699999999999999289, 6.250000000000000000, 0.000000000000000000 ) ) ;
#9769 = VECTOR ( 'NONE', #4262, 1000.000000000000114 ) ;
#9770 = DIRECTION ( 'NONE',  ( 0.000000000000000000, 0.000000000000000000, 1.000000000000000000 ) ) ;
#9771 = VECTOR ( 'NONE', #5013, 1000.000000000000000 ) ;
#9772 = CARTESIAN_POINT ( 'NONE',  ( -9.000000000000000000, 11.00000000000000000, 0.8719667599999999519 ) ) ;
#9773 = EDGE_CURVE ( 'NONE', #7116, #3340, #7140, .T. ) ;
#9774 = CARTESIAN_POINT ( 'NONE',  ( 5.097000897764120353, -1.802800045999999989, 6.288372600416229429E-15 ) ) ;
#9775 = EDGE_CURVE ( 'NONE', #9948, #4771, #4142, .T. ) ;
#9776 = ORIENTED_EDGE ( 'NONE', *, *, #4756, .T. ) ;
#9777 = VECTOR ( 'NONE', #8525, 1000.000000000000000 ) ;
#9778 = ORIENTED_EDGE ( 'NONE', *, *, #10343, .F. ) ;
#9779 = FACE_OUTER_BOUND ( 'NONE', #4509, .T. ) ;
#9780 = CARTESIAN_POINT ( 'NONE',  ( 1.123399497764095978, -1.802799999999999958, -20.39880008000000089 ) ) ;
#9781 = B_SPLINE_CURVE_WITH_KNOTS ( 'NONE', 3,
 ( #658, #9786, #4851, #3311 ),
 .UNSPECIFIED., .F., .F.,
 ( 4, 4 ),
 ( 2.007249881240589990E-06, 1.000000000000000000 ),
 .UNSPECIFIED. ) ;
#9782 = EDGE_CURVE ( 'NONE', #1997, #4399, #9294, .T. ) ;
#9783 = LINE ( 'NONE', #4736, #10728 ) ;
#9784 = CARTESIAN_POINT ( 'NONE',  ( 8.773800046000008734, -1.499999954000091895, 7.812693701354869467E-16 ) ) ;
#9785 = VERTEX_POINT ( 'NONE', #5944 ) ;
#9787 = VECTOR ( 'NONE', #9556, 1000.000000000000000 ) ;
#9786 = CARTESIAN_POINT ( 'NONE',  ( -8.922075049335118635, -0.1178752348228414015, -0.3046462735204270023 ) ) ;
#9788 = ADVANCED_FACE ( 'NONE', ( #3532 ), #4368, .F. ) ;
#9789 = DIRECTION ( 'NONE',  ( 0.000000000000000000, 0.000000000000000000, 1.000000000000000000 ) ) ;
#9790 = ORIENTED_EDGE ( 'NONE', *, *, #3405, .F. ) ;
#9791 = DIRECTION ( 'NONE',  ( -3.562560286365675406E-16, 1.751623080406019977E-46, -1.000000000000000000 ) ) ;
#9792 = EDGE_CURVE ( 'NONE', #10787, #580, #1919, .T. ) ;
#9793 = CARTESIAN_POINT ( 'NONE',  ( 8.773800045999999853, -0.1499999079999994045, -19.36501500962519984 ) ) ;
#9794 = ORIENTED_EDGE ( 'NONE', *, *, #2519, .T. ) ;
#9795 = AXIS2_PLACEMENT_3D ( 'NONE', #5621, #6388, #3040 ) ;
#9796 = CARTESIAN_POINT ( 'NONE',  ( -8.536122047631488741, -0.1339376174114268181, -0.1508624293324375143 ) ) ;
#9797 = CARTESIAN_POINT ( 'NONE',  ( 8.702185907131779530, -0.1339376174114272067, -0.1508624293324375143 ) ) ;
#9798 = ORIENTED_EDGE ( 'NONE', *, *, #7322, .F. ) ;
#9799 = CARTESIAN_POINT ( 'NONE',  ( -8.773800045999999853, 3.434729301071215197E-14, -0.5471988640971789941 ) ) ;
#9800 = EDGE_CURVE ( 'NONE', #1735, #6486, #219, .T. ) ;
#9801 = ORIENTED_EDGE ( 'NONE', *, *, #7274, .T. ) ;
#9802 = CARTESIAN_POINT ( 'NONE',  ( -6.383799999999999919, -1.499999954000070135, -0.8011988640971799969 ) ) ;
#9803 = DIRECTION ( 'NONE',  ( 1.000000000000000000, 0.000000000000000000, 0.000000000000000000 ) ) ;
#9804 = CARTESIAN_POINT ( 'NONE',  ( -14.09446767505593989, 5.465719654389790116E-14, -14.09446767505589904 ) ) ;
#9805 = B_SPLINE_CURVE_WITH_KNOTS ( 'NONE', 1,
 ( #8130, #9665 ),
 .UNSPECIFIED., .F., .F.,
 ( 2, 2 ),
 ( 0.000000000000000000, 1.000000000000000000 ),
 .UNSPECIFIED. ) ;
#9806 = CARTESIAN_POINT ( 'NONE',  ( 61.95510655778610243, -1.499999953999900049, -3.970018879999974271 ) ) ;
#9807 = VERTEX_POINT ( 'NONE', #3484 ) ;
#9808 = FACE_OUTER_BOUND ( 'NONE', #895, .T. ) ;
#9809 = LINE ( 'NONE', #2115, #4688 ) ;
#9810 = EDGE_CURVE ( 'NONE', #534, #6229, #10441, .T. ) ;
#9811 = DIRECTION ( 'NONE',  ( 0.000000000000000000, 0.000000000000000000, 1.000000000000000000 ) ) ;
#9812 = EDGE_LOOP ( 'NONE', ( #60, #3616, #7714, #309 ) ) ;
#9813 = CARTESIAN_POINT ( 'NONE',  ( 9.000000000000000000, 4.049999999999999822, 0.000000000000000000 ) ) ;
#9814 = DIRECTION ( 'NONE',  ( -6.180374837806370896E-15, 1.000000000000000000, -3.491481338843135327E-15 ) ) ;
#9815 = PLANE ( 'NONE',  #1277 ) ;
#9816 = CARTESIAN_POINT ( 'NONE',  ( -8.923233442070520383, -0.1286308164227848161, -0.2210116112047224857 ) ) ;
#9817 = ORIENTED_EDGE ( 'NONE', *, *, #7815, .T. ) ;
#9818 = VERTEX_POINT ( 'NONE', #4249 ) ;
#9819 = ORIENTED_EDGE ( 'NONE', *, *, #7263, .T. ) ;
#9820 = LINE ( 'NONE', #7954, #4985 ) ;
#9821 = DIRECTION ( 'NONE',  ( 0.000000000000000000, 0.000000000000000000, -1.000000000000000000 ) ) ;
#9822 = VERTEX_POINT ( 'NONE', #7647 ) ;
#9823 = FACE_OUTER_BOUND ( 'NONE', #9562, .T. ) ;
#9824 = DIRECTION ( 'NONE',  ( 0.000000000000000000, 0.000000000000000000, 1.000000000000000000 ) ) ;
#9825 = EDGE_CURVE ( 'NONE', #5055, #417, #932, .T. ) ;
#9826 = DIRECTION ( 'NONE',  ( 1.000000000000000000, -3.446013993391890312E-15, 0.000000000000000000 ) ) ;
#9827 = CARTESIAN_POINT ( 'NONE',  ( -8.453089367881347016, -0.04512063279704106589, -0.009560738525944387917 ) ) ;
#9828 = DIRECTION ( 'NONE',  ( -0.000000000000000000, 1.000000000000000000, 0.000000000000000000 ) ) ;
#9829 = B_SPLINE_CURVE_WITH_KNOTS ( 'NONE', 3,
 ( #8041, #2821, #6167, #6225 ),
 .UNSPECIFIED., .F., .F.,
 ( 4, 4 ),
 ( 0.000000000000000000, 1.000000000000000000 ),
 .UNSPECIFIED. ) ;
#9830 = ORIENTED_EDGE ( 'NONE', *, *, #10539, .F. ) ;
#9831 = ORIENTED_EDGE ( 'NONE', *, *, #4671, .T. ) ;
#9832 = LINE ( 'NONE', #10439, #1349 ) ;
#9833 = ORIENTED_EDGE ( 'NONE', *, *, #8637, .F. ) ;
#9834 = ORIENTED_EDGE ( 'NONE', *, *, #5029, .T. ) ;
#9835 = DIRECTION ( 'NONE',  ( 0.000000000000000000, 0.000000000000000000, 1.000000000000000000 ) ) ;
#9836 = ADVANCED_FACE ( 'NONE', ( #1096 ), #5289, .F. ) ;
#9837 = VECTOR ( 'NONE', #6740, 1000.000000000000000 ) ;
#9838 = CARTESIAN_POINT ( 'NONE',  ( -5.608999999999999986, 4.722999999999999865, 0.000000000000000000 ) ) ;
#9839 = ORIENTED_EDGE ( 'NONE', *, *, #5600, .T. ) ;
#9840 = CARTESIAN_POINT ( 'NONE',  ( 9.000000000000000000, -10.00000000000000000, 0.000000000000000000 ) ) ;
#9841 = DIRECTION ( 'NONE',  ( 0.000000000000000000, 0.000000000000000000, -1.000000000000000000 ) ) ;
#9842 = ORIENTED_EDGE ( 'NONE', *, *, #3207, .T. ) ;
#9843 = DIRECTION ( 'NONE',  ( 1.000000000000000000, 0.000000000000000000, 0.000000000000000000 ) ) ;
#9844 = CARTESIAN_POINT ( 'NONE',  ( -8.013095926879879372, 0.1499999999999999944, -19.96370745392984958 ) ) ;
#9845 = VERTEX_POINT ( 'NONE', #6109 ) ;
#9846 = B_SPLINE_SURFACE_WITH_KNOTS ( 'NONE', 1, 3, ( 
 ( #3592, #10, #222, #170 ),
 ( #2490, #5999, #10065, #2652 ) ),
 .UNSPECIFIED., .F., .F., .F.,
 ( 2, 2 ),
 ( 4, 4 ),
 ( 0.000000000000000000, 1.000000000000000000 ),
 ( 4.632000119917459991E-05, 1.000000000000000000 ),
 .UNSPECIFIED. ) ;
#9847 = EDGE_CURVE ( 'NONE', #2716, #8356, #3427, .T. ) ;
#9848 = VECTOR ( 'NONE', #2476, 1000.000000000000000 ) ;
#9849 = DIRECTION ( 'NONE',  ( 0.000000000000000000, 9.035020874785489318E-17, -1.000000000000000000 ) ) ;
#9850 = EDGE_CURVE ( 'NONE', #3011, #5124, #9511, .T. ) ;
#9851 = DIRECTION ( 'NONE',  ( -0.9942501626871289577, -0.1070822767623921951, 0.000000000000000000 ) ) ;
#9852 = ORIENTED_EDGE ( 'NONE', *, *, #3391, .T. ) ;
#9853 = DIRECTION ( 'NONE',  ( 3.491481338843135327E-15, -1.000000000000000000, 3.109014807878360910E-31 ) ) ;
#9854 = ORIENTED_EDGE ( 'NONE', *, *, #8863, .F. ) ;
#9855 = CARTESIAN_POINT ( 'NONE',  ( -7.886015614097240167, -0.1499999079999989882, -20.39880008000000089 ) ) ;
#9856 =( NAMED_UNIT ( * ) SI_UNIT ( $, .STERADIAN. ) SOLID_ANGLE_UNIT ( ) );
#9857 = CARTESIAN_POINT ( 'NONE',  ( -3.241600662235899488, -0.7499999540000760190, -20.24880012599999901 ) ) ;
#9858 = AXIS2_PLACEMENT_3D ( 'NONE', #3378, #10071, #1051 ) ;
#9859 = EDGE_CURVE ( 'NONE', #7605, #1470, #7589, .T. ) ;
#9860 = DIRECTION ( 'NONE',  ( 1.833260990695839833E-13, -1.000000000000000000, -3.848953698056000290E-15 ) ) ;
#9861 = LINE ( 'NONE', #2214, #2250 ) ;
#9862 = DIRECTION ( 'NONE',  ( 0.000000000000000000, 0.000000000000000000, 1.000000000000000000 ) ) ;
#9863 = CARTESIAN_POINT ( 'NONE',  ( 8.747943630465320197, -0.06580746144264229547, -19.36501450962520110 ) ) ;
#9864 = CARTESIAN_POINT ( 'NONE',  ( -1.122600582235953937, -1.499999953999874069, -79.67810574249129729 ) ) ;
#9865 = VERTEX_POINT ( 'NONE', #1928 ) ;
#9866 = CARTESIAN_POINT ( 'NONE',  ( -8.872087189141550922, 0.01838495531328099980, -19.36101569409725087 ) ) ;
#9867 = LINE ( 'NONE', #3171, #6954 ) ;
#9868 = DIRECTION ( 'NONE',  ( 1.000000000000000000, 0.000000000000000000, 0.000000000000000000 ) ) ;
#9869 = PLANE ( 'NONE',  #3417 ) ;
#9870 = VERTEX_POINT ( 'NONE', #8630 ) ;
#9871 = VERTEX_POINT ( 'NONE', #1762 ) ;
#9872 = EDGE_CURVE ( 'NONE', #640, #10273, #273, .T. ) ;
#9873 = ORIENTED_EDGE ( 'NONE', *, *, #10292, .F. ) ;
#9874 = DIRECTION ( 'NONE',  ( 8.904572318030769708E-17, 3.231583754459304999E-31, -1.000000000000000000 ) ) ;
#9875 = AXIS2_PLACEMENT_3D ( 'NONE', #965, #4340, #7625 ) ;
#9876 = CARTESIAN_POINT ( 'NONE',  ( 8.120149267962593953, 0.05066560909305385663, -20.18626384589922651 ) ) ;
#9877 = VERTEX_POINT ( 'NONE', #8468 ) ;
#9878 = DIRECTION ( 'NONE',  ( -3.848953698056000290E-15, 1.000000000000000000, 1.674047928902419981E-31 ) ) ;
#9879 = CARTESIAN_POINT ( 'NONE',  ( 8.696975486640299735, 0.1500000000000004108, -0.4707106321186534381 ) ) ;
#9880 = CARTESIAN_POINT ( 'NONE',  ( -9.000000000000000000, -5.000000000000000000, 0.000000000000000000 ) ) ;
#9881 = DIRECTION ( 'NONE',  ( 0.000000000000000000, 0.000000000000000000, -1.000000000000000000 ) ) ;
#9882 = CARTESIAN_POINT ( 'NONE',  ( 0.000000000000000000, -1.802800045999999989, -0.1499999539999936071 ) ) ;
#9883 = AXIS2_PLACEMENT_3D ( 'NONE', #6515, #6571, #2398 ) ;
#9884 = ORIENTED_EDGE ( 'NONE', *, *, #4999, .F. ) ;
#9885 = EDGE_CURVE ( 'NONE', #9224, #1735, #3644, .T. ) ;
#9886 = EDGE_CURVE ( 'NONE', #1878, #361, #1523, .T. ) ;
#9887 = VERTEX_POINT ( 'NONE', #6988 ) ;
#9888 = VECTOR ( 'NONE', #1913, 1000.000000000000000 ) ;
#9889 = CARTESIAN_POINT ( 'NONE',  ( -3.876600662235905048, -1.802799999999999958, -20.39880008000000089 ) ) ;
#9890 = ORIENTED_EDGE ( 'NONE', *, *, #8667, .T. ) ;
#9891 = ORIENTED_EDGE ( 'NONE', *, *, #8427, .T. ) ;
#9892 = CARTESIAN_POINT ( 'NONE',  ( 4.843000897764119905, -1.499999954000106106, 0.000000000000000000 ) ) ;
#9893 = AXIS2_PLACEMENT_3D ( 'NONE', #10875, #9162, #9843 ) ;
#9894 = CARTESIAN_POINT ( 'NONE',  ( -2.500000000000000000, 11.00000000000000000, 0.000000000000000000 ) ) ;
#9895 = VECTOR ( 'NONE', #3226, 1000.000000000000000 ) ;
#9896 = ORIENTED_EDGE ( 'NONE', *, *, #6995, .F. ) ;
#9897 = CARTESIAN_POINT ( 'NONE',  ( 9.000000000000000000, -10.00000000000000000, 0.000000000000000000 ) ) ;
#9898 = CARTESIAN_POINT ( 'NONE',  ( 8.923799999999999955, -1.499999954000104108, -0.2207106321186539932 ) ) ;
#9899 = AXIS2_PLACEMENT_3D ( 'NONE', #1671, #21, #4381 ) ;
#9900 = ORIENTED_EDGE ( 'NONE', *, *, #252, .F. ) ;
#9901 = FACE_OUTER_BOUND ( 'NONE', #7343, .T. ) ;
#9902 = ORIENTED_EDGE ( 'NONE', *, *, #7936, .F. ) ;
#9903 = EDGE_CURVE ( 'NONE', #7339, #4248, #2937, .T. ) ;
#9904 = VECTOR ( 'NONE', #7832, 1000.000000000000000 ) ;
#9905 = DIRECTION ( 'NONE',  ( 1.000000000000000000, 0.000000000000000000, 0.000000000000000000 ) ) ;
#9906 = CARTESIAN_POINT ( 'NONE',  ( -8.735531702763498885, -0.1499999080000020135, -19.45340364734834893 ) ) ;
#9907 = ORIENTED_EDGE ( 'NONE', *, *, #6798, .T. ) ;
#9908 = CARTESIAN_POINT ( 'NONE',  ( 8.773800046000008734, -0.9999999540000930054, -1.116018999999983885 ) ) ;
#9909 = EDGE_LOOP ( 'NONE', ( #2696, #7709, #6875, #7472, #8677, #5203, #8568, #2806, #5293, #1972, #2729, #3767, #2644, #10877, #6286 ) ) ;
#9910 = CARTESIAN_POINT ( 'NONE',  ( 2.799999999999999822, 11.00000000000000000, 0.8719667599999999519 ) ) ;
#9911 = ADVANCED_FACE ( 'NONE', ( #8418 ), #167, .F. ) ;
#9912 = DIRECTION ( 'NONE',  ( 0.000000000000000000, -2.903302832784645416E-15, 1.000000000000000000 ) ) ;
#9913 = ADVANCED_BREP_SHAPE_REPRESENTATION ( '', ( #10464, #4673 ), #3791 ) ;
#9914 = EDGE_CURVE ( 'NONE', #8943, #9151, #8578, .T. ) ;
#9915 = AXIS2_PLACEMENT_3D ( 'NONE', #8024, #9835, #488 ) ;
#9916 = DIRECTION ( 'NONE',  ( -1.000000000000000000, -3.629128540980805093E-15, -8.904572318030769708E-17 ) ) ;
#9917 = CARTESIAN_POINT ( 'NONE',  ( 8.727662294199060256, -0.04083239725770314993, -19.23189540003249931 ) ) ;
#9918 = DIRECTION ( 'NONE',  ( 1.000000000000000000, 0.000000000000000000, 0.000000000000000000 ) ) ;
#9919 = LINE ( 'NONE', #10074, #1159 ) ;
#9920 = CARTESIAN_POINT ( 'NONE',  ( -8.923799999999999955, -0.1393599508110656138, -0.2207106321186584896 ) ) ;
#9921 = ORIENTED_EDGE ( 'NONE', *, *, #426, .T. ) ;
#9922 = LINE ( 'NONE', #2339, #5162 ) ;
#9923 = DIRECTION ( 'NONE',  ( 0.000000000000000000, 0.000000000000000000, -1.000000000000000000 ) ) ;
#9924 = CARTESIAN_POINT ( 'NONE',  ( 8.662084592711050135, 4.600000483654014423E-08, -19.16037227129104892 ) ) ;
#9925 = EDGE_CURVE ( 'NONE', #5698, #6698, #1153, .T. ) ;
#9926 = AXIS2_PLACEMENT_3D ( 'NONE', #5394, #5557, #8898 ) ;
#9927 = CARTESIAN_POINT ( 'NONE',  ( -7.872337582697300107, 4.600000160512669552E-08, -20.10446579811245371 ) ) ;
#9928 = B_SPLINE_CURVE_WITH_KNOTS ( 'NONE', 3,
 ( #802, #4176, #10658, #3134, #9827, #9938 ),
 .UNSPECIFIED., .F., .F.,
 ( 4, 2, 4 ),
 ( 0.000000000000000000, 0.5000000000000000000, 1.000000000000000000 ),
 .UNSPECIFIED. ) ;
#9929 = ORIENTED_EDGE ( 'NONE', *, *, #1181, .F. ) ;
#9930 = ORIENTED_EDGE ( 'NONE', *, *, #7640, .F. ) ;
#9931 = VERTEX_POINT ( 'NONE', #2039 ) ;
#9932 = CARTESIAN_POINT ( 'NONE',  ( 8.051902727557290973, 0.01838498511474540020, -20.28003092033765142 ) ) ;
#9933 = CARTESIAN_POINT ( 'NONE',  ( 8.389505865142419694, -1.499999954000093894, -20.01556076979959897 ) ) ;
#9934 = ORIENTED_EDGE ( 'NONE', *, *, #1898, .F. ) ;
#9935 = FACE_BOUND ( 'NONE', #3288, .T. ) ;
#9936 = DIRECTION ( 'NONE',  ( 0.000000000000000000, 3.491481338843135327E-15, -1.000000000000000000 ) ) ;
#9937 = DIRECTION ( 'NONE',  ( 0.000000000000000000, 1.000000000000000000, 0.000000000000000000 ) ) ;
#9938 = CARTESIAN_POINT ( 'NONE',  ( -8.453089867881340425, -0.1178752808228543947, -0.001724950664875419962 ) ) ;
#9939 = PLANE ( 'NONE',  #3216 ) ;
#9940 = ADVANCED_FACE ( 'NONE', ( #4683 ), #2203, .F. ) ;
#9941 = VECTOR ( 'NONE', #6233, 1000.000000000000000 ) ;
#9942 = VERTEX_POINT ( 'NONE', #3745 ) ;
#9943 = ORIENTED_EDGE ( 'NONE', *, *, #4796, .T. ) ;
#9944 = CARTESIAN_POINT ( 'NONE',  ( 9.000000000000000000, -0.9499999999999999556, 0.000000000000000000 ) ) ;
#9945 = VERTEX_POINT ( 'NONE', #3694 ) ;
#9946 = VECTOR ( 'NONE', #7882, 1000.000000000000000 ) ;
#9947 = VECTOR ( 'NONE', #7604, 1000.000000000000000 ) ;
#9948 = VERTEX_POINT ( 'NONE', #5342 ) ;
#9949 = DIRECTION ( 'NONE',  ( -1.000000000000000000, 3.491481338843135327E-15, 3.562560286365675406E-16 ) ) ;
#9950 = CARTESIAN_POINT ( 'NONE',  ( -7.686953254737039387, 0.1499999999999979960, -20.09880017200000069 ) ) ;
#9951 = VERTEX_POINT ( 'NONE', #10548 ) ;
#9952 = LINE ( 'NONE', #5663, #6799 ) ;
#9953 = LINE ( 'NONE', #8307, #9771 ) ;
#9954 = EDGE_CURVE ( 'NONE', #6911, #157, #6321, .T. ) ;
#9955 = VECTOR ( 'NONE', #2650, 1000.000000000000000 ) ;
#9956 = VECTOR ( 'NONE', #6345, 1000.000000000000000 ) ;
#9957 = VERTEX_POINT ( 'NONE', #10610 ) ;
#9958 = CIRCLE ( 'NONE', #4358, 0.2999999999999999334 ) ;
#9959 = CARTESIAN_POINT ( 'NONE',  ( -8.002267239413990652, -1.802799999999999958, -20.39880008000000089 ) ) ;
#9960 = CARTESIAN_POINT ( 'NONE',  ( -9.000000000000000000, -2.200000000000000178, 0.8719667599999999519 ) ) ;
#9961 = ORIENTED_EDGE ( 'NONE', *, *, #3773, .F. ) ;
#9962 = DIRECTION ( 'NONE',  ( 3.848953698056000290E-15, 1.000000000000000000, 6.697566661233470495E-31 ) ) ;
#9963 = ADVANCED_FACE ( 'NONE', ( #8029 ), #2093, .F. ) ;
#9964 = EDGE_CURVE ( 'NONE', #8382, #553, #3088, .T. ) ;
#9965 = ORIENTED_EDGE ( 'NONE', *, *, #7961, .T. ) ;
#9966 = CARTESIAN_POINT ( 'NONE',  ( 7.777737031679880175, -0.04918077474449989578, -20.21013237465020040 ) ) ;
#9967 = CARTESIAN_POINT ( 'NONE',  ( 8.054395472349449747, 0.01849220858900775186, -20.27743533748364868 ) ) ;
#9968 = CARTESIAN_POINT ( 'NONE',  ( 8.773800045999999853, -0.1446799657442107978, -0.2207106321186584896 ) ) ;
#9969 = DIRECTION ( 'NONE',  ( 0.000000000000000000, 0.000000000000000000, 1.000000000000000000 ) ) ;
#9970 = LINE ( 'NONE', #5789, #2959 ) ;
#9971 = CARTESIAN_POINT ( 'NONE',  ( -8.013095926879879372, 0.1499999999999999944, -19.96370745392984958 ) ) ;
#9972 = CARTESIAN_POINT ( 'NONE',  ( -4.939999999999999503, -9.342999999999999972, 0.000000000000000000 ) ) ;
#9973 = EDGE_CURVE ( 'NONE', #3310, #1216, #5911, .T. ) ;
#9974 = ORIENTED_EDGE ( 'NONE', *, *, #8244, .T. ) ;
#9975 = DIRECTION ( 'NONE',  ( -1.000000000000000000, 0.000000000000000000, 0.000000000000000000 ) ) ;
#9976 = CARTESIAN_POINT ( 'NONE',  ( -8.488707373929848643, 0.1000000153333326092, -19.48809600687989985 ) ) ;
#9977 = CARTESIAN_POINT ( 'NONE',  ( 8.805031208182350966, 0.01838495531328475027, -19.52690246829520149 ) ) ;
#9978 = DIRECTION ( 'NONE',  ( 8.904572318030769708E-17, 5.101376584211580244E-31, -1.000000000000000000 ) ) ;
#9979 = ORIENTED_EDGE ( 'NONE', *, *, #4593, .T. ) ;
#9980 = ORIENTED_EDGE ( 'NONE', *, *, #777, .T. ) ;
#9981 = ORIENTED_EDGE ( 'NONE', *, *, #10265, .F. ) ;
#9982 = EDGE_CURVE ( 'NONE', #10110, #4291, #8789, .T. ) ;
#9983 = ADVANCED_FACE ( 'NONE', ( #2143 ), #4627, .T. ) ;
#9984 = CARTESIAN_POINT ( 'NONE',  ( 8.773800046000008734, -1.499999954000091895, -18.04101943999999946 ) ) ;
#9985 = DIRECTION ( 'NONE',  ( 0.000000000000000000, -2.903302832784645416E-15, 1.000000000000000000 ) ) ;
#9986 = ORIENTED_EDGE ( 'NONE', *, *, #4756, .F. ) ;
#9987 = CARTESIAN_POINT ( 'NONE',  ( -0.2999999999999999889, 11.00000000000000000, 0.000000000000000000 ) ) ;
#9988 = LINE ( 'NONE', #6741, #5364 ) ;
#9989 = PLANE ( 'NONE',  #1709 ) ;
#9990 = CARTESIAN_POINT ( 'NONE',  ( -8.571332132035609064, -1.499999954000032165, -19.82973518737840024 ) ) ;
#9991 = LINE ( 'NONE', #5765, #2676 ) ;
#9992 = ORIENTED_EDGE ( 'NONE', *, *, #2006, .T. ) ;
#9993 = ORIENTED_EDGE ( 'NONE', *, *, #3686, .T. ) ;
#9994 = ADVANCED_FACE ( 'NONE', ( #541 ), #492, .T. ) ;
#9995 = CARTESIAN_POINT ( 'NONE',  ( 8.590999999999999304, 10.41999999999999993, 0.000000000000000000 ) ) ;
#9996 = ORIENTED_EDGE ( 'NONE', *, *, #3746, .F. ) ;
#9997 = VERTEX_POINT ( 'NONE', #327 ) ;
#9998 = CARTESIAN_POINT ( 'NONE',  ( 4.969999999999999751, -9.342999999999999972, 0.000000000000000000 ) ) ;
#9999 = PLANE ( 'NONE',  #3361 ) ;
#10000 = ORIENTED_EDGE ( 'NONE', *, *, #8071, .T. ) ;
#10001 = CARTESIAN_POINT ( 'NONE',  ( -9.000000000000000000, 8.449999999999999289, 0.8719667599999999519 ) ) ;
#10002 = VERTEX_POINT ( 'NONE', #7093 ) ;
#10003 = ORIENTED_EDGE ( 'NONE', *, *, #6944, .F. ) ;
#10004 = EDGE_CURVE ( 'NONE', #8651, #5994, #6433, .T. ) ;
#10005 = LINE ( 'NONE', #4801, #8982 ) ;
#10006 = FACE_OUTER_BOUND ( 'NONE', #9567, .T. ) ;
#10007 = VERTEX_POINT ( 'NONE', #7973 ) ;
#10008 = CARTESIAN_POINT ( 'NONE',  ( -8.699999999999999289, 3.750000000000000000, 0.8719667599999999519 ) ) ;
#10009 = ORIENTED_EDGE ( 'NONE', *, *, #871, .T. ) ;
#10010 = FILL_AREA_STYLE_COLOUR ( '', #1282 ) ;
#10011 = DIRECTION ( 'NONE',  ( 0.000000000000000000, 0.000000000000000000, 1.000000000000000000 ) ) ;
#10012 = AXIS2_PLACEMENT_3D ( 'NONE', #8359, #1702, #10830 ) ;
#10013 = ADVANCED_FACE ( 'NONE', ( #6376 ), #2926, .T. ) ;
#10014 = ADVANCED_FACE ( 'NONE', ( #435 ), #1982, .T. ) ;
#10015 = DIRECTION ( 'NONE',  ( 1.000000000000000000, 0.000000000000000000, 0.000000000000000000 ) ) ;
#10016 = CARTESIAN_POINT ( 'NONE',  ( -9.000000000000000000, 7.200000000000000178, 0.000000000000000000 ) ) ;
#10017 = DIRECTION ( 'NONE',  ( 7.459310946700599934E-14, 1.000000000000000000, 3.848953698056000290E-15 ) ) ;
#10018 = FACE_OUTER_BOUND ( 'NONE', #573, .T. ) ;
#10019 = LINE ( 'NONE', #6782, #632 ) ;
#10020 = ORIENTED_EDGE ( 'NONE', *, *, #2048, .T. ) ;
#10021 = LINE ( 'NONE', #9201, #7963 ) ;
#10022 = DIRECTION ( 'NONE',  ( 0.000000000000000000, -1.000000000000000000, -5.101376584211580244E-31 ) ) ;
#10023 = CARTESIAN_POINT ( 'NONE',  ( 5.000000000000000000, 11.00000000000000000, 0.000000000000000000 ) ) ;
#10024 = CARTESIAN_POINT ( 'NONE',  ( 8.923233426134489221, -0.1286306684579301973, -0.2210116194861695138 ) ) ;
#10025 = AXIS2_PLACEMENT_3D ( 'NONE', #2494, #6506, #2331 ) ;
#10026 = ORIENTED_EDGE ( 'NONE', *, *, #9465, .T. ) ;
#10027 = ORIENTED_EDGE ( 'NONE', *, *, #686, .T. ) ;
#10028 = EDGE_CURVE ( 'NONE', #7575, #6046, #7147, .T. ) ;
#10029 = VERTEX_POINT ( 'NONE', #9727 ) ;
#10030 = CARTESIAN_POINT ( 'NONE',  ( -8.773800046000008734, -1.802799999999999958, 3.125719160439294934E-15 ) ) ;
#10031 = DIRECTION ( 'NONE',  ( 0.000000000000000000, 0.000000000000000000, 1.000000000000000000 ) ) ;
#10032 = ORIENTED_EDGE ( 'NONE', *, *, #7349, .F. ) ;
#10033 = VECTOR ( 'NONE', #8574, 1000.000000000000000 ) ;
#10034 = CARTESIAN_POINT ( 'NONE',  ( 8.754507998061550111, 0.02776144915790395087, -19.56875149207855102 ) ) ;
#10035 = CARTESIAN_POINT ( 'NONE',  ( 9.000000000000000000, 11.00000000000000000, 0.000000000000000000 ) ) ;
#10036 = PLANE ( 'NONE',  #2766 ) ;
#10037 = PLANE ( 'NONE',  #10402 ) ;
#10038 = LINE ( 'NONE', #8243, #10044 ) ;
#10039 = CARTESIAN_POINT ( 'NONE',  ( 8.703089367881348792, -0.1499999539999986031, 5.237220402183240455E-16 ) ) ;
#10040 = EDGE_CURVE ( 'NONE', #6058, #7525, #5559, .T. ) ;
#10041 = ORIENTED_EDGE ( 'NONE', *, *, #431, .F. ) ;
#10042 = EDGE_CURVE ( 'NONE', #1921, #7642, #9952, .T. ) ;
#10043 = EDGE_LOOP ( 'NONE', ( #817, #9315, #665, #4122 ) ) ;
#10044 = VECTOR ( 'NONE', #5863, 1000.000000000000000 ) ;
#10045 = DIRECTION ( 'NONE',  ( 1.000000000000000000, 0.000000000000000000, 0.000000000000000000 ) ) ;
#10046 = ORIENTED_EDGE ( 'NONE', *, *, #9411, .T. ) ;
#10047 = ORIENTED_EDGE ( 'NONE', *, *, #8760, .T. ) ;
#10048 = LINE ( 'NONE', #974, #5533 ) ;
#10049 = DIRECTION ( 'NONE',  ( 1.000000000000000000, -3.491481338843135327E-15, -3.562560286365675406E-16 ) ) ;
#10050 = ORIENTED_EDGE ( 'NONE', *, *, #1801, .T. ) ;
#10051 = CARTESIAN_POINT ( 'NONE',  ( 5.169999999999999041, -9.342999999999999972, 0.000000000000000000 ) ) ;
#10052 = AXIS2_PLACEMENT_3D ( 'NONE', #6785, #1059, #5960 ) ;
#10053 = EDGE_CURVE ( 'NONE', #5753, #121, #6652, .T. ) ;
#10054 = AXIS2_PLACEMENT_3D ( 'NONE', #1679, #4056, #10753 ) ;
#10055 = ORIENTED_EDGE ( 'NONE', *, *, #6022, .F. ) ;
#10056 = ORIENTED_EDGE ( 'NONE', *, *, #4050, .T. ) ;
#10057 = VECTOR ( 'NONE', #3750, 1000.000000000000000 ) ;
#10058 = LINE ( 'NONE', #985, #4960 ) ;
#10059 = CIRCLE ( 'NONE', #7254, 0.1999999999999987899 ) ;
#10060 = CARTESIAN_POINT ( 'NONE',  ( -8.013095926879879372, 4.600000109013059741E-08, -19.96370745392984958 ) ) ;
#10061 = EDGE_LOOP ( 'NONE', ( #10488, #8707, #6110, #3420 ) ) ;
#10062 = CARTESIAN_POINT ( 'NONE',  ( 5.097000897764120353, -1.802800045999999989, -0.1499999539999936071 ) ) ;
#10063 = EDGE_LOOP ( 'NONE', ( #2872, #2023, #9234, #5058 ) ) ;
#10064 = DIRECTION ( 'NONE',  ( 1.000000000000000000, 0.000000000000000000, 0.000000000000000000 ) ) ;
#10065 = CARTESIAN_POINT ( 'NONE',  ( -8.712108331215089763, -0.06570026152083839610, -19.44015763819784937 ) ) ;
#10066 = EDGE_CURVE ( 'NONE', #2456, #3138, #3147, .T. ) ;
#10067 = DIRECTION ( 'NONE',  ( 0.000000000000000000, 2.903302832784645416E-15, -1.000000000000000000 ) ) ;
#10068 = VECTOR ( 'NONE', #10301, 1000.000000000000000 ) ;
#10069 = ORIENTED_EDGE ( 'NONE', *, *, #10712, .F. ) ;
#10070 = B_SPLINE_CURVE_WITH_KNOTS ( 'NONE', 3,
 ( #5723, #1544, #3202, #712 ),
 .UNSPECIFIED., .F., .F.,
 ( 4, 4 ),
 ( 0.000000000000000000, 1.000000000000000000 ),
 .UNSPECIFIED. ) ;
#10071 = DIRECTION ( 'NONE',  ( -1.000000000000000000, -1.833260990695839833E-13, -5.322511827520820054E-28 ) ) ;
#10072 = CARTESIAN_POINT ( 'NONE',  ( 8.923799999999999955, -1.802799999999999958, -17.04501940000000104 ) ) ;
#10073 = AXIS2_PLACEMENT_3D ( 'NONE', #8422, #3595, #5130 ) ;
#10074 = CARTESIAN_POINT ( 'NONE',  ( -9.000000000000000000, 11.00000000000000000, 0.8719667599999999519 ) ) ;
#10075 = DIRECTION ( 'NONE',  ( -3.848953698055995557E-15, 1.000000000000000000, 0.000000000000000000 ) ) ;
#10076 = ORIENTED_EDGE ( 'NONE', *, *, #5778, .T. ) ;
#10077 = PLANE ( 'NONE',  #408 ) ;
#10078 = SURFACE_STYLE_USAGE ( .BOTH. , #6624 ) ;
#10079 = DIRECTION ( 'NONE',  ( 0.000000000000000000, 0.000000000000000000, 1.000000000000000000 ) ) ;
#10080 = EDGE_CURVE ( 'NONE', #2820, #2750, #10150, .T. ) ;
#10081 = EDGE_CURVE ( 'NONE', #8285, #6577, #9781, .T. ) ;
#10082 = PLANE ( 'NONE',  #10247 ) ;
#10083 = EDGE_LOOP ( 'NONE', ( #8652, #5990 ) ) ;
#10084 = VERTEX_POINT ( 'NONE', #8137 ) ;
#10085 = ORIENTED_EDGE ( 'NONE', *, *, #9443, .F. ) ;
#10086 = CYLINDRICAL_SURFACE ( 'NONE', #7955, 0.2999999999999999334 ) ;
#10087 = CARTESIAN_POINT ( 'NONE',  ( -8.699999999999999289, 2.500000000000000000, 0.000000000000000000 ) ) ;
#10088 = VERTEX_POINT ( 'NONE', #1480 ) ;
#10089 = CARTESIAN_POINT ( 'NONE',  ( -8.773800045999999853, -1.499999954000060143, 3.125719160439294934E-15 ) ) ;
#10090 = CARTESIAN_POINT ( 'NONE',  ( -8.623800091999999751, 4.599999496438830302E-08, -19.16195333473704920 ) ) ;
#10091 = LINE ( 'NONE', #10148, #3814 ) ;
#10092 = LINE ( 'NONE', #8500, #8834 ) ;
#10093 = VECTOR ( 'NONE', #2463, 1000.000000000000000 ) ;
#10094 = CARTESIAN_POINT ( 'NONE',  ( -8.699999999999999289, 7.500000000000000000, 0.000000000000000000 ) ) ;
#10095 = ADVANCED_FACE ( 'NONE', ( #2371 ), #5719, .F. ) ;
#10096 = EDGE_CURVE ( 'NONE', #207, #9948, #10777, .T. ) ;
#10097 = CARTESIAN_POINT ( 'NONE',  ( 8.923799999999999955, -0.1499999079999989882, -19.36501500962519984 ) ) ;
#10098 = ORIENTED_EDGE ( 'NONE', *, *, #10155, .F. ) ;
#10099 = ORIENTED_EDGE ( 'NONE', *, *, #2734, .F. ) ;
#10100 = DIRECTION ( 'NONE',  ( 0.000000000000000000, 0.000000000000000000, -1.000000000000000000 ) ) ;
#10101 = ORIENTED_EDGE ( 'NONE', *, *, #7467, .F. ) ;
#10102 = CARTESIAN_POINT ( 'NONE',  ( -8.822650063556750410, -0.1285834592152275968, -0.2216140942213130072 ) ) ;
#10103 = CIRCLE ( 'NONE', #6427, 0.2999999999999999334 ) ;
#10104 = CYLINDRICAL_SURFACE ( 'NONE', #4412, 0.1499999540000017395 ) ;
#10105 = VERTEX_POINT ( 'NONE', #2259 ) ;
#10106 = CARTESIAN_POINT ( 'NONE',  ( 9.000000000000000000, 5.000000000000000000, 0.000000000000000000 ) ) ;
#10107 = ADVANCED_FACE ( 'NONE', ( #6540 ), #964, .F. ) ;
#10108 = ORIENTED_EDGE ( 'NONE', *, *, #8464, .T. ) ;
#10109 = AXIS2_PLACEMENT_3D ( 'NONE', #1339, #1500, #3277 ) ;
#10110 = VERTEX_POINT ( 'NONE', #8254 ) ;
#10111 = AXIS2_PLACEMENT_3D ( 'NONE', #51, #3258, #5776 ) ;
#10112 = EDGE_CURVE ( 'NONE', #3626, #346, #7314, .T. ) ;
#10113 = ADVANCED_FACE ( 'NONE', ( #10832 ), #1539, .F. ) ;
#10114 = CARTESIAN_POINT ( 'NONE',  ( -8.797243577120319458, 0.01870654388745695076, -19.53038191784859734 ) ) ;
#10115 = DIRECTION ( 'NONE',  ( -0.7071067811865460184, -5.900215997242179221E-14, 0.7071067811865489050 ) ) ;
#10116 = ORIENTED_EDGE ( 'NONE', *, *, #7088, .F. ) ;
#10117 = CARTESIAN_POINT ( 'NONE',  ( 9.000000000000000000, -10.00000000000000000, 0.000000000000000000 ) ) ;
#10118 = VECTOR ( 'NONE', #8092, 1000.000000000000000 ) ;
#10119 = ORIENTED_EDGE ( 'NONE', *, *, #2998, .T. ) ;
#10120 = VECTOR ( 'NONE', #3993, 1000.000000000000000 ) ;
#10121 =( LENGTH_UNIT ( ) NAMED_UNIT ( * ) SI_UNIT ( .MILLI., .METRE. ) );
#10122 = CARTESIAN_POINT ( 'NONE',  ( 8.773800045999999853, 3.434729301071215197E-14, -1.116018999999983885 ) ) ;
#10123 = LINE ( 'NONE', #8747, #9195 ) ;
#10124 = ORIENTED_EDGE ( 'NONE', *, *, #6303, .F. ) ;
#10125 = VECTOR ( 'NONE', #6800, 1000.000000000000000 ) ;
#10126 = VECTOR ( 'NONE', #8846, 1000.000000000000000 ) ;
#10127 = ADVANCED_FACE ( 'NONE', ( #4133 ), #5612, .T. ) ;
#10128 = LINE ( 'NONE', #5246, #6339 ) ;
#10129 = CARTESIAN_POINT ( 'NONE',  ( 8.923799999999999955, -1.499999954000091895, -7.720018999999999743 ) ) ;
#10130 = DIRECTION ( 'NONE',  ( 8.904572318030738893E-17, 7.597773076889609890E-17, -1.000000000000000000 ) ) ;
#10131 = DIRECTION ( 'NONE',  ( -0.7071067811865480168, -8.976453214157650740E-16, 0.7071067811865470176 ) ) ;
#10132 = DIRECTION ( 'NONE',  ( 0.000000000000000000, 1.000000000000000000, 0.000000000000000000 ) ) ;
#10133 = ORIENTED_EDGE ( 'NONE', *, *, #5278, .F. ) ;
#10134 = DIRECTION ( 'NONE',  ( 0.000000000000000000, 3.491481338843135327E-15, -1.000000000000000000 ) ) ;
#10135 = DIRECTION ( 'NONE',  ( 0.000000000000000000, 0.000000000000000000, 1.000000000000000000 ) ) ;
#10136 = CARTESIAN_POINT ( 'NONE',  ( -7.967675263997478829, -0.06564671180960771069, -20.18453920250789935 ) ) ;
#10137 = LINE ( 'NONE', #4268, #8840 ) ;
#10138 = VECTOR ( 'NONE', #563, 1000.000000000000000 ) ;
#10139 = ORIENTED_EDGE ( 'NONE', *, *, #7286, .F. ) ;
#10140 = ORIENTED_EDGE ( 'NONE', *, *, #2290, .F. ) ;
#10141 = VERTEX_POINT ( 'NONE', #4339 ) ;
#10142 = ADVANCED_FACE ( 'NONE', ( #8199 ), #5973, .T. ) ;
#10143 = CARTESIAN_POINT ( 'NONE',  ( -8.773800045999999853, -1.499999954000060143, 3.125719160439294934E-15 ) ) ;
#10144 = PLANE ( 'NONE',  #10849 ) ;
#10145 = ORIENTED_EDGE ( 'NONE', *, *, #10854, .F. ) ;
#10146 = CARTESIAN_POINT ( 'NONE',  ( 8.545613748222779193, -0.01423729588895105910, -19.53414299789869801 ) ) ;
#10147 = CARTESIAN_POINT ( 'NONE',  ( -8.453089367881339911, 0.1499999999999405975, -0.4707106321186560471 ) ) ;
#10148 = CARTESIAN_POINT ( 'NONE',  ( 2.627399537764049775, -1.499999953999898050, -79.67810574249129729 ) ) ;
#10149 = DIRECTION ( 'NONE',  ( 0.000000000000000000, 3.491481338843135327E-15, 1.000000000000000000 ) ) ;
#10150 = LINE ( 'NONE', #6487, #3475 ) ;
#10151 = CARTESIAN_POINT ( 'NONE',  ( 61.95510655778610243, -1.499999953999900049, -8.295019119999979651 ) ) ;
#10152 = CARTESIAN_POINT ( 'NONE',  ( -8.923799999999999955, -1.802799999999999958, -9.551199144097219929 ) ) ;
#10153 = VERTEX_POINT ( 'NONE', #4909 ) ;
#10154 = ORIENTED_EDGE ( 'NONE', *, *, #7974, .T. ) ;
#10155 = EDGE_CURVE ( 'NONE', #5042, #9997, #10722, .T. ) ;
#10156 = FACE_OUTER_BOUND ( 'NONE', #9632, .T. ) ;
#10157 = ORIENTED_EDGE ( 'NONE', *, *, #9733, .T. ) ;
#10158 = CARTESIAN_POINT ( 'NONE',  ( 7.882819280485569458, 0.01859936015245010343, -20.34694176134290089 ) ) ;
#10159 = DIRECTION ( 'NONE',  ( -0.000000000000000000, 1.000000000000000000, 0.000000000000000000 ) ) ;
#10160 = EDGE_LOOP ( 'NONE', ( #1947, #8198, #3959, #5365 ) ) ;
#10161 = CARTESIAN_POINT ( 'NONE',  ( 8.059381153377440654, 0.01870654388754165037, -20.27224365711935050 ) ) ;
#10162 = ORIENTED_EDGE ( 'NONE', *, *, #3845, .F. ) ;
#10163 = ORIENTED_EDGE ( 'NONE', *, *, #8702, .F. ) ;
#10164 = EDGE_CURVE ( 'NONE', #7087, #2800, #7419, .T. ) ;
#10165 = PLANE ( 'NONE',  #2134 ) ;
#10166 = CARTESIAN_POINT ( 'NONE',  ( -9.000000000000000000, -1.250000000000000000, 0.000000000000000000 ) ) ;
#10167 = B_SPLINE_CURVE_WITH_KNOTS ( 'NONE', 1,
 ( #317, #2969 ),
 .UNSPECIFIED., .F., .F.,
 ( 2, 2 ),
 ( 0.000000000000000000, 1.000000000000000000 ),
 .UNSPECIFIED. ) ;
#10168 = ORIENTED_EDGE ( 'NONE', *, *, #10306, .T. ) ;
#10169 = DIRECTION ( 'NONE',  ( 0.000000000000000000, 9.035020874785599019E-17, 1.000000000000000000 ) ) ;
#10170 = ORIENTED_EDGE ( 'NONE', *, *, #1451, .T. ) ;
#10171 = CARTESIAN_POINT ( 'NONE',  ( 7.982403000727476439, -0.1202031477478907595, -20.21053166491235231 ) ) ;
#10172 = DIRECTION ( 'NONE',  ( 0.000000000000000000, 4.426121739983944538E-14, -1.000000000000000000 ) ) ;
#10173 = PRODUCT_DEFINITION ( 'UNKNOWN', '', #1691, #7784 ) ;
#10174 = EDGE_CURVE ( 'NONE', #4377, #3854, #10103, .T. ) ;
#10175 = VERTEX_POINT ( 'NONE', #1421 ) ;
#10176 = ADVANCED_FACE ( 'NONE', ( #2073 ), #6247, .F. ) ;
#10177 = DIRECTION ( 'NONE',  ( -0.7071067811865489050, -3.079417681350204738E-15, 0.7071067811865460184 ) ) ;
#10178 = CARTESIAN_POINT ( 'NONE',  ( -9.000000000000000000, 11.00000000000000000, 0.8719667599999999519 ) ) ;
#10179 = DIRECTION ( 'NONE',  ( -3.562560286365675406E-16, 2.040969624998810176E-30, -1.000000000000000000 ) ) ;
#10180 = CARTESIAN_POINT ( 'NONE',  ( -8.923799999999999955, -1.802799999999999958, -19.47726731941400047 ) ) ;
#10181 = CARTESIAN_POINT ( 'NONE',  ( 8.709539122508060061, -0.06564671180961409447, -19.44667465952534968 ) ) ;
#10182 = CIRCLE ( 'NONE', #3177, 0.2999999999999999334 ) ;
#10183 = EDGE_LOOP ( 'NONE', ( #9515, #4361, #3525, #2956 ) ) ;
#10184 = DIRECTION ( 'NONE',  ( -1.000000000000000000, 3.446013993391890312E-15, 3.562560286365675406E-16 ) ) ;
#10185 = LINE ( 'NONE', #7768, #8521 ) ;
#10186 = CARTESIAN_POINT ( 'NONE',  ( -7.987434920206769817, -0.06479686222638339488, -20.16396218008905095 ) ) ;
#10187 = CARTESIAN_POINT ( 'NONE',  ( 8.772937570667570739, -0.1339375714114274252, -0.3876779528195010149 ) ) ;
#10188 = EDGE_CURVE ( 'NONE', #7852, #10202, #2678, .T. ) ;
#10189 = ORIENTED_EDGE ( 'NONE', *, *, #2552, .F. ) ;
#10190 = VERTEX_POINT ( 'NONE', #1236 ) ;
#10191 = ORIENTED_EDGE ( 'NONE', *, *, #2984, .F. ) ;
#10192 = CARTESIAN_POINT ( 'NONE',  ( 7.890014929625221107, -1.499999954000070135, -20.24880012599999901 ) ) ;
#10193 = ORIENTED_EDGE ( 'NONE', *, *, #9642, .T. ) ;
#10194 = DIRECTION ( 'NONE',  ( 0.000000000000000000, 0.000000000000000000, -1.000000000000000000 ) ) ;
#10195 = CARTESIAN_POINT ( 'NONE',  ( 9.000000000000000000, 5.299999999999999822, 0.000000000000000000 ) ) ;
#10196 = CARTESIAN_POINT ( 'NONE',  ( 4.873399617764099467, -1.802799999999999958, -20.24880012599999901 ) ) ;
#10197 = LINE ( 'NONE', #4283, #1441 ) ;
#10198 = LINE ( 'NONE', #10256, #3095 ) ;
#10199 = DIRECTION ( 'NONE',  ( 1.833260990695839833E-13, -1.000000000000000000, -3.848953698056000290E-15 ) ) ;
#10200 = CARTESIAN_POINT ( 'NONE',  ( -8.735531702763498885, 4.599999997882339708E-08, -19.45340364734834893 ) ) ;
#10201 = EDGE_CURVE ( 'NONE', #5481, #8065, #2736, .T. ) ;
#10202 = VERTEX_POINT ( 'NONE', #8769 ) ;
#10203 = EDGE_LOOP ( 'NONE', ( #477, #8629, #5939, #8891 ) ) ;
#10204 = VECTOR ( 'NONE', #175, 1000.000000000000114 ) ;
#10205 = CARTESIAN_POINT ( 'NONE',  ( -8.443143749512369567, 0.1499999999999995781, -19.36101569409725087 ) ) ;
#10206 = ORIENTED_EDGE ( 'NONE', *, *, #8795, .T. ) ;
#10207 = CARTESIAN_POINT ( 'NONE',  ( -7.967675263997478829, -0.06564671180960771069, -20.18453920250789935 ) ) ;
#10208 = CARTESIAN_POINT ( 'NONE',  ( -7.872337582697300107, -0.1499999080000001817, -20.10446579811245371 ) ) ;
#10209 = ORIENTED_EDGE ( 'NONE', *, *, #698, .T. ) ;
#10210 = CARTESIAN_POINT ( 'NONE',  ( 8.043908344361110352, -0.04083239725768744721, -20.08377768694440135 ) ) ;
#10211 = EDGE_CURVE ( 'NONE', #207, #6100, #5427, .T. ) ;
#10212 = EDGE_CURVE ( 'NONE', #9183, #10002, #195, .T. ) ;
#10213 = CIRCLE ( 'NONE', #7233, 0.2999999999999999334 ) ;
#10214 = ORIENTED_EDGE ( 'NONE', *, *, #10201, .T. ) ;
#10215 = ORIENTED_EDGE ( 'NONE', *, *, #2086, .F. ) ;
#10216 = FACE_OUTER_BOUND ( 'NONE', #2324, .T. ) ;
#10217 = AXIS2_PLACEMENT_3D ( 'NONE', #4434, #3608, #10300 ) ;
#10218 = CARTESIAN_POINT ( 'NONE',  ( 8.872087168930629986, 0.01838498511471440069, -19.36501450962520110 ) ) ;
#10219 = DIRECTION ( 'NONE',  ( 1.000000000000000000, 0.000000000000000000, 0.000000000000000000 ) ) ;
#10220 = ORIENTED_EDGE ( 'NONE', *, *, #7236, .F. ) ;
#10221 = DIRECTION ( 'NONE',  ( 6.162975822039149940E-33, -1.000000000000000000, -9.035022412278279099E-17 ) ) ;
#10222 = APPLICATION_CONTEXT ( 'automotive_design' ) ;
#10223 = VERTEX_POINT ( 'NONE', #7015 ) ;
#10224 = LINE ( 'NONE', #7592, #6033 ) ;
#10225 = EDGE_CURVE ( 'NONE', #2928, #3340, #2015, .T. ) ;
#10226 = CARTESIAN_POINT ( 'NONE',  ( -43.81545899364920160, -1.499999953999851865, -55.07386204899199811 ) ) ;
#10227 = VECTOR ( 'NONE', #5000, 1000.000000000000000 ) ;
#10228 = ORIENTED_EDGE ( 'NONE', *, *, #8947, .F. ) ;
#10229 = AXIS2_PLACEMENT_3D ( 'NONE', #6889, #3385, #4267 ) ;
#10230 = AXIS2_PLACEMENT_3D ( 'NONE', #1860, #1964, #9387 ) ;
#10231 = DIRECTION ( 'NONE',  ( 3.562560286365615256E-16, -1.734723475976810053E-15, 1.000000000000000000 ) ) ;
#10232 = DIRECTION ( 'NONE',  ( -1.000000000000000000, 0.000000000000000000, 0.000000000000000000 ) ) ;
#10233 = CARTESIAN_POINT ( 'NONE',  ( 8.923799999999999955, -0.1499999079999989882, -19.36501500962519984 ) ) ;
#10234 = ORIENTED_EDGE ( 'NONE', *, *, #3314, .F. ) ;
#10235 = EDGE_CURVE ( 'NONE', #5842, #5913, #4602, .T. ) ;
#10236 = LINE ( 'NONE', #4538, #4517 ) ;
#10237 = ORIENTED_EDGE ( 'NONE', *, *, #8617, .F. ) ;
#10238 = AXIS2_PLACEMENT_3D ( 'NONE', #1690, #2518, #544 ) ;
#10239 = LINE ( 'NONE', #5958, #9007 ) ;
#10240 = CARTESIAN_POINT ( 'NONE',  ( -9.000000000000000000, 0.000000000000000000, 0.000000000000000000 ) ) ;
#10241 = VECTOR ( 'NONE', #3722, 1000.000000000000000 ) ;
#10242 = PLANE ( 'NONE',  #10217 ) ;
#10243 = EDGE_CURVE ( 'NONE', #5271, #4024, #411, .T. ) ;
#10244 = DIRECTION ( 'NONE',  ( -1.833260990695839833E-13, 1.000000000000000000, 0.000000000000000000 ) ) ;
#10245 = VERTEX_POINT ( 'NONE', #8717 ) ;
#10246 = ORIENTED_EDGE ( 'NONE', *, *, #9049, .T. ) ;
#10247 = AXIS2_PLACEMENT_3D ( 'NONE', #2343, #9978, #1563 ) ;
#10248 = DIRECTION ( 'NONE',  ( 0.000000000000000000, 0.000000000000000000, 1.000000000000000000 ) ) ;
#10249 = EDGE_CURVE ( 'NONE', #1809, #9785, #1188, .T. ) ;
#10250 = VERTEX_POINT ( 'NONE', #9437 ) ;
#10251 = ADVANCED_FACE ( 'NONE', ( #6850 ), #4555, .F. ) ;
#10252 = FACE_OUTER_BOUND ( 'NONE', #117, .T. ) ;
#10253 = DIRECTION ( 'NONE',  ( 0.000000000000000000, 0.000000000000000000, 1.000000000000000000 ) ) ;
#10254 = CARTESIAN_POINT ( 'NONE',  ( -6.383799999999999919, -1.499999954000070135, -17.05119938409719893 ) ) ;
#10255 = FACE_OUTER_BOUND ( 'NONE', #7943, .T. ) ;
#10256 = CARTESIAN_POINT ( 'NONE',  ( -8.773800045999999853, -1.499999954000060143, 3.125719160439294934E-15 ) ) ;
#10257 = DIRECTION ( 'NONE',  ( 0.000000000000000000, 0.000000000000000000, 1.000000000000000000 ) ) ;
#10258 = CARTESIAN_POINT ( 'NONE',  ( -9.000000000000000000, -1.250000000000000000, 0.000000000000000000 ) ) ;
#10259 = VECTOR ( 'NONE', #4372, 1000.000000000000000 ) ;
#10260 = ORIENTED_EDGE ( 'NONE', *, *, #1141, .F. ) ;
#10261 = ORIENTED_EDGE ( 'NONE', *, *, #6063, .T. ) ;
#10262 = CARTESIAN_POINT ( 'NONE',  ( -8.923799999999999955, -1.499999954000060143, -8.976199024097221368 ) ) ;
#10263 = ORIENTED_EDGE ( 'NONE', *, *, #1651, .T. ) ;
#10264 = VECTOR ( 'NONE', #4071, 1000.000000000000000 ) ;
#10265 = EDGE_CURVE ( 'NONE', #1997, #10694, #10198, .T. ) ;
#10266 = CARTESIAN_POINT ( 'NONE',  ( 8.703089367881348792, -1.802800045999999989, 6.294442718274539613E-15 ) ) ;
#10267 = DIRECTION ( 'NONE',  ( 1.000000000000000000, 0.000000000000000000, 0.000000000000000000 ) ) ;
#10268 = EDGE_LOOP ( 'NONE', ( #3231, #9186, #10541, #6608 ) ) ;
#10269 = CARTESIAN_POINT ( 'NONE',  ( -9.000000000000000000, -0.9499999999999999556, 0.000000000000000000 ) ) ;
#10270 = VECTOR ( 'NONE', #6431, 1000.000000000000000 ) ;
#10271 = ORIENTED_EDGE ( 'NONE', *, *, #8984, .T. ) ;
#10272 = VERTEX_POINT ( 'NONE', #356 ) ;
#10273 = VERTEX_POINT ( 'NONE', #7066 ) ;
#10274 = VECTOR ( 'NONE', #6832, 1000.000000000000000 ) ;
#10276 = EDGE_CURVE ( 'NONE', #9871, #5258, #1020, .T. ) ;
#10275 = CARTESIAN_POINT ( 'NONE',  ( -8.669127954222160426, -0.06112860361481799176, -19.47891355618479992 ) ) ;
#10277 = VECTOR ( 'NONE', #2000, 1000.000000000000000 ) ;
#10278 = DIRECTION ( 'NONE',  ( 0.000000000000000000, 1.000000000000000000, 0.000000000000000000 ) ) ;
#10279 = FACE_OUTER_BOUND ( 'NONE', #9812, .T. ) ;
#10280 = ORIENTED_EDGE ( 'NONE', *, *, #4422, .F. ) ;
#10281 = DIRECTION ( 'NONE',  ( 0.000000000000000000, 0.000000000000000000, 1.000000000000000000 ) ) ;
#10282 = ORIENTED_EDGE ( 'NONE', *, *, #10698, .F. ) ;
#10283 = SHAPE_DEFINITION_REPRESENTATION ( #4858, #5098 ) ;
#10284 = DIRECTION ( 'NONE',  ( -1.000000000000000000, 0.000000000000000000, 3.562560286365675406E-16 ) ) ;
#10285 = VECTOR ( 'NONE', #1449, 1000.000000000000000 ) ;
#10286 = PLANE ( 'NONE',  #3253 ) ;
#10287 = ORIENTED_EDGE ( 'NONE', *, *, #2540, .F. ) ;
#10289 = EDGE_CURVE ( 'NONE', #9818, #8172, #9380, .T. ) ;
#10288 = LINE ( 'NONE', #2548, #5466 ) ;
#10290 = AXIS2_PLACEMENT_3D ( 'NONE', #6847, #9540, #9434 ) ;
#10291 = DIRECTION ( 'NONE',  ( 0.000000000000000000, -1.000000000000000000, -1.355252715606889910E-16 ) ) ;
#10292 = EDGE_CURVE ( 'NONE', #2237, #4219, #6905, .T. ) ;
#10293 = AXIS2_PLACEMENT_3D ( 'NONE', #7477, #9174, #6541 ) ;
#10294 = DIRECTION ( 'NONE',  ( 0.000000000000000000, 7.597773076889579075E-17, -1.000000000000000000 ) ) ;
#10295 = VERTEX_POINT ( 'NONE', #5266 ) ;
#10296 = DIRECTION ( 'NONE',  ( 1.000000000000000000, 0.000000000000000000, 0.000000000000000000 ) ) ;
#10297 = ORIENTED_EDGE ( 'NONE', *, *, #6076, .F. ) ;
#10298 = CARTESIAN_POINT ( 'NONE',  ( 8.006266554941980473, -1.802799999999999958, -20.39880008000000089 ) ) ;
#10299 = PLANE ( 'NONE',  #8871 ) ;
#10300 = DIRECTION ( 'NONE',  ( 0.000000000000000000, 0.000000000000000000, -1.000000000000000000 ) ) ;
#10301 = DIRECTION ( 'NONE',  ( 0.000000000000000000, 0.000000000000000000, 1.000000000000000000 ) ) ;
#10302 = VECTOR ( 'NONE', #1657, 1000.000000000000000 ) ;
#10303 = ORIENTED_EDGE ( 'NONE', *, *, #1553, .T. ) ;
#10304 = ORIENTED_EDGE ( 'NONE', *, *, #848, .T. ) ;
#10305 = DIRECTION ( 'NONE',  ( 0.000000000000000000, 0.000000000000000000, 1.000000000000000000 ) ) ;
#10306 = EDGE_CURVE ( 'NONE', #2560, #6194, #8699, .T. ) ;
#10307 = ORIENTED_EDGE ( 'NONE', *, *, #10770, .F. ) ;
#10308 = B_SPLINE_CURVE_WITH_KNOTS ( 'NONE', 3,
 ( #440, #6326, #7097, #1931 ),
 .UNSPECIFIED., .F., .F.,
 ( 4, 4 ),
 ( 0.000000000000000000, 1.000000000000000000 ),
 .UNSPECIFIED. ) ;
#10309 = VECTOR ( 'NONE', #695, 1000.000000000000000 ) ;
#10310 = CARTESIAN_POINT ( 'NONE',  ( 9.000000000000000000, 6.550000000000000711, 0.8719667599999999519 ) ) ;
#10311 = CARTESIAN_POINT ( 'NONE',  ( 4.843000897764119905, -1.499999954000106106, -2.540000000000000036 ) ) ;
#10312 = FACE_OUTER_BOUND ( 'NONE', #8973, .T. ) ;
#10313 = DIRECTION ( 'NONE',  ( -5.728940595924320405E-15, -1.000000000000000000, 0.000000000000000000 ) ) ;
#10314 = CARTESIAN_POINT ( 'NONE',  ( 7.690952570265030985, 0.1500000000000245026, -20.09880017200000069 ) ) ;
#10315 = UNCERTAINTY_MEASURE_WITH_UNIT (LENGTH_MEASURE( 1.000000000000000082E-05 ), #4145, 'distance_accuracy_value', 'NONE');
#10316 = CARTESIAN_POINT ( 'NONE',  ( 9.000000000000000000, -10.00000000000000000, 0.000000000000000000 ) ) ;
#10317 = CARTESIAN_POINT ( 'NONE',  ( 9.000000000000000000, 3.449999999999999734, 0.000000000000000000 ) ) ;
#10318 = EDGE_CURVE ( 'NONE', #8296, #534, #462, .T. ) ;
#10319 = EDGE_CURVE ( 'NONE', #9845, #10332, #8080, .T. ) ;
#10320 = VERTEX_POINT ( 'NONE', #7845 ) ;
#10321 = ORIENTED_EDGE ( 'NONE', *, *, #1278, .F. ) ;
#10322 = VECTOR ( 'NONE', #3221, 1000.000000000000000 ) ;
#10323 = VECTOR ( 'NONE', #8641, 1000.000000000000000 ) ;
#10324 = DIRECTION ( 'NONE',  ( 0.000000000000000000, 0.000000000000000000, -1.000000000000000000 ) ) ;
#10325 = ORIENTED_EDGE ( 'NONE', *, *, #2742, .T. ) ;
#10326 = DIRECTION ( 'NONE',  ( 0.000000000000000000, -1.000000000000000000, 0.000000000000000000 ) ) ;
#10327 = CYLINDRICAL_SURFACE ( 'NONE', #2158, 0.2999999080000022578 ) ;
#10328 = FACE_OUTER_BOUND ( 'NONE', #8336, .T. ) ;
#10329 = B_SPLINE_CURVE_WITH_KNOTS ( 'NONE', 3,
 ( #8004, #2016, #9700, #8770 ),
 .UNSPECIFIED., .F., .F.,
 ( 4, 4 ),
 ( 0.000000000000000000, 1.000000000000000000 ),
 .UNSPECIFIED. ) ;
#10330 = EDGE_CURVE ( 'NONE', #8288, #6523, #8817, .T. ) ;
#10331 = ORIENTED_EDGE ( 'NONE', *, *, #7336, .F. ) ;
#10332 = VERTEX_POINT ( 'NONE', #5691 ) ;
#10333 = VERTEX_POINT ( 'NONE', #3061 ) ;
#10334 = DIRECTION ( 'NONE',  ( 0.000000000000000000, 0.000000000000000000, 1.000000000000000000 ) ) ;
#10335 = CARTESIAN_POINT ( 'NONE',  ( -9.000000000000000000, -2.500000000000000000, 0.8719667599999999519 ) ) ;
#10336 = CARTESIAN_POINT ( 'NONE',  ( -8.735132294650188811, -0.04918077474451129638, -19.24873779615195346 ) ) ;
#10337 = ORIENTED_EDGE ( 'NONE', *, *, #2125, .F. ) ;
#10338 = DIRECTION ( 'NONE',  ( 0.000000000000000000, 0.000000000000000000, 1.000000000000000000 ) ) ;
#10339 = VERTEX_POINT ( 'NONE', #3007 ) ;
#10340 =( NAMED_UNIT ( * ) SI_UNIT ( $, .STERADIAN. ) SOLID_ANGLE_UNIT ( ) );
#10341 = CARTESIAN_POINT ( 'NONE',  ( 61.95510655778610243, -1.499999953999900049, -8.616019239999980428 ) ) ;
#10342 = DIRECTION ( 'NONE',  ( 3.848953698056000290E-15, 1.000000000000000000, -1.352015662072222059E-31 ) ) ;
#10343 = EDGE_CURVE ( 'NONE', #3310, #1337, #7175, .T. ) ;
#10344 = EDGE_LOOP ( 'NONE', ( #6360, #3094, #9207, #8783, #10050, #6790, #451, #9003 ) ) ;
#10345 = CARTESIAN_POINT ( 'NONE',  ( -6.383799999999999919, -1.802799999999999958, -4.297198984097219565 ) ) ;
#10346 = EDGE_LOOP ( 'NONE', ( #319, #5257, #7040, #3533 ) ) ;
#10347 = DIRECTION ( 'NONE',  ( 1.000000000000000000, -3.446013993391890312E-15, 0.000000000000000000 ) ) ;
#10348 = ORIENTED_EDGE ( 'NONE', *, *, #1079, .F. ) ;
#10349 = CARTESIAN_POINT ( 'NONE',  ( 7.879220456674730144, 0.01870651413293275209, -20.34686888814760053 ) ) ;
#10350 = ORIENTED_EDGE ( 'NONE', *, *, #1732, .T. ) ;
#10351 = FACE_OUTER_BOUND ( 'NONE', #9574, .T. ) ;
#10352 = DIRECTION ( 'NONE',  ( 0.000000000000000000, -1.000000000000000000, 0.000000000000000000 ) ) ;
#10353 = DIRECTION ( 'NONE',  ( -1.000000000000000000, -3.848953698056000290E-15, -8.904572318030769708E-17 ) ) ;
#10354 = EDGE_CURVE ( 'NONE', #2149, #10744, #6349, .T. ) ;
#10355 = EDGE_CURVE ( 'NONE', #7339, #9588, #9699, .T. ) ;
#10356 = ORIENTED_EDGE ( 'NONE', *, *, #10699, .F. ) ;
#10357 = VERTEX_POINT ( 'NONE', #7224 ) ;
#10358 = DIRECTION ( 'NONE',  ( -3.562560286365675406E-16, 1.751623080406019977E-46, -1.000000000000000000 ) ) ;
#10359 = ORIENTED_EDGE ( 'NONE', *, *, #2267, .F. ) ;
#10360 = DIRECTION ( 'NONE',  ( 0.000000000000000000, 0.000000000000000000, 1.000000000000000000 ) ) ;
#10361 = CYLINDRICAL_SURFACE ( 'NONE', #1697, 0.2999999999999999334 ) ;
#10362 = LINE ( 'NONE', #2070, #8721 ) ;
#10363 = DIRECTION ( 'NONE',  ( 1.000000000000000000, 0.000000000000000000, 0.000000000000000000 ) ) ;
#10364 = DIRECTION ( 'NONE',  ( 0.000000000000000000, 0.000000000000000000, 1.000000000000000000 ) ) ;
#10365 = CARTESIAN_POINT ( 'NONE',  ( -8.002267239413990652, -1.802799999999999958, -20.39880008000000089 ) ) ;
#10366 = CARTESIAN_POINT ( 'NONE',  ( 9.000000000000000000, -4.700000000000000178, 0.000000000000000000 ) ) ;
#10367 = ADVANCED_FACE ( 'NONE', ( #7123 ), #6460, .T. ) ;
#10368 = ORIENTED_EDGE ( 'NONE', *, *, #2843, .F. ) ;
#10369 = ORIENTED_EDGE ( 'NONE', *, *, #3667, .T. ) ;
#10370 = VECTOR ( 'NONE', #7311, 1000.000000000000000 ) ;
#10371 = CARTESIAN_POINT ( 'NONE',  ( 2.373399537764099954, -1.802799999999999958, -20.39880008000000089 ) ) ;
#10372 = ORIENTED_EDGE ( 'NONE', *, *, #8546, .T. ) ;
#10373 = DIRECTION ( 'NONE',  ( 1.000000000000000000, 0.000000000000000000, 0.000000000000000000 ) ) ;
#10374 = LINE ( 'NONE', #5437, #7334 ) ;
#10375 = CARTESIAN_POINT ( 'NONE',  ( -8.923799999999999955, -1.499999954000060143, -16.47619926409720037 ) ) ;
#10376 = ADVANCED_FACE ( 'NONE', ( #4765 ), #4713, .F. ) ;
#10377 = CARTESIAN_POINT ( 'NONE',  ( 9.000000000000000000, 0.000000000000000000, 0.000000000000000000 ) ) ;
#10378 = EDGE_CURVE ( 'NONE', #5251, #5358, #2562, .T. ) ;
#10379 = VECTOR ( 'NONE', #5523, 1000.000000000000000 ) ;
#10380 = EDGE_LOOP ( 'NONE', ( #7465, #707, #337, #4751 ) ) ;
#10381 = ORIENTED_EDGE ( 'NONE', *, *, #9903, .F. ) ;
#10382 = ORIENTED_EDGE ( 'NONE', *, *, #8476, .T. ) ;
#10383 = FACE_OUTER_BOUND ( 'NONE', #7733, .T. ) ;
#10384 = CARTESIAN_POINT ( 'NONE',  ( -8.699999999999999289, 3.750000000000000000, 0.000000000000000000 ) ) ;
#10385 = ORIENTED_EDGE ( 'NONE', *, *, #7723, .T. ) ;
#10387 = VECTOR ( 'NONE', #10455, 1000.000000000000000 ) ;
#10386 = DIRECTION ( 'NONE',  ( 1.000000000000000000, 0.000000000000000000, 0.000000000000000000 ) ) ;
#10388 = EDGE_CURVE ( 'NONE', #830, #8045, #4881, .T. ) ;
#10389 = DIRECTION ( 'NONE',  ( 0.000000000000000000, -1.000000000000000000, 0.000000000000000000 ) ) ;
#10390 = ORIENTED_EDGE ( 'NONE', *, *, #8324, .F. ) ;
#10391 = CARTESIAN_POINT ( 'NONE',  ( -8.923799999999999955, -1.499999954000042157, -19.36101569409725087 ) ) ;
#10392 = FACE_OUTER_BOUND ( 'NONE', #5288, .T. ) ;
#10393 = ORIENTED_EDGE ( 'NONE', *, *, #8808, .T. ) ;
#10394 = AXIS2_PLACEMENT_3D ( 'NONE', #8663, #2631, #1129 ) ;
#10395 = FACE_OUTER_BOUND ( 'NONE', #736, .T. ) ;
#10396 = ORIENTED_EDGE ( 'NONE', *, *, #5810, .T. ) ;
#10397 = DIRECTION ( 'NONE',  ( 0.000000000000000000, 0.000000000000000000, 1.000000000000000000 ) ) ;
#10398 = EDGE_LOOP ( 'NONE', ( #7181, #1734, #9480, #1538 ) ) ;
#10399 = LINE ( 'NONE', #2156, #8545 ) ;
#10400 = EDGE_CURVE ( 'NONE', #9183, #8118, #466, .T. ) ;
#10401 = ORIENTED_EDGE ( 'NONE', *, *, #7467, .T. ) ;
#10402 = AXIS2_PLACEMENT_3D ( 'NONE', #10873, #5862, #9160 ) ;
#10403 = LINE ( 'NONE', #4323, #2387 ) ;
#10404 = DIRECTION ( 'NONE',  ( -2.157866341325660055E-29, 3.491481338843135327E-15, 1.000000000000000000 ) ) ;
#10405 = DIRECTION ( 'NONE',  ( 8.388942826243659215E-16, 0.000000000000000000, 1.000000000000000000 ) ) ;
#10406 = VECTOR ( 'NONE', #396, 1000.000000000000000 ) ;
#10407 = AXIS2_PLACEMENT_3D ( 'NONE', #5800, #9152, #4992 ) ;
#10408 = ORIENTED_EDGE ( 'NONE', *, *, #6160, .F. ) ;
#10409 = ORIENTED_EDGE ( 'NONE', *, *, #2910, .T. ) ;
#10410 = CARTESIAN_POINT ( 'NONE',  ( 8.590999999999999304, 10.41999999999999993, 0.8719667599999999519 ) ) ;
#10411 = VECTOR ( 'NONE', #2661, 1000.000000000000000 ) ;
#10412 = ORIENTED_EDGE ( 'NONE', *, *, #2059, .F. ) ;
#10413 = CARTESIAN_POINT ( 'NONE',  ( 9.000000000000000000, 2.799999999999999822, 0.000000000000000000 ) ) ;
#10414 = DIRECTION ( 'NONE',  ( 1.000000000000000000, 0.000000000000000000, 0.000000000000000000 ) ) ;
#10415 = ADVANCED_FACE ( 'NONE', ( #2958 ), #3878, .F. ) ;
#10416 = SHAPE_REPRESENTATION ( 'PICO_PCB^Assem1_PICO_PCB-10097_w_shield_2', ( #4673 ), #3791 ) ;
#10417 = CARTESIAN_POINT ( 'NONE',  ( -8.923799999999999955, -1.802799999999999958, 2.696301859066384856E-30 ) ) ;
#10418 = VECTOR ( 'NONE', #7412, 1000.000000000000000 ) ;
#10419 = CYLINDRICAL_SURFACE ( 'NONE', #9364, 0.1999999999999996503 ) ;
#10420 = CARTESIAN_POINT ( 'NONE',  ( 8.773800045999999853, 3.434729301071215197E-14, -3.970018879999979600 ) ) ;
#10421 = DIRECTION ( 'NONE',  ( 1.000000000000000000, 0.000000000000000000, 0.000000000000000000 ) ) ;
#10422 = CARTESIAN_POINT ( 'NONE',  ( -9.000000000000000000, -5.299999999999999822, 0.000000000000000000 ) ) ;
#10423 = VECTOR ( 'NONE', #6908, 1000.000000000000000 ) ;
#10424 = ORIENTED_EDGE ( 'NONE', *, *, #4526, .F. ) ;
#10425 = VERTEX_POINT ( 'NONE', #8107 ) ;
#10426 = DIRECTION ( 'NONE',  ( 0.000000000000000000, 1.000000000000000000, 0.000000000000000000 ) ) ;
#10427 = VERTEX_POINT ( 'NONE', #9648 ) ;
#10428 = FACE_OUTER_BOUND ( 'NONE', #7469, .T. ) ;
#10429 = EDGE_CURVE ( 'NONE', #138, #3630, #1395, .T. ) ;
#10430 = AXIS2_PLACEMENT_3D ( 'NONE', #112, #6765, #7702 ) ;
#10431 = DIRECTION ( 'NONE',  ( 1.000000000000000000, 0.000000000000000000, 0.000000000000000000 ) ) ;
#10432 = EDGE_CURVE ( 'NONE', #2508, #4919, #10696, .T. ) ;
#10433 = CARTESIAN_POINT ( 'NONE',  ( 7.890014929625221107, -0.03121975436102973969, -20.38072849912688156 ) ) ;
#10434 = AXIS2_PLACEMENT_3D ( 'NONE', #10226, #2653, #10172 ) ;
#10435 = CARTESIAN_POINT ( 'NONE',  ( 8.453089367881338134, -0.05039972302763265355, -0.1865276616227167228 ) ) ;
#10436 = VERTEX_POINT ( 'NONE', #5587 ) ;
#10437 = ORIENTED_EDGE ( 'NONE', *, *, #8189, .T. ) ;
#10438 = AXIS2_PLACEMENT_3D ( 'NONE', #9998, #9334, #7473 ) ;
#10439 = CARTESIAN_POINT ( 'NONE',  ( -1.757600582235900211, -0.7499999540000760190, -20.39880008000000089 ) ) ;
#10440 = EDGE_CURVE ( 'NONE', #9151, #2928, #8878, .T. ) ;
#10441 = B_SPLINE_CURVE_WITH_KNOTS ( 'NONE', 1,
 ( #877, #2601 ),
 .UNSPECIFIED., .F., .F.,
 ( 2, 2 ),
 ( 0.000000000000000000, 1.000000000000000000 ),
 .UNSPECIFIED. ) ;
#10442 = CARTESIAN_POINT ( 'NONE',  ( -9.000000000000000000, -5.299999999999999822, 0.000000000000000000 ) ) ;
#10443 = FACE_OUTER_BOUND ( 'NONE', #5070, .T. ) ;
#10444 = VERTEX_POINT ( 'NONE', #7281 ) ;
#10445 = CARTESIAN_POINT ( 'NONE',  ( 0.000000000000000000, 5.237220402183280884E-16, 0.000000000000000000 ) ) ;
#10446 = DIRECTION ( 'NONE',  ( 0.000000000000000000, -1.000000000000000000, 9.035020874785599019E-17 ) ) ;
#10447 = ORIENTED_EDGE ( 'NONE', *, *, #547, .F. ) ;
#10448 = B_SPLINE_CURVE_WITH_KNOTS ( 'NONE', 3,
 ( #10818, #6475, #6528, #6584 ),
 .UNSPECIFIED., .F., .F.,
 ( 4, 4 ),
 ( 0.000000000000000000, 1.000000000000000000 ),
 .UNSPECIFIED. ) ;
#10449 = DIRECTION ( 'NONE',  ( -1.000000000000000000, 3.446013993391890312E-15, 3.562560286365675406E-16 ) ) ;
#10450 = CARTESIAN_POINT ( 'NONE',  ( -8.923799999999999955, -1.499999954000060143, -4.297198984097219565 ) ) ;
#10451 = ORIENTED_EDGE ( 'NONE', *, *, #5403, .F. ) ;
#10452 = EDGE_CURVE ( 'NONE', #10320, #7267, #4856, .T. ) ;
#10453 = EDGE_CURVE ( 'NONE', #2973, #9942, #9867, .T. ) ;
#10454 =( GEOMETRIC_REPRESENTATION_CONTEXT ( 3 ) GLOBAL_UNCERTAINTY_ASSIGNED_CONTEXT ( ( #2177 ) ) GLOBAL_UNIT_ASSIGNED_CONTEXT ( ( #9024, #63, #4868 ) ) REPRESENTATION_CONTEXT ( 'NONE', 'WORKASPACE' ) );
#10455 = DIRECTION ( 'NONE',  ( 0.000000000000000000, -2.903302832784645416E-15, 1.000000000000000000 ) ) ;
#10456 = ORIENTED_EDGE ( 'NONE', *, *, #3974, .F. ) ;
#10457 = ADVANCED_FACE ( 'NONE', ( #3777 ), #2556, .T. ) ;
#10458 = CARTESIAN_POINT ( 'NONE',  ( 8.702185907131779530, -0.1232293930190460074, -0.05143744355406269786 ) ) ;
#10459 = ORIENTED_EDGE ( 'NONE', *, *, #6704, .F. ) ;
#10460 = DIRECTION ( 'NONE',  ( 0.000000000000000000, 0.000000000000000000, 1.000000000000000000 ) ) ;
#10461 = AXIS2_PLACEMENT_3D ( 'NONE', #8608, #10364, #6189 ) ;
#10462 = EDGE_LOOP ( 'NONE', ( #9842, #3651, #2405, #9012 ) ) ;
#10463 = LINE ( 'NONE', #7268, #6599 ) ;
#10464 = MANIFOLD_SOLID_BREP ( 'Imported1', #5894 ) ;
#10465 = CARTESIAN_POINT ( 'NONE',  ( -5.066999602235879863, -1.802800045999999989, 6.288372600416009336E-15 ) ) ;
#10466 = CARTESIAN_POINT ( 'NONE',  ( -4.939999999999999503, -9.342999999999999972, 0.8719667599999999519 ) ) ;
#10467 = EDGE_LOOP ( 'NONE', ( #4725, #2367, #10140, #4885 ) ) ;
#10468 = ADVANCED_FACE ( 'NONE', ( #9095 ), #4929, .F. ) ;
#10469 = AXIS2_PLACEMENT_3D ( 'NONE', #2551, #9034, #8329 ) ;
#10470 = VECTOR ( 'NONE', #870, 1000.000000000000000 ) ;
#10471 = CARTESIAN_POINT ( 'NONE',  ( -6.383799999999999919, -0.9999999540000689136, -9.872199264097220706 ) ) ;
#10472 = ORIENTED_EDGE ( 'NONE', *, *, #3284, .F. ) ;
#10473 = CARTESIAN_POINT ( 'NONE',  ( -6.072600842235900132, -1.802799999999830094, -79.67810574249129729 ) ) ;
#10474 = DIRECTION ( 'NONE',  ( -8.873591187180439572E-17, -1.000000000000000000, -3.760217786184205447E-15 ) ) ;
#10475 = DIRECTION ( 'NONE',  ( 1.000000000000000000, -1.237566747377124013E-14, -4.763337108908320239E-29 ) ) ;
#10476 = ORIENTED_EDGE ( 'NONE', *, *, #3985, .F. ) ;
#10477 = LINE ( 'NONE', #10579, #3754 ) ;
#10478 = DIRECTION ( 'NONE',  ( 0.000000000000000000, 0.000000000000000000, 1.000000000000000000 ) ) ;
#10479 = CARTESIAN_POINT ( 'NONE',  ( 6.123399657764049486, -1.499999954000070135, -20.24880012599999901 ) ) ;
#10480 = VECTOR ( 'NONE', #3903, 1000.000000000000000 ) ;
#10481 = VECTOR ( 'NONE', #3058, 1000.000000000000000 ) ;
#10482 = LINE ( 'NONE', #1346, #10781 ) ;
#10483 = ORIENTED_EDGE ( 'NONE', *, *, #6627, .F. ) ;
#10484 = EDGE_CURVE ( 'NONE', #9314, #4558, #10746, .T. ) ;
#10485 = ORIENTED_EDGE ( 'NONE', *, *, #925, .T. ) ;
#10486 = CIRCLE ( 'NONE', #4533, 0.2999999999999999334 ) ;
#10487 = DIRECTION ( 'NONE',  ( 0.000000000000000000, 0.000000000000000000, 1.000000000000000000 ) ) ;
#10488 = ORIENTED_EDGE ( 'NONE', *, *, #6560, .T. ) ;
#10489 = DIRECTION ( 'NONE',  ( 0.000000000000000000, 1.000000000000000000, 0.000000000000000000 ) ) ;
#10490 = B_SPLINE_CURVE_WITH_KNOTS ( 'NONE', 3,
 ( #4803, #2484, #5828, #6 ),
 .UNSPECIFIED., .F., .F.,
 ( 4, 4 ),
 ( 0.000000000000000000, 1.000000000000000000 ),
 .UNSPECIFIED. ) ;
#10491 = DIRECTION ( 'NONE',  ( 1.000000000000000000, 0.000000000000000000, 0.000000000000000000 ) ) ;
#10492 = DIRECTION ( 'NONE',  ( 0.000000000000000000, 0.000000000000000000, -1.000000000000000000 ) ) ;
#10493 = FACE_OUTER_BOUND ( 'NONE', #9503, .T. ) ;
#10494 = VECTOR ( 'NONE', #6982, 1000.000000000000000 ) ;
#10495 = VERTEX_POINT ( 'NONE', #2615 ) ;
#10496 = EDGE_CURVE ( 'NONE', #9151, #7116, #2580, .T. ) ;
#10497 = ORIENTED_EDGE ( 'NONE', *, *, #7650, .F. ) ;
#10498 = CARTESIAN_POINT ( 'NONE',  ( 7.879221455915749850, 0.01870648438080995193, -20.34686890838139917 ) ) ;
#10499 = DIRECTION ( 'NONE',  ( 2.356804411060959970E-31, 6.123233995736769734E-17, 1.000000000000000000 ) ) ;
#10500 = FACE_OUTER_BOUND ( 'NONE', #8250, .T. ) ;
#10501 = ORIENTED_EDGE ( 'NONE', *, *, #3136, .F. ) ;
#10502 = DIRECTION ( 'NONE',  ( 0.000000000000000000, -2.903302832784645416E-15, 1.000000000000000000 ) ) ;
#10503 = DIRECTION ( 'NONE',  ( 0.000000000000000000, 0.000000000000000000, 1.000000000000000000 ) ) ;
#10504 = ORIENTED_EDGE ( 'NONE', *, *, #6049, .F. ) ;
#10505 = DIRECTION ( 'NONE',  ( 1.000000000000000000, 0.000000000000000000, 0.000000000000000000 ) ) ;
#10506 = CARTESIAN_POINT ( 'NONE',  ( -7.886015614097240167, -0.1499999079999989882, -20.39880008000000089 ) ) ;
#10507 = ORIENTED_EDGE ( 'NONE', *, *, #5930, .F. ) ;
#10508 = ADVANCED_FACE ( 'NONE', ( #4215 ), #5037, .F. ) ;
#10509 = PLANE ( 'NONE',  #9512 ) ;
#10510 = DIRECTION ( 'NONE',  ( -1.000000000000000000, 0.000000000000000000, 0.000000000000000000 ) ) ;
#10511 = ORIENTED_EDGE ( 'NONE', *, *, #5898, .F. ) ;
#10512 = CARTESIAN_POINT ( 'NONE',  ( -8.773800045999999853, -0.9999999540000609199, -1.122198984097179997 ) ) ;
#10513 = ORIENTED_EDGE ( 'NONE', *, *, #474, .F. ) ;
#10514 = DIRECTION ( 'NONE',  ( 1.000000000000000000, 0.000000000000000000, -3.562560286365675406E-16 ) ) ;
#10515 = CARTESIAN_POINT ( 'NONE',  ( -9.000000000000000000, 8.449999999999999289, 0.000000000000000000 ) ) ;
#10516 = EDGE_CURVE ( 'NONE', #8656, #5715, #5088, .T. ) ;
#10517 = DIRECTION ( 'NONE',  ( -1.000000000000000000, -3.773070647129320449E-15, 0.000000000000000000 ) ) ;
#10518 = EDGE_CURVE ( 'NONE', #8651, #138, #9143, .T. ) ;
#10519 = CARTESIAN_POINT ( 'NONE',  ( 6.377399657764099672, -1.802799999999999958, -20.39880008000000089 ) ) ;
#10520 = ORIENTED_EDGE ( 'NONE', *, *, #6386, .F. ) ;
#10521 = DIRECTION ( 'NONE',  ( -1.000000000000000000, -3.629128540980805093E-15, -8.904572318030769708E-17 ) ) ;
#10522 = CARTESIAN_POINT ( 'NONE',  ( 3.250871628118515722E-17, -1.499999954000070135, -20.24880012599999901 ) ) ;
#10523 = LINE ( 'NONE', #6243, #1879 ) ;
#10524 = ORIENTED_EDGE ( 'NONE', *, *, #3443, .T. ) ;
#10525 = DIRECTION ( 'NONE',  ( -8.904572318030769708E-17, -4.379057701015049943E-47, 1.000000000000000000 ) ) ;
#10526 = DIRECTION ( 'NONE',  ( 3.095837663272710165E-32, -8.205087984843659386E-18, -1.000000000000000000 ) ) ;
#10527 = CARTESIAN_POINT ( 'NONE',  ( -4.700000000000000178, 11.00000000000000000, 0.000000000000000000 ) ) ;
#10528 = EDGE_CURVE ( 'NONE', #2449, #4053, #5959, .T. ) ;
#10529 = PLANE ( 'NONE',  #5685 ) ;
#10530 = EDGE_LOOP ( 'NONE', ( #7540, #241, #5095, #7191 ) ) ;
#10531 = ORIENTED_EDGE ( 'NONE', *, *, #2727, .F. ) ;
#10532 = DIRECTION ( 'NONE',  ( 0.000000000000000000, 0.000000000000000000, -1.000000000000000000 ) ) ;
#10533 = DIRECTION ( 'NONE',  ( -1.000000000000000000, -1.833260990695674992E-13, -5.322511827520339352E-28 ) ) ;
#10534 = ORIENTED_EDGE ( 'NONE', *, *, #8807, .F. ) ;
#10535 = DIRECTION ( 'NONE',  ( 0.000000000000000000, 1.104356676306311918E-16, -1.000000000000000000 ) ) ;
#10536 = LINE ( 'NONE', #316, #122 ) ;
#10537 = DIRECTION ( 'NONE',  ( 1.000000000000000000, 0.000000000000000000, 0.000000000000000000 ) ) ;
#10538 = CARTESIAN_POINT ( 'NONE',  ( 8.735531702763498885, -1.499999954000114100, -19.45740296287634763 ) ) ;
#10539 = EDGE_CURVE ( 'NONE', #2272, #9056, #892, .T. ) ;
#10540 = VECTOR ( 'NONE', #7637, 1000.000000000000000 ) ;
#10541 = ORIENTED_EDGE ( 'NONE', *, *, #8110, .F. ) ;
#10542 = ORIENTED_EDGE ( 'NONE', *, *, #5618, .F. ) ;
#10543 = DIRECTION ( 'NONE',  ( -1.000000000000000000, 0.000000000000000000, 0.000000000000000000 ) ) ;
#10544 = LINE ( 'NONE', #9892, #7985 ) ;
#10545 = DIRECTION ( 'NONE',  ( 0.000000000000000000, 0.000000000000000000, -1.000000000000000000 ) ) ;
#10546 = CARTESIAN_POINT ( 'NONE',  ( -5.066999602235879863, -2.622730222957395441, -2.540000000000000036 ) ) ;
#10547 = EDGE_LOOP ( 'NONE', ( #8317, #6141, #10372, #10271 ) ) ;
#10548 = CARTESIAN_POINT ( 'NONE',  ( 5.950000000000000178, 11.00000000000000000, 0.8719667599999999519 ) ) ;
#10549 = DIRECTION ( 'NONE',  ( 1.000000000000000000, 0.000000000000000000, 0.000000000000000000 ) ) ;
#10550 = EDGE_CURVE ( 'NONE', #1216, #2266, #3441, .T. ) ;
#10551 = EDGE_CURVE ( 'NONE', #8371, #6054, #6774, .T. ) ;
#10552 = VERTEX_POINT ( 'NONE', #7500 ) ;
#10553 = CARTESIAN_POINT ( 'NONE',  ( -8.773800045999999853, 3.434729301071215197E-14, -16.79719938409719759 ) ) ;
#10554 = VECTOR ( 'NONE', #8809, 1000.000000000000000 ) ;
#10555 = DIRECTION ( 'NONE',  ( -1.000000000000000000, 0.000000000000000000, -9.035020874785528761E-17 ) ) ;
#10556 = ORIENTED_EDGE ( 'NONE', *, *, #5898, .T. ) ;
#10557 = AXIS2_PLACEMENT_3D ( 'NONE', #1429, #9125, #9905 ) ;
#10558 = CARTESIAN_POINT ( 'NONE',  ( 8.453089367881350569, 0.1499999540000042930, -0.2268245133847033301 ) ) ;
#10559 = CARTESIAN_POINT ( 'NONE',  ( 8.488707373929848643, 0.1500000000000029921, -19.49209532240785236 ) ) ;
#10560 = ORIENTED_EDGE ( 'NONE', *, *, #3025, .F. ) ;
#10561 = CARTESIAN_POINT ( 'NONE',  ( -4.740000000000000213, -9.342999999999999972, 0.000000000000000000 ) ) ;
#10562 = EDGE_CURVE ( 'NONE', #10844, #9807, #6673, .T. ) ;
#10563 = ADVANCED_FACE ( 'NONE', ( #4382 ), #3607, .F. ) ;
#10564 = EDGE_LOOP ( 'NONE', ( #5933, #5110, #180, #5079 ) ) ;
#10565 = PLANE ( 'NONE',  #6244 ) ;
#10566 = LINE ( 'NONE', #6289, #7241 ) ;
#10567 = LINE ( 'NONE', #2889, #3765 ) ;
#10568 = B_SPLINE_CURVE_WITH_KNOTS ( 'NONE', 3,
 ( #7934, #3867, #2060, #398, #4754, #454 ),
 .UNSPECIFIED., .F., .F.,
 ( 4, 2, 4 ),
 ( 0.000000000000000000, 0.5000000000000000000, 1.000000000000000000 ),
 .UNSPECIFIED. ) ;
#10569 = AXIS2_PLACEMENT_3D ( 'NONE', #1140, #8620, #7859 ) ;
#10570 = EDGE_CURVE ( 'NONE', #4850, #10584, #1518, .T. ) ;
#10571 = DIRECTION ( 'NONE',  ( -1.000000000000000000, -3.629128540980805093E-15, -8.904572318030769708E-17 ) ) ;
#10572 = ORIENTED_EDGE ( 'NONE', *, *, #3957, .T. ) ;
#10573 = CARTESIAN_POINT ( 'NONE',  ( -8.747907278457390134, -0.06575385963319750615, -19.35741786952744903 ) ) ;
#10574 = LINE ( 'NONE', #2227, #5215 ) ;
#10575 = CARTESIAN_POINT ( 'NONE',  ( -6.383799999999999919, -1.499999954000070135, -3.976198864097220120 ) ) ;
#10576 = EDGE_CURVE ( 'NONE', #1700, #10295, #3709, .T. ) ;
#10577 = EDGE_LOOP ( 'NONE', ( #6701, #8644 ) ) ;
#10578 = VECTOR ( 'NONE', #8169, 1000.000000000000000 ) ;
#10579 = CARTESIAN_POINT ( 'NONE',  ( 6.123399657763769710, 1.201093009305680109E-12, -20.24880012599999901 ) ) ;
#10580 = CARTESIAN_POINT ( 'NONE',  ( 9.000000000000000000, 11.00000000000000000, 0.000000000000000000 ) ) ;
#10581 = CARTESIAN_POINT ( 'NONE',  ( 0.1273994577640435999, -1.499999954000126090, -20.39880008000000089 ) ) ;
#10582 = VECTOR ( 'NONE', #9653, 1000.000000000000000 ) ;
#10583 = CARTESIAN_POINT ( 'NONE',  ( -7.960120327732250090, -0.06580747634335519514, -20.19224854314739659 ) ) ;
#10584 = VERTEX_POINT ( 'NONE', #9363 ) ;
#10585 = EDGE_LOOP ( 'NONE', ( #5662, #9753, #1675, #1307 ) ) ;
#10586 = ORIENTED_EDGE ( 'NONE', *, *, #2795, .T. ) ;
#10587 = AXIS2_PLACEMENT_3D ( 'NONE', #8633, #9624, #1987 ) ;
#10588 = EDGE_CURVE ( 'NONE', #864, #3138, #7828, .T. ) ;
#10589 = EDGE_CURVE ( 'NONE', #3546, #1636, #1006, .T. ) ;
#10590 = DIRECTION ( 'NONE',  ( 1.000000000000000000, 0.000000000000000000, 0.000000000000000000 ) ) ;
#10591 = VECTOR ( 'NONE', #6913, 1000.000000000000000 ) ;
#10592 = FACE_OUTER_BOUND ( 'NONE', #6179, .T. ) ;
#10593 = EDGE_LOOP ( 'NONE', ( #5064, #7459, #7588, #6009 ) ) ;
#10594 = DIRECTION ( 'NONE',  ( 0.000000000000000000, 0.000000000000000000, 1.000000000000000000 ) ) ;
#10595 = DIRECTION ( 'NONE',  ( 0.7071067811865460184, 2.662161967126749964E-15, -0.7071067811865489050 ) ) ;
#10596 = EDGE_CURVE ( 'NONE', #10716, #5418, #7663, .T. ) ;
#10597 = LINE ( 'NONE', #8018, #6896 ) ;
#10598 = FACE_OUTER_BOUND ( 'NONE', #8154, .T. ) ;
#10599 = AXIS2_PLACEMENT_3D ( 'NONE', #1448, #9975, #7280 ) ;
#10600 = AXIS2_PLACEMENT_3D ( 'NONE', #5417, #5578, #8918 ) ;
#10601 = ORIENTED_EDGE ( 'NONE', *, *, #4891, .T. ) ;
#10602 = ORIENTED_EDGE ( 'NONE', *, *, #8401, .F. ) ;
#10603 = EDGE_CURVE ( 'NONE', #5100, #4239, #10403, .T. ) ;
#10604 = DIRECTION ( 'NONE',  ( 1.000000000000000000, -2.307739471244675151E-14, -8.882382371996991253E-29 ) ) ;
#10605 = AXIS2_PLACEMENT_3D ( 'NONE', #2764, #9466, #3536 ) ;
#10606 = CARTESIAN_POINT ( 'NONE',  ( 8.871868787912109866, 0.01870654388752394925, -19.35422003738645103 ) ) ;
#10607 = CARTESIAN_POINT ( 'NONE',  ( -8.747834460190698991, -0.06564671180960700292, -19.35022222038774942 ) ) ;
#10608 = CARTESIAN_POINT ( 'NONE',  ( -8.002267239413990652, -1.802799999999999958, -20.39880008000000089 ) ) ;
#10609 = ORIENTED_EDGE ( 'NONE', *, *, #9859, .F. ) ;
#10610 = CARTESIAN_POINT ( 'NONE',  ( -2.799999999999999822, 11.00000000000000000, 0.000000000000000000 ) ) ;
#10611 = DIRECTION ( 'NONE',  ( 3.629128540980805093E-15, -1.000000000000000000, 1.074073889144384075E-14 ) ) ;
#10612 = CIRCLE ( 'NONE', #311, 0.2999999999999999334 ) ;
#10613 = ORIENTED_EDGE ( 'NONE', *, *, #4539, .F. ) ;
#10614 = CARTESIAN_POINT ( 'NONE',  ( 8.702185907131779530, -0.1178752808228553939, -0.001724950664875310024 ) ) ;
#10615 = DIRECTION ( 'NONE',  ( 5.728940595924320405E-15, 1.000000000000000000, 0.000000000000000000 ) ) ;
#10616 = VECTOR ( 'NONE', #3732, 1000.000000000000000 ) ;
#10617 = EDGE_LOOP ( 'NONE', ( #8977, #7421, #9592, #6052 ) ) ;
#10618 = ADVANCED_FACE ( 'NONE', ( #1114 ), #1837, .F. ) ;
#10619 = CARTESIAN_POINT ( 'NONE',  ( 8.805031208182350966, 0.01838495531328475027, -19.52690246829520149 ) ) ;
#10620 = PLANE ( 'NONE',  #9270 ) ;
#10621 = ORIENTED_EDGE ( 'NONE', *, *, #7068, .F. ) ;
#10622 = AXIS2_PLACEMENT_3D ( 'NONE', #10871, #800, #9936 ) ;
#10623 = LINE ( 'NONE', #9799, #2412 ) ;
#10624 = EDGE_LOOP ( 'NONE', ( #10511, #1912, #7863, #2294 ) ) ;
#10625 = LINE ( 'NONE', #1434, #10638 ) ;
#10626 = PLANE ( 'NONE',  #2697 ) ;
#10627 = DIRECTION ( 'NONE',  ( 0.000000000000000000, 6.755151197360950356E-16, -1.000000000000000000 ) ) ;
#10628 = EDGE_CURVE ( 'NONE', #1633, #9044, #2776, .T. ) ;
#10629 = ADVANCED_FACE ( 'NONE', ( #10351 ), #3498, .F. ) ;
#10630 = DIRECTION ( 'NONE',  ( 0.000000000000000000, 0.000000000000000000, -1.000000000000000000 ) ) ;
#10631 = AXIS2_PLACEMENT_3D ( 'NONE', #4447, #7896, #6082 ) ;
#10632 = VECTOR ( 'NONE', #6779, 1000.000000000000000 ) ;
#10633 = PRODUCT ( 'PICO_PCB^Assem1_PICO_PCB-10097_w_shield_2', 'PICO_PCB^Assem1_PICO_PCB-10097_w_shield_2', '', ( #8033 ) ) ;
#10634 = EDGE_LOOP ( 'NONE', ( #4213, #9200, #7231, #9000 ) ) ;
#10635 = LINE ( 'NONE', #8052, #8909 ) ;
#10636 = CARTESIAN_POINT ( 'NONE',  ( -8.699999999999999289, 7.500000000000000000, 0.000000000000000000 ) ) ;
#10637 = CARTESIAN_POINT ( 'NONE',  ( -9.000000000000000000, 1.250000000000000000, 0.000000000000000000 ) ) ;
#10638 = VECTOR ( 'NONE', #6392, 1000.000000000000000 ) ;
#10639 = ORIENTED_EDGE ( 'NONE', *, *, #3248, .F. ) ;
#10640 = DIRECTION ( 'NONE',  ( 1.000000000000000000, 0.000000000000000000, 0.000000000000000000 ) ) ;
#10641 = DIRECTION ( 'NONE',  ( 0.000000000000000000, 0.000000000000000000, 1.000000000000000000 ) ) ;
#10642 = LINE ( 'NONE', #9039, #8824 ) ;
#10643 = CARTESIAN_POINT ( 'NONE',  ( -8.465266147384559403, -1.802799999999999958, -19.72366920272734703 ) ) ;
#10644 = VECTOR ( 'NONE', #8538, 1000.000000000000000 ) ;
#10645 = VECTOR ( 'NONE', #1392, 1000.000000000000000 ) ;
#10646 = VERTEX_POINT ( 'NONE', #2886 ) ;
#10647 = VERTEX_POINT ( 'NONE', #6837 ) ;
#10648 = EDGE_CURVE ( 'NONE', #10002, #3665, #10185, .T. ) ;
#10649 = ORIENTED_EDGE ( 'NONE', *, *, #2164, .T. ) ;
#10650 = CARTESIAN_POINT ( 'NONE',  ( -9.000000000000000000, 3.750000000000000000, 0.000000000000000000 ) ) ;
#10651 = CARTESIAN_POINT ( 'NONE',  ( -6.072600842235900132, -1.802799999999999958, -20.39880008000000089 ) ) ;
#10652 = VERTEX_POINT ( 'NONE', #7884 ) ;
#10653 = DIRECTION ( 'NONE',  ( -1.000000000000000000, 0.000000000000000000, 0.000000000000000000 ) ) ;
#10654 = DIRECTION ( 'NONE',  ( 0.000000000000000000, -2.903302832784645416E-15, 1.000000000000000000 ) ) ;
#10655 = AXIS2_PLACEMENT_3D ( 'NONE', #6216, #5396, #2868 ) ;
#10656 = DIRECTION ( 'NONE',  ( 0.000000000000000000, 0.000000000000000000, 1.000000000000000000 ) ) ;
#10657 = AXIS2_PLACEMENT_3D ( 'NONE', #4189, #2372, #4240 ) ;
#10658 = CARTESIAN_POINT ( 'NONE',  ( -8.453089367881345240, 0.1220950392817862218, -0.1539899843243867916 ) ) ;
#10659 = DIRECTION ( 'NONE',  ( 0.000000000000000000, 0.000000000000000000, -1.000000000000000000 ) ) ;
#10660 = EDGE_CURVE ( 'NONE', #6588, #8482, #2662, .T. ) ;
#10661 = ADVANCED_FACE ( 'NONE', ( #2722 ), #6888, .F. ) ;
#10662 = ORIENTED_EDGE ( 'NONE', *, *, #173, .F. ) ;
#10663 = VECTOR ( 'NONE', #4524, 1000.000000000000000 ) ;
#10664 = ADVANCED_FACE ( 'NONE', ( #8541 ), #10299, .F. ) ;
#10665 = ORIENTED_EDGE ( 'NONE', *, *, #3408, .F. ) ;
#10666 = CARTESIAN_POINT ( 'NONE',  ( 8.453089367881339911, -0.1178752806737179970, -0.001724950680937660042 ) ) ;
#10667 = VERTEX_POINT ( 'NONE', #1173 ) ;
#10668 = ORIENTED_EDGE ( 'NONE', *, *, #4874, .F. ) ;
#10669 = CARTESIAN_POINT ( 'NONE',  ( -8.773800045999999853, -0.9999999540000609199, -3.976198864097220120 ) ) ;
#10670 = CARTESIAN_POINT ( 'NONE',  ( -8.661710835523329877, 4.599999582062219860E-08, -19.15642743490510114 ) ) ;
#10671 = EDGE_LOOP ( 'NONE', ( #798, #5023, #4559, #1412 ) ) ;
#10673 = VECTOR ( 'NONE', #10604, 1000.000000000000000 ) ;
#10672 = CARTESIAN_POINT ( 'NONE',  ( -8.002267239413990652, -1.802799999999999958, -20.39880008000000089 ) ) ;
#10674 = CARTESIAN_POINT ( 'NONE',  ( -8.699999999999999289, 8.750000000000000000, 0.000000000000000000 ) ) ;
#10675 = ORIENTED_EDGE ( 'NONE', *, *, #6238, .F. ) ;
#10676 = CARTESIAN_POINT ( 'NONE',  ( -8.714678229110139895, -0.06575384970551419184, -19.43763920844729753 ) ) ;
#10677 = EDGE_CURVE ( 'NONE', #830, #1981, #8000, .T. ) ;
#10678 = FACE_OUTER_BOUND ( 'NONE', #4088, .T. ) ;
#10679 = EDGE_LOOP ( 'NONE', ( #4642, #6845, #10220, #3515 ) ) ;
#10680 = VECTOR ( 'NONE', #8479, 1000.000000000000000 ) ;
#10681 = CARTESIAN_POINT ( 'NONE',  ( -7.978403567348359537, 4.599999997882339708E-08, -20.21053178276349982 ) ) ;
#10682 = PLANE ( 'NONE',  #8503 ) ;
#10683 = ORIENTED_EDGE ( 'NONE', *, *, #9123, .F. ) ;
#10684 = CARTESIAN_POINT ( 'NONE',  ( -8.488707373929848643, 0.1499999999999999944, -19.48809600687989985 ) ) ;
#10685 = ORIENTED_EDGE ( 'NONE', *, *, #9500, .F. ) ;
#10686 = LINE ( 'NONE', #3921, #6764 ) ;
#10687 = ADVANCED_FACE ( 'NONE', ( #6123 ), #342, .T. ) ;
#10688 = CARTESIAN_POINT ( 'NONE',  ( 8.056888168027988684, 0.01859938495838394865, -20.27483970551604742 ) ) ;
#10689 = CARTESIAN_POINT ( 'NONE',  ( 8.642831332051056137, 4.600000022234535619E-08, -0.4707106321186548814 ) ) ;
#10690 = PLANE ( 'NONE',  #9229 ) ;
#10691 = FACE_OUTER_BOUND ( 'NONE', #1818, .T. ) ;
#10692 = CARTESIAN_POINT ( 'NONE',  ( -8.699999999999999289, 3.750000000000000000, 0.000000000000000000 ) ) ;
#10693 = DIRECTION ( 'NONE',  ( 0.000000000000000000, 1.000000000000000000, 0.000000000000000000 ) ) ;
#10694 = VERTEX_POINT ( 'NONE', #9741 ) ;
#10695 = CARTESIAN_POINT ( 'NONE',  ( -9.000000000000000000, 11.00000000000000000, 0.8719667599999999519 ) ) ;
#10696 = LINE ( 'NONE', #6405, #5205 ) ;
#10697 = CARTESIAN_POINT ( 'NONE',  ( 9.000000000000000000, -10.00000000000000000, 0.8719667599999999519 ) ) ;
#10698 = EDGE_CURVE ( 'NONE', #9818, #8142, #10625, .T. ) ;
#10699 = EDGE_CURVE ( 'NONE', #2919, #7242, #1143, .T. ) ;
#10700 = LINE ( 'NONE', #9927, #8327 ) ;
#10701 = EDGE_LOOP ( 'NONE', ( #7378, #1420, #9711, #7927 ) ) ;
#10702 = ORIENTED_EDGE ( 'NONE', *, *, #6907, .T. ) ;
#10703 = ORIENTED_EDGE ( 'NONE', *, *, #557, .T. ) ;
#10704 = DIRECTION ( 'NONE',  ( 0.000000000000000000, -1.000000000000000000, -5.101376584211580244E-31 ) ) ;
#10705 = CARTESIAN_POINT ( 'NONE',  ( 8.922075049335129293, -0.1178752348228534058, -0.3876779528195010149 ) ) ;
#10706 = EDGE_LOOP ( 'NONE', ( #6953, #10721, #8838, #10076 ) ) ;
#10707 = CARTESIAN_POINT ( 'NONE',  ( -7.978403567348370196, 4.599999997882339708E-08, -20.21053178276349982 ) ) ;
#10708 = LINE ( 'NONE', #8012, #6752 ) ;
#10709 = LINE ( 'NONE', #7462, #1884 ) ;
#10710 = PLANE ( 'NONE',  #749 ) ;
#10711 = LINE ( 'NONE', #5653, #4445 ) ;
#10712 = EDGE_CURVE ( 'NONE', #6046, #4159, #7331, .T. ) ;
#10713 = ORIENTED_EDGE ( 'NONE', *, *, #4874, .T. ) ;
#10714 = VERTEX_POINT ( 'NONE', #8916 ) ;
#10715 = DIRECTION ( 'NONE',  ( 1.000000000000000000, 0.000000000000000000, 0.000000000000000000 ) ) ;
#10716 = VERTEX_POINT ( 'NONE', #5576 ) ;
#10717 = EDGE_CURVE ( 'NONE', #8028, #2461, #6644, .T. ) ;
#10718 = DIRECTION ( 'NONE',  ( 0.000000000000000000, -2.903302832784645416E-15, 1.000000000000000000 ) ) ;
#10719 = AXIS2_PLACEMENT_3D ( 'NONE', #1886, #9415, #176 ) ;
#10720 = CARTESIAN_POINT ( 'NONE',  ( -8.699999999999999289, 8.750000000000000000, 0.8719667599999999519 ) ) ;
#10721 = ORIENTED_EDGE ( 'NONE', *, *, #2863, .F. ) ;
#10722 = LINE ( 'NONE', #708, #9227 ) ;
#10723 = CYLINDRICAL_SURFACE ( 'NONE', #6258, 0.2999999079999968177 ) ;
#10724 = EDGE_CURVE ( 'NONE', #9344, #3762, #6336, .T. ) ;
#10725 = VERTEX_POINT ( 'NONE', #3819 ) ;
#10726 = CYLINDRICAL_SURFACE ( 'NONE', #9558, 0.2999999080000020357 ) ;
#10727 = EDGE_LOOP ( 'NONE', ( #692, #1871, #4232, #6605 ) ) ;
#10728 = VECTOR ( 'NONE', #3027, 1000.000000000000000 ) ;
#10729 = ADVANCED_FACE ( 'NONE', ( #3103 ), #5463, .F. ) ;
#10730 = LINE ( 'NONE', #5826, #7226 ) ;
#10731 = DIRECTION ( 'NONE',  ( 1.000000000000000000, 0.000000000000000000, 0.000000000000000000 ) ) ;
#10732 = ORIENTED_EDGE ( 'NONE', *, *, #8822, .F. ) ;
#10733 = CARTESIAN_POINT ( 'NONE',  ( 8.773800046000008734, -0.9999999540000918952, -7.720018999999999743 ) ) ;
#10734 = ORIENTED_EDGE ( 'NONE', *, *, #5127, .T. ) ;
#10735 = CARTESIAN_POINT ( 'NONE',  ( -8.703089367881348792, -0.1499999540000006015, -0.1499999539999994080 ) ) ;
#10736 = LINE ( 'NONE', #4971, #5867 ) ;
#10737 = VECTOR ( 'NONE', #2997, 1000.000000000000000 ) ;
#10738 = ADVANCED_FACE ( 'NONE', ( #2159 ), #4643, .F. ) ;
#10739 = CARTESIAN_POINT ( 'NONE',  ( 8.773800045999999853, -0.1499999080000011809, -0.2207106321186584896 ) ) ;
#10740 = CARTESIAN_POINT ( 'NONE',  ( 8.747260849030681129, -0.06480326468095000403, -19.32591518691074839 ) ) ;
#10741 = DIRECTION ( 'NONE',  ( 0.000000000000000000, -1.000000000000000000, -9.035022412278279099E-17 ) ) ;
#10742 = CARTESIAN_POINT ( 'NONE',  ( 8.453089367881350569, 4.599999973487790166E-08, -4.156109577527975198E-24 ) ) ;
#10743 = LINE ( 'NONE', #7447, #9426 ) ;
#10744 = VERTEX_POINT ( 'NONE', #8861 ) ;
#10745 = CARTESIAN_POINT ( 'NONE',  ( 8.017095242407860312, 4.600000274353889722E-08, -19.96370745392984958 ) ) ;
#10746 = LINE ( 'NONE', #4983, #8185 ) ;
#10747 = DIRECTION ( 'NONE',  ( -1.000000000000000000, 0.000000000000000000, 0.000000000000000000 ) ) ;
#10748 = CARTESIAN_POINT ( 'NONE',  ( 9.000000000000000000, -3.750000000000000000, 0.000000000000000000 ) ) ;
#10749 = ORIENTED_EDGE ( 'NONE', *, *, #9250, .F. ) ;
#10750 = ORIENTED_EDGE ( 'NONE', *, *, #1814, .F. ) ;
#10751 = EDGE_LOOP ( 'NONE', ( #4863, #6810, #959, #10504 ) ) ;
#10752 = EDGE_CURVE ( 'NONE', #9066, #3112, #4588, .T. ) ;
#10753 = DIRECTION ( 'NONE',  ( 1.000000000000000000, 0.000000000000000000, 0.000000000000000000 ) ) ;
#10754 = VECTOR ( 'NONE', #7027, 1000.000000000000000 ) ;
#10755 = DIRECTION ( 'NONE',  ( 0.7071067811865460184, -4.214398184036649235E-14, 0.7071067811865489050 ) ) ;
#10756 = ORIENTED_EDGE ( 'NONE', *, *, #6648, .T. ) ;
#10757 = CARTESIAN_POINT ( 'NONE',  ( -7.886015114097229883, -0.06580746144262919484, -20.22294371046530159 ) ) ;
#10758 = CARTESIAN_POINT ( 'NONE',  ( 6.377399657763769270, 1.247657838469356037E-12, -20.24880012599999901 ) ) ;
#10759 = CARTESIAN_POINT ( 'NONE',  ( -9.000000000000000000, -6.250000000000000000, 0.8719667599999999519 ) ) ;
#10760 = CARTESIAN_POINT ( 'NONE',  ( -8.773800046000008734, -1.499999954000060143, -4.872199104097219902 ) ) ;
#10761 = CARTESIAN_POINT ( 'NONE',  ( -5.126600702235950102, -1.499999954000042157, -20.24880012599999901 ) ) ;
#10762 = VECTOR ( 'NONE', #7176, 1000.000000000000000 ) ;
#10763 = B_SPLINE_CURVE_WITH_KNOTS ( 'NONE', 3,
 ( #8325, #10689, #4922, #6562, #5837, #618, #9136, #8378 ),
 .UNSPECIFIED., .F., .F.,
 ( 4, 2, 2, 4 ),
 ( 0.000000000000000000, 0.2500000000000000000, 0.5000000000000000000, 1.000000000000000000 ),
 .UNSPECIFIED. ) ;
#10764 = ORIENTED_EDGE ( 'NONE', *, *, #2292, .T. ) ;
#10765 = ORIENTED_EDGE ( 'NONE', *, *, #7695, .T. ) ;
#10766 = AXIS2_PLACEMENT_3D ( 'NONE', #1297, #3128, #5595 ) ;
#10767 = EDGE_CURVE ( 'NONE', #6924, #5536, #7291, .T. ) ;
#10768 = LINE ( 'NONE', #8355, #4812 ) ;
#10769 = ORIENTED_EDGE ( 'NONE', *, *, #5269, .F. ) ;
#10770 = EDGE_CURVE ( 'NONE', #3256, #4455, #5414, .T. ) ;
#10771 = ORIENTED_EDGE ( 'NONE', *, *, #6759, .F. ) ;
#10772 = CARTESIAN_POINT ( 'NONE',  ( -7.967675263997478829, -0.06564671180960790497, -20.18453920250789935 ) ) ;
#10773 = VECTOR ( 'NONE', #6055, 1000.000000000000000 ) ;
#10774 = CARTESIAN_POINT ( 'NONE',  ( -7.752896004504469474, 0.06833511348470081015, -20.30652457639800090 ) ) ;
#10775 = CIRCLE ( 'NONE', #4775, 0.2999999999999999334 ) ;
#10776 = ORIENTED_EDGE ( 'NONE', *, *, #7042, .F. ) ;
#10777 = LINE ( 'NONE', #4957, #7325 ) ;
#10778 = CARTESIAN_POINT ( 'NONE',  ( -8.773800045999999853, -0.9999999540000609199, -4.872199104097219902 ) ) ;
#10779 = EDGE_LOOP ( 'NONE', ( #7751, #6170, #9801, #8093 ) ) ;
#10780 = ORIENTED_EDGE ( 'NONE', *, *, #1814, .T. ) ;
#10781 = VECTOR ( 'NONE', #3834, 1000.000000000000000 ) ;
#10782 = ADVANCED_FACE ( 'NONE', ( #3763 ), #1274, .F. ) ;
#10783 = CARTESIAN_POINT ( 'NONE',  ( 8.623800091999999751, -0.1499999080000017915, -0.4707106321186549924 ) ) ;
#10784 = FACE_OUTER_BOUND ( 'NONE', #7929, .T. ) ;
#10785 = ORIENTED_EDGE ( 'NONE', *, *, #2254, .T. ) ;
#10786 = CARTESIAN_POINT ( 'NONE',  ( -8.755596099464229454, 0.02207989053978520397, -19.56878498574982927 ) ) ;
#10787 = VERTEX_POINT ( 'NONE', #556 ) ;
#10788 = CARTESIAN_POINT ( 'NONE',  ( 9.000000000000000000, -8.750000000000000000, 0.000000000000000000 ) ) ;
#10789 = CARTESIAN_POINT ( 'NONE',  ( 61.95510655778610243, -1.499999953999900049, -16.47001928000000248 ) ) ;
#10790 = VECTOR ( 'NONE', #2605, 1000.000000000000000 ) ;
#10791 = DIRECTION ( 'NONE',  ( 0.000000000000000000, 0.000000000000000000, 1.000000000000000000 ) ) ;
#10792 = EDGE_CURVE ( 'NONE', #7454, #8572, #9635, .T. ) ;
#10793 = EDGE_CURVE ( 'NONE', #417, #6232, #10686, .T. ) ;
#10794 = APPLICATION_CONTEXT ( 'automotive_design' ) ;
#10795 = EDGE_CURVE ( 'NONE', #1230, #3701, #10463, .T. ) ;
#10796 = DIRECTION ( 'NONE',  ( -3.562560286365675406E-16, 1.751623080406019977E-46, -1.000000000000000000 ) ) ;
#10797 = DIRECTION ( 'NONE',  ( 0.000000000000000000, 0.000000000000000000, 1.000000000000000000 ) ) ;
#10798 = CARTESIAN_POINT ( 'NONE',  ( 0.000000000000000000, -1.802800045999999989, -0.1499999539999936071 ) ) ;
#10799 = CARTESIAN_POINT ( 'NONE',  ( 8.051902727557290973, 0.01838498511474540020, -20.28003092033765142 ) ) ;
#10800 = CARTESIAN_POINT ( 'NONE',  ( -6.326600842235960087, -1.499999954000042157, -20.24880012599999901 ) ) ;
#10801 = ORIENTED_EDGE ( 'NONE', *, *, #431, .T. ) ;
#10802 = LINE ( 'NONE', #7393, #8486 ) ;
#10803 = DIRECTION ( 'NONE',  ( 1.000000000000000000, 0.000000000000000000, 0.000000000000000000 ) ) ;
#10804 = LINE ( 'NONE', #5038, #4972 ) ;
#10805 = AXIS2_PLACEMENT_3D ( 'NONE', #539, #7916, #377 ) ;
#10806 = DIRECTION ( 'NONE',  ( 0.000000000000000000, 0.000000000000000000, 1.000000000000000000 ) ) ;
#10807 = ADVANCED_FACE ( 'NONE', ( #7211 ), #10565, .F. ) ;
#10808 = ORIENTED_EDGE ( 'NONE', *, *, #4796, .F. ) ;
#10809 = ORIENTED_EDGE ( 'NONE', *, *, #9346, .T. ) ;
#10810 = ORIENTED_EDGE ( 'NONE', *, *, #8969, .T. ) ;
#10811 = CYLINDRICAL_SURFACE ( 'NONE', #3049, 0.1999999999999987899 ) ;
#10812 = MECHANICAL_DESIGN_GEOMETRIC_PRESENTATION_REPRESENTATION (  '', ( #8176 ), #5201 ) ;
#10813 = DIRECTION ( 'NONE',  ( 0.000000000000000000, -1.000000000000000000, -3.848953698056005812E-15 ) ) ;
#10814 = ORIENTED_EDGE ( 'NONE', *, *, #2020, .T. ) ;
#10815 = LINE ( 'NONE', #3073, #5165 ) ;
#10816 = CARTESIAN_POINT ( 'NONE',  ( -8.773800045999999853, -0.9999999540000609199, 3.125719160439294934E-15 ) ) ;
#10817 = DIRECTION ( 'NONE',  ( 1.000000000000000000, 0.000000000000000000, 0.000000000000000000 ) ) ;
#10818 = CARTESIAN_POINT ( 'NONE',  ( 7.890014929625221107, -0.1499999079999954077, -20.24880012599999901 ) ) ;
#10819 = DIRECTION ( 'NONE',  ( 0.000000000000000000, 0.000000000000000000, 1.000000000000000000 ) ) ;
#10820 = VECTOR ( 'NONE', #8557, 1000.000000000000000 ) ;
#10821 = EDGE_CURVE ( 'NONE', #6872, #8773, #2108, .T. ) ;
#10822 = ORIENTED_EDGE ( 'NONE', *, *, #3490, .T. ) ;
#10823 = EDGE_LOOP ( 'NONE', ( #345, #4529, #2546, #4331 ) ) ;
#10824 = DIRECTION ( 'NONE',  ( 0.000000000000000000, 1.000000000000000000, 0.000000000000000000 ) ) ;
#10825 = ORIENTED_EDGE ( 'NONE', *, *, #2620, .T. ) ;
#10826 = AXIS2_PLACEMENT_3D ( 'NONE', #5196, #3494, #4378 ) ;
#10827 = AXIS2_PLACEMENT_3D ( 'NONE', #1669, #5398, #5034 ) ;
#10828 = ORIENTED_EDGE ( 'NONE', *, *, #980, .F. ) ;
#10829 = DIRECTION ( 'NONE',  ( 0.000000000000000000, 0.000000000000000000, 1.000000000000000000 ) ) ;
#10830 = DIRECTION ( 'NONE',  ( 1.000000000000000000, -3.446013993391895045E-15, 0.000000000000000000 ) ) ;
#10831 = ORIENTED_EDGE ( 'NONE', *, *, #2767, .T. ) ;
#10832 = FACE_OUTER_BOUND ( 'NONE', #2846, .T. ) ;
#10833 = DIRECTION ( 'NONE',  ( -0.7071067811865460184, -2.673765713835369582E-15, -0.7071067811865489050 ) ) ;
#10834 = ADVANCED_FACE ( 'NONE', ( #6713 ), #7382, .T. ) ;
#10835 = AXIS2_PLACEMENT_3D ( 'NONE', #7252, #5447, #10386 ) ;
#10836 = ORIENTED_EDGE ( 'NONE', *, *, #9410, .F. ) ;
#10837 = B_SPLINE_CURVE_WITH_KNOTS ( 'NONE', 3,
 ( #7318, #10676, #8664, #3462 ),
 .UNSPECIFIED., .F., .F.,
 ( 4, 4 ),
 ( 0.000000000000000000, 1.000000000000000000 ),
 .UNSPECIFIED. ) ;
#10838 = AXIS2_PLACEMENT_3D ( 'NONE', #2732, #6848, #3455 ) ;
#10839 = CARTESIAN_POINT ( 'NONE',  ( -8.055380806845318986, 0.01870648438078375067, -20.27224474535575283 ) ) ;
#10840 = B_SPLINE_CURVE_WITH_KNOTS ( 'NONE', 3,
 ( #8924, #9920, #5791, #4878 ),
 .UNSPECIFIED., .F., .F.,
 ( 4, 4 ),
 ( 0.000000000000000000, 1.000000000000000000 ),
 .UNSPECIFIED. ) ;
#10841 = DIRECTION ( 'NONE',  ( 1.000000000000000000, 0.000000000000000000, 0.000000000000000000 ) ) ;
#10842 = ORIENTED_EDGE ( 'NONE', *, *, #10660, .T. ) ;
#10843 = LINE ( 'NONE', #5889, #10302 ) ;
#10844 = VERTEX_POINT ( 'NONE', #7436 ) ;
#10845 = DIRECTION ( 'NONE',  ( 0.000000000000000000, 0.000000000000000000, 1.000000000000000000 ) ) ;
#10846 = SURFACE_STYLE_FILL_AREA ( #9083 ) ;
#10847 = EDGE_CURVE ( 'NONE', #3626, #8249, #7644, .T. ) ;
#10848 = LINE ( 'NONE', #3325, #8157 ) ;
#10849 = AXIS2_PLACEMENT_3D ( 'NONE', #2623, #3451, #958 ) ;
#10850 = VECTOR ( 'NONE', #4550, 1000.000000000000000 ) ;
#10851 = VECTOR ( 'NONE', #447, 1000.000000000000000 ) ;
#10852 = FACE_OUTER_BOUND ( 'NONE', #5659, .T. ) ;
#10853 = CARTESIAN_POINT ( 'NONE',  ( 3.250871628118515722E-17, 7.903775904403939347E-14, -20.39880008000000089 ) ) ;
#10854 = EDGE_CURVE ( 'NONE', #1835, #1076, #3212, .T. ) ;
#10855 = LINE ( 'NONE', #5339, #2598 ) ;
#10856 = CARTESIAN_POINT ( 'NONE',  ( 8.773800046000001629, -0.1202031477478963245, -19.36501484295854070 ) ) ;
#10857 = CARTESIAN_POINT ( 'NONE',  ( -5.139999999999999680, -9.342999999999999972, 0.000000000000000000 ) ) ;
#10858 = VERTEX_POINT ( 'NONE', #2542 ) ;
#10859 = DIRECTION ( 'NONE',  ( 3.862650377299220792E-15, -1.000000000000000000, 1.369667924322631815E-17 ) ) ;
#10860 = CARTESIAN_POINT ( 'NONE',  ( 8.744883734635791939, -0.06112860361462101738, -19.30002223920865134 ) ) ;
#10861 = EDGE_CURVE ( 'NONE', #8573, #121, #971, .T. ) ;
#10862 = DIRECTION ( 'NONE',  ( 1.000000000000000000, 0.000000000000000000, 0.000000000000000000 ) ) ;
#10863 = EDGE_LOOP ( 'NONE', ( #3792, #9607, #5492, #160 ) ) ;
#10864 = ORIENTED_EDGE ( 'NONE', *, *, #5218, .F. ) ;
#10865 = ORIENTED_EDGE ( 'NONE', *, *, #4768, .F. ) ;
#10866 = CARTESIAN_POINT ( 'NONE',  ( -7.886015614097229509, 0.1499999999999999944, -20.11814382951234847 ) ) ;
#10867 = CARTESIAN_POINT ( 'NONE',  ( 0.1273994577640990000, -1.802799999999830094, -79.67810574249129729 ) ) ;
#10868 = ORIENTED_EDGE ( 'NONE', *, *, #3617, .T. ) ;
#10869 = EDGE_CURVE ( 'NONE', #3818, #8319, #671, .T. ) ;
#10870 = CARTESIAN_POINT ( 'NONE',  ( 8.772937570675658492, -0.1339375714865931877, -0.2216135942127749892 ) ) ;
#10871 = CARTESIAN_POINT ( 'NONE',  ( -8.002267239413990652, -1.802799999999999958, -20.39880008000000089 ) ) ;
#10872 = DIRECTION ( 'NONE',  ( 0.7071067811865470176, -3.592653961575235902E-15, 0.7071067811865480168 ) ) ;
#10873 = CARTESIAN_POINT ( 'NONE',  ( -5.659605970692949829E-16, 0.1499999999999725997, -0.4707106321186560471 ) ) ;
#10874 = CARTESIAN_POINT ( 'NONE',  ( 8.923799999999999955, -1.499999954000091895, -0.5410188799999838816 ) ) ;
#10875 = CARTESIAN_POINT ( 'NONE',  ( -9.000000000000000000, 0.000000000000000000, 0.8719667599999999519 ) ) ;
#10876 = ORIENTED_EDGE ( 'NONE', *, *, #10821, .T. ) ;
#10877 = ORIENTED_EDGE ( 'NONE', *, *, #5520, .F. ) ;
#10878 = B_SPLINE_SURFACE_WITH_KNOTS ( 'NONE', 1, 3, ( 
 ( #3326, #1602, #6453, #2388 ),
 ( #3218, #5787, #9968, #10739 ) ),
 .UNSPECIFIED., .F., .F., .F.,
 ( 2, 2 ),
 ( 4, 4 ),
 ( 0.000000000000000000, 1.000000000000000000 ),
 ( 0.000000000000000000, 1.000000000000000000 ),
 .UNSPECIFIED. ) ;
#10879 = CARTESIAN_POINT ( 'NONE',  ( -8.871868828381400007, 0.01870648438078974934, -19.35022222038774942 ) ) ;
#10880 = VERTEX_POINT ( 'NONE', #2439 ) ;
#10881 = ORIENTED_EDGE ( 'NONE', *, *, #4900, .F. ) ;
#10882 = EDGE_CURVE ( 'NONE', #553, #4027, #9130, .T. ) ;
#10883 = DIRECTION ( 'NONE',  ( 3.562560286365675406E-16, -2.040969624998810176E-30, 1.000000000000000000 ) ) ;
#10884 = FACE_OUTER_BOUND ( 'NONE', #7047, .T. ) ;
#10885 = NEXT_ASSEMBLY_USAGE_OCCURRENCE ( 'NAUO1', ' ', ' ', #10173, #4353, $ ) ;
#10886 = NEXT_ASSEMBLY_USAGE_OCCURRENCE ( 'NAUO2', ' ', ' ', #10173, #1239, $ ) ;
ENDSEC;
END-ISO-10303-21;
