  0
SECTION
  2
HEADER
  9
$ACADVER
  1
AC1027
  9
$ACADMAINTVER
 70
   125
  9
$DWGCODEPAGE
  3
ANSI_1252
  9
$REQUIREDVERSIONS
160
                 0
  9
$INSBASE
 10
0.0
 20
0.0
 30
0.0
  9
$EXTMIN
 10
1.000000000000000E+20
 20
1.000000000000000E+20
 30
1.000000000000000E+20
  9
$EXTMAX
 10
-1.000000000000000E+20
 20
-1.000000000000000E+20
 30
-1.000000000000000E+20
  9
$LIMMIN
 10
0.0
 20
0.0
  9
$LIMMAX
 10
12.0
 20
9.0
  9
$ORTHOMODE
 70
     0
  9
$REGENMODE
 70
     1
  9
$FILLMODE
 70
     1
  9
$QTEXTMODE
 70
     0
  9
$MIRRTEXT
 70
     0
  9
$LTSCALE
 40
1.0
  9
$ATTMODE
 70
     1
  9
$TEXTSIZE
 40
0.2
  9
$TRACEWID
 40
0.05
  9
$TEXTSTYLE
  7
Standard
  9
$CLAYER
  8
0
  9
$CELTYPE
  6
ByLayer
  9
$CECOLOR
 62
   256
  9
$CELTSCALE
 40
1.0
  9
$DISPSILH
 70
     0
  9
$DIMSCALE
 40
1.0
  9
$DIMASZ
 40
0.18
  9
$DIMEXO
 40
0.0625
  9
$DIMDLI
 40
0.38
  9
$DIMRND
 40
0.0
  9
$DIMDLE
 40
0.0
  9
$DIMEXE
 40
0.18
  9
$DIMTP
 40
0.0
  9
$DIMTM
 40
0.0
  9
$DIMTXT
 40
0.18
  9
$DIMCEN
 40
0.09
  9
$DIMTSZ
 40
0.0
  9
$DIMTOL
 70
     0
  9
$DIMLIM
 70
     0
  9
$DIMTIH
 70
     1
  9
$DIMTOH
 70
     1
  9
$DIMSE1
 70
     0
  9
$DIMSE2
 70
     0
  9
$DIMTAD
 70
     0
  9
$DIMZIN
 70
     0
  9
$DIMBLK
  1

  9
$DIMASO
 70
     1
  9
$DIMSHO
 70
     1
  9
$DIMPOST
  1

  9
$DIMAPOST
  1

  9
$DIMALT
 70
     0
  9
$DIMALTD
 70
     2
  9
$DIMALTF
 40
25.4
  9
$DIMLFAC
 40
1.0
  9
$DIMTOFL
 70
     0
  9
$DIMTVP
 40
0.0
  9
$DIMTIX
 70
     0
  9
$DIMSOXD
 70
     0
  9
$DIMSAH
 70
     0
  9
$DIMBLK1
  1

  9
$DIMBLK2
  1

  9
$DIMSTYLE
  2
Standard
  9
$DIMCLRD
 70
     0
  9
$DIMCLRE
 70
     0
  9
$DIMCLRT
 70
     0
  9
$DIMTFAC
 40
1.0
  9
$DIMGAP
 40
0.09
  9
$DIMJUST
 70
     0
  9
$DIMSD1
 70
     0
  9
$DIMSD2
 70
     0
  9
$DIMTOLJ
 70
     1
  9
$DIMTZIN
 70
     0
  9
$DIMALTZ
 70
     0
  9
$DIMALTTZ
 70
     0
  9
$DIMUPT
 70
     0
  9
$DIMDEC
 70
     4
  9
$DIMTDEC
 70
     4
  9
$DIMALTU
 70
     2
  9
$DIMALTTD
 70
     2
  9
$DIMTXSTY
  7
Standard
  9
$DIMAUNIT
 70
     0
  9
$DIMADEC
 70
     0
  9
$DIMALTRND
 40
0.0
  9
$DIMAZIN
 70
     0
  9
$DIMDSEP
 70
    46
  9
$DIMATFIT
 70
     3
  9
$DIMFRAC
 70
     0
  9
$DIMLDRBLK
  1

  9
$DIMLUNIT
 70
     2
  9
$DIMLWD
 70
    -2
  9
$DIMLWE
 70
    -2
  9
$DIMTMOVE
 70
     0
  9
$DIMFXL
 40
1.0
  9
$DIMFXLON
 70
     0
  9
$DIMJOGANG
 40
0.7853981633974483
  9
$DIMTFILL
 70
     0
  9
$DIMTFILLCLR
 70
     0
  9
$DIMARCSYM
 70
     0
  9
$DIMLTYPE
  6

  9
$DIMLTEX1
  6

  9
$DIMLTEX2
  6

  9
$DIMTXTDIRECTION
 70
     0
  9
$LUNITS
 70
     2
  9
$LUPREC
 70
     4
  9
$SKETCHINC
 40
0.1
  9
$FILLETRAD
 40
0.0
  9
$AUNITS
 70
     0
  9
$AUPREC
 70
     0
  9
$MENU
  1
.
  9
$ELEVATION
 40
0.0
  9
$PELEVATION
 40
0.0
  9
$THICKNESS
 40
0.0
  9
$LIMCHECK
 70
     0
  9
$CHAMFERA
 40
0.0
  9
$CHAMFERB
 40
0.0
  9
$CHAMFERC
 40
0.0
  9
$CHAMFERD
 40
0.0
  9
$SKPOLY
 70
     0
  9
$TDCREATE
 40
2460885.410254630
  9
$TDUCREATE
 40
2460885.410254630
  9
$TDUPDATE
 40
2460885.410254630
  9
$TDUUPDATE
 40
2460885.410254630
  9
$TDINDWG
 40
0.0000000000
  9
$TDUSRTIMER
 40
0.0000000000
  9
$USRTIMER
 70
     1
  9
$ANGBASE
 50
0.0
  9
$ANGDIR
 70
     0
  9
$PDMODE
 70
     0
  9
$PDSIZE
 40
0.0
  9
$PLINEWID
 40
0.0
  9
$SPLFRAME
 70
     0
  9
$SPLINETYPE
 70
     6
  9
$SPLINESEGS
 70
     8
  9
$HANDSEED
  5
45A
  9
$SURFTAB1
 70
     6
  9
$SURFTAB2
 70
     6
  9
$SURFTYPE
 70
     6
  9
$SURFU
 70
     6
  9
$SURFV
 70
     6
  9
$UCSBASE
  2

  9
$UCSNAME
  2

  9
$UCSORG
 10
0.0
 20
0.0
 30
0.0
  9
$UCSXDIR
 10
1.0
 20
0.0
 30
0.0
  9
$UCSYDIR
 10
0.0
 20
1.0
 30
0.0
  9
$UCSORTHOREF
  2

  9
$UCSORTHOVIEW
 70
     0
  9
$UCSORGTOP
 10
0.0
 20
0.0
 30
0.0
  9
$UCSORGBOTTOM
 10
0.0
 20
0.0
 30
0.0
  9
$UCSORGLEFT
 10
0.0
 20
0.0
 30
0.0
  9
$UCSORGRIGHT
 10
0.0
 20
0.0
 30
0.0
  9
$UCSORGFRONT
 10
0.0
 20
0.0
 30
0.0
  9
$UCSORGBACK
 10
0.0
 20
0.0
 30
0.0
  9
$PUCSBASE
  2

  9
$PUCSNAME
  2

  9
$PUCSORG
 10
0.0
 20
0.0
 30
0.0
  9
$PUCSXDIR
 10
1.0
 20
0.0
 30
0.0
  9
$PUCSYDIR
 10
0.0
 20
1.0
 30
0.0
  9
$PUCSORTHOREF
  2

  9
$PUCSORTHOVIEW
 70
     0
  9
$PUCSORGTOP
 10
0.0
 20
0.0
 30
0.0
  9
$PUCSORGBOTTOM
 10
0.0
 20
0.0
 30
0.0
  9
$PUCSORGLEFT
 10
0.0
 20
0.0
 30
0.0
  9
$PUCSORGRIGHT
 10
0.0
 20
0.0
 30
0.0
  9
$PUCSORGFRONT
 10
0.0
 20
0.0
 30
0.0
  9
$PUCSORGBACK
 10
0.0
 20
0.0
 30
0.0
  9
$USERI1
 70
     0
  9
$USERI2
 70
     0
  9
$USERI3
 70
     0
  9
$USERI4
 70
     0
  9
$USERI5
 70
     0
  9
$USERR1
 40
0.0
  9
$USERR2
 40
0.0
  9
$USERR3
 40
0.0
  9
$USERR4
 40
0.0
  9
$USERR5
 40
0.0
  9
$WORLDVIEW
 70
     1
  9
$SHADEDGE
 70
     3
  9
$SHADEDIF
 70
    70
  9
$TILEMODE
 70
     1
  9
$MAXACTVP
 70
    64
  9
$PINSBASE
 10
0.0
 20
0.0
 30
0.0
  9
$PLIMCHECK
 70
     0
  9
$PEXTMIN
 10
1.000000000000000E+20
 20
1.000000000000000E+20
 30
1.000000000000000E+20
  9
$PEXTMAX
 10
-1.000000000000000E+20
 20
-1.000000000000000E+20
 30
-1.000000000000000E+20
  9
$PLIMMIN
 10
0.0
 20
0.0
  9
$PLIMMAX
 10
12.0
 20
9.0
  9
$UNITMODE
 70
     0
  9
$VISRETAIN
 70
     1
  9
$PLINEGEN
 70
     0
  9
$PSLTSCALE
 70
     1
  9
$TREEDEPTH
 70
  3020
  9
$CMLSTYLE
  2
Standard
  9
$CMLJUST
 70
     0
  9
$CMLSCALE
 40
1.0
  9
$PROXYGRAPHICS
 70
     1
  9
$MEASUREMENT
 70
     0
  9
$CELWEIGHT
370
    -1
  9
$ENDCAPS
280
     0
  9
$JOINSTYLE
280
     0
  9
$LWDISPLAY
290
     0
  9
$INSUNITS
 70
     4
  9
$HYPERLINKBASE
  1

  9
$STYLESHEET
  1

  9
$XEDIT
290
     1
  9
$CEPSNTYPE
380
     0
  9
$PSTYLEMODE
290
     1
  9
$FINGERPRINTGUID
  2
{FD2C004D-4AB6-1C40-AE16-7F7897BBD0AB}
  9
$VERSIONGUID
  2
{1577521B-B5C2-F840-BD52-EFC2CB6FB654}
  9
$EXTNAMES
290
     1
  9
$PSVPSCALE
 40
0.0
  9
$OLESTARTUP
290
     0
  9
$SORTENTS
280
   127
  9
$INDEXCTL
280
     0
  9
$HIDETEXT
280
     1
  9
$XCLIPFRAME
280
     2
  9
$HALOGAP
280
     0
  9
$OBSCOLOR
 70
   257
  9
$OBSLTYPE
280
     0
  9
$INTERSECTIONDISPLAY
280
     0
  9
$INTERSECTIONCOLOR
 70
   257
  9
$DIMASSOC
280
     2
  9
$PROJECTNAME
  1

  9
$CAMERADISPLAY
290
     0
  9
$LENSLENGTH
 40
50.0
  9
$CAMERAHEIGHT
 40
0.0
  9
$STEPSPERSEC
 40
2.0
  9
$STEPSIZE
 40
6.0
  9
$3DDWFPREC
 40
2.0
  9
$PSOLWIDTH
 40
0.25
  9
$PSOLHEIGHT
 40
4.0
  9
$LOFTANG1
 40
1.570796326794896
  9
$LOFTANG2
 40
1.570796326794896
  9
$LOFTMAG1
 40
0.0
  9
$LOFTMAG2
 40
0.0
  9
$LOFTPARAM
 70
     7
  9
$LOFTNORMALS
280
     1
  9
$LATITUDE
 40
37.795
  9
$LONGITUDE
 40
-122.394
  9
$NORTHDIRECTION
 40
0.0
  9
$TIMEZONE
 70
 -8000
  9
$LIGHTGLYPHDISPLAY
280
     1
  9
$TILEMODELIGHTSYNCH
280
     1
  9
$CMATERIAL
347
11
  9
$SOLIDHIST
280
     0
  9
$SHOWHIST
280
     1
  9
$DWFFRAME
280
     2
  9
$DGNFRAME
280
     0
  9
$REALWORLDSCALE
290
     1
  9
$INTERFERECOLOR
 62
     1
  9
$INTERFEREOBJVS
345
33
  9
$INTERFEREVPVS
346
30
  9
$CSHADOW
280
     0
  9
$SHADOWPLANELOCATION
 40
0.0
  0
ENDSEC
  0
SECTION
  2
CLASSES
  0
CLASS
  1
ACDBDICTIONARYWDFLT
  2
AcDbDictionaryWithDefault
  3
ObjectDBX Classes
 90
        0
 91
        1
280
     0
281
     0
  0
CLASS
  1
MATERIAL
  2
AcDbMaterial
  3
ObjectDBX Classes
 90
     1153
 91
        3
280
     0
281
     0
  0
CLASS
  1
VISUALSTYLE
  2
AcDbVisualStyle
  3
ObjectDBX Classes
 90
     4095
 91
       24
280
     0
281
     0
  0
CLASS
  1
SCALE
  2
AcDbScale
  3
ObjectDBX Classes
 90
     1153
 91
       17
280
     0
281
     0
  0
CLASS
  1
TABLESTYLE
  2
AcDbTableStyle
  3
ObjectDBX Classes
 90
     4095
 91
        1
280
     0
281
     0
  0
CLASS
  1
MLEADERSTYLE
  2
AcDbMLeaderStyle
  3
ACDB_MLEADERSTYLE_CLASS
 90
     4095
 91
        1
280
     0
281
     0
  0
CLASS
  1
ACDBSECTIONVIEWSTYLE
  2
AcDbSectionViewStyle
  3
ObjectDBX Classes
 90
     1025
 91
        1
280
     0
281
     0
  0
CLASS
  1
ACDBDETAILVIEWSTYLE
  2
AcDbDetailViewStyle
  3
ObjectDBX Classes
 90
     1025
 91
        1
280
     0
281
     0
  0
CLASS
  1
DICTIONARYVAR
  2
AcDbDictionaryVar
  3
ObjectDBX Classes
 90
        0
 91
        5
280
     0
281
     0
  0
CLASS
  1
CELLSTYLEMAP
  2
AcDbCellStyleMap
  3
ObjectDBX Classes
 90
     1152
 91
        1
280
     0
281
     0
  0
ENDSEC
  0
SECTION
  2
TABLES
  0
TABLE
  2
VPORT
  5
8
330
0
100
AcDbSymbolTable
 70
     1
1001
ACAD
1000
DbSaveVer
1071
      421
  0
VPORT
  5
57
330
8
100
AcDbSymbolTableRecord
100
AcDbViewportTableRecord
  2
*Active
 70
     0
 10
0.0
 20
0.0
 11
1.0
 21
1.0
 12
500.0
 22
500.0
 13
0.0
 23
0.0
 14
1.0
 24
1.0
 15
0.0
 25
0.0
 16
0.0
 26
0.0
 36
1.0
 17
0.0
 27
0.0
 37
0.0
 40
12.0
 41
1.0
 42
50.0
 43
0.0
 44
0.0
 50
0.0
 51
0.0
 71
     0
 72
   100
 73
     1
 74
     1
 75
     0
 76
     0
 77
     0
 78
     0
281
     0
 65
     1
110
0.0
120
0.0
130
0.0
111
1.0
121
0.0
131
0.0
112
0.0
122
1.0
132
0.0
 79
     0
146
0.0
 60
     3
 61
     5
292
     1
282
     1
141
0.0
142
0.0
 63
   250
421
  3355443
  0
ENDTAB
  0
TABLE
  2
LTYPE
  5
5
330
0
100
AcDbSymbolTable
 70
     1
  0
LTYPE
  5
5B
330
5
100
AcDbSymbolTableRecord
100
AcDbLinetypeTableRecord
  2
ByBlock
 70
     0
  3

 72
    65
 73
     0
 40
0.0
  0
LTYPE
  5
5C
330
5
100
AcDbSymbolTableRecord
100
AcDbLinetypeTableRecord
  2
ByLayer
 70
     0
  3

 72
    65
 73
     0
 40
0.0
  0
LTYPE
  5
5D
330
5
100
AcDbSymbolTableRecord
100
AcDbLinetypeTableRecord
  2
Continuous
 70
     0
  3
Solid line
 72
    65
 73
     0
 40
0.0
  0
ENDTAB
  0
TABLE
  2
LAYER
  5
2
330
0
100
AcDbSymbolTable
 70
     2
  0
LAYER
  5
54
330
2
100
AcDbSymbolTableRecord
100
AcDbLayerTableRecord
  2
0
 70
     0
 62
     7
  6
Continuous
370
    -3
390
F
347
21
348
0
  0
LAYER
  5
7A
330
2
100
AcDbSymbolTableRecord
100
AcDbLayerTableRecord
  2
RFID Module Enclosre 3.2 Face Plate v3_Sketch1
 70
     0
 62
     7
  6
Continuous
370
    -3
390
F
347
21
348
0
1001
NFusion_SketchTransform
1000
-1.000000;0.000000;0.000000;0.000000;0.000000;-1.000000;0.000000;0.000000;0.000000;0.000000;1.000000;6.495000;0.000000;0.000000;0.000000;1.000000
  0
ENDTAB
  0
TABLE
  2
STYLE
  5
3
330
0
100
AcDbSymbolTable
 70
     2
  0
STYLE
  5
55
330
3
100
AcDbSymbolTableRecord
100
AcDbTextStyleTableRecord
  2
Standard
 70
     0
 40
0.0
 41
1.0
 50
0.0
 71
     0
 42
0.2
  3
txt
  4

  0
STYLE
  5
5A
330
3
100
AcDbSymbolTableRecord
100
AcDbTextStyleTableRecord
  2
Annotative
 70
     0
 40
0.0
 41
1.0
 50
0.0
 71
     0
 42
0.2
  3
txt
  4

1001
AcadAnnotative
1000
AnnotativeData
1002
{
1070
     1
1070
     1
1002
}
  0
ENDTAB
  0
TABLE
  2
VIEW
  5
6
330
0
100
AcDbSymbolTable
 70
     0
  0
ENDTAB
  0
TABLE
  2
UCS
  5
7
330
0
100
AcDbSymbolTable
 70
     0
  0
ENDTAB
  0
TABLE
  2
APPID
  5
9
330
0
100
AcDbSymbolTable
 70
     4
  0
APPID
  5
56
330
9
100
AcDbSymbolTableRecord
100
AcDbRegAppTableRecord
  2
ACAD
 70
     0
  0
APPID
  5
5E
330
9
100
AcDbSymbolTableRecord
100
AcDbRegAppTableRecord
  2
AcadAnnotative
 70
     0
  0
APPID
  5
78
330
9
100
AcDbSymbolTableRecord
100
AcDbRegAppTableRecord
  2
EDIT_IN_FUSION_ACAD_ADDIN
 70
     0
  0
APPID
  5
79
330
9
100
AcDbSymbolTableRecord
100
AcDbRegAppTableRecord
  2
NFusion_SketchTransform
 70
     0
  0
ENDTAB
  0
TABLE
  2
DIMSTYLE
  5
A
330
0
100
AcDbSymbolTable
 70
     2
100
AcDbDimStyleTable
 71
     0
  0
DIMSTYLE
105
58
330
A
100
AcDbSymbolTableRecord
100
AcDbDimStyleTableRecord
  2
Standard
 70
     0
340
55
  0
DIMSTYLE
105
59
330
A
100
AcDbSymbolTableRecord
100
AcDbDimStyleTableRecord
  2
Annotative
 70
     0
340
55
1001
AcadAnnotative
1000
AnnotativeData
1002
{
1070
     1
1070
     1
1002
}
  0
ENDTAB
  0
TABLE
  2
BLOCK_RECORD
  5
1
330
0
100
AcDbSymbolTable
 70
     1
  0
BLOCK_RECORD
  5
70
330
1
100
AcDbSymbolTableRecord
100
AcDbBlockTableRecord
  2
*Model_Space
340
73
 70
     0
280
     1
281
     0
  0
BLOCK_RECORD
  5
6C
330
1
100
AcDbSymbolTableRecord
100
AcDbBlockTableRecord
  2
*Paper_Space
340
6F
 70
     0
280
     1
281
     0
  0
BLOCK_RECORD
  5
74
330
1
100
AcDbSymbolTableRecord
100
AcDbBlockTableRecord
  2
*Paper_Space0
340
77
 70
     0
280
     1
281
     0
  0
ENDTAB
  0
ENDSEC
  0
SECTION
  2
BLOCKS
  0
BLOCK
  5
71
330
70
100
AcDbEntity
  8
0
100
AcDbBlockBegin
  2
*Model_Space
 70
     0
 10
0.0
 20
0.0
 30
0.0
  3
*Model_Space
  1

  0
ENDBLK
  5
72
330
70
100
AcDbEntity
  8
0
100
AcDbBlockEnd
  0
BLOCK
  5
6D
330
6C
100
AcDbEntity
 67
     1
  8
0
100
AcDbBlockBegin
  2
*Paper_Space
 70
     0
 10
0.0
 20
0.0
 30
0.0
  3
*Paper_Space
  1

  0
ENDBLK
  5
6E
330
6C
100
AcDbEntity
 67
     1
  8
0
100
AcDbBlockEnd
  0
BLOCK
  5
75
330
74
100
AcDbEntity
 67
     1
  8
0
100
AcDbBlockBegin
  2
*Paper_Space0
 70
     0
 10
0.0
 20
0.0
 30
0.0
  3
*Paper_Space0
  1

  0
ENDBLK
  5
76
330
74
100
AcDbEntity
 67
     1
  8
0
100
AcDbBlockEnd
  0
ENDSEC
  0
SECTION
  2
ENTITIES
  0
POINT
  5
7B
330
70
100
AcDbEntity
  8
RFID Module Enclosre 3.2 Face Plate v3_Sketch1
100
AcDbPoint
 10
0.0
 20
0.0
 30
64.95000000000001
  0
LINE
  5
7C
330
70
100
AcDbEntity
  8
RFID Module Enclosre 3.2 Face Plate v3_Sketch1
100
AcDbLine
 10
-115.25
 20
-6.635000000000025
 30
64.95000000000001
 11
115.25
 21
-6.634999999999999
 31
64.95000000000001
  0
ARC
  5
7D
330
70
100
AcDbEntity
  8
RFID Module Enclosre 3.2 Face Plate v3_Sketch1
100
AcDbCircle
 10
115.25
 20
-6.135
 30
64.95000000000001
 40
0.4999999999999993
100
AcDbArc
 50
270.0
 51
359.9999999999988
  0
LINE
  5
7E
330
70
100
AcDbEntity
  8
RFID Module Enclosre 3.2 Face Plate v3_Sketch1
100
AcDbLine
 10
115.75
 20
-6.13500000000001
 30
64.95000000000001
 11
115.75
 21
40.895
 31
64.95000000000001
  0
LINE
  5
7F
330
70
100
AcDbEntity
  8
RFID Module Enclosre 3.2 Face Plate v3_Sketch1
100
AcDbLine
 10
-69.6351236444916
 20
-2.33041356973141
 30
64.95000000000001
 11
-69.6351236444916
 21
-1.151695956511199
 31
64.95000000000001
  0
LINE
  5
80
330
70
100
AcDbEntity
  8
RFID Module Enclosre 3.2 Face Plate v3_Sketch1
100
AcDbLine
 10
115.75
 20
40.895
 30
64.95000000000001
 11
-115.75
 21
40.895
 31
64.95000000000001
  0
LINE
  5
81
330
70
100
AcDbEntity
  8
RFID Module Enclosre 3.2 Face Plate v3_Sketch1
100
AcDbLine
 10
-115.75
 20
40.895
 30
64.95000000000001
 11
-115.75
 21
-6.135000000000012
 31
64.95000000000001
  0
ARC
  5
82
330
70
100
AcDbEntity
  8
RFID Module Enclosre 3.2 Face Plate v3_Sketch1
100
AcDbCircle
 10
-115.25
 20
-6.135
 30
64.95000000000001
 40
0.5000000000000071
100
AcDbArc
 50
180.0000000000011
 51
270.0
  0
LINE
  5
83
330
70
100
AcDbEntity
  8
RFID Module Enclosre 3.2 Face Plate v3_Sketch1
100
AcDbLine
 10
-23.0546457139359
 20
-2.65169601611584
 30
64.95000000000001
 11
-23.6204708186494
 21
-2.65169601611584
 31
64.95000000000001
  0
SPLINE
  5
84
330
70
100
AcDbEntity
  8
RFID Module Enclosre 3.2 Face Plate v3_Sketch1
100
AcDbSpline
210
0.0
220
0.0
230
1.0
 70
     8
 71
     3
 72
     9
 73
     5
 74
     0
 42
0.000000001
 43
0.0000000001
 40
0.0
 40
0.0
 40
0.0
 40
0.0
 40
0.0193199249476088
 40
0.0386755718458752
 40
0.0386755718458752
 40
0.0386755718458752
 40
0.0386755718458752
 10
-24.47790628350841
 20
-1.507766951842009
 30
64.95000000000001
 10
-24.45283801651181
 20
-1.567654056362369
 30
64.95000000000001
 10
-24.4026551320592
 20
-1.68753899482873
 30
64.95000000000001
 10
-24.3955260214963
 20
-1.817309935044739
 30
64.95000000000001
 10
-24.3919581738816
 20
-1.88225533537358
 30
64.95000000000001
  0
SPLINE
  5
85
330
70
100
AcDbEntity
  8
RFID Module Enclosre 3.2 Face Plate v3_Sketch1
100
AcDbSpline
210
0.0
220
0.0
230
1.0
 70
     8
 71
     3
 72
     9
 73
     5
 74
     0
 42
0.000000001
 43
0.0000000001
 40
0.0
 40
0.0
 40
0.0
 40
0.0
 40
0.0111462804333437
 40
0.0243731003784399
 40
0.0243731003784399
 40
0.0243731003784399
 40
0.0243731003784399
 10
-47.1721538987941
 20
-1.17676417998761
 30
64.95000000000001
 10
-47.1356442028894
 20
-1.16946653375185
 30
64.95000000000001
 10
-47.05580999376549
 20
-1.15350907912885
 30
64.95000000000001
 10
-46.9743664476647
 20
-1.15233377292665
 30
64.95000000000001
 10
-46.93016857774909
 20
-1.1516959565112
 30
64.95000000000001
  0
SPLINE
  5
86
330
70
100
AcDbEntity
  8
RFID Module Enclosre 3.2 Face Plate v3_Sketch1
100
AcDbSpline
210
0.0
220
0.0
230
1.0
 70
     8
 71
     3
 72
     9
 73
     5
 74
     0
 42
0.000000001
 43
0.0000000001
 40
0.0
 40
0.0
 40
0.0
 40
0.0
 40
0.0106400512021339
 40
0.0208632220534087
 40
0.0208632220534087
 40
0.0208632220534087
 40
0.0208632220534087
 10
-47.3593983140773
 20
-2.46598656944722
 30
64.95000000000001
 10
-47.3765561978955
 20
-2.43443366656621
 30
64.95000000000001
 10
-47.4101997145729
 20
-2.372564112864799
 30
64.95000000000001
 10
-47.4155902585706
 20
-2.30238652702258
 30
64.95000000000001
 10
-47.4182316747493
 20
-2.26799886397809
 30
64.95000000000001
  0
LINE
  5
87
330
70
100
AcDbEntity
  8
RFID Module Enclosre 3.2 Face Plate v3_Sketch1
100
AcDbLine
 10
-46.3582047906703
 20
-1.1516959565112
 30
64.95000000000001
 11
-46.3582047906703
 21
-2.65169601611584
 31
64.95000000000001
  0
SPLINE
  5
88
330
70
100
AcDbEntity
  8
RFID Module Enclosre 3.2 Face Plate v3_Sketch1
100
AcDbSpline
210
0.0
220
0.0
230
1.0
 70
     8
 71
     3
 72
     9
 73
     5
 74
     0
 42
0.000000001
 43
0.0000000001
 40
0.0
 40
0.0
 40
0.0
 40
0.0
 40
0.0193422710910929
 40
0.038182624384738
 40
0.038182624384738
 40
0.038182624384738
 40
0.038182624384738
 10
-25.73438650048841
 20
-1.491395940107999
 30
64.95000000000001
 10
-25.7008717731553
 20
-1.43522324850446
 30
64.95000000000001
 10
-25.6347120011673
 20
-1.32433550558757
 30
64.95000000000001
 10
-25.5267459439302
 20
-1.253612024747599
 30
64.95000000000001
 10
-25.4734725324021
 20
-1.218715121073419
 30
64.95000000000001
  0
SPLINE
  5
89
330
70
100
AcDbEntity
  8
RFID Module Enclosre 3.2 Face Plate v3_Sketch1
100
AcDbSpline
210
0.0
220
0.0
230
1.0
 70
     8
 71
     3
 72
     9
 73
     5
 74
     0
 42
0.000000001
 43
0.0000000001
 40
0.0
 40
0.0
 40
0.0
 40
0.0
 40
0.0154339600298107
 40
0.0268291444561163
 40
0.0268291444561163
 40
0.0268291444561163
 40
0.0268291444561163
 10
-5.249409312907889
 20
-2.65169601611584
 30
64.95000000000001
 10
-5.300964438209529
 20
-2.651483146236179
 30
64.95000000000001
 10
-5.390583687028341
 20
-2.65111311050063
 30
64.95000000000001
 10
-5.478935963139321
 20
-2.63644078741036
 30
64.95000000000001
 10
-5.516461963359549
 20
-2.63020898870915
 30
64.95000000000001
  0
SPLINE
  5
8A
330
70
100
AcDbEntity
  8
RFID Module Enclosre 3.2 Face Plate v3_Sketch1
100
AcDbSpline
210
0.0
220
0.0
230
1.0
 70
     8
 71
     3
 72
     9
 73
     5
 74
     0
 42
0.000000001
 43
0.0000000001
 40
0.0
 40
0.0
 40
0.0
 40
0.0
 40
0.0126524755397267
 40
0.0246640917679146
 40
0.0246640917679146
 40
0.0246640917679146
 40
0.0246640917679146
 10
-5.516461963359549
 20
-2.63020898870915
 30
64.95000000000001
 10
-5.55744078998255
 20
-2.618666332487169
 30
64.95000000000001
 10
-5.637322828655349
 20
-2.596165666004099
 30
64.95000000000001
 10
-5.703983906895779
 20
-2.546810214732699
 30
64.95000000000001
 10
-5.736448402110769
 20
-2.52277370266408
 30
64.95000000000001
  0
LINE
  5
8B
330
70
100
AcDbEntity
  8
RFID Module Enclosre 3.2 Face Plate v3_Sketch1
100
AcDbLine
 10
-70.4229814154114
 20
-1.1516959565112
 30
64.95000000000001
 11
-69.6351236444916
 21
-2.33041356973141
 31
64.95000000000001
  0
SPLINE
  5
8C
330
70
100
AcDbEntity
  8
RFID Module Enclosre 3.2 Face Plate v3_Sketch1
100
AcDbSpline
210
0.0
220
0.0
230
1.0
 70
     8
 71
     3
 72
     9
 73
     5
 74
     0
 42
0.000000001
 43
0.0000000001
 40
0.0
 40
0.0
 40
0.0
 40
0.0
 40
0.0094371655364464
 40
0.0179024079489102
 40
0.0179024079489102
 40
0.0179024079489102
 40
0.0179024079489102
 10
-47.4463686433619
 20
-1.39061134032696
 30
64.95000000000001
 10
-47.43131436996839
 20
-1.36265997452417
 30
64.95000000000001
 10
-47.4027562459612
 20
-1.30963592282153
 30
64.95000000000001
 10
-47.3576875653105
 20
-1.2697880167572
 30
64.95000000000001
 10
-47.33637661607921
 20
-1.25094573668927
 30
64.95000000000001
  0
SPLINE
  5
8D
330
70
100
AcDbEntity
  8
RFID Module Enclosre 3.2 Face Plate v3_Sketch1
100
AcDbSpline
210
0.0
220
0.0
230
1.0
 70
     8
 71
     3
 72
     9
 73
     5
 74
     0
 42
0.000000001
 43
0.0000000001
 40
0.0
 40
0.0
 40
0.0
 40
0.0
 40
0.0131785065374082
 40
0.0228817221841348
 40
0.0228817221841348
 40
0.0228817221841348
 40
0.0228817221841348
 10
-23.6204708186494
 20
-2.65169601611584
 30
64.95000000000001
 10
-23.6644560594506
 20
-2.6515591635313
 30
64.95000000000001
 10
-23.7408272368188
 20
-2.65132154762158
 30
64.95000000000001
 10
-23.8165372147277
 20
-2.64152538806402
 30
64.95000000000001
 10
-23.8486427632676
 20
-2.637371231836969
 30
64.95000000000001
  0
SPLINE
  5
8E
330
70
100
AcDbEntity
  8
RFID Module Enclosre 3.2 Face Plate v3_Sketch1
100
AcDbSpline
210
0.0
220
0.0
230
1.0
 70
     8
 71
     3
 72
     9
 73
     5
 74
     0
 42
0.000000001
 43
0.0000000001
 40
0.0
 40
0.0
 40
0.0
 40
0.0
 40
0.0102286872391249
 40
0.0202285240391269
 40
0.0202285240391269
 40
0.0202285240391269
 40
0.0202285240391269
 10
-47.49087900789439
 20
-1.586552669329339
 30
64.95000000000001
 10
-47.4891100763629
 20
-1.55221599030241
 30
64.95000000000001
 10
-47.48561179030019
 20
-1.48431086026154
 30
64.95000000000001
 10
-47.4593506593895
 20
-1.42160805604605
 30
64.95000000000001
 10
-47.4463686433619
 20
-1.39061134032696
 30
64.95000000000001
  0
SPLINE
  5
8F
330
70
100
AcDbEntity
  8
RFID Module Enclosre 3.2 Face Plate v3_Sketch1
100
AcDbSpline
210
0.0
220
0.0
230
1.0
 70
     8
 71
     3
 72
     9
 73
     5
 74
     0
 42
0.000000001
 43
0.0000000001
 40
0.0
 40
0.0
 40
0.0
 40
0.0
 40
0.0199028849666955
 40
0.0391054820085308
 40
0.0391054820085308
 40
0.0391054820085308
 40
0.0391054820085308
 10
-25.1102394429551
 20
-2.678299059195219
 30
64.95000000000001
 10
-25.1772531764895
 20
-2.6744680003401
 30
64.95000000000001
 10
-25.30892274878701
 20
-2.666940679382209
 30
64.95000000000001
 10
-25.4268294484949
 20
-2.60799464986989
 30
64.95000000000001
 10
-25.4847270814286
 20
-2.57904942802876
 30
64.95000000000001
  0
LINE
  5
90
330
70
100
AcDbEntity
  8
RFID Module Enclosre 3.2 Face Plate v3_Sketch1
100
AcDbLine
 10
-23.2531446782456
 20
-1.1516959565112
 30
64.95000000000001
 11
-23.0546457139359
 21
-1.1516959565112
 31
64.95000000000001
  0
SPLINE
  5
91
330
70
100
AcDbEntity
  8
RFID Module Enclosre 3.2 Face Plate v3_Sketch1
100
AcDbSpline
210
0.0
220
0.0
230
1.0
 70
     8
 71
     3
 72
     9
 73
     5
 74
     0
 42
0.000000001
 43
0.0000000001
 40
0.0
 40
0.0
 40
0.0
 40
0.0
 40
0.0188981523370328
 40
0.037993900213629
 40
0.037993900213629
 40
0.037993900213629
 40
0.037993900213629
 10
-25.4847270814286
 20
-2.57904942802876
 30
64.95000000000001
 10
-25.5370915133731
 20
-2.54255223034378
 30
64.95000000000001
 10
-25.64236788995011
 20
-2.469176227113949
 30
64.95000000000001
 10
-25.7066717940363
 20
-2.35810176936066
 30
64.95000000000001
 10
-25.73899095929731
 20
-2.302275707049069
 30
64.95000000000001
  0
LINE
  5
92
330
70
100
AcDbEntity
  8
RFID Module Enclosre 3.2 Face Plate v3_Sketch1
100
AcDbLine
 10
-5.273965234462449
 20
-1.1516959565112
 30
64.95000000000001
 11
-4.732696647350019
 21
-1.1516959565112
 31
64.95000000000001
  0
SPLINE
  5
93
330
70
100
AcDbEntity
  8
RFID Module Enclosre 3.2 Face Plate v3_Sketch1
100
AcDbSpline
210
0.0
220
0.0
230
1.0
 70
     8
 71
     3
 72
     9
 73
     5
 74
     0
 42
0.000000001
 43
0.0000000001
 40
0.0
 40
0.0
 40
0.0
 40
0.0
 40
0.0100882435840327
 40
0.0210992809779947
 40
0.0210992809779947
 40
0.0210992809779947
 40
0.0210992809779947
 10
-47.36604900034129
 20
-2.086893727106749
 30
64.95000000000001
 10
-47.3457254367064
 20
-2.05960612549977
 30
64.95000000000001
 10
-47.3032192684091
 20
-2.002534865401289
 30
64.95000000000001
 10
-47.24096531110411
 20
-1.96787429551689
 30
64.95000000000001
 10
-47.2084769693202
 20
-1.94978605679959
 30
64.95000000000001
  0
LINE
  5
94
330
70
100
AcDbEntity
  8
RFID Module Enclosre 3.2 Face Plate v3_Sketch1
100
AcDbLine
 10
-4.732696647350019
 20
-2.65169601611584
 30
64.95000000000001
 11
-5.249409312907889
 21
-2.65169601611584
 31
64.95000000000001
  0
SPLINE
  5
95
330
70
100
AcDbEntity
  8
RFID Module Enclosre 3.2 Face Plate v3_Sketch1
100
AcDbSpline
210
0.0
220
0.0
230
1.0
 70
     8
 71
     3
 72
     9
 73
     5
 74
     0
 42
0.000000001
 43
0.0000000001
 40
0.0
 40
0.0
 40
0.0
 40
0.0
 40
0.0172889750571634
 40
0.0362878415072102
 40
0.0362878415072102
 40
0.0362878415072102
 40
0.0362878415072102
 10
-5.913972491924001
 20
-2.26646404437512
 30
64.95000000000001
 10
-5.93112197079603
 20
-2.211156149456449
 30
64.95000000000001
 10
-5.96711702366538
 20
-2.09507037119196
 30
64.95000000000001
 10
-5.970850928797791
 20
-1.97352027463601
 30
64.95000000000001
 10
-5.972805852596
 20
-1.909881492180529
 30
64.95000000000001
  0
LINE
  5
96
330
70
100
AcDbEntity
  8
RFID Module Enclosre 3.2 Face Plate v3_Sketch1
100
AcDbLine
 10
-69.6484250170197
 20
-2.65169601611584
 30
64.95000000000001
 11
-70.4362827879395
 21
-1.474001516623199
 31
64.95000000000001
  0
SPLINE
  5
97
330
70
100
AcDbEntity
  8
RFID Module Enclosre 3.2 Face Plate v3_Sketch1
100
AcDbSpline
210
0.0
220
0.0
230
1.0
 70
     8
 71
     3
 72
     9
 73
     5
 74
     0
 42
0.000000001
 43
0.0000000001
 40
0.0
 40
0.0
 40
0.0
 40
0.0
 40
0.0279064483512329
 40
0.0571896739351378
 40
0.0571896739351378
 40
0.0571896739351378
 40
0.0571896739351378
 10
-24.5925039616929
 20
-2.467009832186399
 30
64.95000000000001
 10
-24.6654310502348
 20
-2.52862592886716
 30
64.95000000000001
 10
-24.8148831181674
 20
-2.65489798018584
 30
64.95000000000001
 10
-25.01021983063151
 20
-2.670374506192489
 30
64.95000000000001
 10
-25.1102394429551
 20
-2.678299059195219
 30
64.95000000000001
  0
SPLINE
  5
98
330
70
100
AcDbEntity
  8
RFID Module Enclosre 3.2 Face Plate v3_Sketch1
100
AcDbSpline
210
0.0
220
0.0
230
1.0
 70
     8
 71
     3
 72
     9
 73
     5
 74
     0
 42
0.000000001
 43
0.0000000001
 40
0.0
 40
0.0
 40
0.0
 40
0.0
 40
0.0161461300549071
 40
0.0306299472010015
 40
0.0306299472010015
 40
0.0306299472010015
 40
0.0306299472010015
 10
-5.972805852596
 20
-1.909881492180529
 30
64.95000000000001
 10
-5.971534995441681
 20
-1.855884856817709
 30
64.95000000000001
 10
-5.969124121293839
 20
-1.75345076985257
 30
64.95000000000001
 10
-5.94453015736478
 20
-1.65402931742919
 30
64.95000000000001
 10
-5.932900542918869
 20
-1.60701643399686
 30
64.95000000000001
  0
LINE
  5
99
330
70
100
AcDbEntity
  8
RFID Module Enclosre 3.2 Face Plate v3_Sketch1
100
AcDbLine
 10
-69.44480959000239
 20
-1.1516959565112
 30
64.95000000000001
 11
-69.44480959000239
 21
-2.65169601611584
 31
64.95000000000001
  0
LINE
  5
9A
330
70
100
AcDbEntity
  8
RFID Module Enclosre 3.2 Face Plate v3_Sketch1
100
AcDbLine
 10
-46.3582047906703
 20
-2.65169601611584
 30
64.95000000000001
 11
-46.92096085222419
 21
-2.65169601611584
 31
64.95000000000001
  0
SPLINE
  5
9B
330
70
100
AcDbEntity
  8
RFID Module Enclosre 3.2 Face Plate v3_Sketch1
100
AcDbSpline
210
0.0
220
0.0
230
1.0
 70
     8
 71
     3
 72
     9
 73
     5
 74
     0
 42
0.000000001
 43
0.0000000001
 40
0.0
 40
0.0
 40
0.0
 40
0.0
 40
0.0155302776732831
 40
0.028089950344232
 40
0.028089950344232
 40
0.028089950344232
 40
0.028089950344232
 10
-46.92096085222419
 20
-2.65169601611584
 30
64.95000000000001
 10
-46.97308983476499
 20
-2.65074375299893
 30
64.95000000000001
 10
-47.067376657053
 20
-2.64902137402853
 30
64.95000000000001
 10
-47.15675007188909
 20
-2.619405726476399
 30
64.95000000000001
 10
-47.19671101244149
 20
-2.606163878960309
 30
64.95000000000001
  0
LINE
  5
9C
330
70
100
AcDbEntity
  8
RFID Module Enclosre 3.2 Face Plate v3_Sketch1
100
AcDbLine
 10
-23.0546457139359
 20
-1.1516959565112
 30
64.95000000000001
 11
-23.0546457139359
 21
-2.65169601611584
 31
64.95000000000001
  0
SPLINE
  5
9D
330
70
100
AcDbEntity
  8
RFID Module Enclosre 3.2 Face Plate v3_Sketch1
100
AcDbSpline
210
0.0
220
0.0
230
1.0
 70
     8
 71
     3
 72
     9
 73
     5
 74
     0
 42
0.000000001
 43
0.0000000001
 40
0.0
 40
0.0
 40
0.0
 40
0.0
 40
0.0114300569924929
 40
0.0242742177254213
 40
0.0242742177254213
 40
0.0242742177254213
 40
0.0242742177254213
 10
-5.514926547710129
 20
-1.177275885863009
 30
64.95000000000001
 10
-5.477483012673049
 20
-1.169821909097809
 30
64.95000000000001
 10
-5.397963503496799
 20
-1.15399176450296
 30
64.95000000000001
 10
-5.31687265025566
 20
-1.152490380408009
 30
64.95000000000001
 10
-5.273965234462449
 20
-1.1516959565112
 30
64.95000000000001
  0
SPLINE
  5
9E
330
70
100
AcDbEntity
  8
RFID Module Enclosre 3.2 Face Plate v3_Sketch1
100
AcDbSpline
210
0.0
220
0.0
230
1.0
 70
     8
 71
     3
 72
     9
 73
     5
 74
     0
 42
0.000000001
 43
0.0000000001
 40
0.0
 40
0.0
 40
0.0
 40
0.0
 40
0.0202170585878584
 40
0.0396040613885417
 40
0.0396040613885417
 40
0.0396040613885417
 40
0.0396040613885417
 10
-25.1092160312043
 20
-1.126116027159389
 30
64.95000000000001
 10
-25.0411007921311
 20
-1.13001048066735
 30
64.95000000000001
 10
-24.90766693487501
 20
-1.13763949233261
 30
64.95000000000001
 10
-24.7888151429451
 20
-1.19859598792762
 30
64.95000000000001
 10
-24.7306347457276
 20
-1.228435446543389
 30
64.95000000000001
  0
SPLINE
  5
9F
330
70
100
AcDbEntity
  8
RFID Module Enclosre 3.2 Face Plate v3_Sketch1
100
AcDbSpline
210
0.0
220
0.0
230
1.0
 70
     8
 71
     3
 72
     9
 73
     5
 74
     0
 42
0.000000001
 43
0.0000000001
 40
0.0
 40
0.0
 40
0.0
 40
0.0
 40
0.0128917206672548
 40
0.024204487106287
 40
0.024204487106287
 40
0.024204487106287
 40
0.024204487106287
 10
-5.932900542918869
 20
-1.60701643399686
 30
64.95000000000001
 10
-5.91942584830077
 20
-1.56600479587185
 30
64.95000000000001
 10
-5.8941268148697
 20
-1.48900454960327
 30
64.95000000000001
 10
-5.850821967998199
 20
-1.42055654733229
 30
64.95000000000001
 10
-5.830582017604539
 20
-1.388565112871819
 30
64.95000000000001
  0
LINE
  5
A0
330
70
100
AcDbEntity
  8
RFID Module Enclosre 3.2 Face Plate v3_Sketch1
100
AcDbLine
 10
-23.6378652421342
 20
-1.76151852778882
 30
64.95000000000001
 11
-23.2531446782456
 21
-1.76151852778882
 31
64.95000000000001
  0
SPLINE
  5
A1
330
70
100
AcDbEntity
  8
RFID Module Enclosre 3.2 Face Plate v3_Sketch1
100
AcDbSpline
210
0.0
220
0.0
230
1.0
 70
     8
 71
     3
 72
     9
 73
     5
 74
     0
 42
0.000000001
 43
0.0000000001
 40
0.0
 40
0.0
 40
0.0
 40
0.0
 40
0.0101188795825949
 40
0.0193581959823963
 40
0.0193581959823963
 40
0.0193581959823963
 40
0.0193581959823963
 10
-5.830582017604539
 20
-1.388565112871819
 30
64.95000000000001
 10
-5.809899875406509
 20
-1.36169828123562
 30
64.95000000000001
 10
-5.77033334447416
 20
-1.31029996307259
 30
64.95000000000001
 10
-5.71865242174267
 20
-1.27116071339685
 30
64.95000000000001
 10
-5.69398605317278
 20
-1.252480258269009
 30
64.95000000000001
  0
LINE
  5
A2
330
70
100
AcDbEntity
  8
RFID Module Enclosre 3.2 Face Plate v3_Sketch1
100
AcDbLine
 10
-69.44480959000239
 20
-2.65169601611584
 30
64.95000000000001
 11
-69.6484250170197
 21
-2.65169601611584
 31
64.95000000000001
  0
SPLINE
  5
A3
330
70
100
AcDbEntity
  8
RFID Module Enclosre 3.2 Face Plate v3_Sketch1
100
AcDbSpline
210
0.0
220
0.0
230
1.0
 70
     8
 71
     3
 72
     9
 73
     5
 74
     0
 42
0.000000001
 43
0.0000000001
 40
0.0
 40
0.0
 40
0.0
 40
0.0
 40
0.0105011196545973
 40
0.0199226792189759
 40
0.0199226792189759
 40
0.0199226792189759
 40
0.0199226792189759
 10
-23.8486427632676
 20
-2.637371231836969
 30
64.95000000000001
 10
-23.8832244521276
 20
-2.63035802916374
 30
64.95000000000001
 10
-23.9488326840753
 20
-2.61705261109859
 30
64.95000000000001
 10
-24.0065473328454
 20
-2.58326225007468
 30
64.95000000000001
 10
-24.03384095109571
 20
-2.56728257708043
 30
64.95000000000001
  0
LINE
  5
A4
330
70
100
AcDbEntity
  8
RFID Module Enclosre 3.2 Face Plate v3_Sketch1
100
AcDbLine
 10
-70.62659684242859
 20
-2.65169601611584
 30
64.95000000000001
 11
-70.62659684242859
 21
-1.1516959565112
 31
64.95000000000001
  0
SPLINE
  5
A5
330
70
100
AcDbEntity
  8
RFID Module Enclosre 3.2 Face Plate v3_Sketch1
100
AcDbSpline
210
0.0
220
0.0
230
1.0
 70
     8
 71
     3
 72
     9
 73
     5
 74
     0
 42
0.000000001
 43
0.0000000001
 40
0.0
 40
0.0
 40
0.0
 40
0.0
 40
0.0085462863253989
 40
0.0181079856310785
 40
0.0181079856310785
 40
0.0181079856310785
 40
0.0181079856310785
 10
-47.33637661607921
 20
-1.25094573668927
 30
64.95000000000001
 10
-47.31232993548629
 20
-1.23537299440002
 30
64.95000000000001
 10
-47.26137950742059
 20
-1.20237726001044
 30
64.95000000000001
 10
-47.2029872256644
 20
-1.18561518678549
 30
64.95000000000001
 10
-47.1721538987941
 20
-1.17676417998761
 30
64.95000000000001
  0
SPLINE
  5
A6
330
70
100
AcDbEntity
  8
RFID Module Enclosre 3.2 Face Plate v3_Sketch1
100
AcDbSpline
210
0.0
220
0.0
230
1.0
 70
     8
 71
     3
 72
     9
 73
     5
 74
     0
 42
0.000000001
 43
0.0000000001
 40
0.0
 40
0.0
 40
0.0
 40
0.0
 40
0.0091602247739981
 40
0.0189774815571529
 40
0.0189774815571529
 40
0.0189774815571529
 40
0.0189774815571529
 10
-24.03384095109571
 20
-2.56728257708043
 30
64.95000000000001
 10
-24.0577658984254
 20
-2.54782689546967
 30
64.95000000000001
 10
-24.10733184881501
 20
-2.50752004186516
 30
64.95000000000001
 10
-24.1381324296698
 20
-2.451487301391789
 30
64.95000000000001
 10
-24.1540659037934
 20
-2.422500957770049
 30
64.95000000000001
  0
LINE
  5
A7
330
70
100
AcDbEntity
  8
RFID Module Enclosre 3.2 Face Plate v3_Sketch1
100
AcDbLine
 10
-23.2531446782456
 20
-1.76151852778882
 30
64.95000000000001
 11
-23.2531446782456
 21
-1.1516959565112
 31
64.95000000000001
  0
SPLINE
  5
A8
330
70
100
AcDbEntity
  8
RFID Module Enclosre 3.2 Face Plate v3_Sketch1
100
AcDbSpline
210
0.0
220
0.0
230
1.0
 70
     8
 71
     3
 72
     9
 73
     5
 74
     0
 42
0.000000001
 43
0.0000000001
 40
0.0
 40
0.0
 40
0.0
 40
0.0
 40
0.0109163510565231
 40
0.0217314553473256
 40
0.0217314553473256
 40
0.0217314553473256
 40
0.0217314553473256
 10
-47.19671101244149
 20
-2.606163878960309
 30
64.95000000000001
 10
-47.22940724064439
 20
-2.5890142888432
 30
64.95000000000001
 10
-47.2944964466929
 20
-2.554874167302109
 30
64.95000000000001
 10
-47.33783165780899
 20
-2.49552359737423
 30
64.95000000000001
 10
-47.3593983140773
 20
-2.46598656944722
 30
64.95000000000001
  0
SPLINE
  5
A9
330
70
100
AcDbEntity
  8
RFID Module Enclosre 3.2 Face Plate v3_Sketch1
100
AcDbSpline
210
0.0
220
0.0
230
1.0
 70
     8
 71
     3
 72
     9
 73
     5
 74
     0
 42
0.000000001
 43
0.0000000001
 40
0.0
 40
0.0
 40
0.0
 40
0.0
 40
0.0190059664015269
 40
0.0380691123579957
 40
0.0380691123579957
 40
0.0380691123579957
 40
0.0380691123579957
 10
-24.7306347457276
 20
-1.228435446543389
 30
64.95000000000001
 10
-24.67838772025161
 20
-1.2656981954021
 30
64.95000000000001
 10
-24.5737364838346
 20
-1.34033579830537
 30
64.95000000000001
 10
-24.5098816534614
 20
-1.45190071074296
 30
64.95000000000001
 10
-24.47790628350841
 20
-1.507766951842009
 30
64.95000000000001
  0
LINE
  5
AA
330
70
100
AcDbEntity
  8
RFID Module Enclosre 3.2 Face Plate v3_Sketch1
100
AcDbLine
 10
-4.732696647350019
 20
-1.1516959565112
 30
64.95000000000001
 11
-4.732696647350019
 21
-2.65169601611584
 31
64.95000000000001
  0
SPLINE
  5
AB
330
70
100
AcDbEntity
  8
RFID Module Enclosre 3.2 Face Plate v3_Sketch1
100
AcDbSpline
210
0.0
220
0.0
230
1.0
 70
     8
 71
     3
 72
     9
 73
     5
 74
     0
 42
0.000000001
 43
0.0000000001
 40
0.0
 40
0.0
 40
0.0
 40
0.0
 40
0.0092750024268776
 40
0.0194957987049136
 40
0.0194957987049136
 40
0.0194957987049136
 40
0.0194957987049136
 10
-5.69398605317278
 20
-1.252480258269009
 30
64.95000000000001
 10
-5.667204304641599
 20
-1.236757443079389
 30
64.95000000000001
 10
-5.61090980957857
 20
-1.20370852018929
 30
64.95000000000001
 10
-5.547939258830689
 20
-1.18636718891087
 30
64.95000000000001
 10
-5.514926547710129
 20
-1.177275885863009
 30
64.95000000000001
  0
SPLINE
  5
AC
330
70
100
AcDbEntity
  8
RFID Module Enclosre 3.2 Face Plate v3_Sketch1
100
AcDbSpline
210
0.0
220
0.0
230
1.0
 70
     8
 71
     3
 72
     9
 73
     5
 74
     0
 42
0.000000001
 43
0.0000000001
 40
0.0
 40
0.0
 40
0.0
 40
0.0
 40
0.0217371996148746
 40
0.0421514205406908
 40
0.0421514205406908
 40
0.0421514205406908
 40
0.0421514205406908
 10
-25.82647388852701
 20
-1.899649609846769
 30
64.95000000000001
 10
-25.8231418137208
 20
-1.82660319654657
 30
64.95000000000001
 10
-25.81668046226241
 20
-1.68495615182334
 30
64.95000000000001
 10
-25.7612377734417
 20
-1.55455170470637
 30
64.95000000000001
 10
-25.73438650048841
 20
-1.491395940107999
 30
64.95000000000001
  0
LINE
  5
AD
330
70
100
AcDbEntity
  8
RFID Module Enclosre 3.2 Face Plate v3_Sketch1
100
AcDbLine
 10
-6.43119537324114
 20
-2.428640087170299
 30
64.95000000000001
 11
-6.43119537324114
 21
-1.151695956511199
 31
64.95000000000001
  0
SPLINE
  5
AE
330
70
100
AcDbEntity
  8
RFID Module Enclosre 3.2 Face Plate v3_Sketch1
100
AcDbSpline
210
0.0
220
0.0
230
1.0
 70
     8
 71
     3
 72
     9
 73
     5
 74
     0
 42
0.000000001
 43
0.0000000001
 40
0.0
 40
0.0
 40
0.0
 40
0.0
 40
0.0103510128777759
 40
0.0211037945656492
 40
0.0211037945656492
 40
0.0211037945656492
 40
0.0211037945656492
 10
-24.1540659037934
 20
-2.422500957770049
 30
64.95000000000001
 10
-24.1673445703353
 20
-2.39035549214673
 30
64.95000000000001
 10
-24.1944173074786
 20
-2.32481685252353
 30
64.95000000000001
 10
-24.19784925161711
 20
-2.253963524887899
 30
64.95000000000001
 10
-24.1995978919373
 20
-2.21786241702527
 30
64.95000000000001
  0
LINE
  5
AF
330
70
100
AcDbEntity
  8
RFID Module Enclosre 3.2 Face Plate v3_Sketch1
100
AcDbLine
 10
-6.43119537324114
 20
-1.1516959565112
 30
64.95000000000001
 11
-6.23985969514055
 21
-1.1516959565112
 31
64.95000000000001
  0
LINE
  5
B0
330
70
100
AcDbEntity
  8
RFID Module Enclosre 3.2 Face Plate v3_Sketch1
100
AcDbLine
 10
-6.23985969514055
 20
-2.65169601611584
 30
64.95000000000001
 11
-6.53863155335588
 21
-2.65169601611584
 31
64.95000000000001
  0
SPLINE
  5
B1
330
70
100
AcDbEntity
  8
RFID Module Enclosre 3.2 Face Plate v3_Sketch1
100
AcDbSpline
210
0.0
220
0.0
230
1.0
 70
     8
 71
     3
 72
     9
 73
     5
 74
     0
 42
0.000000001
 43
0.0000000001
 40
0.0
 40
0.0
 40
0.0
 40
0.0
 40
0.0118363030471634
 40
0.0241994938833721
 40
0.0241994938833721
 40
0.0241994938833721
 40
0.0241994938833721
 10
-47.4177202668971
 20
-1.81370150022
 30
64.95000000000001
 10
-47.4390551107434
 20
-1.77973554633185
 30
64.95000000000001
 10
-47.48267450956279
 20
-1.710291659158309
 30
64.95000000000001
 10
-47.4881047647181
 20
-1.628393380887259
 30
64.95000000000001
 10
-47.49087900789439
 20
-1.586552669329339
 30
64.95000000000001
  0
SPLINE
  5
B2
330
70
100
AcDbEntity
  8
RFID Module Enclosre 3.2 Face Plate v3_Sketch1
100
AcDbSpline
210
0.0
220
0.0
230
1.0
 70
     8
 71
     3
 72
     9
 73
     5
 74
     0
 42
0.000000001
 43
0.0000000001
 40
0.0
 40
0.0
 40
0.0
 40
0.0
 40
0.0131902051023758
 40
0.0252912740878479
 40
0.0252912740878479
 40
0.0252912740878479
 40
0.0252912740878479
 10
-47.2084769693202
 20
-1.94978605679959
 30
64.95000000000001
 10
-47.2506343837868
 20
-1.93488304074206
 30
64.95000000000001
 10
-47.3314682082675
 20
-1.906307574256049
 30
64.95000000000001
 10
-47.3898070091061
 20
-1.84367107148186
 30
64.95000000000001
 10
-47.4177202668971
 20
-1.81370150022
 30
64.95000000000001
  0
LINE
  5
B3
330
70
100
AcDbEntity
  8
RFID Module Enclosre 3.2 Face Plate v3_Sketch1
100
AcDbLine
 10
-70.4362827879395
 20
-1.474001516623199
 30
64.95000000000001
 11
-70.4362827879395
 21
-2.65169601611584
 31
64.95000000000001
  0
SPLINE
  5
B4
330
70
100
AcDbEntity
  8
RFID Module Enclosre 3.2 Face Plate v3_Sketch1
100
AcDbSpline
210
0.0
220
0.0
230
1.0
 70
     8
 71
     3
 72
     9
 73
     5
 74
     0
 42
0.000000001
 43
0.0000000001
 40
0.0
 40
0.0
 40
0.0
 40
0.0
 40
0.0336675292948289
 40
0.0630006045970777
 40
0.0630006045970777
 40
0.0630006045970777
 40
0.0630006045970777
 10
-24.3919581738816
 20
-1.88225533537358
 30
64.95000000000001
 10
-24.3977597969277
 20
-1.997136947465619
 30
64.95000000000001
 10
-24.40861612547941
 20
-2.212109984408869
 30
64.95000000000001
 10
-24.53408545446241
 20
-2.386031835451699
 30
64.95000000000001
 10
-24.5925039616929
 20
-2.467009832186399
 30
64.95000000000001
  0
SPLINE
  5
B5
330
70
100
AcDbEntity
  8
RFID Module Enclosre 3.2 Face Plate v3_Sketch1
100
AcDbSpline
210
0.0
220
0.0
230
1.0
 70
     8
 71
     3
 72
     9
 73
     5
 74
     0
 42
0.000000001
 43
0.0000000001
 40
0.0
 40
0.0
 40
0.0
 40
0.0
 40
0.0188720610301087
 40
0.0378913972398465
 40
0.0378913972398465
 40
0.0378913972398465
 40
0.0378913972398465
 10
-25.4734725324021
 20
-1.218715121073419
 30
64.95000000000001
 10
-25.4159629558797
 20
-1.19170720529502
 30
64.95000000000001
 10
-25.3004950053666
 20
-1.13748060737616
 30
64.95000000000001
 10
-25.1731406882757
 20
-1.129914023757289
 30
64.95000000000001
 10
-25.1092160312043
 20
-1.126116027159389
 30
64.95000000000001
  0
LINE
  5
B6
330
70
100
AcDbEntity
  8
RFID Module Enclosre 3.2 Face Plate v3_Sketch1
100
AcDbLine
 10
-6.23985969514055
 20
-1.1516959565112
 30
64.95000000000001
 11
-6.23985969514055
 21
-2.65169601611584
 31
64.95000000000001
  0
LINE
  5
B7
330
70
100
AcDbEntity
  8
RFID Module Enclosre 3.2 Face Plate v3_Sketch1
100
AcDbLine
 10
-6.53863155335588
 20
-2.65169601611584
 30
64.95000000000001
 11
-6.89367973298235
 21
-1.58962230853528
 31
64.95000000000001
  0
SPLINE
  5
B8
330
70
100
AcDbEntity
  8
RFID Module Enclosre 3.2 Face Plate v3_Sketch1
100
AcDbSpline
210
0.0
220
0.0
230
1.0
 70
     8
 71
     3
 72
     9
 73
     5
 74
     0
 42
0.000000001
 43
0.0000000001
 40
0.0
 40
0.0
 40
0.0
 40
0.0
 40
0.0136464049274191
 40
0.0233302105733336
 40
0.0233302105733336
 40
0.0233302105733336
 40
0.0233302105733336
 10
-6.89367973298235
 20
-1.58962230853528
 30
64.95000000000001
 10
-6.907967284457719
 20
-1.546435362206489
 30
64.95000000000001
 10
-6.93239361404934
 20
-1.472601956468569
 30
64.95000000000001
 10
-6.95564992615103
 20
-1.398392281844289
 30
64.95000000000001
 10
-6.965303058330251
 20
-1.367589642328919
 30
64.95000000000001
  0
SPLINE
  5
B9
330
70
100
AcDbEntity
  8
RFID Module Enclosre 3.2 Face Plate v3_Sketch1
100
AcDbSpline
210
0.0
220
0.0
230
1.0
 70
     8
 71
     3
 72
     9
 73
     5
 74
     0
 42
0.000000001
 43
0.0000000001
 40
0.0
 40
0.0
 40
0.0
 40
0.0
 40
0.0200460340928101
 40
0.0414786839908283
 40
0.0414786839908283
 40
0.0414786839908283
 40
0.0414786839908283
 10
-25.73899095929731
 20
-2.302275707049069
 30
64.95000000000001
 10
-25.7644992216713
 20
-2.239941381563309
 30
64.95000000000001
 10
-25.8172801931725
 20
-2.110960966951899
 30
64.95000000000001
 10
-25.8233417779577
 20
-1.97163921897366
 30
64.95000000000001
 10
-25.82647388852701
 20
-1.899649609846769
 30
64.95000000000001
  0
LINE
  5
BA
330
70
100
AcDbEntity
  8
RFID Module Enclosre 3.2 Face Plate v3_Sketch1
100
AcDbLine
 10
-70.62659684242859
 20
-1.1516959565112
 30
64.95000000000001
 11
-70.4229814154114
 21
-1.1516959565112
 31
64.95000000000001
  0
LINE
  5
BB
330
70
100
AcDbEntity
  8
RFID Module Enclosre 3.2 Face Plate v3_Sketch1
100
AcDbLine
 10
-70.4362827879395
 20
-2.65169601611584
 30
64.95000000000001
 11
-70.62659684242859
 21
-2.65169601611584
 31
64.95000000000001
  0
SPLINE
  5
BC
330
70
100
AcDbEntity
  8
RFID Module Enclosre 3.2 Face Plate v3_Sketch1
100
AcDbSpline
210
0.0
220
0.0
230
1.0
 70
     8
 71
     3
 72
     9
 73
     5
 74
     0
 42
0.000000001
 43
0.0000000001
 40
0.0
 40
0.0
 40
0.0
 40
0.0
 40
0.0197670518313835
 40
0.0468801207528711
 40
0.0468801207528711
 40
0.0468801207528711
 40
0.0468801207528711
 10
-24.0778381196366
 20
-1.8940220373103
 30
64.95000000000001
 10
-24.0226594214205
 20
-1.855609577668589
 30
64.95000000000001
 10
-23.8917959999339
 20
-1.76450946006991
 30
64.95000000000001
 10
-23.7309122126434
 20
-1.762614484773959
 30
64.95000000000001
 10
-23.6378652421342
 20
-1.76151852778882
 30
64.95000000000001
  0
SPLINE
  5
BD
330
70
100
AcDbEntity
  8
RFID Module Enclosre 3.2 Face Plate v3_Sketch1
100
AcDbSpline
210
0.0
220
0.0
230
1.0
 70
     8
 71
     3
 72
     9
 73
     5
 74
     0
 42
0.000000001
 43
0.0000000001
 40
0.0
 40
0.0
 40
0.0
 40
0.0
 40
0.0154285213100797
 40
0.031440194967068
 40
0.031440194967068
 40
0.031440194967068
 40
0.031440194967068
 10
-5.736448402110769
 20
-2.52277370266408
 30
64.95000000000001
 10
-5.7736914861675
 20
-2.48655963900016
 30
64.95000000000001
 10
-5.84958533240106
 20
-2.412762727471149
 30
64.95000000000001
 10
-5.892246346760999
 20
-2.315829577031789
 30
64.95000000000001
 10
-5.913972491924001
 20
-2.26646404437512
 30
64.95000000000001
  0
SPLINE
  5
BE
330
70
100
AcDbEntity
  8
RFID Module Enclosre 3.2 Face Plate v3_Sketch1
100
AcDbSpline
210
0.0
220
0.0
230
1.0
 70
     8
 71
     3
 72
     9
 73
     5
 74
     0
 42
0.000000001
 43
0.0000000001
 40
0.0
 40
0.0
 40
0.0
 40
0.0
 40
0.009427358610627
 40
0.0190345050740246
 40
0.0190345050740246
 40
0.0190345050740246
 40
0.0190345050740246
 10
-47.4182316747493
 20
-2.26799886397809
 30
64.95000000000001
 10
-47.4159761060596
 20
-2.236276600845529
 30
64.95000000000001
 10
-47.41142195304149
 20
-2.172227103685699
 30
64.95000000000001
 10
-47.3812682554704
 20
-2.11551673601177
 30
64.95000000000001
 10
-47.36604900034129
 20
-2.086893727106749
 30
64.95000000000001
  0
SPLINE
  5
BF
330
70
100
AcDbEntity
  8
RFID Module Enclosre 3.2 Face Plate v3_Sketch1
100
AcDbSpline
210
0.0
220
0.0
230
1.0
 70
     8
 71
     3
 72
     9
 73
     5
 74
     0
 42
0.000000001
 43
0.0000000001
 40
0.0
 40
0.0
 40
0.0
 40
0.0
 40
0.0106212913875893
 40
0.0253353487550972
 40
0.0253353487550972
 40
0.0253353487550972
 40
0.0253353487550972
 10
-6.965303058330251
 20
-1.367589642328919
 30
64.95000000000001
 10
-6.976130945612199
 20
-1.40129823361637
 30
64.95000000000001
 10
-7.00195909499237
 20
-1.48170455005624
 30
64.95000000000001
 10
-7.02925727752622
 20
-1.561624556026399
 30
64.95000000000001
 10
-7.04511129349871
 20
-1.608039845747649
 30
64.95000000000001
  0
LINE
  5
C0
330
70
100
AcDbEntity
  8
RFID Module Enclosre 3.2 Face Plate v3_Sketch1
100
AcDbLine
 10
-46.93016857774909
 20
-1.1516959565112
 30
64.95000000000001
 11
-46.35820479067031
 21
-1.1516959565112
 31
64.95000000000001
  0
SPLINE
  5
C1
330
70
100
AcDbEntity
  8
RFID Module Enclosre 3.2 Face Plate v3_Sketch1
100
AcDbSpline
210
0.0
220
0.0
230
1.0
 70
     8
 71
     3
 72
     9
 73
     5
 74
     0
 42
0.000000001
 43
0.0000000001
 40
0.0
 40
0.0
 40
0.0
 40
0.0
 40
0.0179232253063317
 40
0.0352468281490635
 40
0.0352468281490635
 40
0.0352468281490635
 40
0.0352468281490635
 10
-24.1995978919373
 20
-2.21786241702527
 30
64.95000000000001
 10
-24.1948789878324
 20
-2.15692499146262
 30
64.95000000000001
 10
-24.1855990508123
 20
-2.037088805176749
 30
64.95000000000001
 10
-24.1133487201478
 20
-1.9411670163366
 30
64.95000000000001
 10
-24.0778381196366
 20
-1.8940220373103
 30
64.95000000000001
  0
LINE
  5
C2
330
70
100
AcDbEntity
  8
RFID Module Enclosre 3.2 Face Plate v3_Sketch1
100
AcDbLine
 10
-69.6351236444916
 20
-1.1516959565112
 30
64.95000000000001
 11
-69.44480959000239
 21
-1.1516959565112
 31
64.95000000000001
  0
LINE
  5
C3
330
70
100
AcDbEntity
  8
RFID Module Enclosre 3.2 Face Plate v3_Sketch1
100
AcDbLine
 10
23.1375213852389
 20
-1.1516959565112
 30
64.95000000000001
 11
23.3871802082523
 21
-1.1516959565112
 31
64.95000000000001
  0
SPLINE
  5
C4
330
70
100
AcDbEntity
  8
RFID Module Enclosre 3.2 Face Plate v3_Sketch1
100
AcDbSpline
210
0.0
220
0.0
230
1.0
 70
     8
 71
     3
 72
     9
 73
     5
 74
     0
 42
0.000000001
 43
0.0000000001
 40
0.0
 40
0.0
 40
0.0
 40
0.0
 40
0.0044832169294192
 40
0.0110851908972643
 40
0.0110851908972643
 40
0.0110851908972643
 40
0.0110851908972643
 10
23.9202626934512
 20
-1.81063186101407
 30
64.95000000000001
 10
23.9350784240975
 20
-1.81270261937611
 30
64.95000000000001
 10
23.97171176240821
 20
-1.81782277129084
 30
64.95000000000001
 10
24.00872403328201
 20
-1.81780489793472
 30
64.95000000000001
 10
24.030767320679
 20
-1.8177942531535
 30
64.95000000000001
  0
LINE
  5
C5
330
70
100
AcDbEntity
  8
RFID Module Enclosre 3.2 Face Plate v3_Sketch1
100
AcDbLine
 10
24.7367712250217
 20
-1.1516959565112
 30
64.95000000000001
 11
25.8561428776248
 21
-1.1516959565112
 31
64.95000000000001
  0
SPLINE
  5
C6
330
70
100
AcDbEntity
  8
RFID Module Enclosre 3.2 Face Plate v3_Sketch1
100
AcDbSpline
210
0.0
220
0.0
230
1.0
 70
     8
 71
     3
 72
     9
 73
     5
 74
     0
 42
0.000000001
 43
0.0000000001
 40
0.0
 40
0.0
 40
0.0
 40
0.0
 40
0.0109255899904392
 40
0.0222642684598826
 40
0.0222642684598826
 40
0.0222642684598826
 40
0.0222642684598826
 10
23.4894987335666
 20
-2.61127989463299
 30
64.95000000000001
 10
23.4562735952246
 20
-2.594921955148989
 30
64.95000000000001
 10
23.388567100627
 20
-2.56158759458437
 30
64.95000000000001
 10
23.3449381800851
 20
-2.49994013316746
 30
64.95000000000001
 10
23.3227189770206
 20
-2.46854450277775
 30
64.95000000000001
  0
LINE
  5
C7
330
70
100
AcDbEntity
  8
RFID Module Enclosre 3.2 Face Plate v3_Sketch1
100
AcDbLine
 10
25.8561428776248
 20
-1.1516959565112
 30
64.95000000000001
 11
25.8561428776248
 21
-2.65169601611584
 31
64.95000000000001
  0
LINE
  5
C8
330
70
100
AcDbEntity
  8
RFID Module Enclosre 3.2 Face Plate v3_Sketch1
100
AcDbLine
 10
23.3984347572787
 20
-1.55994962624997
 30
64.95000000000001
 11
23.1375213852389
 21
-1.1516959565112
 31
64.95000000000001
  0
LINE
  5
C9
330
70
100
AcDbEntity
  8
RFID Module Enclosre 3.2 Face Plate v3_Sketch1
100
AcDbLine
 10
25.6576439133151
 20
-2.47468363217801
 30
64.95000000000001
 11
25.6576439133151
 21
-2.015270401758849
 31
64.95000000000001
  0
LINE
  5
CA
330
70
100
AcDbEntity
  8
RFID Module Enclosre 3.2 Face Plate v3_Sketch1
100
AcDbLine
 10
24.82783520130951
 20
-2.015270401758849
 30
64.95000000000001
 11
24.82783520130951
 21
-1.83928113154858
 31
64.95000000000001
  0
LINE
  5
CB
330
70
100
AcDbEntity
  8
RFID Module Enclosre 3.2 Face Plate v3_Sketch1
100
AcDbLine
 10
10.9040082647835
 20
-1.1516959565112
 30
64.95000000000001
 11
11.4452774479424
 21
-1.151695956511199
 31
64.95000000000001
  0
SPLINE
  5
CC
330
70
100
AcDbEntity
  8
RFID Module Enclosre 3.2 Face Plate v3_Sketch1
100
AcDbSpline
210
0.0
220
0.0
230
1.0
 70
     8
 71
     3
 72
     9
 73
     5
 74
     0
 42
0.000000001
 43
0.0000000001
 40
0.0
 40
0.0
 40
0.0
 40
0.0
 40
0.0154285213100797
 40
0.031440194967068
 40
0.031440194967068
 40
0.031440194967068
 40
0.031440194967068
 10
10.4415256931817
 20
-2.52277370266408
 30
64.95000000000001
 10
10.4042826091249
 20
-2.48655963900016
 30
64.95000000000001
 10
10.3283887628914
 20
-2.412762727471149
 30
64.95000000000001
 10
10.2857277485314
 20
-2.315829577031789
 30
64.95000000000001
 10
10.2640016033684
 20
-2.26646404437512
 30
64.95000000000001
  0
SPLINE
  5
CD
330
70
100
AcDbEntity
  8
RFID Module Enclosre 3.2 Face Plate v3_Sketch1
100
AcDbSpline
210
0.0
220
0.0
230
1.0
 70
     8
 71
     3
 72
     9
 73
     5
 74
     0
 42
0.000000001
 43
0.0000000001
 40
0.0
 40
0.0
 40
0.0
 40
0.0
 40
0.0051048147471759
 40
0.0099300306250652
 40
0.0099300306250652
 40
0.0099300306250652
 40
0.0099300306250652
 10
23.8297101250156
 20
-1.770727296395
 30
64.95000000000001
 10
23.8443821043511
 20
-1.779495261087169
 30
64.95000000000001
 10
23.8729224552449
 20
-1.796550955020209
 30
64.95000000000001
 10
23.9047816325953
 20
-1.80602716592049
 30
64.95000000000001
 10
23.9202626934512
 20
-1.81063186101407
 30
64.95000000000001
  0
SPLINE
  5
CE
330
70
100
AcDbEntity
  8
RFID Module Enclosre 3.2 Face Plate v3_Sketch1
100
AcDbSpline
210
0.0
220
0.0
230
1.0
 70
     8
 71
     3
 72
     9
 73
     5
 74
     0
 42
0.000000001
 43
0.0000000001
 40
0.0
 40
0.0
 40
0.0
 40
0.0
 40
0.0123411159062355
 40
0.025925169824112
 40
0.025925169824112
 40
0.025925169824112
 40
0.025925169824112
 10
23.5631688824161
 20
-1.75947230033368
 30
64.95000000000001
 10
23.5339991079237
 20
-1.7303302651814
 30
64.95000000000001
 10
23.4727217191372
 20
-1.66911114884839
 30
64.95000000000001
 10
23.4239760866116
 20
-1.597481520534149
 30
64.95000000000001
 10
23.3984347572787
 20
-1.55994962624997
 30
64.95000000000001
  0
LINE
  5
CF
330
70
100
AcDbEntity
  8
RFID Module Enclosre 3.2 Face Plate v3_Sketch1
100
AcDbLine
 10
25.8561428776248
 20
-2.65169601611584
 30
64.95000000000001
 11
24.7715588798984
 21
-2.65169601611584
 31
64.95000000000001
  0
LINE
  5
D0
330
70
100
AcDbEntity
  8
RFID Module Enclosre 3.2 Face Plate v3_Sketch1
100
AcDbLine
 10
30.667193769501
 20
-1.1516959565112
 30
64.95000000000001
 11
30.8656930318339
 21
-1.1516959565112
 31
64.95000000000001
  0
LINE
  5
D1
330
70
100
AcDbEntity
  8
RFID Module Enclosre 3.2 Face Plate v3_Sketch1
100
AcDbLine
 10
23.3871802082523
 20
-1.1516959565112
 30
64.95000000000001
 11
23.5856791725619
 21
-1.463769783301049
 31
64.95000000000001
  0
LINE
  5
D2
330
70
100
AcDbEntity
  8
RFID Module Enclosre 3.2 Face Plate v3_Sketch1
100
AcDbLine
 10
24.7367712250217
 20
-1.32870834044903
 30
64.95000000000001
 11
24.7367712250217
 21
-1.151695956511199
 31
64.95000000000001
  0
SPLINE
  5
D3
330
70
100
AcDbEntity
  8
RFID Module Enclosre 3.2 Face Plate v3_Sketch1
100
AcDbSpline
210
0.0
220
0.0
230
1.0
 70
     8
 71
     3
 72
     9
 73
     5
 74
     0
 42
0.000000001
 43
0.0000000001
 40
0.0
 40
0.0
 40
0.0
 40
0.0
 40
0.0149335700808419
 40
0.0293887381381363
 40
0.0293887381381363
 40
0.0293887381381363
 40
0.0293887381381363
 10
23.2603033771976
 20
-2.24241893462628
 30
64.95000000000001
 10
23.2643216799687
 20
-2.191609877841429
 30
64.95000000000001
 10
23.2722295578077
 20
-2.0916194497782
 30
64.95000000000001
 10
23.3335062887913
 20
-2.01232251428027
 30
64.95000000000001
 10
23.3636459103091
 20
-1.97331946067303
 30
64.95000000000001
  0
LINE
  5
D4
330
70
100
AcDbEntity
  8
RFID Module Enclosre 3.2 Face Plate v3_Sketch1
100
AcDbLine
 10
24.82783520130951
 20
-1.83928113154858
 30
64.95000000000001
 11
25.6576439133151
 21
-1.83928113154858
 31
64.95000000000001
  0
LINE
  5
D5
330
70
100
AcDbEntity
  8
RFID Module Enclosre 3.2 Face Plate v3_Sketch1
100
AcDbLine
 10
24.2609854927524
 20
-1.1516959565112
 30
64.95000000000001
 11
24.45948564915501
 21
-1.1516959565112
 31
64.95000000000001
  0
LINE
  5
D6
330
70
100
AcDbEntity
  8
RFID Module Enclosre 3.2 Face Plate v3_Sketch1
100
AcDbLine
 10
-7.044088477794359
 20
-1.1516959565112
 30
64.95000000000001
 11
-6.865028972331709
 21
-1.1516959565112
 31
64.95000000000001
  0
LINE
  5
D7
330
70
100
AcDbEntity
  8
RFID Module Enclosre 3.2 Face Plate v3_Sketch1
100
AcDbLine
 10
24.2609854927524
 20
-1.8177942531535
 30
64.95000000000001
 11
24.2609854927524
 21
-1.151695956511199
 31
64.95000000000001
  0
SPLINE
  5
D8
330
70
100
AcDbEntity
  8
RFID Module Enclosre 3.2 Face Plate v3_Sketch1
100
AcDbSpline
210
0.0
220
0.0
230
1.0
 70
     8
 71
     3
 72
     9
 73
     5
 74
     0
 42
0.000000001
 43
0.0000000001
 40
0.0
 40
0.0
 40
0.0
 40
0.0
 40
0.0161461300549071
 40
0.0306299225686195
 40
0.0306299225686195
 40
0.0306299225686195
 40
0.0306299225686195
 10
10.2051682426964
 20
-1.909881492180529
 30
64.95000000000001
 10
10.2064392099662
 20
-1.85588488019745
 30
64.95000000000001
 10
10.2088502910691
 20
-1.75345091996147
 30
64.95000000000001
 10
10.2334432374314
 20
-1.654029337006349
 30
64.95000000000001
 10
10.2450723602807
 20
-1.60701643399686
 30
64.95000000000001
  0
LINE
  5
D9
330
70
100
AcDbEntity
  8
RFID Module Enclosre 3.2 Face Plate v3_Sketch1
100
AcDbLine
 10
-7.479967708293631
 20
-1.1516959565112
 30
64.95000000000001
 11
-7.479967708293631
 21
-2.40715305976361
 31
64.95000000000001
  0
LINE
  5
DA
330
70
100
AcDbEntity
  8
RFID Module Enclosre 3.2 Face Plate v3_Sketch1
100
AcDbLine
 10
11.4452774479424
 20
-2.65169601611584
 30
64.95000000000001
 11
10.9285647823845
 21
-2.65169601611584
 31
64.95000000000001
  0
LINE
  5
DB
330
70
100
AcDbEntity
  8
RFID Module Enclosre 3.2 Face Plate v3_Sketch1
100
AcDbLine
 10
-7.04511129349871
 20
-1.608039845747649
 30
64.95000000000001
 11
-7.404251928035449
 21
-2.65169601611584
 31
64.95000000000001
  0
SPLINE
  5
DC
330
70
100
AcDbEntity
  8
RFID Module Enclosre 3.2 Face Plate v3_Sketch1
100
AcDbSpline
210
0.0
220
0.0
230
1.0
 70
     8
 71
     3
 72
     9
 73
     5
 74
     0
 42
0.000000001
 43
0.0000000001
 40
0.0
 40
0.0
 40
0.0
 40
0.0
 40
0.0172889750571634
 40
0.0362878415072102
 40
0.0362878415072102
 40
0.0362878415072102
 40
0.0362878415072102
 10
10.2640016033684
 20
-2.26646404437512
 30
64.95000000000001
 10
10.2468521244964
 20
-2.211156149456449
 30
64.95000000000001
 10
10.210857071627
 20
-2.09507037119196
 30
64.95000000000001
 10
10.2071231664946
 20
-1.97352027463601
 30
64.95000000000001
 10
10.2051682426964
 20
-1.909881492180529
 30
64.95000000000001
  0
SPLINE
  5
DD
330
70
100
AcDbEntity
  8
RFID Module Enclosre 3.2 Face Plate v3_Sketch1
100
AcDbSpline
210
0.0
220
0.0
230
1.0
 70
     8
 71
     3
 72
     9
 73
     5
 74
     0
 42
0.000000001
 43
0.0000000001
 40
0.0
 40
0.0
 40
0.0
 40
0.0
 40
0.0091602247739981
 40
0.0189774815571529
 40
0.0189774815571529
 40
0.0189774815571529
 40
0.0189774815571529
 10
29.8864980926974
 20
-2.56728257708043
 30
64.95000000000001
 10
29.8625731453677
 20
-2.54782689546967
 30
64.95000000000001
 10
29.8130071949781
 20
-2.50752004186516
 30
64.95000000000001
 10
29.7822066141233
 20
-2.451487301391789
 30
64.95000000000001
 10
29.7662731399997
 20
-2.422500957770049
 30
64.95000000000001
  0
LINE
  5
DE
330
70
100
AcDbEntity
  8
RFID Module Enclosre 3.2 Face Plate v3_Sketch1
100
AcDbLine
 10
-7.67130577058001
 20
-1.1516959565112
 30
64.95000000000001
 11
-7.479967708293632
 21
-1.1516959565112
 31
64.95000000000001
  0
LINE
  5
DF
330
70
100
AcDbEntity
  8
RFID Module Enclosre 3.2 Face Plate v3_Sketch1
100
AcDbLine
 10
24.030767320679
 20
-1.8177942531535
 30
64.95000000000001
 11
24.2609854927524
 21
-1.8177942531535
 31
64.95000000000001
  0
SPLINE
  5
E0
330
70
100
AcDbEntity
  8
RFID Module Enclosre 3.2 Face Plate v3_Sketch1
100
AcDbSpline
210
0.0
220
0.0
230
1.0
 70
     8
 71
     3
 72
     9
 73
     5
 74
     0
 42
0.000000001
 43
0.0000000001
 40
0.0
 40
0.0
 40
0.0
 40
0.0
 40
0.0197670518313835
 40
0.0468801207528711
 40
0.0468801207528711
 40
0.0468801207528711
 40
0.0468801207528711
 10
29.84250032811
 20
-1.8940220373103
 30
64.95000000000001
 10
29.8976790263262
 20
-1.855609577668589
 30
64.95000000000001
 10
30.0285424478127
 20
-1.76450946006991
 30
64.95000000000001
 10
30.1894262351033
 20
-1.762614484773959
 30
64.95000000000001
 10
30.28247320561251
 20
-1.76151852778882
 30
64.95000000000001
  0
LINE
  5
E1
330
70
100
AcDbEntity
  8
RFID Module Enclosre 3.2 Face Plate v3_Sketch1
100
AcDbLine
 10
24.7715588798984
 20
-2.65169601611584
 30
64.95000000000001
 11
24.7715588798984
 21
-2.47468363217801
 31
64.95000000000001
  0
LINE
  5
E2
330
70
100
AcDbEntity
  8
RFID Module Enclosre 3.2 Face Plate v3_Sketch1
100
AcDbLine
 10
-7.479967708293631
 20
-2.40715305976361
 30
64.95000000000001
 11
-7.044088477794359
 21
-1.151695956511199
 31
64.95000000000001
  0
SPLINE
  5
E3
330
70
100
AcDbEntity
  8
RFID Module Enclosre 3.2 Face Plate v3_Sketch1
100
AcDbSpline
210
0.0
220
0.0
230
1.0
 70
     8
 71
     3
 72
     9
 73
     5
 74
     0
 42
0.000000001
 43
0.0000000001
 40
0.0
 40
0.0
 40
0.0
 40
0.0
 40
0.0126525318149478
 40
0.0246640981580789
 40
0.0246640981580789
 40
0.0246640981580789
 40
0.0246640981580789
 10
10.6615121319329
 20
-2.63020898870915
 30
64.95000000000001
 10
10.6205330749977
 20
-2.61866639327678
 30
64.95000000000001
 10
10.5406509219663
 20
-2.59616593954099
 30
64.95000000000001
 10
10.4739899791876
 20
-2.546810232998479
 30
64.95000000000001
 10
10.4415256931817
 20
-2.52277370266408
 30
64.95000000000001
  0
SPLINE
  5
E4
330
70
100
AcDbEntity
  8
RFID Module Enclosre 3.2 Face Plate v3_Sketch1
100
AcDbSpline
210
0.0
220
0.0
230
1.0
 70
     8
 71
     3
 72
     9
 73
     5
 74
     0
 42
0.000000001
 43
0.0000000001
 40
0.0
 40
0.0
 40
0.0
 40
0.0
 40
0.0101188795825949
 40
0.0193581959823963
 40
0.0193581959823963
 40
0.0193581959823963
 40
0.0193581959823963
 10
10.3473920776879
 20
-1.388565112871819
 30
64.95000000000001
 10
10.3680742198859
 20
-1.36169828123562
 30
64.95000000000001
 10
10.4076407508183
 20
-1.31029996307259
 30
64.95000000000001
 10
10.4593216735498
 20
-1.27116071339685
 30
64.95000000000001
 10
10.4839880421197
 20
-1.252480258269009
 30
64.95000000000001
  0
LINE
  5
E5
330
70
100
AcDbEntity
  8
RFID Module Enclosre 3.2 Face Plate v3_Sketch1
100
AcDbLine
 10
30.28247320561251
 20
-1.76151852778882
 30
64.95000000000001
 11
30.667193769501
 21
-1.76151852778882
 31
64.95000000000001
  0
SPLINE
  5
E6
330
70
100
AcDbEntity
  8
RFID Module Enclosre 3.2 Face Plate v3_Sketch1
100
AcDbSpline
210
0.0
220
0.0
230
1.0
 70
     8
 71
     3
 72
     9
 73
     5
 74
     0
 42
0.000000001
 43
0.0000000001
 40
0.0
 40
0.0
 40
0.0
 40
0.0
 40
0.014316862189772
 40
0.0251532316694674
 40
0.0251532316694674
 40
0.0251532316694674
 40
0.0251532316694674
 10
23.5856791725619
 20
-1.463769783301049
 30
64.95000000000001
 10
23.6116194969521
 20
-1.50384719503228
 30
64.95000000000001
 10
23.6571939377979
 20
-1.57425902191346
 30
64.95000000000001
 10
23.7073275507152
 20
-1.64149034329581
 30
64.95000000000001
 10
23.7289258232577
 20
-1.67045455150097
 30
64.95000000000001
  0
SPLINE
  5
E7
330
70
100
AcDbEntity
  8
RFID Module Enclosre 3.2 Face Plate v3_Sketch1
100
AcDbSpline
210
0.0
220
0.0
230
1.0
 70
     8
 71
     3
 72
     9
 73
     5
 74
     0
 42
0.000000001
 43
0.0000000001
 40
0.0
 40
0.0
 40
0.0
 40
0.0
 40
0.0080937526149838
 40
0.0142608571111521
 40
0.0142608571111521
 40
0.0142608571111521
 40
0.0142608571111521
 10
23.7289258232577
 20
-1.67045455150097
 30
64.95000000000001
 10
23.7458582924677
 20
-1.69161615552312
 30
64.95000000000001
 10
23.775692602389
 20
-1.72890202594174
 30
64.95000000000001
 10
23.8134024917301
 20
-1.75810044607953
 30
64.95000000000001
 10
23.8297101250156
 20
-1.770727296395
 30
64.95000000000001
  0
LINE
  5
E8
330
70
100
AcDbEntity
  8
RFID Module Enclosre 3.2 Face Plate v3_Sketch1
100
AcDbLine
 10
-7.404251928035449
 20
-2.65169601611584
 30
64.95000000000001
 11
-7.671305770580009
 21
-2.65169601611584
 31
64.95000000000001
  0
SPLINE
  5
E9
330
70
100
AcDbEntity
  8
RFID Module Enclosre 3.2 Face Plate v3_Sketch1
100
AcDbSpline
210
0.0
220
0.0
230
1.0
 70
     8
 71
     3
 72
     9
 73
     5
 74
     0
 42
0.000000001
 43
0.0000000001
 40
0.0
 40
0.0
 40
0.0
 40
0.0
 40
0.0105011196545973
 40
0.0199226263010174
 40
0.0199226263010174
 40
0.0199226263010174
 40
0.0199226263010174
 10
30.0716956844791
 20
-2.637371231836969
 30
64.95000000000001
 10
30.0371139813172
 20
-2.630358058047909
 30
64.95000000000001
 10
29.9715058965026
 20
-2.61705273012294
 30
64.95000000000001
 10
29.9137915073634
 20
-2.58326225617074
 30
64.95000000000001
 10
29.8864980926974
 20
-2.56728257708043
 30
64.95000000000001
  0
SPLINE
  5
EA
330
70
100
AcDbEntity
  8
RFID Module Enclosre 3.2 Face Plate v3_Sketch1
100
AcDbSpline
210
0.0
220
0.0
230
1.0
 70
     8
 71
     3
 72
     9
 73
     5
 74
     0
 42
0.000000001
 43
0.0000000001
 40
0.0
 40
0.0
 40
0.0
 40
0.0
 40
0.0176790246314079
 40
0.0308729306715318
 40
0.0308729306715318
 40
0.0308729306715318
 40
0.0308729306715318
 10
23.7944098701938
 20
-2.65169601611584
 30
64.95000000000001
 10
23.7351523658317
 20
-2.65124009275298
 30
64.95000000000001
 10
23.6316708185132
 20
-2.650443912496049
 30
64.95000000000001
 10
23.5320660079681
 20
-2.62300586387422
 30
64.95000000000001
 10
23.4894987335666
 20
-2.61127989463299
 30
64.95000000000001
  0
LINE
  5
EB
330
70
100
AcDbEntity
  8
RFID Module Enclosre 3.2 Face Plate v3_Sketch1
100
AcDbLine
 10
24.7715588798984
 20
-2.47468363217801
 30
64.95000000000001
 11
25.6576439133151
 21
-2.47468363217801
 31
64.95000000000001
  0
LINE
  5
EC
330
70
100
AcDbEntity
  8
RFID Module Enclosre 3.2 Face Plate v3_Sketch1
100
AcDbLine
 10
25.6576439133151
 20
-2.015270401758849
 30
64.95000000000001
 11
24.8278352013095
 21
-2.015270401758849
 31
64.95000000000001
  0
LINE
  5
ED
330
70
100
AcDbEntity
  8
RFID Module Enclosre 3.2 Face Plate v3_Sketch1
100
AcDbLine
 10
25.6576439133151
 20
-1.83928113154858
 30
64.95000000000001
 11
25.6576439133151
 21
-1.32870834044903
 31
64.95000000000001
  0
LINE
  5
EE
330
70
100
AcDbEntity
  8
RFID Module Enclosre 3.2 Face Plate v3_Sketch1
100
AcDbLine
 10
25.6576439133151
 20
-1.32870834044903
 30
64.95000000000001
 11
24.7367712250217
 21
-1.32870834044903
 31
64.95000000000001
  0
LINE
  5
EF
330
70
100
AcDbEntity
  8
RFID Module Enclosre 3.2 Face Plate v3_Sketch1
100
AcDbLine
 10
43.05158567573339
 20
-1.32870834044903
 30
64.95000000000001
 11
43.05158567573339
 21
-1.151695956511199
 31
64.95000000000001
  0
LINE
  5
F0
330
70
100
AcDbEntity
  8
RFID Module Enclosre 3.2 Face Plate v3_Sketch1
100
AcDbLine
 10
43.05158567573339
 20
-1.1516959565112
 30
64.95000000000001
 11
44.17095852042939
 21
-1.1516959565112
 31
64.95000000000001
  0
LINE
  5
F1
330
70
100
AcDbEntity
  8
RFID Module Enclosre 3.2 Face Plate v3_Sketch1
100
AcDbLine
 10
-7.67130577058001
 20
-2.65169601611584
 30
64.95000000000001
 11
-7.67130577058001
 21
-1.1516959565112
 31
64.95000000000001
  0
SPLINE
  5
F2
330
70
100
AcDbEntity
  8
RFID Module Enclosre 3.2 Face Plate v3_Sketch1
100
AcDbSpline
210
0.0
220
0.0
230
1.0
 70
     8
 71
     3
 72
     9
 73
     5
 74
     0
 42
0.000000001
 43
0.0000000001
 40
0.0
 40
0.0
 40
0.0
 40
0.0
 40
0.0114300569924929
 40
0.0242742772561422
 40
0.0242742772561422
 40
0.0242742772561422
 40
0.0242742772561422
 10
10.6630463554894
 20
-1.177275885863009
 30
64.95000000000001
 10
10.7004898907081
 20
-1.16982190962493
 30
64.95000000000001
 10
10.7800095952858
 20
-1.153991727327269
 30
64.95000000000001
 10
10.8611006491781
 20
-1.15249036867782
 30
64.95000000000001
 10
10.9040082647835
 20
-1.1516959565112
 30
64.95000000000001
  0
LINE
  5
F3
330
70
100
AcDbEntity
  8
RFID Module Enclosre 3.2 Face Plate v3_Sketch1
100
AcDbLine
 10
-6.86502897233171
 20
-1.1516959565112
 30
64.95000000000001
 11
-6.431195373241141
 21
-2.428640087170299
 31
64.95000000000001
  0
SPLINE
  5
F4
330
70
100
AcDbEntity
  8
RFID Module Enclosre 3.2 Face Plate v3_Sketch1
100
AcDbSpline
210
0.0
220
0.0
230
1.0
 70
     8
 71
     3
 72
     9
 73
     5
 74
     0
 42
0.000000001
 43
0.0000000001
 40
0.0
 40
0.0
 40
0.0
 40
0.0
 40
0.0092748972192525
 40
0.0194956934972884
 40
0.0194956934972884
 40
0.0194956934972884
 40
0.0194956934972884
 10
10.4839880421197
 20
-1.252480258269009
 30
64.95000000000001
 10
10.5107693810951
 20
-1.23675742434281
 30
64.95000000000001
 10
10.5670633500491
 20
-1.20370826553404
 30
64.95000000000001
 10
10.6300336156882
 20
-1.186367133510489
 30
64.95000000000001
 10
10.6630463554894
 20
-1.177275885863009
 30
64.95000000000001
  0
LINE
  5
F5
330
70
100
AcDbEntity
  8
RFID Module Enclosre 3.2 Face Plate v3_Sketch1
100
AcDbLine
 10
30.667193769501
 20
-1.76151852778882
 30
64.95000000000001
 11
30.667193769501
 21
-1.1516959565112
 31
64.95000000000001
  0
SPLINE
  5
F6
330
70
100
AcDbEntity
  8
RFID Module Enclosre 3.2 Face Plate v3_Sketch1
100
AcDbSpline
210
0.0
220
0.0
230
1.0
 70
     8
 71
     3
 72
     9
 73
     5
 74
     0
 42
0.000000001
 43
0.0000000001
 40
0.0
 40
0.0
 40
0.0
 40
0.0
 40
0.0128917206672548
 40
0.024204546946079
 40
0.024204546946079
 40
0.024204546946079
 40
0.024204546946079
 10
10.2450723602807
 20
-1.60701643399686
 30
64.95000000000001
 10
10.2585469689035
 20
-1.566004745517
 30
64.95000000000001
 10
10.2838459034218
 20
-1.489004214341189
 30
64.95000000000001
 10
10.3271516498386
 20
-1.420556501968339
 30
64.95000000000001
 10
10.3473920776879
 20
-1.388565112871819
 30
64.95000000000001
  0
LINE
  5
F7
330
70
100
AcDbEntity
  8
RFID Module Enclosre 3.2 Face Plate v3_Sketch1
100
AcDbLine
 10
30.8656930318339
 20
-1.1516959565112
 30
64.95000000000001
 11
30.8656930318339
 21
-2.65169601611584
 31
64.95000000000001
  0
LINE
  5
F8
330
70
100
AcDbEntity
  8
RFID Module Enclosre 3.2 Face Plate v3_Sketch1
100
AcDbLine
 10
30.8656930318339
 20
-2.65169601611584
 30
64.95000000000001
 11
30.2998676290973
 21
-2.65169601611584
 31
64.95000000000001
  0
SPLINE
  5
F9
330
70
100
AcDbEntity
  8
RFID Module Enclosre 3.2 Face Plate v3_Sketch1
100
AcDbSpline
210
0.0
220
0.0
230
1.0
 70
     8
 71
     3
 72
     9
 73
     5
 74
     0
 42
0.000000001
 43
0.0000000001
 40
0.0
 40
0.0
 40
0.0
 40
0.0
 40
0.0103510128777759
 40
0.0211037945656492
 40
0.0211037945656492
 40
0.0211037945656492
 40
0.0211037945656492
 10
29.7662731399997
 20
-2.422500957770049
 30
64.95000000000001
 10
29.7529944734578
 20
-2.39035549214673
 30
64.95000000000001
 10
29.72592173631451
 20
-2.32481685252353
 30
64.95000000000001
 10
29.722489792176
 20
-2.253963524887899
 30
64.95000000000001
 10
29.72074115185581
 20
-2.21786241702527
 30
64.95000000000001
  0
SPLINE
  5
FA
330
70
100
AcDbEntity
  8
RFID Module Enclosre 3.2 Face Plate v3_Sketch1
100
AcDbSpline
210
0.0
220
0.0
230
1.0
 70
     8
 71
     3
 72
     9
 73
     5
 74
     0
 42
0.000000001
 43
0.0000000001
 40
0.0
 40
0.0
 40
0.0
 40
0.0
 40
0.0131785065374082
 40
0.0228817221841348
 40
0.0228817221841348
 40
0.0228817221841348
 40
0.0228817221841348
 10
30.2998676290973
 20
-2.65169601611584
 30
64.95000000000001
 10
30.2558823882961
 20
-2.6515591635313
 30
64.95000000000001
 10
30.1795112109279
 20
-2.65132154762158
 30
64.95000000000001
 10
30.103801233019
 20
-2.64152538806402
 30
64.95000000000001
 10
30.0716956844791
 20
-2.637371231836969
 30
64.95000000000001
  0
LINE
  5
FB
330
70
100
AcDbEntity
  8
RFID Module Enclosre 3.2 Face Plate v3_Sketch1
100
AcDbLine
 10
11.4452774479424
 20
-1.1516959565112
 30
64.95000000000001
 11
11.4452774479424
 21
-2.65169601611584
 31
64.95000000000001
  0
SPLINE
  5
FC
330
70
100
AcDbEntity
  8
RFID Module Enclosre 3.2 Face Plate v3_Sketch1
100
AcDbSpline
210
0.0
220
0.0
230
1.0
 70
     8
 71
     3
 72
     9
 73
     5
 74
     0
 42
0.000000001
 43
0.0000000001
 40
0.0
 40
0.0
 40
0.0
 40
0.0
 40
0.0179232354292452
 40
0.0352467754318505
 40
0.0352467754318505
 40
0.0352467754318505
 40
0.0352467754318505
 10
29.72074115185581
 20
-2.21786241702527
 30
64.95000000000001
 10
29.7254603649351
 20
-2.15692504132983
 30
64.95000000000001
 10
29.73474089044501
 20
-2.03708920002639
 30
64.95000000000001
 10
29.8069902705115
 20
-1.94116707906797
 30
64.95000000000001
 10
29.84250032811
 20
-1.8940220373103
 30
64.95000000000001
  0
LINE
  5
FD
330
70
100
AcDbEntity
  8
RFID Module Enclosre 3.2 Face Plate v3_Sketch1
100
AcDbLine
 10
24.45948564915501
 20
-1.1516959565112
 30
64.95000000000001
 11
24.45948564915501
 21
-2.65169601611584
 31
64.95000000000001
  0
LINE
  5
FE
330
70
100
AcDbEntity
  8
RFID Module Enclosre 3.2 Face Plate v3_Sketch1
100
AcDbLine
 10
24.45948564915501
 20
-2.65169601611584
 30
64.95000000000001
 11
23.7944098701938
 21
-2.65169601611584
 31
64.95000000000001
  0
SPLINE
  5
FF
330
70
100
AcDbEntity
  8
RFID Module Enclosre 3.2 Face Plate v3_Sketch1
100
AcDbSpline
210
0.0
220
0.0
230
1.0
 70
     8
 71
     3
 72
     9
 73
     5
 74
     0
 42
0.000000001
 43
0.0000000001
 40
0.0
 40
0.0
 40
0.0
 40
0.0
 40
0.0117425128726047
 40
0.0236883131002992
 40
0.0236883131002992
 40
0.0236883131002992
 40
0.0236883131002992
 10
23.3227189770206
 20
-2.46854450277775
 30
64.95000000000001
 10
23.3045151032034
 20
-2.433368534375179
 30
64.95000000000001
 10
23.2677922085983
 20
-2.362407628292599
 30
64.95000000000001
 10
23.2628138952236
 20
-2.28264333844199
 30
64.95000000000001
 10
23.2603033771976
 20
-2.24241893462628
 30
64.95000000000001
  0
SPLINE
  5
100
330
70
100
AcDbEntity
  8
RFID Module Enclosre 3.2 Face Plate v3_Sketch1
100
AcDbSpline
210
0.0
220
0.0
230
1.0
 70
     8
 71
     3
 72
     9
 73
     5
 74
     0
 42
0.000000001
 43
0.0000000001
 40
0.0
 40
0.0
 40
0.0
 40
0.0
 40
0.0154339600298107
 40
0.0268291444561163
 40
0.0268291444561163
 40
0.0268291444561163
 40
0.0268291444561163
 10
10.9285647823845
 20
-2.65169601611584
 30
64.95000000000001
 10
10.8770096570829
 20
-2.651483146236179
 30
64.95000000000001
 10
10.7873904082641
 20
-2.65111311050063
 30
64.95000000000001
 10
10.6990381321531
 20
-2.63644078741036
 30
64.95000000000001
 10
10.6615121319329
 20
-2.63020898870915
 30
64.95000000000001
  0
SPLINE
  5
101
330
70
100
AcDbEntity
  8
RFID Module Enclosre 3.2 Face Plate v3_Sketch1
100
AcDbSpline
210
0.0
220
0.0
230
1.0
 70
     8
 71
     3
 72
     9
 73
     5
 74
     0
 42
0.000000001
 43
0.0000000001
 40
0.0
 40
0.0
 40
0.0
 40
0.0
 40
0.0159068212119725
 40
0.0353271363608685
 40
0.0353271363608685
 40
0.0353271363608685
 40
0.0353271363608685
 10
23.3636459103091
 20
-1.97331946067303
 30
64.95000000000001
 10
23.4057987996123
 20
-1.93980788690129
 30
64.95000000000001
 10
23.4994152958671
 20
-1.865382712913
 30
64.95000000000001
 10
23.6178019639179
 20
-1.845238888628539
 30
64.95000000000001
 10
23.6828824272617
 20
-1.83416526488751
 30
64.95000000000001
  0
SPLINE
  5
102
330
70
100
AcDbEntity
  8
RFID Module Enclosre 3.2 Face Plate v3_Sketch1
100
AcDbSpline
210
0.0
220
0.0
230
1.0
 70
     8
 71
     3
 72
     9
 73
     5
 74
     0
 42
0.000000001
 43
0.0000000001
 40
0.0
 40
0.0
 40
0.0
 40
0.0
 40
0.0078863188380046
 40
0.0141433729380863
 40
0.0141433729380863
 40
0.0141433729380863
 40
0.0141433729380863
 10
23.6828824272617
 20
-1.83416526488751
 30
64.95000000000001
 10
23.659235568043
 20
-1.82248106240002
 30
64.95000000000001
 10
23.6168271445931
 20
-1.80152654145567
 30
64.95000000000001
 10
23.5796265109123
 20
-1.77237083727832
 30
64.95000000000001
 10
23.5631688824161
 20
-1.75947230033368
 30
64.95000000000001
  0
SPLINE
  5
103
330
70
100
AcDbEntity
  8
RFID Module Enclosre 3.2 Face Plate v3_Sketch1
100
AcDbSpline
210
0.0
220
0.0
230
1.0
 70
     8
 71
     3
 72
     9
 73
     5
 74
     0
 42
0.000000001
 43
0.0000000001
 40
0.0
 40
0.0
 40
0.0
 40
0.0
 40
0.0129282206950674
 40
0.0243465228924005
 40
0.0243465228924005
 40
0.0243465228924005
 40
0.0243465228924005
 10
41.88617003108769
 20
-2.214792777819329
 30
64.95000000000001
 10
41.8933236266882
 20
-2.25842764384699
 30
64.95000000000001
 10
41.90679533197211
 20
-2.34060115323444
 30
64.95000000000001
 10
41.9634527459975
 20
-2.40122919144912
 30
64.95000000000001
 10
41.9900245680979
 20
-2.42966320089787
 30
64.95000000000001
  0
SPLINE
  5
104
330
70
100
AcDbEntity
  8
RFID Module Enclosre 3.2 Face Plate v3_Sketch1
100
AcDbSpline
210
0.0
220
0.0
230
1.0
 70
     8
 71
     3
 72
     9
 73
     5
 74
     0
 42
0.000000001
 43
0.0000000001
 40
0.0
 40
0.0
 40
0.0
 40
0.0
 40
0.0117424891115554
 40
0.0236882815533924
 40
0.0236882815533924
 40
0.0236882815533924
 40
0.0236882815533924
 10
51.20376339496651
 20
-2.46854450277775
 30
64.95000000000001
 10
51.18555972072989
 20
-2.433368520682519
 30
64.95000000000001
 10
51.14883720333789
 20
-2.362407537889779
 30
64.95000000000001
 10
51.1438593001274
 20
-2.282643326318449
 30
64.95000000000001
 10
51.14134898723641
 20
-2.24241893462628
 30
64.95000000000001
  0
SPLINE
  5
105
330
70
100
AcDbEntity
  8
RFID Module Enclosre 3.2 Face Plate v3_Sketch1
100
AcDbSpline
210
0.0
220
0.0
230
1.0
 70
     8
 71
     3
 72
     9
 73
     5
 74
     0
 42
0.000000001
 43
0.0000000001
 40
0.0
 40
0.0
 40
0.0
 40
0.0
 40
0.0143518480378506
 40
0.0283286244622236
 40
0.0283286244622236
 40
0.0283286244622236
 40
0.0283286244622236
 10
42.54664075519349
 20
-1.18546139173001
 30
64.95000000000001
 10
42.58986299360251
 20
-1.20746782581216
 30
64.95000000000001
 10
42.6751778991863
 20
-1.250905577188959
 30
64.95000000000001
 10
42.7336735563182
 20
-1.3266416396077
 30
64.95000000000001
 10
42.762534142988
 20
-1.364008297247589
 30
64.95000000000001
  0
SPLINE
  5
106
330
70
100
AcDbEntity
  8
RFID Module Enclosre 3.2 Face Plate v3_Sketch1
100
AcDbSpline
210
0.0
220
0.0
230
1.0
 70
     8
 71
     3
 72
     9
 73
     5
 74
     0
 42
0.000000001
 43
0.0000000001
 40
0.0
 40
0.0
 40
0.0
 40
0.0
 40
0.0182228616672431
 40
0.0304779821213411
 40
0.0304779821213411
 40
0.0304779821213411
 40
0.0304779821213411
 10
42.2852153792551
 20
-1.84388559035748
 30
64.95000000000001
 10
42.3444382785331
 20
-1.85803542466304
 30
64.95000000000001
 10
42.443489377001
 20
-1.88170121354185
 30
64.95000000000001
 10
42.5371273292698
 20
-1.92150342730197
 30
64.95000000000001
 10
42.5747789158991
 20
-1.93750779799908
 30
64.95000000000001
  0
SPLINE
  5
107
330
70
100
AcDbEntity
  8
RFID Module Enclosre 3.2 Face Plate v3_Sketch1
100
AcDbSpline
210
0.0
220
0.0
230
1.0
 70
     8
 71
     3
 72
     9
 73
     5
 74
     0
 42
0.000000001
 43
0.0000000001
 40
0.0
 40
0.0
 40
0.0
 40
0.0
 40
0.0107256263309293
 40
0.0204243036413155
 40
0.0204243036413155
 40
0.0204243036413155
 40
0.0204243036413155
 10
42.21461486961159
 20
-1.3041515248248
 30
64.95000000000001
 10
42.1786771346264
 20
-1.305252911439259
 30
64.95000000000001
 10
42.11024260326481
 20
-1.307350229949719
 30
64.95000000000001
 10
42.04503401027079
 20
-1.32807540909984
 30
64.95000000000001
 10
42.0140690818003
 20
-1.33791696004361
 30
64.95000000000001
  0
SPLINE
  5
108
330
70
100
AcDbEntity
  8
RFID Module Enclosre 3.2 Face Plate v3_Sketch1
100
AcDbSpline
210
0.0
220
0.0
230
1.0
 70
     8
 71
     3
 72
     9
 73
     5
 74
     0
 42
0.000000001
 43
0.0000000001
 40
0.0
 40
0.0
 40
0.0
 40
0.0
 40
0.0157505435252809
 40
0.0300533043886674
 40
0.0300533043886674
 40
0.0300533043886674
 40
0.0300533043886674
 10
42.2596354499033
 20
-2.67727579645604
 30
64.95000000000001
 10
42.2068178426002
 20
-2.675501621220599
 30
64.95000000000001
 10
42.1060375979811
 20
-2.672116352115209
 30
64.95000000000001
 10
42.010794765068
 20
-2.63921590620654
 30
64.95000000000001
 10
41.96546745445039
 20
-2.6235581534335
 30
64.95000000000001
  0
SPLINE
  5
109
330
70
100
AcDbEntity
  8
RFID Module Enclosre 3.2 Face Plate v3_Sketch1
100
AcDbSpline
210
0.0
220
0.0
230
1.0
 70
     8
 71
     3
 72
     9
 73
     5
 74
     0
 42
0.000000001
 43
0.0000000001
 40
0.0
 40
0.0
 40
0.0
 40
0.0
 40
0.0130777713246729
 40
0.0254641157509415
 40
0.0254641157509415
 40
0.0254641157509415
 40
0.0254641157509415
 10
41.96546745445039
 20
-2.6235581534335
 30
64.95000000000001
 10
41.9257876709645
 20
-2.604037417284509
 30
64.95000000000001
 10
41.8485259897061
 20
-2.56602801396182
 30
64.95000000000001
 10
41.7953783746346
 20
-2.49838040137756
 30
64.95000000000001
 10
41.7695261254481
 20
-2.465475012583429
 30
64.95000000000001
  0
LINE
  5
10A
330
70
100
AcDbEntity
  8
RFID Module Enclosre 3.2 Face Plate v3_Sketch1
100
AcDbLine
 10
43.9724595561197
 20
-2.015270401758849
 30
64.95000000000001
 11
43.14265024806771
 21
-2.015270401758849
 31
64.95000000000001
  0
SPLINE
  5
10B
330
70
100
AcDbEntity
  8
RFID Module Enclosre 3.2 Face Plate v3_Sketch1
100
AcDbSpline
210
0.0
220
0.0
230
1.0
 70
     8
 71
     3
 72
     9
 73
     5
 74
     0
 42
0.000000001
 43
0.0000000001
 40
0.0
 40
0.0
 40
0.0
 40
0.0
 40
0.0140348185420695
 40
0.028474119050964
 40
0.028474119050964
 40
0.028474119050964
 40
0.028474119050964
 10
42.762534142988
 20
-1.364008297247589
 30
64.95000000000001
 10
42.7855432649846
 20
-1.40538923556483
 30
64.95000000000001
 10
42.83222462940869
 20
-1.48934370640844
 30
64.95000000000001
 10
42.8406362478254
 20
-1.58507426137934
 30
64.95000000000001
 10
42.8449018016031
 20
-1.63361947707623
 30
64.95000000000001
  0
LINE
  5
10C
330
70
100
AcDbEntity
  8
RFID Module Enclosre 3.2 Face Plate v3_Sketch1
100
AcDbLine
 10
43.9724595561197
 20
-2.47468363217801
 30
64.95000000000001
 11
43.9724595561197
 21
-2.015270401758849
 31
64.95000000000001
  0
LINE
  5
10D
330
70
100
AcDbEntity
  8
RFID Module Enclosre 3.2 Face Plate v3_Sketch1
100
AcDbLine
 10
42.8449018016031
 20
-1.63361947707623
 30
64.95000000000001
 11
42.6576573863199
 21
-1.64999078683346
 31
64.95000000000001
  0
SPLINE
  5
10E
330
70
100
AcDbEntity
  8
RFID Module Enclosre 3.2 Face Plate v3_Sketch1
100
AcDbSpline
210
0.0
220
0.0
230
1.0
 70
     8
 71
     3
 72
     9
 73
     5
 74
     0
 42
0.000000001
 43
0.0000000001
 40
0.0
 40
0.0
 40
0.0
 40
0.0
 40
0.0090015071581137
 40
0.0192703387458038
 40
0.0192703387458038
 40
0.0192703387458038
 40
0.0192703387458038
 10
42.595754386442
 20
-1.4653043048808
 30
64.95000000000001
 10
42.5763140309506
 20
-1.44199200609427
 30
64.95000000000001
 10
42.5346963074874
 20
-1.392085264182189
 30
64.95000000000001
 10
42.4760726036641
 20
-1.36375637586349
 30
64.95000000000001
 10
42.4448330416849
 20
-1.34866039924115
 30
64.95000000000001
  0
LINE
  5
10F
330
70
100
AcDbEntity
  8
RFID Module Enclosre 3.2 Face Plate v3_Sketch1
100
AcDbLine
 10
41.695856572645
 20
-2.2291175620982
 30
64.95000000000001
 11
41.88617003108769
 21
-2.214792777819329
 31
64.95000000000001
  0
SPLINE
  5
110
330
70
100
AcDbEntity
  8
RFID Module Enclosre 3.2 Face Plate v3_Sketch1
100
AcDbSpline
210
0.0
220
0.0
230
1.0
 70
     8
 71
     3
 72
     9
 73
     5
 74
     0
 42
0.000000001
 43
0.0000000001
 40
0.0
 40
0.0
 40
0.0
 40
0.0
 40
0.0096811961472294
 40
0.0196044822907185
 40
0.0196044822907185
 40
0.0196044822907185
 40
0.0196044822907185
 10
42.73490858222749
 20
-2.077173401636779
 30
64.95000000000001
 10
42.7502768803091
 20
-2.10600919102816
 30
64.95000000000001
 10
42.7813977793175
 20
-2.164401843533589
 30
64.95000000000001
 10
42.7855174120525
 20
-2.230466085896389
 30
64.95000000000001
 10
42.78760266448769
 20
-2.26390611104458
 30
64.95000000000001
  0
SPLINE
  5
111
330
70
100
AcDbEntity
  8
RFID Module Enclosre 3.2 Face Plate v3_Sketch1
100
AcDbSpline
210
0.0
220
0.0
230
1.0
 70
     8
 71
     3
 72
     9
 73
     5
 74
     0
 42
0.000000001
 43
0.0000000001
 40
0.0
 40
0.0
 40
0.0
 40
0.0
 40
0.012240438708843
 40
0.0275302875675748
 40
0.0275302875675748
 40
0.0275302875675748
 40
0.0275302875675748
 10
41.9900245680979
 20
-2.42966320089787
 30
64.95000000000001
 10
42.02567709220989
 20
-2.45078496389264
 30
64.95000000000001
 10
42.105864107125
 20
-2.498290467822009
 30
64.95000000000001
 10
42.1994653959213
 20
-2.50087469989155
 30
64.95000000000001
 10
42.2514499440363
 20
-2.50230993799657
 30
64.95000000000001
  0
SPLINE
  5
112
330
70
100
AcDbEntity
  8
RFID Module Enclosre 3.2 Face Plate v3_Sketch1
100
AcDbSpline
210
0.0
220
0.0
230
1.0
 70
     8
 71
     3
 72
     9
 73
     5
 74
     0
 42
0.000000001
 43
0.0000000001
 40
0.0
 40
0.0
 40
0.0
 40
0.0
 40
0.0210347040422635
 40
0.0345848428040002
 40
0.0345848428040002
 40
0.0345848428040002
 40
0.0345848428040002
 10
42.2386599793604
 20
-2.037268986029329
 30
64.95000000000001
 10
42.1701278038402
 20
-2.021957969599919
 30
64.95000000000001
 10
42.0574485613551
 20
-1.99678390034197
 30
64.95000000000001
 10
41.9490888095894
 20
-1.95713482595487
 30
64.95000000000001
 10
41.90663409377839
 20
-1.941600550932589
 30
64.95000000000001
  0
SPLINE
  5
113
330
70
100
AcDbEntity
  8
RFID Module Enclosre 3.2 Face Plate v3_Sketch1
100
AcDbSpline
210
0.0
220
0.0
230
1.0
 70
     8
 71
     3
 72
     9
 73
     5
 74
     0
 42
0.000000001
 43
0.0000000001
 40
0.0
 40
0.0
 40
0.0
 40
0.0
 40
0.0125842753507094
 40
0.0259463816732928
 40
0.0259463816732928
 40
0.0259463816732928
 40
0.0259463816732928
 10
41.71938967849519
 20
-1.34968381099194
 30
64.95000000000001
 10
41.7453435613356
 20
-1.316071423122469
 30
64.95000000000001
 10
41.7988555301471
 20
-1.246769073936099
 30
64.95000000000001
 10
41.8764131055779
 20
-1.205963906407399
 30
64.95000000000001
 10
41.9163544192484
 20
-1.18494968585461
 30
64.95000000000001
  0
SPLINE
  5
114
330
70
100
AcDbEntity
  8
RFID Module Enclosre 3.2 Face Plate v3_Sketch1
100
AcDbSpline
210
0.0
220
0.0
230
1.0
 70
     8
 71
     3
 72
     9
 73
     5
 74
     0
 42
0.000000001
 43
0.0000000001
 40
0.0
 40
0.0
 40
0.0
 40
0.0
 40
0.0143424699744067
 40
0.0296715120951792
 40
0.0296715120951792
 40
0.0296715120951792
 40
0.0296715120951792
 10
41.9163544192484
 20
-1.18494968585461
 30
64.95000000000001
 10
41.9613367877037
 20
-1.16779522396744
 30
64.95000000000001
 10
42.0543957163313
 20
-1.13230630021303
 30
64.95000000000001
 10
42.1539656463471
 20
-1.128224689108819
 30
64.95000000000001
 10
42.2054059519938
 20
-1.126116027159389
 30
64.95000000000001
  0
LINE
  5
115
330
70
100
AcDbEntity
  8
RFID Module Enclosre 3.2 Face Plate v3_Sketch1
100
AcDbLine
 10
44.17095852042939
 20
-1.1516959565112
 30
64.95000000000001
 11
44.17095852042939
 21
-2.65169601611584
 31
64.95000000000001
  0
SPLINE
  5
116
330
70
100
AcDbEntity
  8
RFID Module Enclosre 3.2 Face Plate v3_Sketch1
100
AcDbSpline
210
0.0
220
0.0
230
1.0
 70
     8
 71
     3
 72
     9
 73
     5
 74
     0
 42
0.000000001
 43
0.0000000001
 40
0.0
 40
0.0
 40
0.0
 40
0.0
 40
0.0085761148634599
 40
0.0160828169973156
 40
0.0160828169973156
 40
0.0160828169973156
 40
0.0160828169973156
 10
42.0140690818003
 20
-1.33791696004361
 30
64.95000000000001
 10
41.9874881577047
 20
-1.349481519900479
 30
64.95000000000001
 10
41.93764086150419
 20
-1.3711685778275
 30
64.95000000000001
 10
41.9015027713487
 20
-1.411630182809489
 30
64.95000000000001
 10
41.88463521148469
 20
-1.43051575593442
 30
64.95000000000001
  0
LINE
  5
117
330
70
100
AcDbEntity
  8
RFID Module Enclosre 3.2 Face Plate v3_Sketch1
100
AcDbLine
 10
58.5482387834934
 20
-1.76151852778882
 30
64.95000000000001
 11
58.5482387834934
 21
-1.1516959565112
 31
64.95000000000001
  0
LINE
  5
118
330
70
100
AcDbEntity
  8
RFID Module Enclosre 3.2 Face Plate v3_Sketch1
100
AcDbLine
 10
43.14265024806771
 20
-1.83928113154858
 30
64.95000000000001
 11
43.9724595561197
 21
-1.83928113154858
 31
64.95000000000001
  0
LINE
  5
119
330
70
100
AcDbEntity
  8
RFID Module Enclosre 3.2 Face Plate v3_Sketch1
100
AcDbLine
 10
58.7467381203321
 20
-2.65169601611584
 30
64.95000000000001
 11
58.18091271759549
 21
-2.65169601611584
 31
64.95000000000001
  0
SPLINE
  5
11A
330
70
100
AcDbEntity
  8
RFID Module Enclosre 3.2 Face Plate v3_Sketch1
100
AcDbSpline
210
0.0
220
0.0
230
1.0
 70
     8
 71
     3
 72
     9
 73
     5
 74
     0
 42
0.000000001
 43
0.0000000001
 40
0.0
 40
0.0
 40
0.0
 40
0.0
 40
0.0131784692982625
 40
0.0228817145640703
 40
0.0228817145640703
 40
0.0228817145640703
 40
0.0228817145640703
 10
58.18091271759549
 20
-2.65169601611584
 30
64.95000000000001
 10
58.1369276018621
 20
-2.65155915266353
 30
64.95000000000001
 10
58.0605564512756
 20
-2.65132151729183
 30
64.95000000000001
 10
57.98484649538139
 20
-2.64152538890831
 30
64.95000000000001
 10
57.95274084748299
 20
-2.637371231836969
 30
64.95000000000001
  0
SPLINE
  5
11B
330
70
100
AcDbEntity
  8
RFID Module Enclosre 3.2 Face Plate v3_Sketch1
100
AcDbSpline
210
0.0
220
0.0
230
1.0
 70
     8
 71
     3
 72
     9
 73
     5
 74
     0
 42
0.000000001
 43
0.0000000001
 40
0.0
 40
0.0
 40
0.0
 40
0.0
 40
0.0105011052442978
 40
0.0199226383496872
 40
0.0199226383496872
 40
0.0199226383496872
 40
0.0199226383496872
 10
57.95274084748299
 20
-2.637371231836969
 30
64.95000000000001
 10
57.91815920346849
 20
-2.630358036548849
 30
64.95000000000001
 10
57.852551101158
 20
-2.61705264153084
 30
64.95000000000001
 10
57.7948366234051
 20
-2.583262251633339
 30
64.95000000000001
 10
57.7675431066898
 20
-2.56728257708043
 30
64.95000000000001
  0
SPLINE
  5
11C
330
70
100
AcDbEntity
  8
RFID Module Enclosre 3.2 Face Plate v3_Sketch1
100
AcDbSpline
210
0.0
220
0.0
230
1.0
 70
     8
 71
     3
 72
     9
 73
     5
 74
     0
 42
0.000000001
 43
0.0000000001
 40
0.0
 40
0.0
 40
0.0
 40
0.0
 40
0.018770410862831
 40
0.0348120462013193
 40
0.0348120462013193
 40
0.0348120462013193
 40
0.0348120462013193
 10
42.2054059519938
 20
-1.126116027159389
 30
64.95000000000001
 10
42.2683877572918
 20
-1.12771445156402
 30
64.95000000000001
 10
42.3851952971959
 20
-1.13067892712237
 30
64.95000000000001
 10
42.4957132886693
 20
-1.1681804340182
 30
64.95000000000001
 10
42.54664075519349
 20
-1.18546139173001
 30
64.95000000000001
  0
SPLINE
  5
11D
330
70
100
AcDbEntity
  8
RFID Module Enclosre 3.2 Face Plate v3_Sketch1
100
AcDbSpline
210
0.0
220
0.0
230
1.0
 70
     8
 71
     3
 72
     9
 73
     5
 74
     0
 42
0.000000001
 43
0.0000000001
 40
0.0
 40
0.0
 40
0.0
 40
0.0
 40
0.0091602357385687
 40
0.0189774925217235
 40
0.0189774925217235
 40
0.0189774925217235
 40
0.0189774925217235
 10
57.7675431066898
 20
-2.56728257708043
 30
64.95000000000001
 10
57.74361810154551
 20
-2.54782690366106
 30
64.95000000000001
 10
57.69405206207149
 20
-2.507520091985199
 30
64.95000000000001
 10
57.6632514737571
 20
-2.45148730744215
 30
64.95000000000001
 10
57.6473180049804
 20
-2.422500957770049
 30
64.95000000000001
  0
LINE
  5
11E
330
70
100
AcDbEntity
  8
RFID Module Enclosre 3.2 Face Plate v3_Sketch1
100
AcDbLine
 10
44.17095852042939
 20
-2.65169601611584
 30
64.95000000000001
 11
43.08637452270299
 21
-2.65169601611584
 31
64.95000000000001
  0
LINE
  5
11F
330
70
100
AcDbEntity
  8
RFID Module Enclosre 3.2 Face Plate v3_Sketch1
100
AcDbLine
 10
43.9724595561197
 20
-1.32870834044903
 30
64.95000000000001
 11
43.05158567573339
 21
-1.32870834044903
 31
64.95000000000001
  0
SPLINE
  5
120
330
70
100
AcDbEntity
  8
RFID Module Enclosre 3.2 Face Plate v3_Sketch1
100
AcDbSpline
210
0.0
220
0.0
230
1.0
 70
     8
 71
     3
 72
     9
 73
     5
 74
     0
 42
0.000000001
 43
0.0000000001
 40
0.0
 40
0.0
 40
0.0
 40
0.0
 40
0.0072736135062102
 40
0.0162937850794575
 40
0.0162937850794575
 40
0.0162937850794575
 40
0.0162937850794575
 10
41.8831009879282
 20
-1.68222110442608
 30
64.95000000000001
 10
41.9003627344333
 20
-1.69958378190088
 30
64.95000000000001
 10
41.9390311607128
 20
-1.738478305913839
 30
64.95000000000001
 10
41.9899652390675
 20
-1.75923595068422
 30
64.95000000000001
 10
42.018162132757
 20
-1.770727296395
 30
64.95000000000001
  0
LINE
  5
121
330
70
100
AcDbEntity
  8
RFID Module Enclosre 3.2 Face Plate v3_Sketch1
100
AcDbLine
 10
43.08637452270299
 20
-2.65169601611584
 30
64.95000000000001
 11
43.08637452270299
 21
-2.47468363217801
 31
64.95000000000001
  0
SPLINE
  5
122
330
70
100
AcDbEntity
  8
RFID Module Enclosre 3.2 Face Plate v3_Sketch1
100
AcDbSpline
210
0.0
220
0.0
230
1.0
 70
     8
 71
     3
 72
     9
 73
     5
 74
     0
 42
0.000000001
 43
0.0000000001
 40
0.0
 40
0.0
 40
0.0
 40
0.0
 40
0.0136227584515539
 40
0.028131877181
 40
0.028131877181
 40
0.028131877181
 40
0.028131877181
 10
42.53487420226839
 20
-2.62611623577565
 30
64.95000000000001
 10
42.49170572351079
 20
-2.641033634861579
 30
64.95000000000001
 10
42.4025600231874
 20
-2.67183902867648
 30
64.95000000000001
 10
42.30826727847239
 20
-2.675425869935
 30
64.95000000000001
 10
42.2596354499033
 20
-2.67727579645604
 30
64.95000000000001
  0
SPLINE
  5
123
330
70
100
AcDbEntity
  8
RFID Module Enclosre 3.2 Face Plate v3_Sketch1
100
AcDbSpline
210
0.0
220
0.0
230
1.0
 70
     8
 71
     3
 72
     9
 73
     5
 74
     0
 42
0.000000001
 43
0.0000000001
 40
0.0
 40
0.0
 40
0.0
 40
0.0
 40
0.0117600905260925
 40
0.0243498201614386
 40
0.0243498201614386
 40
0.0243498201614386
 40
0.0243498201614386
 10
42.723141433256
 20
-2.47621845178097
 30
64.95000000000001
 10
42.6985190973148
 20
-2.50741565019338
 30
64.95000000000001
 10
42.64753739349269
 20
-2.572010915782319
 30
64.95000000000001
 10
42.57327204753649
 20
-2.607676071932369
 30
64.95000000000001
 10
42.53487420226839
 20
-2.62611623577565
 30
64.95000000000001
  0
LINE
  5
124
330
70
100
AcDbEntity
  8
RFID Module Enclosre 3.2 Face Plate v3_Sketch1
100
AcDbLine
 10
43.08637452270299
 20
-2.47468363217801
 30
64.95000000000001
 11
43.9724595561197
 21
-2.47468363217801
 31
64.95000000000001
  0
SPLINE
  5
125
330
70
100
AcDbEntity
  8
RFID Module Enclosre 3.2 Face Plate v3_Sketch1
100
AcDbSpline
210
0.0
220
0.0
230
1.0
 70
     8
 71
     3
 72
     9
 73
     5
 74
     0
 42
0.000000001
 43
0.0000000001
 40
0.0
 40
0.0
 40
0.0
 40
0.0
 40
0.0075098851902401
 40
0.0148822459630175
 40
0.0148822459630175
 40
0.0148822459630175
 40
0.0148822459630175
 10
42.59626579429419
 20
-2.27720763258427
 30
64.95000000000001
 10
42.593926793561
 20
-2.251539369962749
 30
64.95000000000001
 10
42.58929162493489
 20
-2.200672893565319
 30
64.95000000000001
 10
42.5549539998226
 20
-2.162903000171279
 30
64.95000000000001
 10
42.5379438414744
 20
-2.144192566199
 30
64.95000000000001
  0
SPLINE
  5
126
330
70
100
AcDbEntity
  8
RFID Module Enclosre 3.2 Face Plate v3_Sketch1
100
AcDbSpline
210
0.0
220
0.0
230
1.0
 70
     8
 71
     3
 72
     9
 73
     5
 74
     0
 42
0.000000001
 43
0.0000000001
 40
0.0
 40
0.0
 40
0.0
 40
0.0
 40
0.0116173880370013
 40
0.0319323472846867
 40
0.0319323472846867
 40
0.0319323472846867
 40
0.0319323472846867
 10
42.5379438414744
 20
-2.144192566199
 30
64.95000000000001
 10
42.5039694859124
 20
-2.12525823204595
 30
64.95000000000001
 10
42.4105852486705
 20
-2.073214026252539
 30
64.95000000000001
 10
42.305508494078
 20
-2.051245247692469
 30
64.95000000000001
 10
42.2386599793604
 20
-2.037268986029329
 30
64.95000000000001
  0
LINE
  5
127
330
70
100
AcDbEntity
  8
RFID Module Enclosre 3.2 Face Plate v3_Sketch1
100
AcDbLine
 10
58.5482387834934
 20
-1.1516959565112
 30
64.95000000000001
 11
58.7467381203321
 21
-1.1516959565112
 31
64.95000000000001
  0
SPLINE
  5
128
330
70
100
AcDbEntity
  8
RFID Module Enclosre 3.2 Face Plate v3_Sketch1
100
AcDbSpline
210
0.0
220
0.0
230
1.0
 70
     8
 71
     3
 72
     9
 73
     5
 74
     0
 42
0.000000001
 43
0.0000000001
 40
0.0
 40
0.0
 40
0.0
 40
0.0
 40
0.0110082425858927
 40
0.0224850168804394
 40
0.0224850168804394
 40
0.0224850168804394
 40
0.0224850168804394
 10
41.7132504000834
 20
-1.788633276743589
 30
64.95000000000001
 10
41.6950482631169
 20
-1.75619125223976
 30
64.95000000000001
 10
41.6578692716697
 20
-1.68992640906315
 30
64.95000000000001
 10
41.6532127621429
 20
-1.61403428674883
 30
64.95000000000001
 10
41.65083599235329
 20
-1.57529752425641
 30
64.95000000000001
  0
SPLINE
  5
129
330
70
100
AcDbEntity
  8
RFID Module Enclosre 3.2 Face Plate v3_Sketch1
100
AcDbSpline
210
0.0
220
0.0
230
1.0
 70
     8
 71
     3
 72
     9
 73
     5
 74
     0
 42
0.000000001
 43
0.0000000001
 40
0.0
 40
0.0
 40
0.0
 40
0.0
 40
0.0111040758955642
 40
0.0224322702881827
 40
0.0224322702881827
 40
0.0224322702881827
 40
0.0224322702881827
 10
42.78760266448769
 20
-2.26390611104458
 30
64.95000000000001
 10
42.78481133101201
 20
-2.301307063864579
 30
64.95000000000001
 10
42.7791723253369
 20
-2.376863849551599
 30
64.95000000000001
 10
42.7419423841163
 20
-2.442880396203329
 30
64.95000000000001
 10
42.723141433256
 20
-2.47621845178097
 30
64.95000000000001
  0
SPLINE
  5
12A
330
70
100
AcDbEntity
  8
RFID Module Enclosre 3.2 Face Plate v3_Sketch1
100
AcDbSpline
210
0.0
220
0.0
230
1.0
 70
     8
 71
     3
 72
     9
 73
     5
 74
     0
 42
0.000000001
 43
0.0000000001
 40
0.0
 40
0.0
 40
0.0
 40
0.0
 40
0.0112981504550489
 40
0.0214350310609656
 40
0.0214350310609656
 40
0.0214350310609656
 40
0.0214350310609656
 10
42.5747789158991
 20
-1.93750779799908
 30
64.95000000000001
 10
42.6077651919543
 20
-1.95656376972574
 30
64.95000000000001
 10
42.6703472804688
 20
-1.992717062911449
 30
64.95000000000001
 10
42.71417970731509
 20
-2.050056772428369
 30
64.95000000000001
 10
42.73490858222749
 20
-2.077173401636779
 30
64.95000000000001
  0
SPLINE
  5
12B
330
70
100
AcDbEntity
  8
RFID Module Enclosre 3.2 Face Plate v3_Sketch1
100
AcDbSpline
210
0.0
220
0.0
230
1.0
 70
     8
 71
     3
 72
     9
 73
     5
 74
     0
 42
0.000000001
 43
0.0000000001
 40
0.0
 40
0.0
 40
0.0
 40
0.0
 40
0.0179232354292452
 40
0.0352468068518397
 40
0.0352468068518397
 40
0.0352468068518397
 40
0.0352468068518397
 10
57.6017858678249
 20
-2.21786241702527
 30
64.95000000000001
 10
57.60650504800121
 20
-2.15692501975535
 30
64.95000000000001
 10
57.61578551707881
 20
-2.03708902919966
 30
64.95000000000001
 10
57.68803533471441
 20
-1.94116705192809
 30
64.95000000000001
 10
57.7235456401256
 20
-1.8940220373103
 30
64.95000000000001
  0
SPLINE
  5
12C
330
70
100
AcDbEntity
  8
RFID Module Enclosre 3.2 Face Plate v3_Sketch1
100
AcDbSpline
210
0.0
220
0.0
230
1.0
 70
     8
 71
     3
 72
     9
 73
     5
 74
     0
 42
0.000000001
 43
0.0000000001
 40
0.0
 40
0.0
 40
0.0
 40
0.0
 40
0.0069273791723061
 40
0.0137002208163834
 40
0.0137002208163834
 40
0.0137002208163834
 40
0.0137002208163834
 10
41.88463521148469
 20
-1.43051575593442
 30
64.95000000000001
 10
41.8722508150788
 20
-1.45044090775814
 30
64.95000000000001
 10
41.8477582961596
 20
-1.48984671664995
 30
64.95000000000001
 10
41.8440206201769
 20
-1.53607372637217
 30
64.95000000000001
 10
41.8421728625467
 20
-1.5589265125224
 30
64.95000000000001
  0
LINE
  5
12D
330
70
100
AcDbEntity
  8
RFID Module Enclosre 3.2 Face Plate v3_Sketch1
100
AcDbLine
 10
43.14265024806771
 20
-2.015270401758849
 30
64.95000000000001
 11
43.14265024806771
 21
-1.83928113154858
 31
64.95000000000001
  0
LINE
  5
12E
330
70
100
AcDbEntity
  8
RFID Module Enclosre 3.2 Face Plate v3_Sketch1
100
AcDbLine
 10
43.9724595561197
 20
-1.83928113154858
 30
64.95000000000001
 11
43.9724595561197
 21
-1.32870834044903
 31
64.95000000000001
  0
LINE
  5
12F
330
70
100
AcDbEntity
  8
RFID Module Enclosre 3.2 Face Plate v3_Sketch1
100
AcDbLine
 10
58.1635185176281
 20
-1.76151852778882
 30
64.95000000000001
 11
58.5482387834934
 21
-1.76151852778882
 31
64.95000000000001
  0
LINE
  5
130
330
70
100
AcDbEntity
  8
RFID Module Enclosre 3.2 Face Plate v3_Sketch1
100
AcDbLine
 10
52.14203110279121
 20
-1.8177942531535
 30
64.95000000000001
 11
52.14203110279121
 21
-1.151695956511199
 31
64.95000000000001
  0
LINE
  5
131
330
70
100
AcDbEntity
  8
RFID Module Enclosre 3.2 Face Plate v3_Sketch1
100
AcDbLine
 10
52.14203110279121
 20
-1.1516959565112
 30
64.95000000000001
 11
52.34053006710091
 21
-1.1516959565112
 31
64.95000000000001
  0
SPLINE
  5
132
330
70
100
AcDbEntity
  8
RFID Module Enclosre 3.2 Face Plate v3_Sketch1
100
AcDbSpline
210
0.0
220
0.0
230
1.0
 70
     8
 71
     3
 72
     9
 73
     5
 74
     0
 42
0.000000001
 43
0.0000000001
 40
0.0
 40
0.0
 40
0.0
 40
0.0
 40
0.0103510276258442
 40
0.0211038061587735
 40
0.0211038061587735
 40
0.0211038061587735
 40
0.0211038061587735
 10
57.6473180049804
 20
-2.422500957770049
 30
64.95000000000001
 10
57.6340391293104
 20
-2.390355506976939
 30
64.95000000000001
 10
57.60696598949511
 20
-2.324816954965899
 30
64.95000000000001
 10
57.6035343509606
 20
-2.253963539311199
 30
64.95000000000001
 10
57.6017858678249
 20
-2.21786241702527
 30
64.95000000000001
  0
SPLINE
  5
133
330
70
100
AcDbEntity
  8
RFID Module Enclosre 3.2 Face Plate v3_Sketch1
100
AcDbSpline
210
0.0
220
0.0
230
1.0
 70
     8
 71
     3
 72
     9
 73
     5
 74
     0
 42
0.000000001
 43
0.0000000001
 40
0.0
 40
0.0
 40
0.0
 40
0.0
 40
0.011372381549438
 40
0.0235736309326964
 40
0.0235736309326964
 40
0.0235736309326964
 40
0.0235736309326964
 10
42.4448330416849
 20
-1.34866039924115
 30
64.95000000000001
 10
42.4089597022816
 20
-1.335682964683639
 30
64.95000000000001
 10
42.3345984209842
 20
-1.30878224460299
 30
64.95000000000001
 10
42.25553601929139
 20
-1.30573086111715
 30
64.95000000000001
 10
42.21461486961159
 20
-1.3041515248248
 30
64.95000000000001
  0
LINE
  5
134
330
70
100
AcDbEntity
  8
RFID Module Enclosre 3.2 Face Plate v3_Sketch1
100
AcDbLine
 10
52.34053006710091
 20
-1.1516959565112
 30
64.95000000000001
 11
52.34053006710091
 21
-2.65169601611584
 31
64.95000000000001
  0
LINE
  5
135
330
70
100
AcDbEntity
  8
RFID Module Enclosre 3.2 Face Plate v3_Sketch1
100
AcDbLine
 10
52.34053006710091
 20
-2.65169601611584
 30
64.95000000000001
 11
51.6754554802326
 21
-2.65169601611584
 31
64.95000000000001
  0
SPLINE
  5
136
330
70
100
AcDbEntity
  8
RFID Module Enclosre 3.2 Face Plate v3_Sketch1
100
AcDbSpline
210
0.0
220
0.0
230
1.0
 70
     8
 71
     3
 72
     9
 73
     5
 74
     0
 42
0.000000001
 43
0.0000000001
 40
0.0
 40
0.0
 40
0.0
 40
0.0
 40
0.0132813905207676
 40
0.0248899669838277
 40
0.0248899669838277
 40
0.0248899669838277
 40
0.0248899669838277
 10
41.90663409377839
 20
-1.941600550932589
 30
64.95000000000001
 10
41.86666165656311
 20
-1.92130845278193
 30
64.95000000000001
 10
41.79175137958579
 20
-1.883280081263709
 30
64.95000000000001
 10
41.7382180984329
 20
-1.81873624972537
 30
64.95000000000001
 10
41.7132504000834
 20
-1.788633276743589
 30
64.95000000000001
  0
LINE
  5
137
330
70
100
AcDbEntity
  8
RFID Module Enclosre 3.2 Face Plate v3_Sketch1
100
AcDbLine
 10
58.7467381203321
 20
-1.1516959565112
 30
64.95000000000001
 11
58.7467381203321
 21
-2.65169601611584
 31
64.95000000000001
  0
SPLINE
  5
138
330
70
100
AcDbEntity
  8
RFID Module Enclosre 3.2 Face Plate v3_Sketch1
100
AcDbSpline
210
0.0
220
0.0
230
1.0
 70
     8
 71
     3
 72
     9
 73
     5
 74
     0
 42
0.000000001
 43
0.0000000001
 40
0.0
 40
0.0
 40
0.0
 40
0.0
 40
0.0104809458479907
 40
0.0196162962935913
 40
0.0196162962935913
 40
0.0196162962935913
 40
0.0196162962935913
 10
42.6576573863199
 20
-1.64999078683346
 30
64.95000000000001
 10
42.6523753787749
 20
-1.61512087504058
 30
64.95000000000001
 10
42.642489493805
 20
-1.54985782231795
 30
64.95000000000001
 10
42.61060367795379
 20
-1.492169757847829
 30
64.95000000000001
 10
42.595754386442
 20
-1.4653043048808
 30
64.95000000000001
  0
SPLINE
  5
139
330
70
100
AcDbEntity
  8
RFID Module Enclosre 3.2 Face Plate v3_Sketch1
100
AcDbSpline
210
0.0
220
0.0
230
1.0
 70
     8
 71
     3
 72
     9
 73
     5
 74
     0
 42
0.000000001
 43
0.0000000001
 40
0.0
 40
0.0
 40
0.0
 40
0.0
 40
0.0123118637310812
 40
0.0249950244047138
 40
0.0249950244047138
 40
0.0249950244047138
 40
0.0249950244047138
 10
41.7695261254481
 20
-2.465475012583429
 30
64.95000000000001
 10
41.7493070673636
 20
-2.42921757995044
 30
64.95000000000001
 10
41.70825919181029
 20
-2.35560927552891
 30
64.95000000000001
 10
41.7000315192705
 20
-2.271696967714179
 30
64.95000000000001
 10
41.695856572645
 20
-2.2291175620982
 30
64.95000000000001
  0
SPLINE
  5
13A
330
70
100
AcDbEntity
  8
RFID Module Enclosre 3.2 Face Plate v3_Sketch1
100
AcDbSpline
210
0.0
220
0.0
230
1.0
 70
     8
 71
     3
 72
     9
 73
     5
 74
     0
 42
0.000000001
 43
0.0000000001
 40
0.0
 40
0.0
 40
0.0
 40
0.0
 40
0.0101499822717488
 40
0.0276981223685442
 40
0.0276981223685442
 40
0.0276981223685442
 40
0.0276981223685442
 10
42.018162132757
 20
-1.770727296395
 30
64.95000000000001
 10
42.0503898565231
 20
-1.78105915695134
 30
64.95000000000001
 10
42.1383355703809
 20
-1.80925360402745
 30
64.95000000000001
 10
42.228250067137
 20
-1.830454051157639
 30
64.95000000000001
 10
42.2852153792551
 20
-1.84388559035748
 30
64.95000000000001
  0
SPLINE
  5
13B
330
70
100
AcDbEntity
  8
RFID Module Enclosre 3.2 Face Plate v3_Sketch1
100
AcDbSpline
210
0.0
220
0.0
230
1.0
 70
     8
 71
     3
 72
     9
 73
     5
 74
     0
 42
0.000000001
 43
0.0000000001
 40
0.0
 40
0.0
 40
0.0
 40
0.0
 40
0.0117516532180564
 40
0.0238354117725555
 40
0.0238354117725555
 40
0.0238354117725555
 40
0.0238354117725555
 10
41.65083599235329
 20
-1.57529752425641
 30
64.95000000000001
 10
41.6538484583454
 20
-1.53572969704103
 30
64.95000000000001
 10
41.65995852354569
 20
-1.455475843636399
 30
64.95000000000001
 10
41.6993961285194
 20
-1.38527386966605
 30
64.95000000000001
 10
41.71938967849519
 20
-1.34968381099194
 30
64.95000000000001
  0
SPLINE
  5
13C
330
70
100
AcDbEntity
  8
RFID Module Enclosre 3.2 Face Plate v3_Sketch1
100
AcDbSpline
210
0.0
220
0.0
230
1.0
 70
     8
 71
     3
 72
     9
 73
     5
 74
     0
 42
0.000000001
 43
0.0000000001
 40
0.0
 40
0.0
 40
0.0
 40
0.0
 40
0.0095458611628062
 40
0.0184212185500173
 40
0.0184212185500173
 40
0.0184212185500173
 40
0.0184212185500173
 10
42.51389873172549
 20
-2.43631403617352
 30
64.95000000000001
 10
42.537913097546
 20
-2.41379002006804
 30
64.95000000000001
 10
42.58425505387379
 20
-2.37032408061778
 30
64.95000000000001
 10
42.5923605567303
 20
-2.307484021711819
 30
64.95000000000001
 10
42.59626579429419
 20
-2.27720763258427
 30
64.95000000000001
  0
SPLINE
  5
13D
330
70
100
AcDbEntity
  8
RFID Module Enclosre 3.2 Face Plate v3_Sketch1
100
AcDbSpline
210
0.0
220
0.0
230
1.0
 70
     8
 71
     3
 72
     9
 73
     5
 74
     0
 42
0.000000001
 43
0.0000000001
 40
0.0
 40
0.0
 40
0.0
 40
0.0
 40
0.0197670389502929
 40
0.0468801226613076
 40
0.0468801226613076
 40
0.0468801226613076
 40
0.0468801226613076
 10
57.7235456401256
 20
-1.8940220373103
 30
64.95000000000001
 10
57.77872428830161
 20
-1.85560957929703
 30
64.95000000000001
 10
57.9095876817152
 20
-1.76450940248688
 30
64.95000000000001
 10
58.0704714887391
 20
-1.7626144640245
 30
64.95000000000001
 10
58.1635185176281
 20
-1.76151852778882
 30
64.95000000000001
  0
SPLINE
  5
13E
330
70
100
AcDbEntity
  8
RFID Module Enclosre 3.2 Face Plate v3_Sketch1
100
AcDbSpline
210
0.0
220
0.0
230
1.0
 70
     8
 71
     3
 72
     9
 73
     5
 74
     0
 42
0.000000001
 43
0.0000000001
 40
0.0
 40
0.0
 40
0.0
 40
0.0
 40
0.0176790246314079
 40
0.0308729306715318
 40
0.0308729306715318
 40
0.0308729306715318
 40
0.0308729306715318
 10
51.6754554802326
 20
-2.65169601611584
 30
64.95000000000001
 10
51.6161979758705
 20
-2.65124009275298
 30
64.95000000000001
 10
51.51271642855199
 20
-2.650443912496049
 30
64.95000000000001
 10
51.413111618007
 20
-2.62300586387422
 30
64.95000000000001
 10
51.3705443436054
 20
-2.61127989463299
 30
64.95000000000001
  0
SPLINE
  5
13F
330
70
100
AcDbEntity
  8
RFID Module Enclosre 3.2 Face Plate v3_Sketch1
100
AcDbSpline
210
0.0
220
0.0
230
1.0
 70
     8
 71
     3
 72
     9
 73
     5
 74
     0
 42
0.000000001
 43
0.0000000001
 40
0.0
 40
0.0
 40
0.0
 40
0.0
 40
0.0109255899904392
 40
0.0222643451062916
 40
0.0222643451062916
 40
0.0222643451062916
 40
0.0222643451062916
 10
51.3705443436054
 20
-2.61127989463299
 30
64.95000000000001
 10
51.33731926702569
 20
-2.59492190106253
 30
64.95000000000001
 10
51.26961266520381
 20
-2.56158731552361
 30
64.95000000000001
 10
51.2259830337749
 20
-2.49994010800587
 30
64.95000000000001
 10
51.20376339496651
 20
-2.46854450277775
 30
64.95000000000001
  0
SPLINE
  5
140
330
70
100
AcDbEntity
  8
RFID Module Enclosre 3.2 Face Plate v3_Sketch1
100
AcDbSpline
210
0.0
220
0.0
230
1.0
 70
     8
 71
     3
 72
     9
 73
     5
 74
     0
 42
0.000000001
 43
0.0000000001
 40
0.0
 40
0.0
 40
0.0
 40
0.0
 40
0.0149335803925453
 40
0.0293887164903765
 40
0.0293887164903765
 40
0.0293887164903765
 40
0.0293887164903765
 10
51.14134898723641
 20
-2.24241893462628
 30
64.95000000000001
 10
51.1453675650878
 20
-2.19160990627403
 30
64.95000000000001
 10
51.153275972989
 20
-2.091619676861849
 30
64.95000000000001
 10
51.2145521940679
 20
-2.01232255060387
 30
64.95000000000001
 10
51.244691520348
 20
-1.97331946067303
 30
64.95000000000001
  0
SPLINE
  5
141
330
70
100
AcDbEntity
  8
RFID Module Enclosre 3.2 Face Plate v3_Sketch1
100
AcDbSpline
210
0.0
220
0.0
230
1.0
 70
     8
 71
     3
 72
     9
 73
     5
 74
     0
 42
0.000000001
 43
0.0000000001
 40
0.0
 40
0.0
 40
0.0
 40
0.0
 40
0.0156525349778202
 40
0.027423348857948
 40
0.027423348857948
 40
0.027423348857948
 40
0.027423348857948
 10
42.2514499440363
 20
-2.50230993799657
 30
64.95000000000001
 10
42.3046319043584
 20
-2.501502097719019
 30
64.95000000000001
 10
42.397807064352
 20
-2.50008675600063
 30
64.95000000000001
 10
42.4790340142721
 20
-2.455466296695859
 30
64.95000000000001
 10
42.51389873172549
 20
-2.43631403617352
 30
64.95000000000001
  0
SPLINE
  5
142
330
70
100
AcDbEntity
  8
RFID Module Enclosre 3.2 Face Plate v3_Sketch1
100
AcDbSpline
210
0.0
220
0.0
230
1.0
 70
     8
 71
     3
 72
     9
 73
     5
 74
     0
 42
0.000000001
 43
0.0000000001
 40
0.0
 40
0.0
 40
0.0
 40
0.0
 40
0.0066910624512691
 40
0.0131800944763039
 40
0.0131800944763039
 40
0.0131800944763039
 40
0.0131800944763039
 10
41.8421728625467
 20
-1.5589265125224
 30
64.95000000000001
 10
41.8437713493138
 20
-1.58157459692701
 30
64.95000000000001
 10
41.8469200580222
 20
-1.626186927828739
 30
64.95000000000001
 10
41.8711645548162
 20
-1.66373489628604
 30
64.95000000000001
 10
41.8831009879282
 20
-1.68222110442608
 30
64.95000000000001
  0
LINE
  5
143
330
70
100
AcDbEntity
  8
RFID Module Enclosre 3.2 Face Plate v3_Sketch1
100
AcDbLine
 10
52.61781564296761
 20
-1.32870834044903
 30
64.95000000000001
 11
52.61781564296761
 21
-1.151695956511199
 31
64.95000000000001
  0
LINE
  5
144
330
70
100
AcDbEntity
  8
RFID Module Enclosre 3.2 Face Plate v3_Sketch1
100
AcDbLine
 10
71.5319868390377
 20
-1.40169609062165
 30
64.95000000000001
 11
71.6643198792752
 21
-1.40169609062165
 31
64.95000000000001
  0
LINE
  5
145
330
70
100
AcDbEntity
  8
RFID Module Enclosre 3.2 Face Plate v3_Sketch1
100
AcDbLine
 10
63.03052235728621
 20
-1.40169609062165
 30
64.95000000000001
 11
63.1655838001383
 21
-1.40169609062165
 31
64.95000000000001
  0
LINE
  5
146
330
70
100
AcDbEntity
  8
RFID Module Enclosre 3.2 Face Plate v3_Sketch1
100
AcDbLine
 10
62.278135012449
 20
-2.401696031016999
 30
64.95000000000001
 11
62.1451200950754
 21
-2.401696031016999
 31
64.95000000000001
  0
SPLINE
  5
147
330
70
100
AcDbEntity
  8
RFID Module Enclosre 3.2 Face Plate v3_Sketch1
100
AcDbSpline
210
0.0
220
0.0
230
1.0
 70
     8
 71
     3
 72
     9
 73
     5
 74
     0
 42
0.000000001
 43
0.0000000001
 40
0.0
 40
0.0
 40
0.0
 40
0.0
 40
0.0072837522677315
 40
0.0148428788559471
 40
0.0148428788559471
 40
0.0148428788559471
 40
0.0148428788559471
 10
71.0176622335728
 20
-2.374752049369509
 30
64.95000000000001
 10
70.9955120255933
 20
-2.363846777593479
 30
64.95000000000001
 10
70.9503741843283
 20
-2.341623942176629
 30
64.95000000000001
 10
70.92128822251791
 20
-2.30052549015691
 30
64.95000000000001
 10
70.90647543118561
 20
-2.279595022124949
 30
64.95000000000001
  0
SPLINE
  5
148
330
70
100
AcDbEntity
  8
RFID Module Enclosre 3.2 Face Plate v3_Sketch1
100
AcDbSpline
210
0.0
220
0.0
230
1.0
 70
     8
 71
     3
 72
     9
 73
     5
 74
     0
 42
0.000000001
 43
0.0000000001
 40
0.0
 40
0.0
 40
0.0
 40
0.0
 40
0.0099557087587507
 40
0.0195924787353446
 40
0.0195924787353446
 40
0.0195924787353446
 40
0.0195924787353446
 10
70.86486542866791
 20
-2.128844742698369
 30
64.95000000000001
 10
70.8675444538722
 20
-2.094972095619299
 30
64.95000000000001
 10
70.87281667964941
 20
-2.02831193774524
 30
64.95000000000001
 10
70.9136674591073
 20
-1.97544715291175
 30
64.95000000000001
 10
70.93376035140122
 20
-1.94944504372567
 30
64.95000000000001
  0
SPLINE
  5
149
330
70
100
AcDbEntity
  8
RFID Module Enclosre 3.2 Face Plate v3_Sketch1
100
AcDbSpline
210
0.0
220
0.0
230
1.0
 70
     8
 71
     3
 72
     9
 73
     5
 74
     0
 42
0.000000001
 43
0.0000000001
 40
0.0
 40
0.0
 40
0.0
 40
0.0
 40
0.0188437876793071
 40
0.0362671282250641
 40
0.0362671282250641
 40
0.0362671282250641
 40
0.0362671282250641
 10
62.562582682432
 20
-1.89555693141907
 30
64.95000000000001
 10
62.5460431283429
 20
-1.83491228716615
 30
64.95000000000001
 10
62.51421077387451
 20
-1.7181943997268
 30
64.95000000000001
 10
62.4943577881225
 20
-1.598861838279219
 30
64.95000000000001
 10
62.4848200786722
 20
-1.54153246156663
 30
64.95000000000001
  0
SPLINE
  5
14A
330
70
100
AcDbEntity
  8
RFID Module Enclosre 3.2 Face Plate v3_Sketch1
100
AcDbSpline
210
0.0
220
0.0
230
1.0
 70
     8
 71
     3
 72
     9
 73
     5
 74
     0
 42
0.000000001
 43
0.0000000001
 40
0.0
 40
0.0
 40
0.0
 40
0.0
 40
0.0129958909589151
 40
0.0190261868639294
 40
0.0190261868639294
 40
0.0190261868639294
 40
0.0190261868639294
 10
63.1007816303384
 20
-1.54153246156663
 30
64.95000000000001
 10
63.09080592191371
 20
-1.58368884535407
 30
64.95000000000001
 10
63.0762013293399
 20
-1.64540644809351
 30
64.95000000000001
 10
63.06068059936659
 20
-1.70689917088813
 30
64.95000000000001
 10
63.0557613480699
 20
-1.72638911478013
 30
64.95000000000001
  0
LINE
  5
14B
330
70
100
AcDbEntity
  8
RFID Module Enclosre 3.2 Face Plate v3_Sketch1
100
AcDbLine
 10
52.6526044899372
 20
-2.47468363217801
 30
64.95000000000001
 11
53.53868833126099
 21
-2.47468363217801
 31
64.95000000000001
  0
SPLINE
  5
14C
330
70
100
AcDbEntity
  8
RFID Module Enclosre 3.2 Face Plate v3_Sketch1
100
AcDbSpline
210
0.0
220
0.0
230
1.0
 70
     8
 71
     3
 72
     9
 73
     5
 74
     0
 42
0.000000001
 43
0.0000000001
 40
0.0
 40
0.0
 40
0.0
 40
0.0
 40
0.0078283339946988
 40
0.0157921883688613
 40
0.0157921883688613
 40
0.0157921883688613
 40
0.0157921883688613
 10
70.90647543118561
 20
-2.279595022124949
 30
64.95000000000001
 10
70.894339581798
 20
-2.25614437212116
 30
64.95000000000001
 10
70.8698577929941
 20
-2.208837105660269
 30
64.95000000000001
 10
70.86653904337329
 20
-2.15566097369125
 30
64.95000000000001
 10
70.86486542866791
 20
-2.128844742698369
 30
64.95000000000001
  0
SPLINE
  5
14D
330
70
100
AcDbEntity
  8
RFID Module Enclosre 3.2 Face Plate v3_Sketch1
100
AcDbSpline
210
0.0
220
0.0
230
1.0
 70
     8
 71
     3
 72
     9
 73
     5
 74
     0
 42
0.000000001
 43
0.0000000001
 40
0.0
 40
0.0
 40
0.0
 40
0.0
 40
0.0052575324231946
 40
0.0094289026557908
 40
0.0094289026557908
 40
0.0094289026557908
 40
0.0094289026557908
 10
71.1465843980129
 20
-1.85667562953919
 30
64.95000000000001
 10
71.13081984548379
 20
-1.84888621232378
 30
64.95000000000001
 10
71.10254756502129
 20
-1.83491660628857
 30
64.95000000000001
 10
71.07774727668751
 20
-1.815479357764709
 30
64.95000000000001
 10
71.066775566798
 20
-1.8068802701661
 30
64.95000000000001
  0
LINE
  5
14E
330
70
100
AcDbEntity
  8
RFID Module Enclosre 3.2 Face Plate v3_Sketch1
100
AcDbLine
 10
53.7371884876636
 20
-1.1516959565112
 30
64.95000000000001
 11
53.7371884876636
 21
-2.65169601611584
 31
64.95000000000001
  0
LINE
  5
14F
330
70
100
AcDbEntity
  8
RFID Module Enclosre 3.2 Face Plate v3_Sketch1
100
AcDbLine
 10
63.1655838001383
 20
-1.40169609062165
 30
64.95000000000001
 11
63.43093175774931
 21
-2.401696031016999
 31
64.95000000000001
  0
SPLINE
  5
150
330
70
100
AcDbEntity
  8
RFID Module Enclosre 3.2 Face Plate v3_Sketch1
100
AcDbSpline
210
0.0
220
0.0
230
1.0
 70
     8
 71
     3
 72
     9
 73
     5
 74
     0
 42
0.000000001
 43
0.0000000001
 40
0.0
 40
0.0
 40
0.0
 40
0.0
 40
0.0159067719447159
 40
0.0353270294677809
 40
0.0353270294677809
 40
0.0353270294677809
 40
0.0353270294677809
 10
51.244691520348
 20
-1.97331946067303
 30
64.95000000000001
 10
51.2868442044956
 20
-1.93980788676696
 30
64.95000000000001
 10
51.38046025181231
 20
-1.86538270716384
 30
64.95000000000001
 10
51.4988465702487
 20
-1.84523888700725
 30
64.95000000000001
 10
51.5639268452076
 20
-1.83416526488751
 30
64.95000000000001
  0
SPLINE
  5
151
330
70
100
AcDbEntity
  8
RFID Module Enclosre 3.2 Face Plate v3_Sketch1
100
AcDbSpline
210
0.0
220
0.0
230
1.0
 70
     8
 71
     3
 72
     9
 73
     5
 74
     0
 42
0.000000001
 43
0.0000000001
 40
0.0
 40
0.0
 40
0.0
 40
0.0
 40
0.0123410341197574
 40
0.0259250880376338
 40
0.0259250880376338
 40
0.0259250880376338
 40
0.0259250880376338
 10
51.44421330036201
 20
-1.75947230033368
 30
64.95000000000001
 10
51.4150439828541
 20
-1.730330210032009
 30
64.95000000000001
 10
51.35376734128161
 20
-1.66911076526425
 30
64.95000000000001
 10
51.3050217536848
 20
-1.597481466343499
 30
64.95000000000001
 10
51.2794803673176
 20
-1.55994962624997
 30
64.95000000000001
  0
LINE
  5
152
330
70
100
AcDbEntity
  8
RFID Module Enclosre 3.2 Face Plate v3_Sketch1
100
AcDbLine
 10
52.61781564296761
 20
-1.1516959565112
 30
64.95000000000001
 11
53.73718848766361
 21
-1.1516959565112
 31
64.95000000000001
  0
LINE
  5
153
330
70
100
AcDbEntity
  8
RFID Module Enclosre 3.2 Face Plate v3_Sketch1
100
AcDbLine
 10
71.66431987927521
 20
-1.40169609062165
 30
64.95000000000001
 11
71.66431987927521
 21
-2.401696031016999
 31
64.95000000000001
  0
LINE
  5
154
330
70
100
AcDbEntity
  8
RFID Module Enclosre 3.2 Face Plate v3_Sketch1
100
AcDbLine
 10
71.66431987927521
 20
-2.401696031016999
 30
64.95000000000001
 11
71.22093642399871
 21
-2.401696031016999
 31
64.95000000000001
  0
SPLINE
  5
155
330
70
100
AcDbEntity
  8
RFID Module Enclosre 3.2 Face Plate v3_Sketch1
100
AcDbSpline
210
0.0
220
0.0
230
1.0
 70
     8
 71
     3
 72
     9
 73
     5
 74
     0
 42
0.000000001
 43
0.0000000001
 40
0.0
 40
0.0
 40
0.0
 40
0.0
 40
0.0082273861320054
 40
0.017283441812782
 40
0.017283441812782
 40
0.017283441812782
 40
0.017283441812782
 10
71.066775566798
 20
-1.8068802701661
 30
64.95000000000001
 10
71.04732912865711
 20
-1.78745228679241
 30
64.95000000000001
 10
71.006477590066
 20
-1.74663951651625
 30
64.95000000000001
 10
70.9739804424321
 20
-1.69888649465486
 30
64.95000000000001
 10
70.9569528167065
 20
-1.673865203780829
 30
64.95000000000001
  0
LINE
  5
156
330
70
100
AcDbEntity
  8
RFID Module Enclosre 3.2 Face Plate v3_Sketch1
100
AcDbLine
 10
51.01856580318489
 20
-1.1516959565112
 30
64.95000000000001
 11
51.2682246261982
 21
-1.1516959565112
 31
64.95000000000001
  0
SPLINE
  5
157
330
70
100
AcDbEntity
  8
RFID Module Enclosre 3.2 Face Plate v3_Sketch1
100
AcDbSpline
210
0.0
220
0.0
230
1.0
 70
     8
 71
     3
 72
     9
 73
     5
 74
     0
 42
0.000000001
 43
0.0000000001
 40
0.0
 40
0.0
 40
0.0
 40
0.0
 40
0.0128799416787677
 40
0.025783713419568
 40
0.025783713419568
 40
0.025783713419568
 40
0.025783713419568
 10
64.4097857583177
 20
-1.63907665483445
 30
64.95000000000001
 10
64.42649781633801
 20
-1.67900140013666
 30
64.95000000000001
 10
64.4599528525015
 20
-1.75892475824616
 30
64.95000000000001
 10
64.4647057854995
 20
-1.845438684421349
 30
64.95000000000001
 10
64.46708444839839
 20
-1.88873562685937
 30
64.95000000000001
  0
SPLINE
  5
158
330
70
100
AcDbEntity
  8
RFID Module Enclosre 3.2 Face Plate v3_Sketch1
100
AcDbSpline
210
0.0
220
0.0
230
1.0
 70
     8
 71
     3
 72
     9
 73
     5
 74
     0
 42
0.000000001
 43
0.0000000001
 40
0.0
 40
0.0
 40
0.0
 40
0.0
 40
0.0134780279473782
 40
0.0264026879875909
 40
0.0264026879875909
 40
0.0264026879875909
 40
0.0264026879875909
 10
63.9889125931871
 20
-1.38464290372819
 30
64.95000000000001
 10
64.0343227171025
 20
-1.387239174326879
 30
64.95000000000001
 10
64.12327855974471
 20
-1.39232512034334
 30
64.95000000000001
 10
64.20251305100101
 20
-1.43296271231867
 30
64.95000000000001
 10
64.2412999678266
 20
-1.45285565130204
 30
64.95000000000001
  0
SPLINE
  5
159
330
70
100
AcDbEntity
  8
RFID Module Enclosre 3.2 Face Plate v3_Sketch1
100
AcDbSpline
210
0.0
220
0.0
230
1.0
 70
     8
 71
     3
 72
     9
 73
     5
 74
     0
 42
0.000000001
 43
0.0000000001
 40
0.0
 40
0.0
 40
0.0
 40
0.0
 40
0.0106045308765122
 40
0.0235513909723018
 40
0.0235513909723018
 40
0.0235513909723018
 40
0.0235513909723018
 10
70.93376035140122
 20
-1.94944504372567
 30
64.95000000000001
 10
70.9618622515534
 20
-1.92710406131267
 30
64.95000000000001
 10
71.02427320072751
 20
-1.87748741936587
 30
64.95000000000001
 10
71.10319749828319
 20
-1.86405810194112
 30
64.95000000000001
 10
71.1465843980129
 20
-1.85667562953919
 30
64.95000000000001
  0
SPLINE
  5
15A
330
70
100
AcDbEntity
  8
RFID Module Enclosre 3.2 Face Plate v3_Sketch1
100
AcDbSpline
210
0.0
220
0.0
230
1.0
 70
     8
 71
     3
 72
     9
 73
     5
 74
     0
 42
0.000000001
 43
0.0000000001
 40
0.0
 40
0.0
 40
0.0
 40
0.0
 40
0.0128948555197272
 40
0.0254550989391024
 40
0.0254550989391024
 40
0.0254550989391024
 40
0.0254550989391024
 10
63.57213218099001
 20
-1.62816274635285
 30
64.95000000000001
 10
63.5944753239155
 20
-1.5907142437936
 30
64.95000000000001
 10
63.6385818214959
 20
-1.516789000016439
 30
64.95000000000001
 10
63.7105592767439
 20
-1.46964002883255
 30
64.95000000000001
 10
63.7460749257219
 20
-1.44637543432206
 30
64.95000000000001
  0
SPLINE
  5
15B
330
70
100
AcDbEntity
  8
RFID Module Enclosre 3.2 Face Plate v3_Sketch1
100
AcDbSpline
210
0.0
220
0.0
230
1.0
 70
     8
 71
     3
 72
     9
 73
     5
 74
     0
 42
0.000000001
 43
0.0000000001
 40
0.0
 40
0.0
 40
0.0
 40
0.0
 40
0.0125987619788154
 40
0.0253292493983967
 40
0.0253292493983967
 40
0.0253292493983967
 40
0.0253292493983967
 10
63.73857159501429
 20
-2.353265021962819
 30
64.95000000000001
 10
63.70366195922371
 20
-2.32893360187956
 30
64.95000000000001
 10
63.63347769248111
 20
-2.280016366317669
 30
64.95000000000001
 10
63.59060857268549
 20
-2.205966692755239
 30
64.95000000000001
 10
63.56906254178411
 20
-2.16874930731743
 30
64.95000000000001
  0
LINE
  5
15C
330
70
100
AcDbEntity
  8
RFID Module Enclosre 3.2 Face Plate v3_Sketch1
100
AcDbLine
 10
62.865447591604
 20
-2.401696031016999
 30
64.95000000000001
 11
62.7058293331278
 21
-2.401696031016999
 31
64.95000000000001
  0
SPLINE
  5
15D
330
70
100
AcDbEntity
  8
RFID Module Enclosre 3.2 Face Plate v3_Sketch1
100
AcDbSpline
210
0.0
220
0.0
230
1.0
 70
     8
 71
     3
 72
     9
 73
     5
 74
     0
 42
0.000000001
 43
0.0000000001
 40
0.0
 40
0.0
 40
0.0
 40
0.0
 40
0.0133640331897266
 40
0.0276524507453797
 40
0.0276524507453797
 40
0.0276524507453797
 40
0.0276524507453797
 10
63.56906254178411
 20
-2.16874930731743
 30
64.95000000000001
 10
63.55205722764139
 20
-2.127192993248109
 30
64.95000000000001
 10
63.5168703491696
 20
-2.041205932931239
 30
64.95000000000001
 10
63.5128288760427
 20
-1.94832484738562
 30
64.95000000000001
 10
63.51074058896419
 20
-1.900331859512029
 30
64.95000000000001
  0
LINE
  5
15E
330
70
100
AcDbEntity
  8
RFID Module Enclosre 3.2 Face Plate v3_Sketch1
100
AcDbLine
 10
53.53868833126099
 20
-1.83928113154858
 30
64.95000000000001
 11
53.53868833126099
 21
-1.32870834044903
 31
64.95000000000001
  0
LINE
  5
15F
330
70
100
AcDbEntity
  8
RFID Module Enclosre 3.2 Face Plate v3_Sketch1
100
AcDbLine
 10
51.2682246261982
 20
-1.1516959565112
 30
64.95000000000001
 11
51.46672359050789
 21
-1.463769783301049
 31
64.95000000000001
  0
SPLINE
  5
160
330
70
100
AcDbEntity
  8
RFID Module Enclosre 3.2 Face Plate v3_Sketch1
100
AcDbSpline
210
0.0
220
0.0
230
1.0
 70
     8
 71
     3
 72
     9
 73
     5
 74
     0
 42
0.000000001
 43
0.0000000001
 40
0.0
 40
0.0
 40
0.0
 40
0.0
 40
0.0132685708838125
 40
0.02607035333837
 40
0.02607035333837
 40
0.02607035333837
 40
0.02607035333837
 10
63.98823041802771
 20
-2.41943139306992
 30
64.95000000000001
 10
63.94355467692971
 20
-2.416877292745379
 30
64.95000000000001
 10
63.8557748876612
 20
-2.411858945366029
 30
64.95000000000001
 10
63.7771702216351
 20
-2.372561791879519
 30
64.95000000000001
 10
63.73857159501429
 20
-2.353265021962819
 30
64.95000000000001
  0
SPLINE
  5
161
330
70
100
AcDbEntity
  8
RFID Module Enclosre 3.2 Face Plate v3_Sketch1
100
AcDbSpline
210
0.0
220
0.0
230
1.0
 70
     8
 71
     3
 72
     9
 73
     5
 74
     0
 42
0.000000001
 43
0.0000000001
 40
0.0
 40
0.0
 40
0.0
 40
0.0
 40
0.0105172911764763
 40
0.020898744968127
 40
0.020898744968127
 40
0.020898744968127
 40
0.020898744968127
 10
63.1430738080156
 20
-1.746170853299799
 30
64.95000000000001
 10
63.1351918808661
 20
-1.71200542212462
 30
64.95000000000001
 10
63.11952982657931
 20
-1.6441158276582
 30
64.95000000000001
 10
63.1070038904477
 20
-1.57557842409552
 30
64.95000000000001
 10
63.1007816303384
 20
-1.54153246156663
 30
64.95000000000001
  0
SPLINE
  5
162
330
70
100
AcDbEntity
  8
RFID Module Enclosre 3.2 Face Plate v3_Sketch1
100
AcDbSpline
210
0.0
220
0.0
230
1.0
 70
     8
 71
     3
 72
     9
 73
     5
 74
     0
 42
0.000000001
 43
0.0000000001
 40
0.0
 40
0.0
 40
0.0
 40
0.0
 40
0.0044831577542064
 40
0.0110851913047713
 40
0.0110851913047713
 40
0.0110851913047713
 40
0.0110851913047713
 10
51.80130830349
 20
-1.81063186101407
 30
64.95000000000001
 10
51.8161238354034
 20
-1.812702617489639
 30
64.95000000000001
 10
51.85275716720781
 20
-1.817822832511239
 30
64.95000000000001
 10
51.8897694425372
 20
-1.81780492084615
 30
64.95000000000001
 10
51.9118129307178
 20
-1.8177942531535
 30
64.95000000000001
  0
LINE
  5
163
330
70
100
AcDbEntity
  8
RFID Module Enclosre 3.2 Face Plate v3_Sketch1
100
AcDbLine
 10
53.53868833126099
 20
-2.015270401758849
 30
64.95000000000001
 11
52.7088796192554
 21
-2.015270401758849
 31
64.95000000000001
  0
LINE
  5
164
330
70
100
AcDbEntity
  8
RFID Module Enclosre 3.2 Face Plate v3_Sketch1
100
AcDbLine
 10
63.2951884377611
 20
-2.401696031016999
 30
64.95000000000001
 11
63.1430738080156
 21
-1.746170853299799
 31
64.95000000000001
  0
LINE
  5
165
330
70
100
AcDbEntity
  8
RFID Module Enclosre 3.2 Face Plate v3_Sketch1
100
AcDbLine
 10
52.7088796192554
 20
-2.015270401758849
 30
64.95000000000001
 11
52.7088796192554
 21
-1.83928113154858
 31
64.95000000000001
  0
LINE
  5
166
330
70
100
AcDbEntity
  8
RFID Module Enclosre 3.2 Face Plate v3_Sketch1
100
AcDbLine
 10
53.53868833126099
 20
-1.32870834044903
 30
64.95000000000001
 11
52.61781564296761
 21
-1.32870834044903
 31
64.95000000000001
  0
LINE
  5
167
330
70
100
AcDbEntity
  8
RFID Module Enclosre 3.2 Face Plate v3_Sketch1
100
AcDbLine
 10
63.43093175774931
 20
-2.401696031016999
 30
64.95000000000001
 11
63.29518843776111
 21
-2.401696031016999
 31
64.95000000000001
  0
SPLINE
  5
168
330
70
100
AcDbEntity
  8
RFID Module Enclosre 3.2 Face Plate v3_Sketch1
100
AcDbSpline
210
0.0
220
0.0
230
1.0
 70
     8
 71
     3
 72
     9
 73
     5
 74
     0
 42
0.000000001
 43
0.0000000001
 40
0.0
 40
0.0
 40
0.0
 40
0.0
 40
0.0065559997633653
 40
0.0120946173617125
 40
0.0120946173617125
 40
0.0120946173617125
 40
0.0120946173617125
 10
62.78904904013991
 20
-2.28095937244385
 30
64.95000000000001
 10
62.79396559675309
 20
-2.259663907448049
 30
64.95000000000001
 10
62.8030357421343
 20
-2.22037767957123
 30
64.95000000000001
 10
62.81356068574111
 20
-2.181456763417739
 30
64.95000000000001
 10
62.8183804858339
 20
-2.16363329164475
 30
64.95000000000001
  0
LINE
  5
169
330
70
100
AcDbEntity
  8
RFID Module Enclosre 3.2 Face Plate v3_Sketch1
100
AcDbLine
 10
53.7371884876636
 20
-2.65169601611584
 30
64.95000000000001
 11
52.6526044899372
 21
-2.65169601611584
 31
64.95000000000001
  0
SPLINE
  5
16A
330
70
100
AcDbEntity
  8
RFID Module Enclosre 3.2 Face Plate v3_Sketch1
100
AcDbSpline
210
0.0
220
0.0
230
1.0
 70
     8
 71
     3
 72
     9
 73
     5
 74
     0
 42
0.000000001
 43
0.0000000001
 40
0.0
 40
0.0
 40
0.0
 40
0.0
 40
0.0080937526149838
 40
0.0142608571111521
 40
0.0142608571111521
 40
0.0142608571111521
 40
0.0142608571111521
 10
51.6099714332966
 20
-1.67045455150097
 30
64.95000000000001
 10
51.6269039025065
 20
-1.69161615552312
 30
64.95000000000001
 10
51.65673821242791
 20
-1.72890202594174
 30
64.95000000000001
 10
51.69444810176891
 20
-1.75810044607953
 30
64.95000000000001
 10
51.7107557350544
 20
-1.770727296395
 30
64.95000000000001
  0
SPLINE
  5
16B
330
70
100
AcDbEntity
  8
RFID Module Enclosre 3.2 Face Plate v3_Sketch1
100
AcDbSpline
210
0.0
220
0.0
230
1.0
 70
     8
 71
     3
 72
     9
 73
     5
 74
     0
 42
0.000000001
 43
0.0000000001
 40
0.0
 40
0.0
 40
0.0
 40
0.0
 40
0.014316862189772
 40
0.0251533020188332
 40
0.0251533020188332
 40
0.0251533020188332
 40
0.0251533020188332
 10
51.46672359050789
 20
-1.463769783301049
 30
64.95000000000001
 10
51.4926638188993
 20
-1.50384726525241
 30
64.95000000000001
 10
51.5382382185491
 20
-1.574259412433429
 30
64.95000000000001
 10
51.58837270472989
 20
-1.64149038607964
 30
64.95000000000001
 10
51.6099714332966
 20
-1.67045455150097
 30
64.95000000000001
  0
LINE
  5
16C
330
70
100
AcDbEntity
  8
RFID Module Enclosre 3.2 Face Plate v3_Sketch1
100
AcDbLine
 10
52.6526044899372
 20
-2.65169601611584
 30
64.95000000000001
 11
52.6526044899372
 21
-2.47468363217801
 31
64.95000000000001
  0
SPLINE
  5
16D
330
70
100
AcDbEntity
  8
RFID Module Enclosre 3.2 Face Plate v3_Sketch1
100
AcDbSpline
210
0.0
220
0.0
230
1.0
 70
     8
 71
     3
 72
     9
 73
     5
 74
     0
 42
0.000000001
 43
0.0000000001
 40
0.0
 40
0.0
 40
0.0
 40
0.0
 40
0.0051048147471759
 40
0.0099300306250652
 40
0.0099300306250652
 40
0.0099300306250652
 40
0.0099300306250652
 10
51.7107557350544
 20
-1.770727296395
 30
64.95000000000001
 10
51.7254277143899
 20
-1.779495261087169
 30
64.95000000000001
 10
51.7539680652837
 20
-1.796550955020209
 30
64.95000000000001
 10
51.7858272426341
 20
-1.80602716592049
 30
64.95000000000001
 10
51.80130830349
 20
-1.81063186101407
 30
64.95000000000001
  0
SPLINE
  5
16E
330
70
100
AcDbEntity
  8
RFID Module Enclosre 3.2 Face Plate v3_Sketch1
100
AcDbSpline
210
0.0
220
0.0
230
1.0
 70
     8
 71
     3
 72
     9
 73
     5
 74
     0
 42
0.000000001
 43
0.0000000001
 40
0.0
 40
0.0
 40
0.0
 40
0.0
 40
0.0126706492547392
 40
0.0253794105530275
 40
0.0253794105530275
 40
0.0253794105530275
 40
0.0253794105530275
 10
64.2412999678266
 20
-1.45285565130204
 30
64.95000000000001
 10
64.27613125329919
 20
-1.47769757720942
 30
64.95000000000001
 10
64.34589859326139
 20
-1.52745615104853
 30
64.95000000000001
 10
64.3884687275635
 20
-1.60183259008523
 30
64.95000000000001
 10
64.4097857583177
 20
-1.63907665483445
 30
64.95000000000001
  0
SPLINE
  5
16F
330
70
100
AcDbEntity
  8
RFID Module Enclosre 3.2 Face Plate v3_Sketch1
100
AcDbSpline
210
0.0
220
0.0
230
1.0
 70
     8
 71
     3
 72
     9
 73
     5
 74
     0
 42
0.000000001
 43
0.0000000001
 40
0.0
 40
0.0
 40
0.0
 40
0.0
 40
0.0078863188380046
 40
0.0141433729380863
 40
0.0141433729380863
 40
0.0141433729380863
 40
0.0141433729380863
 10
51.5639268452076
 20
-1.83416526488751
 30
64.95000000000001
 10
51.540279985989
 20
-1.82248106240002
 30
64.95000000000001
 10
51.497871562539
 20
-1.80152654145567
 30
64.95000000000001
 10
51.46067092885821
 20
-1.77237083727832
 30
64.95000000000001
 10
51.44421330036201
 20
-1.75947230033368
 30
64.95000000000001
  0
LINE
  5
170
330
70
100
AcDbEntity
  8
RFID Module Enclosre 3.2 Face Plate v3_Sketch1
100
AcDbLine
 10
53.53868833126099
 20
-2.47468363217801
 30
64.95000000000001
 11
53.53868833126099
 21
-2.015270401758849
 31
64.95000000000001
  0
LINE
  5
171
330
70
100
AcDbEntity
  8
RFID Module Enclosre 3.2 Face Plate v3_Sketch1
100
AcDbLine
 10
51.91181293071779
 20
-1.8177942531535
 30
64.95000000000001
 11
52.1420311027912
 21
-1.8177942531535
 31
64.95000000000001
  0
LINE
  5
172
330
70
100
AcDbEntity
  8
RFID Module Enclosre 3.2 Face Plate v3_Sketch1
100
AcDbLine
 10
52.7088796192554
 20
-1.83928113154858
 30
64.95000000000001
 11
53.53868833126099
 21
-1.83928113154858
 31
64.95000000000001
  0
SPLINE
  5
173
330
70
100
AcDbEntity
  8
RFID Module Enclosre 3.2 Face Plate v3_Sketch1
100
AcDbSpline
210
0.0
220
0.0
230
1.0
 70
     8
 71
     3
 72
     9
 73
     5
 74
     0
 42
0.000000001
 43
0.0000000001
 40
0.0
 40
0.0
 40
0.0
 40
0.0
 40
0.0186043001688161
 40
0.0381264416829126
 40
0.0381264416829126
 40
0.0381264416829126
 40
0.0381264416829126
 10
64.3333873558653
 20
-2.278571908397379
 30
64.95000000000001
 10
64.2847692769716
 20
-2.319649281880979
 30
64.95000000000001
 10
64.18513455097522
 20
-2.403830577086849
 30
64.95000000000001
 10
64.0549101200244
 20
-2.41414832589868
 30
64.95000000000001
 10
63.98823041802771
 20
-2.41943139306992
 30
64.95000000000001
  0
SPLINE
  5
174
330
70
100
AcDbEntity
  8
RFID Module Enclosre 3.2 Face Plate v3_Sketch1
100
AcDbSpline
210
0.0
220
0.0
230
1.0
 70
     8
 71
     3
 72
     9
 73
     5
 74
     0
 42
0.000000001
 43
0.0000000001
 40
0.0
 40
0.0
 40
0.0
 40
0.0
 40
0.0125813703643211
 40
0.0252609266283294
 40
0.0252609266283294
 40
0.0252609266283294
 40
0.0252609266283294
 10
63.7460749257219
 20
-1.44637543432206
 30
64.95000000000001
 10
63.7844146454912
 20
-1.428370190317879
 30
64.95000000000001
 10
63.861393290901
 20
-1.392219188118269
 30
64.95000000000001
 10
63.94629615700011
 20
-1.387174867395299
 30
64.95000000000001
 10
63.9889125931871
 20
-1.38464290372819
 30
64.95000000000001
  0
SPLINE
  5
175
330
70
100
AcDbEntity
  8
RFID Module Enclosre 3.2 Face Plate v3_Sketch1
100
AcDbSpline
210
0.0
220
0.0
230
1.0
 70
     8
 71
     3
 72
     9
 73
     5
 74
     0
 42
0.000000001
 43
0.0000000001
 40
0.0
 40
0.0
 40
0.0
 40
0.0
 40
0.0144914632535243
 40
0.0281009539534422
 40
0.0281009539534422
 40
0.0281009539534422
 40
0.0281009539534422
 10
63.51074058896419
 20
-1.900331859512029
 30
64.95000000000001
 10
63.51296182532149
 20
-1.85163423971736
 30
64.95000000000001
 10
63.51726911020389
 20
-1.75720281153434
 30
64.95000000000001
 10
63.5542311862191
 20
-1.6702665786567
 30
64.95000000000001
 10
63.57213218099001
 20
-1.62816274635285
 30
64.95000000000001
  0
LINE
  5
176
330
70
100
AcDbEntity
  8
RFID Module Enclosre 3.2 Face Plate v3_Sketch1
100
AcDbLine
 10
62.8183804858339
 20
-2.16363329164475
 30
64.95000000000001
 11
63.0305223572862
 21
-1.40169609062165
 31
64.95000000000001
  0
LINE
  5
177
330
70
100
AcDbEntity
  8
RFID Module Enclosre 3.2 Face Plate v3_Sketch1
100
AcDbLine
 10
63.0557613480699
 20
-1.72638911478013
 30
64.95000000000001
 11
62.86544759160401
 21
-2.401696031016999
 31
64.95000000000001
  0
LINE
  5
178
330
70
100
AcDbEntity
  8
RFID Module Enclosre 3.2 Face Plate v3_Sketch1
100
AcDbLine
 10
51.27948036731762
 20
-1.55994962624997
 30
64.95000000000001
 11
51.01856580318489
 21
-1.1516959565112
 31
64.95000000000001
  0
SPLINE
  5
179
330
70
100
AcDbEntity
  8
RFID Module Enclosre 3.2 Face Plate v3_Sketch1
100
AcDbSpline
210
0.0
220
0.0
230
1.0
 70
     8
 71
     3
 72
     9
 73
     5
 74
     0
 42
0.000000001
 43
0.0000000001
 40
0.0
 40
0.0
 40
0.0
 40
0.0
 40
0.0224450082271966
 40
0.042000396026393
 40
0.042000396026393
 40
0.042000396026393
 40
0.042000396026393
 10
64.46708444839839
 20
-1.88873562685937
 30
64.95000000000001
 10
64.4632167318214
 20
-1.965323332724739
 30
64.95000000000001
 10
64.45597923712759
 20
-2.10863867235562
 30
64.95000000000001
 10
64.37233303456721
 20
-2.22458656170462
 30
64.95000000000001
 10
64.3333873558653
 20
-2.278571908397379
 30
64.95000000000001
  0
LINE
  5
17A
330
70
100
AcDbEntity
  8
RFID Module Enclosre 3.2 Face Plate v3_Sketch1
100
AcDbLine
 10
62.7058293331278
 20
-2.401696031016999
 30
64.95000000000001
 11
62.562582682432
 21
-1.89555693141907
 31
64.95000000000001
  0
SPLINE
  5
17B
330
70
100
AcDbEntity
  8
RFID Module Enclosre 3.2 Face Plate v3_Sketch1
100
AcDbSpline
210
0.0
220
0.0
230
1.0
 70
     8
 71
     3
 72
     9
 73
     5
 74
     0
 42
0.000000001
 43
0.0000000001
 40
0.0
 40
0.0
 40
0.0
 40
0.0
 40
0.0104157241759667
 40
0.0223238174706277
 40
0.0223238174706277
 40
0.0223238174706277
 40
0.0223238174706277
 10
62.4848200786722
 20
-1.54153246156663
 30
64.95000000000001
 10
62.47766707267981
 20
-1.57550935317269
 30
64.95000000000001
 10
62.4623361751404
 20
-1.648331358980339
 30
64.95000000000001
 10
62.4445253294138
 20
-1.72058783895389
 30
64.95000000000001
 10
62.4350245702875
 20
-1.759131287259759
 30
64.95000000000001
  0
LINE
  5
17C
330
70
100
AcDbEntity
  8
RFID Module Enclosre 3.2 Face Plate v3_Sketch1
100
AcDbLine
 10
62.4350245702875
 20
-1.759131287259759
 30
64.95000000000001
 11
62.278135012449
 21
-2.401696031016999
 31
64.95000000000001
  0
LINE
  5
17D
330
70
100
AcDbEntity
  8
RFID Module Enclosre 3.2 Face Plate v3_Sketch1
100
AcDbLine
 10
62.1451200950754
 20
-2.401696031016999
 30
64.95000000000001
 11
62.4193354356897
 21
-1.40169609062165
 31
64.95000000000001
  0
LINE
  5
17E
330
70
100
AcDbEntity
  8
RFID Module Enclosre 3.2 Face Plate v3_Sketch1
100
AcDbLine
 10
62.4193354356897
 20
-1.40169609062165
 30
64.95000000000001
 11
62.5468935478342
 21
-1.40169609062165
 31
64.95000000000001
  0
LINE
  5
17F
330
70
100
AcDbEntity
  8
RFID Module Enclosre 3.2 Face Plate v3_Sketch1
100
AcDbLine
 10
62.5468935478342
 20
-1.40169609062165
 30
64.95000000000001
 11
62.75767106896761
 21
-2.16363329164475
 31
64.95000000000001
  0
SPLINE
  5
180
330
70
100
AcDbEntity
  8
RFID Module Enclosre 3.2 Face Plate v3_Sketch1
100
AcDbSpline
210
0.0
220
0.0
230
1.0
 70
     8
 71
     3
 72
     9
 73
     5
 74
     0
 42
0.000000001
 43
0.0000000001
 40
0.0
 40
0.0
 40
0.0
 40
0.0
 40
0.0079928442049276
 40
0.012145434827276
 40
0.012145434827276
 40
0.012145434827276
 40
0.012145434827276
 10
62.75767106896761
 20
-2.16363329164475
 30
64.95000000000001
 10
62.76487911227779
 20
-2.18928467176592
 30
64.95000000000001
 10
62.7758320118981
 20
-2.228262932508109
 30
64.95000000000001
 10
62.7856814599565
 20
-2.26753279245816
 30
64.95000000000001
 10
62.78904904013991
 20
-2.28095937244385
 30
64.95000000000001
  0
LINE
  5
181
330
70
100
AcDbEntity
  8
RFID Module Enclosre 3.2 Face Plate v3_Sketch1
100
AcDbLine
 10
71.5319868390377
 20
-1.845761572045979
 30
64.95000000000001
 11
71.5319868390377
 21
-1.40169609062165
 31
64.95000000000001
  0
SPLINE
  5
182
330
70
100
AcDbEntity
  8
RFID Module Enclosre 3.2 Face Plate v3_Sketch1
100
AcDbSpline
210
0.0
220
0.0
230
1.0
 70
     8
 71
     3
 72
     9
 73
     5
 74
     0
 42
0.000000001
 43
0.0000000001
 40
0.0
 40
0.0
 40
0.0
 40
0.0
 40
0.0117859662638318
 40
0.0205819616342233
 40
0.0205819616342233
 40
0.0205819616342233
 40
0.0205819616342233
 10
71.22093642399869
 20
-2.401696031016999
 30
64.95000000000001
 10
71.18143159280831
 20
-2.40139208765948
 30
64.95000000000001
 10
71.1124438745572
 20
-2.40086130805401
 30
64.95000000000001
 10
71.0460406151997
 20
-2.3825693703111
 30
64.95000000000001
 10
71.0176622335728
 20
-2.374752049369509
 30
64.95000000000001
  0
LINE
  5
183
330
70
100
AcDbEntity
  8
RFID Module Enclosre 3.2 Face Plate v3_Sketch1
100
AcDbLine
 10
81.92154294002262
 20
-1.40169609062165
 30
64.95000000000001
 11
81.92154294002262
 21
-2.401696031016999
 31
64.95000000000001
  0
LINE
  5
184
330
70
100
AcDbEntity
  8
RFID Module Enclosre 3.2 Face Plate v3_Sketch1
100
AcDbLine
 10
81.79466715204922
 20
-1.40169609062165
 30
64.95000000000001
 11
81.92154294002262
 21
-1.40169609062165
 31
64.95000000000001
  0
LINE
  5
185
330
70
100
AcDbEntity
  8
RFID Module Enclosre 3.2 Face Plate v3_Sketch1
100
AcDbLine
 10
80.05455797660559
 20
-2.401696031016999
 30
64.95000000000001
 11
79.26192512858119
 21
-2.401696031016999
 31
64.95000000000001
  0
LINE
  5
186
330
70
100
AcDbEntity
  8
RFID Module Enclosre 3.2 Face Plate v3_Sketch1
100
AcDbLine
 10
78.65142038214419
 20
-2.401696031016999
 30
64.95000000000001
 11
78.49180212366789
 21
-2.401696031016999
 31
64.95000000000001
  0
SPLINE
  5
187
330
70
100
AcDbEntity
  8
RFID Module Enclosre 3.2 Face Plate v3_Sketch1
100
AcDbSpline
210
0.0
220
0.0
230
1.0
 70
     8
 71
     3
 72
     9
 73
     5
 74
     0
 42
0.000000001
 43
0.0000000001
 40
0.0
 40
0.0
 40
0.0
 40
0.0
 40
0.0085944710574406
 40
0.0161363681310621
 40
0.0161363681310621
 40
0.0161363681310621
 40
0.0161363681310621
 10
68.6158886020001
 20
-1.70524317495316
 30
64.95000000000001
 10
68.62487151890021
 20
-1.67790202563086
 30
64.95000000000001
 10
68.64173720534239
 20
-1.6265682265358
 30
64.95000000000001
 10
68.670607708353
 20
-1.58093639678644
 30
64.95000000000001
 10
68.6841013495739
 20
-1.559608762187659
 30
64.95000000000001
  0
LINE
  5
188
330
70
100
AcDbEntity
  8
RFID Module Enclosre 3.2 Face Plate v3_Sketch1
100
AcDbLine
 10
79.26192512858119
 20
-2.401696031016999
 30
64.95000000000001
 11
79.26192512858119
 21
-2.28368792407006
 31
64.95000000000001
  0
LINE
  5
189
330
70
100
AcDbEntity
  8
RFID Module Enclosre 3.2 Face Plate v3_Sketch1
100
AcDbLine
 10
78.8164951478264
 20
-1.40169609062165
 30
64.95000000000001
 11
78.95155659067839
 21
-1.40169609062165
 31
64.95000000000001
  0
SPLINE
  5
18A
330
70
100
AcDbEntity
  8
RFID Module Enclosre 3.2 Face Plate v3_Sketch1
100
AcDbSpline
210
0.0
220
0.0
230
1.0
 70
     8
 71
     3
 72
     9
 73
     5
 74
     0
 42
0.000000001
 43
0.0000000001
 40
0.0
 40
0.0
 40
0.0
 40
0.0
 40
0.011525973498088
 40
0.0241918860029065
 40
0.0241918860029065
 40
0.0241918860029065
 40
0.0241918860029065
 10
68.6285080973919
 20
-2.144874815864259
 30
64.95000000000001
 10
68.6170752079784
 20
-2.10800289735367
 30
64.95000000000001
 10
68.5930786963239
 20
-2.03061236288258
 30
64.95000000000001
 10
68.59058923841749
 20
-1.94957901350833
 30
64.95000000000001
 10
68.5892858569439
 20
-1.90715316407174
 30
64.95000000000001
  0
LINE
  5
18B
330
70
100
AcDbEntity
  8
RFID Module Enclosre 3.2 Face Plate v3_Sketch1
100
AcDbLine
 10
70.9569528167065
 20
-1.673865203780829
 30
64.95000000000001
 11
70.7830100719746
 21
-1.40169609062165
 31
64.95000000000001
  0
LINE
  5
18C
330
70
100
AcDbEntity
  8
RFID Module Enclosre 3.2 Face Plate v3_Sketch1
100
AcDbLine
 10
81.1336848710796
 20
-1.40169609062165
 30
64.95000000000001
 11
81.26942834007952
 21
-1.40169609062165
 31
64.95000000000001
  0
LINE
  5
18D
330
70
100
AcDbEntity
  8
RFID Module Enclosre 3.2 Face Plate v3_Sketch1
100
AcDbLine
 10
79.26192512858119
 20
-2.28368792407006
 30
64.95000000000001
 11
79.5927571331283
 21
-2.28368792407006
 31
64.95000000000001
  0
SPLINE
  5
18E
330
70
100
AcDbEntity
  8
RFID Module Enclosre 3.2 Face Plate v3_Sketch1
100
AcDbSpline
210
0.0
220
0.0
230
1.0
 70
     8
 71
     3
 72
     9
 73
     5
 74
     0
 42
0.000000001
 43
0.0000000001
 40
0.0
 40
0.0
 40
0.0
 40
0.0
 40
0.0053958294566824
 40
0.0095072617297385
 40
0.0095072617297385
 40
0.0095072617297385
 40
0.0095072617297385
 10
71.1772801940258
 20
-1.74753505460709
 30
64.95000000000001
 10
71.1885684188571
 20
-1.761642845366869
 30
64.95000000000001
 10
71.2084578739995
 20
-1.786500276510369
 30
64.95000000000001
 10
71.23359795503779
 20
-1.80596583460683
 30
64.95000000000001
 10
71.24446982787209
 20
-1.814383749885259
 30
64.95000000000001
  0
LINE
  5
18F
330
70
100
AcDbEntity
  8
RFID Module Enclosre 3.2 Face Plate v3_Sketch1
100
AcDbLine
 10
78.60435327637401
 20
-2.16363329164475
 30
64.95000000000001
 11
78.81649514782641
 21
-1.40169609062165
 31
64.95000000000001
  0
LINE
  5
190
330
70
100
AcDbEntity
  8
RFID Module Enclosre 3.2 Face Plate v3_Sketch1
100
AcDbLine
 10
78.8417341386101
 20
-1.72638911478013
 30
64.95000000000001
 11
78.65142038214419
 21
-2.401696031016999
 31
64.95000000000001
  0
SPLINE
  5
191
330
70
100
AcDbEntity
  8
RFID Module Enclosre 3.2 Face Plate v3_Sketch1
100
AcDbSpline
210
0.0
220
0.0
230
1.0
 70
     8
 71
     3
 72
     9
 73
     5
 74
     0
 42
0.000000001
 43
0.0000000001
 40
0.0
 40
0.0
 40
0.0
 40
0.0
 40
0.0104157241759667
 40
0.0223238174706277
 40
0.0223238174706277
 40
0.0223238174706277
 40
0.0223238174706277
 10
78.2707928692123
 20
-1.54153246156663
 30
64.95000000000001
 10
78.2636398632199
 20
-1.57550935317269
 30
64.95000000000001
 10
78.24830896568049
 20
-1.648331358980339
 30
64.95000000000001
 10
78.23049811995389
 20
-1.72058783895389
 30
64.95000000000001
 10
78.22099736082759
 20
-1.759131287259759
 30
64.95000000000001
  0
LINE
  5
192
330
70
100
AcDbEntity
  8
RFID Module Enclosre 3.2 Face Plate v3_Sketch1
100
AcDbLine
 10
78.3328663383743
 20
-1.40169609062165
 30
64.95000000000001
 11
78.5436438595077
 21
-2.16363329164475
 31
64.95000000000001
  0
LINE
  5
193
330
70
100
AcDbEntity
  8
RFID Module Enclosre 3.2 Face Plate v3_Sketch1
100
AcDbLine
 10
76.586617437484
 20
-1.845761572045979
 30
64.95000000000001
 11
76.586617437484
 21
-1.40169609062165
 31
64.95000000000001
  0
SPLINE
  5
194
330
70
100
AcDbEntity
  8
RFID Module Enclosre 3.2 Face Plate v3_Sketch1
100
AcDbSpline
210
0.0
220
0.0
230
1.0
 70
     8
 71
     3
 72
     9
 73
     5
 74
     0
 42
0.000000001
 43
0.0000000001
 40
0.0
 40
0.0
 40
0.0
 40
0.0
 40
0.0061833092246103
 40
0.0129971734099676
 40
0.0129971734099676
 40
0.0129971734099676
 40
0.0129971734099676
 10
68.77516532586182
 20
-1.46888572446793
 30
64.95000000000001
 10
68.7930196810529
 20
-1.45840376111215
 30
64.95000000000001
 10
68.83054912396339
 20
-1.43637091584059
 30
64.95000000000001
 10
68.8725294408527
 20
-1.424810113536219
 30
64.95000000000001
 10
68.8945379321392
 20
-1.41874927751511
 30
64.95000000000001
  0
LINE
  5
195
330
70
100
AcDbEntity
  8
RFID Module Enclosre 3.2 Face Plate v3_Sketch1
100
AcDbLine
 10
81.7857994710228
 20
-2.401696031016999
 30
64.95000000000001
 11
81.260560659053
 21
-1.61656651370019
 31
64.95000000000001
  0
LINE
  5
196
330
70
100
AcDbEntity
  8
RFID Module Enclosre 3.2 Face Plate v3_Sketch1
100
AcDbLine
 10
70.7830100719746
 20
-1.40169609062165
 30
64.95000000000001
 11
70.9494491879757
 21
-1.40169609062165
 31
64.95000000000001
  0
LINE
  5
197
330
70
100
AcDbEntity
  8
RFID Module Enclosre 3.2 Face Plate v3_Sketch1
100
AcDbLine
 10
81.79466715204922
 20
-2.187507783097919
 30
64.95000000000001
 11
81.79466715204922
 21
-1.401696090621649
 31
64.95000000000001
  0
LINE
  5
198
330
70
100
AcDbEntity
  8
RFID Module Enclosre 3.2 Face Plate v3_Sketch1
100
AcDbLine
 10
78.22099736082759
 20
-1.759131287259759
 30
64.95000000000001
 11
78.0641078029892
 21
-2.401696031016999
 31
64.95000000000001
  0
SPLINE
  5
199
330
70
100
AcDbEntity
  8
RFID Module Enclosre 3.2 Face Plate v3_Sketch1
100
AcDbSpline
210
0.0
220
0.0
230
1.0
 70
     8
 71
     3
 72
     9
 73
     5
 74
     0
 42
0.000000001
 43
0.0000000001
 40
0.0
 40
0.0
 40
0.0
 40
0.0
 40
0.0065559997633653
 40
0.0120946173617125
 40
0.0120946173617125
 40
0.0120946173617125
 40
0.0120946173617125
 10
78.5750218306801
 20
-2.28095937244385
 30
64.95000000000001
 10
78.5799383872932
 20
-2.259663907448049
 30
64.95000000000001
 10
78.58900853267449
 20
-2.22037767957123
 30
64.95000000000001
 10
78.59953347628129
 20
-2.181456763417739
 30
64.95000000000001
 10
78.60435327637401
 20
-2.16363329164475
 30
64.95000000000001
  0
LINE
  5
19A
330
70
100
AcDbEntity
  8
RFID Module Enclosre 3.2 Face Plate v3_Sketch1
100
AcDbLine
 10
76.586617437484
 20
-1.40169609062165
 30
64.95000000000001
 11
76.71895047772141
 21
-1.40169609062165
 31
64.95000000000001
  0
SPLINE
  5
19B
330
70
100
AcDbEntity
  8
RFID Module Enclosre 3.2 Face Plate v3_Sketch1
100
AcDbSpline
210
0.0
220
0.0
230
1.0
 70
     8
 71
     3
 72
     9
 73
     5
 74
     0
 42
0.000000001
 43
0.0000000001
 40
0.0
 40
0.0
 40
0.0
 40
0.0
 40
0.0117859365102218
 40
0.0205818738703044
 40
0.0205818738703044
 40
0.0205818738703044
 40
0.0205818738703044
 10
76.2755670224449
 20
-2.401696031016999
 30
64.95000000000001
 10
76.236062286887
 20
-2.40139210155617
 30
64.95000000000001
 10
76.1670748556527
 20
-2.400861347141979
 30
64.95000000000001
 10
76.1006719082489
 20
-2.38256936924816
 30
64.95000000000001
 10
76.0722937260887
 20
-2.374752049369509
 30
64.95000000000001
  0
SPLINE
  5
19C
330
70
100
AcDbEntity
  8
RFID Module Enclosre 3.2 Face Plate v3_Sketch1
100
AcDbSpline
210
0.0
220
0.0
230
1.0
 70
     8
 71
     3
 72
     9
 73
     5
 74
     0
 42
0.000000001
 43
0.0000000001
 40
0.0
 40
0.0
 40
0.0
 40
0.0
 40
0.0072838290902393
 40
0.0148429556784548
 40
0.0148429556784548
 40
0.0148429556784548
 40
0.0148429556784548
 10
76.0722937260887
 20
-2.374752049369509
 30
64.95000000000001
 10
76.0501431804387
 20
-2.36384683385478
 30
64.95000000000001
 10
76.0050048935208
 20
-2.341624232453249
 30
64.95000000000001
 10
75.9759188075364
 20
-2.30052551632888
 30
64.95000000000001
 10
75.96110602963179
 20
-2.279595022124949
 30
64.95000000000001
  0
LINE
  5
19D
330
70
100
AcDbEntity
  8
RFID Module Enclosre 3.2 Face Plate v3_Sketch1
100
AcDbLine
 10
81.260560659053
 20
-1.61656651370019
 30
64.95000000000001
 11
81.260560659053
 21
-2.401696031016999
 31
64.95000000000001
  0
LINE
  5
19E
330
70
100
AcDbEntity
  8
RFID Module Enclosre 3.2 Face Plate v3_Sketch1
100
AcDbLine
 10
69.4160249297436
 20
-1.40169609062165
 30
64.95000000000001
 11
69.4160249297436
 21
-2.401696031016999
 31
64.95000000000001
  0
LINE
  5
19F
330
70
100
AcDbEntity
  8
RFID Module Enclosre 3.2 Face Plate v3_Sketch1
100
AcDbLine
 10
79.72508987534252
 20
-2.28368792407006
 30
64.95000000000001
 11
80.05455797660559
 21
-2.28368792407006
 31
64.95000000000001
  0
SPLINE
  5
1A0
330
70
100
AcDbEntity
  8
RFID Module Enclosre 3.2 Face Plate v3_Sketch1
100
AcDbSpline
210
0.0
220
0.0
230
1.0
 70
     8
 71
     3
 72
     9
 73
     5
 74
     0
 42
0.000000001
 43
0.0000000001
 40
0.0
 40
0.0
 40
0.0
 40
0.0
 40
0.0129958909589151
 40
0.0190261868639294
 40
0.0190261868639294
 40
0.0190261868639294
 40
0.0190261868639294
 10
78.8867544208786
 20
-1.54153246156663
 30
64.95000000000001
 10
78.87677871245379
 20
-1.58368884535407
 30
64.95000000000001
 10
78.86217411987999
 20
-1.64540644809351
 30
64.95000000000001
 10
78.84665338990671
 20
-1.70689917088813
 30
64.95000000000001
 10
78.8417341386101
 20
-1.72638911478013
 30
64.95000000000001
  0
SPLINE
  5
1A1
330
70
100
AcDbEntity
  8
RFID Module Enclosre 3.2 Face Plate v3_Sketch1
100
AcDbSpline
210
0.0
220
0.0
230
1.0
 70
     8
 71
     3
 72
     9
 73
     5
 74
     0
 42
0.000000001
 43
0.0000000001
 40
0.0
 40
0.0
 40
0.0
 40
0.0
 40
0.0029887712409728
 40
0.0073901072151566
 40
0.0073901072151566
 40
0.0073901072151566
 40
0.0073901072151566
 10
71.3048383061703
 20
-1.840986643953019
 30
64.95000000000001
 10
71.31471532788009
 20
-1.84236712633404
 30
64.95000000000001
 10
71.33913748786381
 20
-1.84578054006891
 30
64.95000000000001
 10
71.36381226761109
 20
-1.84576865214978
 30
64.95000000000001
 10
71.37850785897329
 20
-1.845761572045979
 30
64.95000000000001
  0
LINE
  5
1A2
330
70
100
AcDbEntity
  8
RFID Module Enclosre 3.2 Face Plate v3_Sketch1
100
AcDbLine
 10
79.21690454828951
 20
-2.401696031016999
 30
64.95000000000001
 11
79.081160930278
 21
-2.401696031016999
 31
64.95000000000001
  0
LINE
  5
1A3
330
70
100
AcDbEntity
  8
RFID Module Enclosre 3.2 Face Plate v3_Sketch1
100
AcDbLine
 10
70.9494491879757
 20
-1.40169609062165
 30
64.95000000000001
 11
71.0817822282131
 21
-1.60974520914048
 31
64.95000000000001
  0
LINE
  5
1A4
330
70
100
AcDbEntity
  8
RFID Module Enclosre 3.2 Face Plate v3_Sketch1
100
AcDbLine
 10
71.37850785897329
 20
-1.845761572045979
 30
64.95000000000001
 11
71.5319868390377
 21
-1.845761572045979
 31
64.95000000000001
  0
SPLINE
  5
1A5
330
70
100
AcDbEntity
  8
RFID Module Enclosre 3.2 Face Plate v3_Sketch1
100
AcDbSpline
210
0.0
220
0.0
230
1.0
 70
     8
 71
     3
 72
     9
 73
     5
 74
     0
 42
0.000000001
 43
0.0000000001
 40
0.0
 40
0.0
 40
0.0
 40
0.0
 40
0.0076200184086485
 40
0.0161828314231466
 40
0.0161828314231466
 40
0.0161828314231466
 40
0.0161828314231466
 10
68.8945379321392
 20
-1.41874927751511
 30
64.95000000000001
 10
68.91950022224199
 20
-1.413779953275819
 30
64.95000000000001
 10
68.9725132874349
 20
-1.40322647005062
 30
64.95000000000001
 10
69.0265739281492
 20
-1.4022256526189
 30
64.95000000000001
 10
69.05517900631981
 20
-1.40169609062165
 30
64.95000000000001
  0
LINE
  5
1A6
330
70
100
AcDbEntity
  8
RFID Module Enclosre 3.2 Face Plate v3_Sketch1
100
AcDbLine
 10
79.59275713312831
 20
-2.28368792407006
 30
64.95000000000001
 11
79.59275713312831
 21
-1.401696090621649
 31
64.95000000000001
  0
SPLINE
  5
1A7
330
70
100
AcDbEntity
  8
RFID Module Enclosre 3.2 Face Plate v3_Sketch1
100
AcDbSpline
210
0.0
220
0.0
230
1.0
 70
     8
 71
     3
 72
     9
 73
     5
 74
     0
 42
0.000000001
 43
0.0000000001
 40
0.0
 40
0.0
 40
0.0
 40
0.0
 40
0.0084350603636339
 40
0.0164427491937065
 40
0.0164427491937065
 40
0.0164427491937065
 40
0.0164427491937065
 10
68.89351511643489
 20
-2.38737139574975
 30
64.95000000000001
 10
68.8661956026856
 20
-2.37967633723358
 30
64.95000000000001
 10
68.8129407481489
 20
-2.36467609873409
 30
64.95000000000001
 10
68.7685000843215
 20
-2.33177224041516
 30
64.95000000000001
 10
68.7468572919186
 20
-2.315747921390229
 30
64.95000000000001
  0
LINE
  5
1A8
330
70
100
AcDbEntity
  8
RFID Module Enclosre 3.2 Face Plate v3_Sketch1
100
AcDbLine
 10
69.4160249297436
 20
-2.401696031016999
 30
64.95000000000001
 11
69.0715500180538
 21
-2.401696031016999
 31
64.95000000000001
  0
LINE
  5
1A9
330
70
100
AcDbEntity
  8
RFID Module Enclosre 3.2 Face Plate v3_Sketch1
100
AcDbLine
 10
81.260560659053
 20
-2.401696031016999
 30
64.95000000000001
 11
81.1336848710796
 21
-2.401696031016999
 31
64.95000000000001
  0
SPLINE
  5
1AA
330
70
100
AcDbEntity
  8
RFID Module Enclosre 3.2 Face Plate v3_Sketch1
100
AcDbSpline
210
0.0
220
0.0
230
1.0
 70
     8
 71
     3
 72
     9
 73
     5
 74
     0
 42
0.000000001
 43
0.0000000001
 40
0.0
 40
0.0
 40
0.0
 40
0.0
 40
0.0095445637886189
 40
0.0167688335581332
 40
0.0167688335581332
 40
0.0167688335581332
 40
0.0167688335581332
 10
71.0817822282131
 20
-1.60974520914048
 30
64.95000000000001
 10
71.0990756670553
 20
-1.636463515348729
 30
64.95000000000001
 10
71.12945849062
 20
-1.68340487795932
 30
64.95000000000001
 10
71.1628811860474
 20
-1.728225601797119
 30
64.95000000000001
 10
71.1772801940258
 20
-1.74753505460709
 30
64.95000000000001
  0
SPLINE
  5
1AB
330
70
100
AcDbEntity
  8
RFID Module Enclosre 3.2 Face Plate v3_Sketch1
100
AcDbSpline
210
0.0
220
0.0
230
1.0
 70
     8
 71
     3
 72
     9
 73
     5
 74
     0
 42
0.000000001
 43
0.0000000001
 40
0.0
 40
0.0
 40
0.0
 40
0.0
 40
0.0102892870032405
 40
0.0178860752158818
 40
0.0178860752158818
 40
0.0178860752158818
 40
0.0178860752158818
 10
69.0715500180538
 20
-2.401696031016999
 30
64.95000000000001
 10
69.0371800029882
 20
-2.401554080361449
 30
64.95000000000001
 10
68.9774339122784
 20
-2.40130732467262
 30
64.95000000000001
 10
68.91853245096129
 20
-2.39152588572182
 30
64.95000000000001
 10
68.89351511643489
 20
-2.38737139574975
 30
64.95000000000001
  0
LINE
  5
1AC
330
70
100
AcDbEntity
  8
RFID Module Enclosre 3.2 Face Plate v3_Sketch1
100
AcDbLine
 10
81.1336848710796
 20
-2.401696031016999
 30
64.95000000000001
 11
81.1336848710796
 21
-1.40169609062165
 31
64.95000000000001
  0
LINE
  5
1AD
330
70
100
AcDbEntity
  8
RFID Module Enclosre 3.2 Face Plate v3_Sketch1
100
AcDbLine
 10
69.05517900631981
 20
-1.401696090621649
 30
64.95000000000001
 11
69.4160249297436
 21
-1.401696090621649
 31
64.95000000000001
  0
LINE
  5
1AE
330
70
100
AcDbEntity
  8
RFID Module Enclosre 3.2 Face Plate v3_Sketch1
100
AcDbLine
 10
79.59275713312831
 20
-1.40169609062165
 30
64.95000000000001
 11
79.72508987534252
 21
-1.40169609062165
 31
64.95000000000001
  0
LINE
  5
1AF
330
70
100
AcDbEntity
  8
RFID Module Enclosre 3.2 Face Plate v3_Sketch1
100
AcDbLine
 10
80.05455797660559
 20
-2.28368792407006
 30
64.95000000000001
 11
80.05455797660559
 21
-2.401696031016999
 31
64.95000000000001
  0
LINE
  5
1B0
330
70
100
AcDbEntity
  8
RFID Module Enclosre 3.2 Face Plate v3_Sketch1
100
AcDbLine
 10
81.2694283400795
 20
-1.40169609062165
 30
64.95000000000001
 11
81.7946671520492
 21
-2.187507783097919
 31
64.95000000000001
  0
SPLINE
  5
1B1
330
70
100
AcDbEntity
  8
RFID Module Enclosre 3.2 Face Plate v3_Sketch1
100
AcDbSpline
210
0.0
220
0.0
230
1.0
 70
     8
 71
     3
 72
     9
 73
     5
 74
     0
 42
0.000000001
 43
0.0000000001
 40
0.0
 40
0.0
 40
0.0
 40
0.0
 40
0.0105172847011936
 40
0.0208987384928443
 40
0.0208987384928443
 40
0.0208987384928443
 40
0.0208987384928443
 10
78.92904630053251
 20
-1.746170853299799
 30
64.95000000000001
 10
78.9211644967847
 20
-1.71200541677283
 30
64.95000000000001
 10
78.9055026829175
 20
-1.64411579090866
 30
64.95000000000001
 10
78.8929767041133
 20
-1.57557841894669
 30
64.95000000000001
 10
78.8867544208786
 20
-1.54153246156663
 30
64.95000000000001
  0
SPLINE
  5
1B2
330
70
100
AcDbEntity
  8
RFID Module Enclosre 3.2 Face Plate v3_Sketch1
100
AcDbSpline
210
0.0
220
0.0
230
1.0
 70
     8
 71
     3
 72
     9
 73
     5
 74
     0
 42
0.000000001
 43
0.0000000001
 40
0.0
 40
0.0
 40
0.0
 40
0.0
 40
0.0067459348897993
 40
0.0129054538531158
 40
0.0129054538531158
 40
0.0129054538531158
 40
0.0129054538531158
 10
68.6841013495739
 20
-1.559608762187659
 30
64.95000000000001
 10
68.6978894133368
 20
-1.541697441176159
 30
64.95000000000001
 10
68.72426696122642
 20
-1.507431808533939
 30
64.95000000000001
 10
68.75872106207019
 20
-1.48133920856425
 30
64.95000000000001
 10
68.77516532586182
 20
-1.46888572446793
 30
64.95000000000001
  0
SPLINE
  5
1B3
330
70
100
AcDbEntity
  8
RFID Module Enclosre 3.2 Face Plate v3_Sketch1
100
AcDbSpline
210
0.0
220
0.0
230
1.0
 70
     8
 71
     3
 72
     9
 73
     5
 74
     0
 42
0.000000001
 43
0.0000000001
 40
0.0
 40
0.0
 40
0.0
 40
0.0
 40
0.0107640941631749
 40
0.0204199494701222
 40
0.0204199494701222
 40
0.0204199494701222
 40
0.0204199494701222
 10
68.5892858569439
 20
-1.90715316407174
 30
64.95000000000001
 10
68.59013295865461
 20
-1.87115537871074
 30
64.95000000000001
 10
68.59173994702409
 20
-1.802866032021199
 30
64.95000000000001
 10
68.60813566172019
 20
-1.73658505223581
 30
64.95000000000001
 10
68.6158886020001
 20
-1.70524317495316
 30
64.95000000000001
  0
LINE
  5
1B4
330
70
100
AcDbEntity
  8
RFID Module Enclosre 3.2 Face Plate v3_Sketch1
100
AcDbLine
 10
81.92154294002262
 20
-2.401696031016999
 30
64.95000000000001
 11
81.78579947102281
 21
-2.401696031016999
 31
64.95000000000001
  0
LINE
  5
1B5
330
70
100
AcDbEntity
  8
RFID Module Enclosre 3.2 Face Plate v3_Sketch1
100
AcDbLine
 10
79.72508987534252
 20
-1.40169609062165
 30
64.95000000000001
 11
79.72508987534252
 21
-2.28368792407006
 31
64.95000000000001
  0
LINE
  5
1B6
330
70
100
AcDbEntity
  8
RFID Module Enclosre 3.2 Face Plate v3_Sketch1
100
AcDbLine
 10
78.49180212366789
 20
-2.401696031016999
 30
64.95000000000001
 11
78.34855547297209
 21
-1.89555693141907
 31
64.95000000000001
  0
SPLINE
  5
1B7
330
70
100
AcDbEntity
  8
RFID Module Enclosre 3.2 Face Plate v3_Sketch1
100
AcDbSpline
210
0.0
220
0.0
230
1.0
 70
     8
 71
     3
 72
     9
 73
     5
 74
     0
 42
0.000000001
 43
0.0000000001
 40
0.0
 40
0.0
 40
0.0
 40
0.0
 40
0.0188437876793071
 40
0.0362671282250641
 40
0.0362671282250641
 40
0.0362671282250641
 40
0.0362671282250641
 10
78.34855547297209
 20
-1.89555693141907
 30
64.95000000000001
 10
78.332015918883
 20
-1.83491228716615
 30
64.95000000000001
 10
78.3001835644146
 20
-1.7181943997268
 30
64.95000000000001
 10
78.28033057866261
 20
-1.598861838279219
 30
64.95000000000001
 10
78.2707928692123
 20
-1.54153246156663
 30
64.95000000000001
  0
SPLINE
  5
1B8
330
70
100
AcDbEntity
  8
RFID Module Enclosre 3.2 Face Plate v3_Sketch1
100
AcDbSpline
210
0.0
220
0.0
230
1.0
 70
     8
 71
     3
 72
     9
 73
     5
 74
     0
 42
0.000000001
 43
0.0000000001
 40
0.0
 40
0.0
 40
0.0
 40
0.0
 40
0.0102856481551235
 40
0.0209601067583046
 40
0.0209601067583046
 40
0.0209601067583046
 40
0.0209601067583046
 10
68.7468572919186
 20
-2.315747921390229
 30
64.95000000000001
 10
68.72202883586441
 20
-2.29160513025582
 30
64.95000000000001
 10
68.67143337686269
 20
-2.24240692009066
 30
64.95000000000001
 10
68.6429923842315
 20
-2.17778509603247
 30
64.95000000000001
 10
68.6285080973919
 20
-2.144874815864259
 30
64.95000000000001
  0
LINE
  5
1B9
330
70
100
AcDbEntity
  8
RFID Module Enclosre 3.2 Face Plate v3_Sketch1
100
AcDbLine
 10
78.95155659067839
 20
-1.40169609062165
 30
64.95000000000001
 11
79.21690454828951
 21
-2.401696031016999
 31
64.95000000000001
  0
SPLINE
  5
1BA
330
70
100
AcDbEntity
  8
RFID Module Enclosre 3.2 Face Plate v3_Sketch1
100
AcDbSpline
210
0.0
220
0.0
230
1.0
 70
     8
 71
     3
 72
     9
 73
     5
 74
     0
 42
0.000000001
 43
0.0000000001
 40
0.0
 40
0.0
 40
0.0
 40
0.0
 40
0.0034031836225674
 40
0.0066200269905805
 40
0.0066200269905805
 40
0.0066200269905805
 40
0.0066200269905805
 10
71.24446982787209
 20
-1.814383749885259
 30
64.95000000000001
 10
71.2542510375977
 20
-1.82022908618755
 30
64.95000000000001
 10
71.2732778899705
 20
-1.831599699231639
 30
64.95000000000001
 10
71.2945174508735
 20
-1.83791693481057
 30
64.95000000000001
 10
71.3048383061703
 20
-1.840986643953019
 30
64.95000000000001
  0
LINE
  5
1BB
330
70
100
AcDbEntity
  8
RFID Module Enclosre 3.2 Face Plate v3_Sketch1
100
AcDbLine
 10
79.081160930278
 20
-2.401696031016999
 30
64.95000000000001
 11
78.92904630053251
 21
-1.746170853299799
 31
64.95000000000001
  0
LINE
  5
1BC
330
70
100
AcDbEntity
  8
RFID Module Enclosre 3.2 Face Plate v3_Sketch1
100
AcDbLine
 10
78.0641078029892
 20
-2.401696031016999
 30
64.95000000000001
 11
77.9310928856155
 21
-2.401696031016999
 31
64.95000000000001
  0
LINE
  5
1BD
330
70
100
AcDbEntity
  8
RFID Module Enclosre 3.2 Face Plate v3_Sketch1
100
AcDbLine
 10
77.9310928856155
 20
-2.401696031016999
 30
64.95000000000001
 11
78.20530822622981
 21
-1.40169609062165
 31
64.95000000000001
  0
LINE
  5
1BE
330
70
100
AcDbEntity
  8
RFID Module Enclosre 3.2 Face Plate v3_Sketch1
100
AcDbLine
 10
78.20530822622981
 20
-1.40169609062165
 30
64.95000000000001
 11
78.33286633837431
 21
-1.40169609062165
 31
64.95000000000001
  0
LINE
  5
1BF
330
70
100
AcDbEntity
  8
RFID Module Enclosre 3.2 Face Plate v3_Sketch1
100
AcDbLine
 10
76.71895047772141
 20
-1.40169609062165
 30
64.95000000000001
 11
76.71895047772141
 21
-2.401696031016999
 31
64.95000000000001
  0
LINE
  5
1C0
330
70
100
AcDbEntity
  8
RFID Module Enclosre 3.2 Face Plate v3_Sketch1
100
AcDbLine
 10
76.71895047772141
 20
-2.401696031016999
 30
64.95000000000001
 11
76.2755670224449
 21
-2.401696031016999
 31
64.95000000000001
  0
SPLINE
  5
1C1
330
70
100
AcDbEntity
  8
RFID Module Enclosre 3.2 Face Plate v3_Sketch1
100
AcDbSpline
210
0.0
220
0.0
230
1.0
 70
     8
 71
     3
 72
     9
 73
     5
 74
     0
 42
0.000000001
 43
0.0000000001
 40
0.0
 40
0.0
 40
0.0
 40
0.0
 40
0.0079928442049276
 40
0.012145434827276
 40
0.012145434827276
 40
0.012145434827276
 40
0.012145434827276
 10
78.54364385950771
 20
-2.16363329164475
 30
64.95000000000001
 10
78.55085190281799
 20
-2.18928467176592
 30
64.95000000000001
 10
78.5618048024382
 20
-2.228262932508109
 30
64.95000000000001
 10
78.57165425049671
 20
-2.26753279245816
 30
64.95000000000001
 10
78.5750218306801
 20
-2.28095937244385
 30
64.95000000000001
  0
SPLINE
  5
1C2
330
70
100
AcDbEntity
  8
RFID Module Enclosre 3.2 Face Plate v3_Sketch1
100
AcDbSpline
210
0.0
220
0.0
230
1.0
 70
     8
 71
     3
 72
     9
 73
     5
 74
     0
 42
0.000000001
 43
0.0000000001
 40
0.0
 40
0.0
 40
0.0
 40
0.0
 40
0.007828357755939
 40
0.0157922043444536
 40
0.0157922043444536
 40
0.0157922043444536
 40
0.0157922043444536
 10
75.96110602963179
 20
-2.279595022124949
 30
64.95000000000001
 10
75.94896988379339
 20
-2.256144398825679
 30
64.95000000000001
 10
75.92448754650011
 20
-2.20883728197018
 30
64.95000000000001
 10
75.9211693563533
 20
-2.155660997335299
 30
64.95000000000001
 10
75.91949602711411
 20
-2.128844742698369
 30
64.95000000000001
  0
LINE
  5
1C3
330
70
100
AcDbEntity
  8
RFID Module Enclosre 3.2 Face Plate v3_Sketch1
100
AcDbLine
 10
75.83764096844402
 20
-1.40169609062165
 30
64.95000000000001
 11
76.00408097851482
 21
-1.40169609062165
 31
64.95000000000001
  0
LINE
  5
1C4
330
70
100
AcDbEntity
  8
RFID Module Enclosre 3.2 Face Plate v3_Sketch1
100
AcDbLine
 10
76.01158401119921
 20
-1.673865203780829
 30
64.95000000000001
 11
75.83764096844401
 21
-1.40169609062165
 31
64.95000000000001
  0
SPLINE
  5
1C5
330
70
100
AcDbEntity
  8
RFID Module Enclosre 3.2 Face Plate v3_Sketch1
100
AcDbSpline
210
0.0
220
0.0
230
1.0
 70
     8
 71
     3
 72
     9
 73
     5
 74
     0
 42
0.000000001
 43
0.0000000001
 40
0.0
 40
0.0
 40
0.0
 40
0.0
 40
0.0061067973680104
 40
0.0126516779845522
 40
0.0126516779845522
 40
0.0126516779845522
 40
0.0126516779845522
 10
85.94889136139171
 20
-2.34542060367554
 30
64.95000000000001
 10
85.93294159988289
 20
-2.332450043497749
 30
64.95000000000001
 10
85.89989788901789
 20
-2.305578454224399
 30
64.95000000000001
 10
85.8793636364369
 20
-2.26822355785238
 30
64.95000000000001
 10
85.8687409955622
 20
-2.248899375123679
 30
64.95000000000001
  0
SPLINE
  5
1C6
330
70
100
AcDbEntity
  8
RFID Module Enclosre 3.2 Face Plate v3_Sketch1
100
AcDbSpline
210
0.0
220
0.0
230
1.0
 70
     8
 71
     3
 72
     9
 73
     5
 74
     0
 42
0.000000001
 43
0.0000000001
 40
0.0
 40
0.0
 40
0.0
 40
0.0
 40
0.0052575062267155
 40
0.0094288524576646
 40
0.0094288524576646
 40
0.0094288524576646
 40
0.0094288524576646
 10
76.2012149964592
 20
-1.85667562953919
 30
64.95000000000001
 10
76.18545053897149
 20
-1.848886214750909
 30
64.95000000000001
 10
76.1571784386037
 20
-1.83491661783497
 30
64.95000000000001
 10
76.1323783694819
 20
-1.81547935874236
 30
64.95000000000001
 10
76.1214067612907
 20
-1.8068802701661
 30
64.95000000000001
  0
LINE
  5
1C7
330
70
100
AcDbEntity
  8
RFID Module Enclosre 3.2 Face Plate v3_Sketch1
100
AcDbLine
 10
86.4693555432917
 20
-1.40169609062165
 30
64.95000000000001
 11
86.60168858352909
 21
-1.40169609062165
 31
64.95000000000001
  0
LINE
  5
1C8
330
70
100
AcDbEntity
  8
RFID Module Enclosre 3.2 Face Plate v3_Sketch1
100
AcDbLine
 10
86.60168858352909
 20
-2.401696031016999
 30
64.95000000000001
 11
86.2244710523249
 21
-2.401696031016999
 31
64.95000000000001
  0
LINE
  5
1C9
330
70
100
AcDbEntity
  8
RFID Module Enclosre 3.2 Face Plate v3_Sketch1
100
AcDbLine
 10
85.66785426918281
 20
-1.82393345705956
 30
64.95000000000001
 11
85.66785426918279
 21
-2.401696031016999
 31
64.95000000000001
  0
SPLINE
  5
1CA
330
70
100
AcDbEntity
  8
RFID Module Enclosre 3.2 Face Plate v3_Sketch1
100
AcDbSpline
210
0.0
220
0.0
230
1.0
 70
     8
 71
     3
 72
     9
 73
     5
 74
     0
 42
0.000000001
 43
0.0000000001
 40
0.0
 40
0.0
 40
0.0
 40
0.0
 40
0.009355838810609
 40
0.0192286612593541
 40
0.0192286612593541
 40
0.0192286612593541
 40
0.0192286612593541
 10
84.91546722236881
 20
-1.58450651638001
 30
64.95000000000001
 10
84.92950506471499
 20
-1.55609200558658
 30
64.95000000000001
 10
84.95835645054469
 20
-1.49769285891918
 30
64.95000000000001
 10
85.01137125975219
 20
-1.459728823829659
 30
64.95000000000001
 10
85.03859134498851
 20
-1.44023645393342
 30
64.95000000000001
  0
SPLINE
  5
1CB
330
70
100
AcDbEntity
  8
RFID Module Enclosre 3.2 Face Plate v3_Sketch1
100
AcDbSpline
210
0.0
220
0.0
230
1.0
 70
     8
 71
     3
 72
     9
 73
     5
 74
     0
 42
0.000000001
 43
0.0000000001
 40
0.0
 40
0.0
 40
0.0
 40
0.0
 40
0.0096822457387543
 40
0.0192464678446129
 40
0.0192464678446129
 40
0.0192464678446129
 40
0.0192464678446129
 10
85.5020973283411
 20
-1.433074061793979
 30
64.95000000000001
 10
85.52971251224819
 20
-1.45092774662213
 30
64.95000000000001
 10
85.58460625936319
 20
-1.486417485286509
 30
64.95000000000001
 10
85.61470016359109
 20
-1.54442531494941
 30
64.95000000000001
 10
85.62965484443919
 20
-1.573251371307069
 30
64.95000000000001
  0
SPLINE
  5
1CC
330
70
100
AcDbEntity
  8
RFID Module Enclosre 3.2 Face Plate v3_Sketch1
100
AcDbSpline
210
0.0
220
0.0
230
1.0
 70
     8
 71
     3
 72
     9
 73
     5
 74
     0
 42
0.000000001
 43
0.0000000001
 40
0.0
 40
0.0
 40
0.0
 40
0.0
 40
0.0069006574536605
 40
0.0140691785789093
 40
0.0140691785789093
 40
0.0140691785789093
 40
0.0140691785789093
 10
85.8687409955622
 20
-2.248899375123679
 30
64.95000000000001
 10
85.85988871625961
 20
-2.227469070484319
 30
64.95000000000001
 10
85.84184053763662
 20
-2.183776598426939
 30
64.95000000000001
 10
85.8395525225262
 20
-2.13654112615388
 30
64.95000000000001
 10
85.83838673416392
 20
-2.11247373096436
 30
64.95000000000001
  0
LINE
  5
1CD
330
70
100
AcDbEntity
  8
RFID Module Enclosre 3.2 Face Plate v3_Sketch1
100
AcDbLine
 10
85.01369329277293
 20
-1.8246154832074
 30
64.95000000000001
 11
85.01369329277292
 21
-2.401696031016999
 31
64.95000000000001
  0
SPLINE
  5
1CE
330
70
100
AcDbEntity
  8
RFID Module Enclosre 3.2 Face Plate v3_Sketch1
100
AcDbSpline
210
0.0
220
0.0
230
1.0
 70
     8
 71
     3
 72
     9
 73
     5
 74
     0
 42
0.000000001
 43
0.0000000001
 40
0.0
 40
0.0
 40
0.0
 40
0.0
 40
0.0107315447981148
 40
0.0265819174605728
 40
0.0265819174605728
 40
0.0265819174605728
 40
0.0265819174605728
 10
85.07576676193492
 20
-1.57018173210114
 30
64.95000000000001
 10
85.05782297898489
 20
-1.60173210088884
 30
64.95000000000001
 10
85.01337642759999
 20
-1.67988201450729
 30
64.95000000000001
 10
85.0135749293506
 20
-1.77055100992596
 30
64.95000000000001
 10
85.0136932927729
 20
-1.8246154832074
 30
64.95000000000001
  0
SPLINE
  5
1CF
330
70
100
AcDbEntity
  8
RFID Module Enclosre 3.2 Face Plate v3_Sketch1
100
AcDbSpline
210
0.0
220
0.0
230
1.0
 70
     8
 71
     3
 72
     9
 73
     5
 74
     0
 42
0.000000001
 43
0.0000000001
 40
0.0
 40
0.0
 40
0.0
 40
0.0
 40
0.0111041084286182
 40
0.0242490907780538
 40
0.0242490907780538
 40
0.0242490907780538
 40
0.0242490907780538
 10
85.03859134498851
 20
-1.44023645393342
 30
64.95000000000001
 10
85.07232398136039
 20
-1.42405204287276
 30
64.95000000000001
 10
85.1459891267274
 20
-1.38870861521064
 30
64.95000000000001
 10
85.2278466498228
 20
-1.38607210630509
 30
64.95000000000001
 10
85.27222009483592
 20
-1.38464290372819
 30
64.95000000000001
  0
SPLINE
  5
1D0
330
70
100
AcDbEntity
  8
RFID Module Enclosre 3.2 Face Plate v3_Sketch1
100
AcDbSpline
210
0.0
220
0.0
230
1.0
 70
     8
 71
     3
 72
     9
 73
     5
 74
     0
 42
0.000000001
 43
0.0000000001
 40
0.0
 40
0.0
 40
0.0
 40
0.0
 40
0.0128300572160608
 40
0.0236715774023172
 40
0.0236715774023172
 40
0.0236715774023172
 40
0.0236715774023172
 10
85.27222009483592
 20
-1.38464290372819
 30
64.95000000000001
 10
85.3154142132276
 20
-1.3858895107633
 30
64.95000000000001
 10
85.39510777184672
 20
-1.38818951258131
 30
64.95000000000001
 10
85.46848894435079
 20
-1.41897458129701
 30
64.95000000000001
 10
85.5020973283411
 20
-1.433074061793979
 30
64.95000000000001
  0
SPLINE
  5
1D1
330
70
100
AcDbEntity
  8
RFID Module Enclosre 3.2 Face Plate v3_Sketch1
100
AcDbSpline
210
0.0
220
0.0
230
1.0
 70
     8
 71
     3
 72
     9
 73
     5
 74
     0
 42
0.000000001
 43
0.0000000001
 40
0.0
 40
0.0
 40
0.0
 40
0.0
 40
0.0113309759106321
 40
0.0194244868658984
 40
0.0194244868658984
 40
0.0194244868658984
 40
0.0194244868658984
 10
85.53552122894542
 20
-1.8246154832074
 30
64.95000000000001
 10
85.53538688755208
 20
-1.78663429723622
 30
64.95000000000001
 10
85.53515658853369
 20
-1.721523837742959
 30
64.95000000000001
 10
85.5183210371574
 20
-1.65875149789547
 30
64.95000000000001
 10
85.5113062459589
 20
-1.632596437854469
 30
64.95000000000001
  0
SPLINE
  5
1D2
330
70
100
AcDbEntity
  8
RFID Module Enclosre 3.2 Face Plate v3_Sketch1
100
AcDbSpline
210
0.0
220
0.0
230
1.0
 70
     8
 71
     3
 72
     9
 73
     5
 74
     0
 42
0.000000001
 43
0.0000000001
 40
0.0
 40
0.0
 40
0.0
 40
0.0
 40
0.0103904047805213
 40
0.0202093804318228
 40
0.0202093804318228
 40
0.0202093804318228
 40
0.0202093804318228
 10
87.18968244377391
 20
-1.497876231593789
 30
64.95000000000001
 10
87.1544280764872
 20
-1.50023257691831
 30
64.95000000000001
 10
87.0858581857631
 20
-1.5048156783564
 30
64.95000000000001
 10
87.02902723035021
 20
-1.54329875222706
 30
64.95000000000001
 10
87.00141521278629
 20
-1.56199622623414
 30
64.95000000000001
  0
SPLINE
  5
1D3
330
70
100
AcDbEntity
  8
RFID Module Enclosre 3.2 Face Plate v3_Sketch1
100
AcDbSpline
210
0.0
220
0.0
230
1.0
 70
     8
 71
     3
 72
     9
 73
     5
 74
     0
 42
0.000000001
 43
0.0000000001
 40
0.0
 40
0.0
 40
0.0
 40
0.0
 40
0.0053957901802327
 40
0.0095072912440914
 40
0.0095072912440914
 40
0.0095072912440914
 40
0.0095072912440914
 10
76.2319113885185
 20
-1.74753505460709
 30
64.95000000000001
 10
76.2431993474422
 20
-1.7616429176333
 30
64.95000000000001
 10
76.2630885405825
 20
-1.78650073421654
 30
64.95000000000001
 10
76.28822909477989
 20
-1.805965892707229
 30
64.95000000000001
 10
76.299101320388
 20
-1.814383749885259
 30
64.95000000000001
  0
LINE
  5
1D4
330
70
100
AcDbEntity
  8
RFID Module Enclosre 3.2 Face Plate v3_Sketch1
100
AcDbLine
 10
-66.8755728346314
 20
-2.65169601611584
 30
64.95000000000001
 11
-67.07407179894101
 21
-2.65169601611584
 31
64.95000000000001
  0
LINE
  5
1D5
330
70
100
AcDbEntity
  8
RFID Module Enclosre 3.2 Face Plate v3_Sketch1
100
AcDbLine
 10
86.89704986397039
 20
-1.752309982700049
 30
64.95000000000001
 11
86.76471682373302
 21
-1.71888578407258
 31
64.95000000000001
  0
SPLINE
  5
1D6
330
70
100
AcDbEntity
  8
RFID Module Enclosre 3.2 Face Plate v3_Sketch1
100
AcDbSpline
210
0.0
220
0.0
230
1.0
 70
     8
 71
     3
 72
     9
 73
     5
 74
     0
 42
0.000000001
 43
0.0000000001
 40
0.0
 40
0.0
 40
0.0
 40
0.0
 40
0.0120196160065307
 40
0.0248019426031296
 40
0.0248019426031296
 40
0.0248019426031296
 40
0.0248019426031296
 10
87.44172902885692
 20
-1.45046818725556
 30
64.95000000000001
 10
87.47372743472082
 20
-1.475474669359799
 30
64.95000000000001
 10
87.53975472088349
 20
-1.52707443207424
 30
64.95000000000001
 10
87.5767988342165
 20
-1.60233545398583
 30
64.95000000000001
 10
87.59589048210399
 20
-1.64112318031281
 30
64.95000000000001
  0
SPLINE
  5
1D7
330
70
100
AcDbEntity
  8
RFID Module Enclosre 3.2 Face Plate v3_Sketch1
100
AcDbSpline
210
0.0
220
0.0
230
1.0
 70
     8
 71
     3
 72
     9
 73
     5
 74
     0
 42
0.000000001
 43
0.0000000001
 40
0.0
 40
0.0
 40
0.0
 40
0.0
 40
0.0135370177351561
 40
0.0274641307266581
 40
0.0274641307266581
 40
0.0274641307266581
 40
0.0274641307266581
 10
87.59589048210399
 20
-1.64112318031281
 30
64.95000000000001
 10
87.61130843330759
 20
-1.68383026028232
 30
64.95000000000001
 10
87.6425886336945
 20
-1.77047510704132
 30
64.95000000000001
 10
87.64668019507871
 20
-1.86252225601057
 30
64.95000000000001
 10
87.64875503364811
 20
-1.909199540538489
 30
64.95000000000001
  0
LINE
  5
1D8
330
70
100
AcDbEntity
  8
RFID Module Enclosre 3.2 Face Plate v3_Sketch1
100
AcDbLine
 10
-66.8755728346314
 20
-1.1516959565112
 30
64.95000000000001
 11
-66.8755728346314
 21
-2.65169601611584
 31
64.95000000000001
  0
LINE
  5
1D9
330
70
100
AcDbEntity
  8
RFID Module Enclosre 3.2 Face Plate v3_Sketch1
100
AcDbLine
 10
-67.07407179894102
 20
-1.32870834044903
 30
64.95000000000001
 11
-67.81281653465881
 21
-1.32870834044903
 31
64.95000000000001
  0
LINE
  5
1DA
330
70
100
AcDbEntity
  8
RFID Module Enclosre 3.2 Face Plate v3_Sketch1
100
AcDbLine
 10
85.66785426918279
 20
-2.401696031016999
 30
64.95000000000001
 11
85.53552122894542
 21
-2.401696031016999
 31
64.95000000000001
  0
LINE
  5
1DB
330
70
100
AcDbEntity
  8
RFID Module Enclosre 3.2 Face Plate v3_Sketch1
100
AcDbLine
 10
85.0136932927729
 20
-2.401696031016999
 30
64.95000000000001
 11
84.88136025253551
 21
-2.401696031016999
 31
64.95000000000001
  0
SPLINE
  5
1DC
330
70
100
AcDbEntity
  8
RFID Module Enclosre 3.2 Face Plate v3_Sketch1
100
AcDbSpline
210
0.0
220
0.0
230
1.0
 70
     8
 71
     3
 72
     9
 73
     5
 74
     0
 42
0.000000001
 43
0.0000000001
 40
0.0
 40
0.0
 40
0.0
 40
0.0
 40
0.0063800015575776
 40
0.0128384887179668
 40
0.0128384887179668
 40
0.0128384887179668
 40
0.0128384887179668
 10
85.5113062459589
 20
-1.632596437854469
 30
64.95000000000001
 10
85.50172550361351
 20
-1.61316492468034
 30
64.95000000000001
 10
85.48244615839669
 20
-1.574062855439819
 30
64.95000000000001
 10
85.44627991185171
 20
-1.549697076052509
 30
64.95000000000001
 10
85.4280862409235
 20
-1.53743970863312
 30
64.95000000000001
  0
LINE
  5
1DD
330
70
100
AcDbEntity
  8
RFID Module Enclosre 3.2 Face Plate v3_Sketch1
100
AcDbLine
 10
-67.07407179894102
 20
-2.65169601611584
 30
64.95000000000001
 11
-67.07407179894102
 21
-1.32870834044903
 31
64.95000000000001
  0
LINE
  5
1DE
330
70
100
AcDbEntity
  8
RFID Module Enclosre 3.2 Face Plate v3_Sketch1
100
AcDbLine
 10
86.60168858352909
 20
-1.40169609062165
 30
64.95000000000001
 11
86.60168858352909
 21
-2.401696031016999
 31
64.95000000000001
  0
SPLINE
  5
1DF
330
70
100
AcDbEntity
  8
RFID Module Enclosre 3.2 Face Plate v3_Sketch1
100
AcDbSpline
210
0.0
220
0.0
230
1.0
 70
     8
 71
     3
 72
     9
 73
     5
 74
     0
 42
0.000000001
 43
0.0000000001
 40
0.0
 40
0.0
 40
0.0
 40
0.0
 40
0.0125289112019692
 40
0.024793940108764
 40
0.024793940108764
 40
0.024793940108764
 40
0.024793940108764
 10
87.58906873050939
 20
-2.1817097412774
 30
64.95000000000001
 10
87.56726913169829
 20
-2.218036847209469
 30
64.95000000000001
 10
87.52412907438552
 20
-2.28992594230202
 30
64.95000000000001
 10
87.4539398422347
 20
-2.33572515309835
 30
64.95000000000001
 10
87.41921873871099
 20
-2.3583810376355
 30
64.95000000000001
  0
LINE
  5
1E0
330
70
100
AcDbEntity
  8
RFID Module Enclosre 3.2 Face Plate v3_Sketch1
100
AcDbLine
 10
86.78176971260317
 20
-2.12748054139107
 30
64.95000000000001
 11
86.91205652538547
 21
-2.0967847453782
 31
64.95000000000001
  0
SPLINE
  5
1E1
330
70
100
AcDbEntity
  8
RFID Module Enclosre 3.2 Face Plate v3_Sketch1
100
AcDbSpline
210
0.0
220
0.0
230
1.0
 70
     8
 71
     3
 72
     9
 73
     5
 74
     0
 42
0.000000001
 43
0.0000000001
 40
0.0
 40
0.0
 40
0.0
 40
0.0
 40
0.0135500332756514
 40
0.0242789511201401
 40
0.0242789511201401
 40
0.0242789511201401
 40
0.0242789511201401
 10
84.88136025253551
 20
-1.82393345705956
 30
64.95000000000001
 10
84.88199076375662
 20
-1.778517717815289
 30
64.95000000000001
 10
84.88312051383219
 20
-1.69714179122048
 30
64.95000000000001
 10
84.9055538746361
 20
-1.61902603001781
 30
64.95000000000001
 10
84.91546722236881
 20
-1.58450651638001
 30
64.95000000000001
  0
SPLINE
  5
1E2
330
70
100
AcDbEntity
  8
RFID Module Enclosre 3.2 Face Plate v3_Sketch1
100
AcDbSpline
210
0.0
220
0.0
230
1.0
 70
     8
 71
     3
 72
     9
 73
     5
 74
     0
 42
0.000000001
 43
0.0000000001
 40
0.0
 40
0.0
 40
0.0
 40
0.0
 40
0.0119488217657847
 40
0.0234978945484901
 40
0.0234978945484901
 40
0.0234978945484901
 40
0.0234978945484901
 10
85.83838673416392
 20
-2.11247373096436
 30
64.95000000000001
 10
85.8415326699194
 20
-2.07184876452848
 30
64.95000000000001
 10
85.84771929384679
 20
-1.99195794382182
 30
64.95000000000001
 10
85.89588618202851
 20
-1.92801004829789
 30
64.95000000000001
 10
85.9195599156977
 20
-1.89658004514664
 30
64.95000000000001
  0
SPLINE
  5
1E3
330
70
100
AcDbEntity
  8
RFID Module Enclosre 3.2 Face Plate v3_Sketch1
100
AcDbSpline
210
0.0
220
0.0
230
1.0
 70
     8
 71
     3
 72
     9
 73
     5
 74
     0
 42
0.000000001
 43
0.0000000001
 40
0.0
 40
0.0
 40
0.0
 40
0.0
 40
0.010349346125627
 40
0.0190549230118965
 40
0.0190549230118965
 40
0.0190549230118965
 40
0.0190549230118965
 10
86.91205652538549
 20
-2.0967847453782
 30
64.95000000000001
 10
86.92385065453299
 20
-2.1298008116061
 30
64.95000000000001
 10
86.94556567113123
 20
-2.19058905779013
 30
64.95000000000001
 10
86.9918610390043
 20
-2.23529567493927
 30
64.95000000000001
 10
87.01301189247379
 20
-2.25572067968339
 30
64.95000000000001
  0
SPLINE
  5
1E4
330
70
100
AcDbEntity
  8
RFID Module Enclosre 3.2 Face Plate v3_Sketch1
100
AcDbSpline
210
0.0
220
0.0
230
1.0
 70
     8
 71
     3
 72
     9
 73
     5
 74
     0
 42
0.000000001
 43
0.0000000001
 40
0.0
 40
0.0
 40
0.0
 40
0.0
 40
0.0083509273091676
 40
0.0176095860465156
 40
0.0176095860465156
 40
0.0176095860465156
 40
0.0176095860465156
 10
87.01301189247379
 20
-2.25572067968339
 30
64.95000000000001
 10
87.0372726614193
 20
-2.270233822504479
 30
64.95000000000001
 10
87.08843130314638
 20
-2.30083766179703
 30
64.95000000000001
 10
87.14808589159231
 20
-2.30390389435413
 30
64.95000000000001
 10
87.1794507104517
 20
-2.30551603905648
 30
64.95000000000001
  0
SPLINE
  5
1E5
330
70
100
AcDbEntity
  8
RFID Module Enclosre 3.2 Face Plate v3_Sketch1
100
AcDbSpline
210
0.0
220
0.0
230
1.0
 70
     8
 71
     3
 72
     9
 73
     5
 74
     0
 42
0.000000001
 43
0.0000000001
 40
0.0
 40
0.0
 40
0.0
 40
0.0
 40
0.0131780002046922
 40
0.0312534571494543
 40
0.0312534571494543
 40
0.0312534571494543
 40
0.0312534571494543
 10
85.9195599156977
 20
-1.89658004514664
 30
64.95000000000001
 10
85.9563455815976
 20
-1.87097173988949
 30
64.95000000000001
 10
86.0435878956861
 20
-1.81023808845583
 30
64.95000000000001
 10
86.1508439544815
 20
-1.80897498700555
 30
64.95000000000001
 10
86.2128755647303
 20
-1.80824447147339
 30
64.95000000000001
  0
SPLINE
  5
1E6
330
70
100
AcDbEntity
  8
RFID Module Enclosre 3.2 Face Plate v3_Sketch1
100
AcDbSpline
210
0.0
220
0.0
230
1.0
 70
     8
 71
     3
 72
     9
 73
     5
 74
     0
 42
0.000000001
 43
0.0000000001
 40
0.0
 40
0.0
 40
0.0
 40
0.0
 40
0.010671331502398
 40
0.0202975111502875
 40
0.0202975111502875
 40
0.0202975111502875
 40
0.0202975111502875
 10
87.1794507104517
 20
-2.30551603905648
 30
64.95000000000001
 10
87.21555466222261
 20
-2.30372658052699
 30
64.95000000000001
 10
87.2842265391552
 20
-2.300322923312589
 30
64.95000000000001
 10
87.3438671307076
 20
-2.266367213826129
 30
64.95000000000001
 10
87.37215193096409
 20
-2.25026357643098
 30
64.95000000000001
  0
SPLINE
  5
1E7
330
70
100
AcDbEntity
  8
RFID Module Enclosre 3.2 Face Plate v3_Sketch1
100
AcDbSpline
210
0.0
220
0.0
230
1.0
 70
     8
 71
     3
 72
     9
 73
     5
 74
     0
 42
0.000000001
 43
0.0000000001
 40
0.0
 40
0.0
 40
0.0
 40
0.0
 40
0.0092371201225997
 40
0.0186371784935224
 40
0.0186371784935224
 40
0.0186371784935224
 40
0.0186371784935224
 10
87.37215193096409
 20
-2.25026357643098
 30
64.95000000000001
 10
87.3960850682018
 20
-2.23013511765178
 30
64.95000000000001
 10
87.4443735114273
 20
-2.18952314399674
 30
64.95000000000001
 10
87.4686878261992
 20
-2.131277961032199
 30
64.95000000000001
 10
87.48095126930492
 20
-2.10190076105088
 30
64.95000000000001
  0
SPLINE
  5
1E8
330
70
100
AcDbEntity
  8
RFID Module Enclosre 3.2 Face Plate v3_Sketch1
100
AcDbSpline
210
0.0
220
0.0
230
1.0
 70
     8
 71
     3
 72
     9
 73
     5
 74
     0
 42
0.000000001
 43
0.0000000001
 40
0.0
 40
0.0
 40
0.0
 40
0.0
 40
0.0126423527304481
 40
0.0261432143521381
 40
0.0261432143521381
 40
0.0261432143521381
 40
0.0261432143521381
 10
86.92433448616283
 20
-2.34235096446961
 30
64.95000000000001
 10
86.8926140830111
 20
-2.31358336618266
 30
64.95000000000001
 10
86.82701922763801
 20
-2.254094637743619
 30
64.95000000000001
 10
86.79717951661372
 20
-2.170599200414419
 30
64.95000000000001
 10
86.78176971260318
 20
-2.12748054139107
 30
64.95000000000001
  0
LINE
  5
1E9
330
70
100
AcDbEntity
  8
RFID Module Enclosre 3.2 Face Plate v3_Sketch1
100
AcDbLine
 10
76.43313905346599
 20
-1.845761572045979
 30
64.95000000000001
 11
76.58661743748401
 21
-1.845761572045979
 31
64.95000000000001
  0
LINE
  5
1EA
330
70
100
AcDbEntity
  8
RFID Module Enclosre 3.2 Face Plate v3_Sketch1
100
AcDbLine
 10
86.4693555432917
 20
-1.80824447147339
 30
64.95000000000001
 11
86.4693555432917
 21
-1.40169609062165
 31
64.95000000000001
  0
LINE
  5
1EB
330
70
100
AcDbEntity
  8
RFID Module Enclosre 3.2 Face Plate v3_Sketch1
100
AcDbLine
 10
-67.81281653465879
 20
-1.1516959565112
 30
64.95000000000001
 11
-66.8755728346314
 21
-1.1516959565112
 31
64.95000000000001
  0
SPLINE
  5
1EC
330
70
100
AcDbEntity
  8
RFID Module Enclosre 3.2 Face Plate v3_Sketch1
100
AcDbSpline
210
0.0
220
0.0
230
1.0
 70
     8
 71
     3
 72
     9
 73
     5
 74
     0
 42
0.000000001
 43
0.0000000001
 40
0.0
 40
0.0
 40
0.0
 40
0.0
 40
0.0102564737617691
 40
0.0220156428492233
 40
0.0220156428492233
 40
0.0220156428492233
 40
0.0220156428492233
 10
87.00141521278629
 20
-1.56199622623414
 30
64.95000000000001
 10
86.9775438478201
 20
-1.587230613507879
 30
64.95000000000001
 10
86.92630367915922
 20
-1.641396525754319
 30
64.95000000000001
 10
86.90723498535332
 20
-1.71369392477072
 30
64.95000000000001
 10
86.89704986397039
 20
-1.752309982700049
 30
64.95000000000001
  0
SPLINE
  5
1ED
330
70
100
AcDbEntity
  8
RFID Module Enclosre 3.2 Face Plate v3_Sketch1
100
AcDbSpline
210
0.0
220
0.0
230
1.0
 70
     8
 71
     3
 72
     9
 73
     5
 74
     0
 42
0.000000001
 43
0.0000000001
 40
0.0
 40
0.0
 40
0.0
 40
0.0
 40
0.0147493498660921
 40
0.0273918878162719
 40
0.0273918878162719
 40
0.0273918878162719
 40
0.0273918878162719
 10
87.1787688333155
 20
-1.38464290372819
 30
64.95000000000001
 10
87.2285946529074
 20
-1.386436310846989
 30
64.95000000000001
 10
87.32112912208769
 20
-1.3897669530145
 30
64.95000000000001
 10
87.40364458355939
 20
-1.43129924345723
 30
64.95000000000001
 10
87.44172902885692
 20
-1.45046818725556
 30
64.95000000000001
  0
SPLINE
  5
1EE
330
70
100
AcDbEntity
  8
RFID Module Enclosre 3.2 Face Plate v3_Sketch1
100
AcDbSpline
210
0.0
220
0.0
230
1.0
 70
     8
 71
     3
 72
     9
 73
     5
 74
     0
 42
0.000000001
 43
0.0000000001
 40
0.0
 40
0.0
 40
0.0
 40
0.0
 40
0.0136220574103765
 40
0.0281985092846718
 40
0.0281985092846718
 40
0.0281985092846718
 40
0.0281985092846718
 10
86.9144436914088
 20
-1.47025007478684
 30
64.95000000000001
 10
86.95331465287109
 20
-1.44528914822446
 30
64.95000000000001
 10
87.03377996986979
 20
-1.39361847189277
 30
64.95000000000001
 10
87.12936088219029
 20
-1.387701514042509
 30
64.95000000000001
 10
87.1787688333155
 20
-1.38464290372819
 30
64.95000000000001
  0
SPLINE
  5
1EF
330
70
100
AcDbEntity
  8
RFID Module Enclosre 3.2 Face Plate v3_Sketch1
100
AcDbSpline
210
0.0
220
0.0
230
1.0
 70
     8
 71
     3
 72
     9
 73
     5
 74
     0
 42
0.000000001
 43
0.0000000001
 40
0.0
 40
0.0
 40
0.0
 40
0.0
 40
0.0146990523774778
 40
0.0280969175450688
 40
0.0280969175450688
 40
0.0280969175450688
 40
0.0280969175450688
 10
87.64875503364811
 20
-1.909199540538489
 30
64.95000000000001
 10
87.6467624227482
 20
-1.95861362199899
 30
64.95000000000001
 10
87.64295359053809
 20
-2.053067559348599
 30
64.95000000000001
 10
87.60646711271659
 20
-2.14017366142173
 30
64.95000000000001
 10
87.58906873050939
 20
-2.1817097412774
 30
64.95000000000001
  0
SPLINE
  5
1F0
330
70
100
AcDbEntity
  8
RFID Module Enclosre 3.2 Face Plate v3_Sketch1
100
AcDbSpline
210
0.0
220
0.0
230
1.0
 70
     8
 71
     3
 72
     9
 73
     5
 74
     0
 42
0.000000001
 43
0.0000000001
 40
0.0
 40
0.0
 40
0.0
 40
0.0
 40
0.0087856313031835
 40
0.0152544812264435
 40
0.0152544812264435
 40
0.0152544812264435
 40
0.0152544812264435
 10
86.2244710523249
 20
-2.401696031016999
 30
64.95000000000001
 10
86.19514769201542
 20
-2.401604782863469
 30
64.95000000000001
 10
86.1442335762392
 20
-2.40144634880256
 30
64.95000000000001
 10
86.0937602540973
 20
-2.39491561333327
 30
64.95000000000001
 10
86.0723564225794
 20
-2.39214617483109
 30
64.95000000000001
  0
SPLINE
  5
1F1
330
70
100
AcDbEntity
  8
RFID Module Enclosre 3.2 Face Plate v3_Sketch1
100
AcDbSpline
210
0.0
220
0.0
230
1.0
 70
     8
 71
     3
 72
     9
 73
     5
 74
     0
 42
0.000000001
 43
0.0000000001
 40
0.0
 40
0.0
 40
0.0
 40
0.0
 40
0.0029887712409728
 40
0.0073901667978749
 40
0.0073901667978749
 40
0.0073901667978749
 40
0.0073901667978749
 10
76.3594689046165
 20
-1.840986643953019
 30
64.95000000000001
 10
76.36934592641729
 20
-1.84236712556804
 30
64.95000000000001
 10
76.3937682835295
 20
-1.84578056492949
 30
64.95000000000001
 10
76.4184432628103
 20
-1.84576866145369
 30
64.95000000000001
 10
76.43313905346599
 20
-1.845761572045979
 30
64.95000000000001
  0
SPLINE
  5
1F2
330
70
100
AcDbEntity
  8
RFID Module Enclosre 3.2 Face Plate v3_Sketch1
100
AcDbSpline
210
0.0
220
0.0
230
1.0
 70
     8
 71
     3
 72
     9
 73
     5
 74
     0
 42
0.000000001
 43
0.0000000001
 40
0.0
 40
0.0
 40
0.0
 40
0.0
 40
0.0034031574137434
 40
0.0066199443796004
 40
0.0066199443796004
 40
0.0066199443796004
 40
0.0066199443796004
 10
76.299101320388
 20
-1.814383749885259
 30
64.95000000000001
 10
76.3088824312056
 20
-1.82022907904357
 30
64.95000000000001
 10
76.32790900027391
 20
-1.831599623865329
 30
64.95000000000001
 10
76.34914825181351
 20
-1.83791692060633
 30
64.95000000000001
 10
76.3594689046165
 20
-1.840986643953019
 30
64.95000000000001
  0
SPLINE
  5
1F3
330
70
100
AcDbEntity
  8
RFID Module Enclosre 3.2 Face Plate v3_Sketch1
100
AcDbSpline
210
0.0
220
0.0
230
1.0
 70
     8
 71
     3
 72
     9
 73
     5
 74
     0
 42
0.000000001
 43
0.0000000001
 40
0.0
 40
0.0
 40
0.0
 40
0.0
 40
0.0070006887952139
 40
0.0132817370008913
 40
0.0132817370008913
 40
0.0132817370008913
 40
0.0132817370008913
 10
86.0723564225794
 20
-2.39214617483109
 30
64.95000000000001
 10
86.0493021837045
 20
-2.38747065406374
 30
64.95000000000001
 10
86.0055635821968
 20
-2.37860023588195
 30
64.95000000000001
 10
85.9670871830521
 20
-2.35607363018146
 30
64.95000000000001
 10
85.94889136139171
 20
-2.34542060367554
 30
64.95000000000001
  0
LINE
  5
1F4
330
70
100
AcDbEntity
  8
RFID Module Enclosre 3.2 Face Plate v3_Sketch1
100
AcDbLine
 10
76.00408097851482
 20
-1.40169609062165
 30
64.95000000000001
 11
76.13641282665941
 21
-1.60974520914048
 31
64.95000000000001
  0
LINE
  5
1F5
330
70
100
AcDbEntity
  8
RFID Module Enclosre 3.2 Face Plate v3_Sketch1
100
AcDbLine
 10
-67.81281653465879
 20
-1.32870834044903
 30
64.95000000000001
 11
-67.81281653465879
 21
-1.151695956511199
 31
64.95000000000001
  0
SPLINE
  5
1F6
330
70
100
AcDbEntity
  8
RFID Module Enclosre 3.2 Face Plate v3_Sketch1
100
AcDbSpline
210
0.0
220
0.0
230
1.0
 70
     8
 71
     3
 72
     9
 73
     5
 74
     0
 42
0.000000001
 43
0.0000000001
 40
0.0
 40
0.0
 40
0.0
 40
0.0
 40
0.0082273861320054
 40
0.017283441812782
 40
0.017283441812782
 40
0.017283441812782
 40
0.017283441812782
 10
76.1214067612907
 20
-1.8068802701661
 30
64.95000000000001
 10
76.1019603231498
 20
-1.78745228679241
 30
64.95000000000001
 10
76.06110878455869
 20
-1.74663951651625
 30
64.95000000000001
 10
76.02861163692479
 20
-1.69888649465486
 30
64.95000000000001
 10
76.01158401119921
 20
-1.673865203780829
 30
64.95000000000001
  0
SPLINE
  5
1F7
330
70
100
AcDbEntity
  8
RFID Module Enclosre 3.2 Face Plate v3_Sketch1
100
AcDbSpline
210
0.0
220
0.0
230
1.0
 70
     8
 71
     3
 72
     9
 73
     5
 74
     0
 42
0.000000001
 43
0.0000000001
 40
0.0
 40
0.0
 40
0.0
 40
0.0
 40
0.0112260938667422
 40
0.025471984187071
 40
0.025471984187071
 40
0.025471984187071
 40
0.025471984187071
 10
85.62965484443919
 20
-1.573251371307069
 30
64.95000000000001
 10
85.64075634437649
 20
-1.609178081250139
 30
64.95000000000001
 10
85.6659456251908
 20
-1.69069571315543
 30
64.95000000000001
 10
85.66716968237379
 20
-1.77614413525603
 30
64.95000000000001
 10
85.66785426918279
 20
-1.82393345705956
 30
64.95000000000001
  0
LINE
  5
1F8
330
70
100
AcDbEntity
  8
RFID Module Enclosre 3.2 Face Plate v3_Sketch1
100
AcDbLine
 10
85.53552122894542
 20
-2.401696031016999
 30
64.95000000000001
 11
85.53552122894542
 21
-1.8246154832074
 31
64.95000000000001
  0
SPLINE
  5
1F9
330
70
100
AcDbEntity
  8
RFID Module Enclosre 3.2 Face Plate v3_Sketch1
100
AcDbSpline
210
0.0
220
0.0
230
1.0
 70
     8
 71
     3
 72
     9
 73
     5
 74
     0
 42
0.000000001
 43
0.0000000001
 40
0.0
 40
0.0
 40
0.0
 40
0.0
 40
0.0070198572790841
 40
0.0149340518648769
 40
0.0149340518648769
 40
0.0149340518648769
 40
0.0149340518648769
 10
85.4280862409235
 20
-1.53743970863312
 30
64.95000000000001
 10
85.4065615009323
 20
-1.52770025020649
 30
64.95000000000001
 10
85.3607697461105
 20
-1.50698051595884
 30
64.95000000000001
 10
85.31047180874709
 20
-1.50504233643708
 30
64.95000000000001
 10
85.28381677452342
 20
-1.50401521198243
 30
64.95000000000001
  0
SPLINE
  5
1FA
330
70
100
AcDbEntity
  8
RFID Module Enclosre 3.2 Face Plate v3_Sketch1
100
AcDbSpline
210
0.0
220
0.0
230
1.0
 70
     8
 71
     3
 72
     9
 73
     5
 74
     0
 42
0.000000001
 43
0.0000000001
 40
0.0
 40
0.0
 40
0.0
 40
0.0
 40
0.0106045062428688
 40
0.0235513087128478
 40
0.0235513087128478
 40
0.0235513087128478
 40
0.0235513087128478
 10
75.9883918439171
 20
-1.94944504372567
 30
64.95000000000001
 10
76.0164936413224
 20
-1.92710406277922
 30
64.95000000000001
 10
76.0789042892981
 20
-1.87748748213253
 30
64.95000000000001
 10
76.1578282974148
 20
-1.8640581196415
 30
64.95000000000001
 10
76.2012149964592
 20
-1.85667562953919
 30
64.95000000000001
  0
SPLINE
  5
1FB
330
70
100
AcDbEntity
  8
RFID Module Enclosre 3.2 Face Plate v3_Sketch1
100
AcDbSpline
210
0.0
220
0.0
230
1.0
 70
     8
 71
     3
 72
     9
 73
     5
 74
     0
 42
0.000000001
 43
0.0000000001
 40
0.0
 40
0.0
 40
0.0
 40
0.0
 40
0.0155027632843105
 40
0.0294266742425364
 40
0.0294266742425364
 40
0.0294266742425364
 40
0.0294266742425364
 10
86.76471682373302
 20
-1.71888578407258
 30
64.95000000000001
 10
86.7802983615795
 20
-1.6686406669229
 30
64.95000000000001
 10
86.80987456228629
 20
-1.57326756036595
 30
64.95000000000001
 10
86.8808568035701
 20
-1.50333858535021
 30
64.95000000000001
 10
86.9144436914088
 20
-1.47025007478684
 30
64.95000000000001
  0
SPLINE
  5
1FC
330
70
100
AcDbEntity
  8
RFID Module Enclosre 3.2 Face Plate v3_Sketch1
100
AcDbSpline
210
0.0
220
0.0
230
1.0
 70
     8
 71
     3
 72
     9
 73
     5
 74
     0
 42
0.000000001
 43
0.0000000001
 40
0.0
 40
0.0
 40
0.0
 40
0.0
 40
0.0124248772740163
 40
0.0251934806042415
 40
0.0251934806042415
 40
0.0251934806042415
 40
0.0251934806042415
 10
87.41921873871099
 20
-2.3583810376355
 30
64.95000000000001
 10
87.3812807818027
 20
-2.375987573560269
 30
64.95000000000001
 10
87.3043553393653
 20
-2.411687718643889
 30
64.95000000000001
 10
87.21965166982871
 20
-2.41637407214115
 30
64.95000000000001
 10
87.1767220098139
 20
-2.41874921791047
 30
64.95000000000001
  0
SPLINE
  5
1FD
330
70
100
AcDbEntity
  8
RFID Module Enclosre 3.2 Face Plate v3_Sketch1
100
AcDbSpline
210
0.0
220
0.0
230
1.0
 70
     8
 71
     3
 72
     9
 73
     5
 74
     0
 42
0.000000001
 43
0.0000000001
 40
0.0
 40
0.0
 40
0.0
 40
0.0
 40
0.0139444995674279
 40
0.0267264174331968
 40
0.0267264174331968
 40
0.0267264174331968
 40
0.0267264174331968
 10
87.1767220098139
 20
-2.41874921791047
 30
64.95000000000001
 10
87.12950606087629
 20
-2.41615761999765
 30
64.95000000000001
 10
87.03901065408812
 20
-2.41119049103745
 30
64.95000000000001
 10
86.96143504604441
 20
-2.364622243880659
 30
64.95000000000001
 10
86.92433448616283
 20
-2.34235096446961
 30
64.95000000000001
  0
SPLINE
  5
1FE
330
70
100
AcDbEntity
  8
RFID Module Enclosre 3.2 Face Plate v3_Sketch1
100
AcDbSpline
210
0.0
220
0.0
230
1.0
 70
     8
 71
     3
 72
     9
 73
     5
 74
     0
 42
0.000000001
 43
0.0000000001
 40
0.0
 40
0.0
 40
0.0
 40
0.0
 40
0.0095445637886189
 40
0.0167688687329764
 40
0.0167688687329764
 40
0.0167688687329764
 40
0.0167688687329764
 10
76.13641282665939
 20
-1.60974520914048
 30
64.95000000000001
 10
76.1537062175028
 20
-1.63646355045864
 30
64.95000000000001
 10
76.18408902047029
 20
-1.68340507321961
 30
64.95000000000001
 10
76.217512152528
 20
-1.72822562318924
 30
64.95000000000001
 10
76.2319113885185
 20
-1.74753505460709
 30
64.95000000000001
  0
LINE
  5
1FF
330
70
100
AcDbEntity
  8
RFID Module Enclosre 3.2 Face Plate v3_Sketch1
100
AcDbLine
 10
84.88136025253551
 20
-2.401696031016999
 30
64.95000000000001
 11
84.88136025253551
 21
-1.82393345705956
 31
64.95000000000001
  0
SPLINE
  5
200
330
70
100
AcDbEntity
  8
RFID Module Enclosre 3.2 Face Plate v3_Sketch1
100
AcDbSpline
210
0.0
220
0.0
230
1.0
 70
     8
 71
     3
 72
     9
 73
     5
 74
     0
 42
0.000000001
 43
0.0000000001
 40
0.0
 40
0.0
 40
0.0
 40
0.0
 40
0.0099557139146796
 40
0.0195925158507386
 40
0.0195925158507386
 40
0.0195925158507386
 40
0.0195925158507386
 10
75.91949602711411
 20
-2.128844742698369
 30
64.95000000000001
 10
75.92217514161619
 20
-2.09497207733669
 30
64.95000000000001
 10
75.92744755038559
 20
-2.028311791726539
 30
64.95000000000001
 10
75.9682987274721
 20
-1.97544712955501
 30
64.95000000000001
 10
75.9883918439171
 20
-1.94944504372567
 30
64.95000000000001
  0
LINE
  5
201
330
70
100
AcDbEntity
  8
RFID Module Enclosre 3.2 Face Plate v3_Sketch1
100
AcDbLine
 10
86.2128755647303
 20
-1.80824447147339
 30
64.95000000000001
 11
86.4693555432917
 21
-1.80824447147339
 31
64.95000000000001
  0
SPLINE
  5
202
330
70
100
AcDbEntity
  8
RFID Module Enclosre 3.2 Face Plate v3_Sketch1
100
AcDbSpline
210
0.0
220
0.0
230
1.0
 70
     8
 71
     3
 72
     9
 73
     5
 74
     0
 42
0.000000001
 43
0.0000000001
 40
0.0
 40
0.0
 40
0.0
 40
0.0
 40
0.0126090244124467
 40
0.0222836511832916
 40
0.0222836511832916
 40
0.0222836511832916
 40
0.0222836511832916
 10
85.28381677452342
 20
-1.50401521198243
 30
64.95000000000001
 10
85.240569241022
 20
-1.50498971158932
 30
64.95000000000001
 10
85.16413882741032
 20
-1.506711923285309
 30
64.95000000000001
 10
85.1025193532876
 20
-1.5509677208709
 30
64.95000000000001
 10
85.07576676193492
 20
-1.57018173210114
 30
64.95000000000001
  0
LINE
  5
203
330
70
100
AcDbEntity
  8
RFID Module Enclosre 3.2 Face Plate v3_Sketch1
100
AcDbLine
 10
75.58525344479289
 20
-1.748217229766549
 30
64.95000000000001
 11
75.58525344479289
 21
-1.40169609062165
 31
64.95000000000001
  0
LINE
  5
204
330
70
100
AcDbEntity
  8
RFID Module Enclosre 3.2 Face Plate v3_Sketch1
100
AcDbLine
 10
69.7816457812603
 20
-1.40169609062165
 30
64.95000000000001
 11
69.7816457812603
 21
-2.401696031016999
 31
64.95000000000001
  0
SPLINE
  5
205
330
70
100
AcDbEntity
  8
RFID Module Enclosre 3.2 Face Plate v3_Sketch1
100
AcDbSpline
210
0.0
220
0.0
230
1.0
 70
     8
 71
     3
 72
     9
 73
     5
 74
     0
 42
0.000000001
 43
0.0000000001
 40
0.0
 40
0.0
 40
0.0
 40
0.0
 40
0.0134780575101892
 40
0.0264027312345003
 40
0.0264027312345003
 40
0.0264027312345003
 40
0.0264027312345003
 10
77.3697008763573
 20
-1.38464290372819
 30
64.95000000000001
 10
77.4151111002694
 20
-1.38723916746145
 30
64.95000000000001
 10
77.5040670893904
 20
-1.392325097204039
 30
64.95000000000001
 10
77.58330173037632
 20
-1.43296271244966
 30
64.95000000000001
 10
77.6220886980316
 20
-1.45285565130204
 30
64.95000000000001
  0
LINE
  5
206
330
70
100
AcDbEntity
  8
RFID Module Enclosre 3.2 Face Plate v3_Sketch1
100
AcDbLine
 10
80.90858256566731
 20
-1.40169609062165
 30
64.95000000000001
 11
80.90858256566731
 21
-2.401696031016999
 31
64.95000000000001
  0
LINE
  5
207
330
70
100
AcDbEntity
  8
RFID Module Enclosre 3.2 Face Plate v3_Sketch1
100
AcDbLine
 10
70.51834428952301
 20
-1.40169609062165
 30
64.95000000000001
 11
70.65067732976041
 21
-1.40169609062165
 31
64.95000000000001
  0
LINE
  5
208
330
70
100
AcDbEntity
  8
RFID Module Enclosre 3.2 Face Plate v3_Sketch1
100
AcDbLine
 10
69.97605229065969
 20
-2.401696031016999
 30
64.95000000000001
 11
69.97605229065969
 21
-2.28368792407006
 31
64.95000000000001
  0
LINE
  5
209
330
70
100
AcDbEntity
  8
RFID Module Enclosre 3.2 Face Plate v3_Sketch1
100
AcDbLine
 10
75.32877346623149
 20
-1.996511851472559
 30
64.95000000000001
 11
74.8908474122307
 21
-1.40169609062165
 31
64.95000000000001
  0
LINE
  5
20A
330
70
100
AcDbEntity
  8
RFID Module Enclosre 3.2 Face Plate v3_Sketch1
100
AcDbLine
 10
69.97605229065969
 20
-2.28368792407006
 30
64.95000000000001
 11
70.518344289523
 21
-2.28368792407006
 31
64.95000000000001
  0
SPLINE
  5
20B
330
70
100
AcDbEntity
  8
RFID Module Enclosre 3.2 Face Plate v3_Sketch1
100
AcDbSpline
210
0.0
220
0.0
230
1.0
 70
     8
 71
     3
 72
     9
 73
     5
 74
     0
 42
0.000000001
 43
0.0000000001
 40
0.0
 40
0.0
 40
0.0
 40
0.0
 40
0.0224450082271966
 40
0.042000396026393
 40
0.042000396026393
 40
0.042000396026393
 40
0.042000396026393
 10
77.84787317860339
 20
-1.88873562685937
 30
64.95000000000001
 10
77.8440054620264
 20
-1.965323332724739
 30
64.95000000000001
 10
77.8367679673325
 20
-2.10863867235562
 30
64.95000000000001
 10
77.7531217647722
 20
-2.22458656170462
 30
64.95000000000001
 10
77.71417608607021
 20
-2.278571908397379
 30
64.95000000000001
  0
LINE
  5
20C
330
70
100
AcDbEntity
  8
RFID Module Enclosre 3.2 Face Plate v3_Sketch1
100
AcDbLine
 10
75.58525344479289
 20
-1.90578881375283
 30
64.95000000000001
 11
75.0886644994041
 21
-2.401696031016999
 31
64.95000000000001
  0
LINE
  5
20D
330
70
100
AcDbEntity
  8
RFID Module Enclosre 3.2 Face Plate v3_Sketch1
100
AcDbLine
 10
61.2726776707781
 20
-1.51970434658021
 30
64.95000000000001
 11
61.2726776707781
 21
-1.40169609062165
 31
64.95000000000001
  0
LINE
  5
20E
330
70
100
AcDbEntity
  8
RFID Module Enclosre 3.2 Face Plate v3_Sketch1
100
AcDbLine
 10
75.71758648503039
 20
-1.40169609062165
 30
64.95000000000001
 11
75.71758648503039
 21
-2.401696031016999
 31
64.95000000000001
  0
LINE
  5
20F
330
70
100
AcDbEntity
  8
RFID Module Enclosre 3.2 Face Plate v3_Sketch1
100
AcDbLine
 10
80.16233435023039
 20
-1.51970434658021
 30
64.95000000000001
 11
80.16233435023039
 21
-1.40169609062165
 31
64.95000000000001
  0
LINE
  5
210
330
70
100
AcDbEntity
  8
RFID Module Enclosre 3.2 Face Plate v3_Sketch1
100
AcDbLine
 10
75.58525344479289
 20
-1.40169609062165
 30
64.95000000000001
 11
75.71758648503039
 21
-1.40169609062165
 31
64.95000000000001
  0
LINE
  5
211
330
70
100
AcDbEntity
  8
RFID Module Enclosre 3.2 Face Plate v3_Sketch1
100
AcDbLine
 10
70.51834428952301
 20
-2.28368792407006
 30
64.95000000000001
 11
70.51834428952301
 21
-1.974001710338289
 31
64.95000000000001
  0
LINE
  5
212
330
70
100
AcDbEntity
  8
RFID Module Enclosre 3.2 Face Plate v3_Sketch1
100
AcDbLine
 10
69.7816457812603
 20
-2.401696031016999
 30
64.95000000000001
 11
69.6493127410229
 21
-2.401696031016999
 31
64.95000000000001
  0
LINE
  5
213
330
70
100
AcDbEntity
  8
RFID Module Enclosre 3.2 Face Plate v3_Sketch1
100
AcDbLine
 10
70.51834428952301
 20
-1.97400171033829
 30
64.95000000000001
 11
70.04903996632652
 21
-1.97400171033829
 31
64.95000000000001
  0
LINE
  5
214
330
70
100
AcDbEntity
  8
RFID Module Enclosre 3.2 Face Plate v3_Sketch1
100
AcDbLine
 10
80.18552666652409
 20
-2.401696031016999
 30
64.95000000000001
 11
80.18552666652409
 21
-2.28368792407006
 31
64.95000000000001
  0
LINE
  5
215
330
70
100
AcDbEntity
  8
RFID Module Enclosre 3.2 Face Plate v3_Sketch1
100
AcDbLine
 10
61.2726776707781
 20
-1.40169609062165
 30
64.95000000000001
 11
62.0189263332498
 21
-1.40169609062165
 31
64.95000000000001
  0
SPLINE
  5
216
330
70
100
AcDbEntity
  8
RFID Module Enclosre 3.2 Face Plate v3_Sketch1
100
AcDbSpline
210
0.0
220
0.0
230
1.0
 70
     8
 71
     3
 72
     9
 73
     5
 74
     0
 42
0.000000001
 43
0.0000000001
 40
0.0
 40
0.0
 40
0.0
 40
0.0
 40
0.0133640331897266
 40
0.0276524507453797
 40
0.0276524507453797
 40
0.0276524507453797
 40
0.0276524507453797
 10
76.9498517190239
 20
-2.16874930731743
 30
64.95000000000001
 10
76.9328464048812
 20
-2.127192993248109
 30
64.95000000000001
 10
76.89765952640939
 20
-2.041205932931239
 30
64.95000000000001
 10
76.8936180532825
 20
-1.94832484738562
 30
64.95000000000001
 10
76.8915297662041
 20
-1.900331859512029
 30
64.95000000000001
  0
LINE
  5
217
330
70
100
AcDbEntity
  8
RFID Module Enclosre 3.2 Face Plate v3_Sketch1
100
AcDbLine
 10
61.29587043410659
 20
-2.401696031016999
 30
64.95000000000001
 11
61.29587043410659
 21
-2.28368792407006
 31
64.95000000000001
  0
LINE
  5
218
330
70
100
AcDbEntity
  8
RFID Module Enclosre 3.2 Face Plate v3_Sketch1
100
AcDbLine
 10
61.8865935910356
 20
-1.97741228811234
 30
64.95000000000001
 11
61.33338738566759
 21
-1.97741228811234
 31
64.95000000000001
  0
SPLINE
  5
219
330
70
100
AcDbEntity
  8
RFID Module Enclosre 3.2 Face Plate v3_Sketch1
100
AcDbSpline
210
0.0
220
0.0
230
1.0
 70
     8
 71
     3
 72
     9
 73
     5
 74
     0
 42
0.000000001
 43
0.0000000001
 40
0.0
 40
0.0
 40
0.0
 40
0.0
 40
0.0125987156288851
 40
0.0253292030484664
 40
0.0253292030484664
 40
0.0253292030484664
 40
0.0253292030484664
 10
77.11936017620771
 20
-2.353265021962819
 30
64.95000000000001
 10
77.0844507710845
 20
-2.32893356626377
 30
64.95000000000001
 10
77.014266838316
 20
-2.28001616864801
 30
64.95000000000001
 10
76.97139776566001
 20
-2.20596667196139
 30
64.95000000000001
 10
76.9498517190239
 20
-2.16874930731743
 30
64.95000000000001
  0
SPLINE
  5
21A
330
70
100
AcDbEntity
  8
RFID Module Enclosre 3.2 Face Plate v3_Sketch1
100
AcDbSpline
210
0.0
220
0.0
230
1.0
 70
     8
 71
     3
 72
     9
 73
     5
 74
     0
 42
0.000000001
 43
0.0000000001
 40
0.0
 40
0.0
 40
0.0
 40
0.0
 40
0.0132686300234563
 40
0.0260703575338095
 40
0.0260703575338095
 40
0.0260703575338095
 40
0.0260703575338095
 10
77.36901899922099
 20
-2.41943139306992
 30
64.95000000000001
 10
77.3243430438461
 20
-2.41687734363291
 30
64.95000000000001
 10
77.236563210681
 20
-2.41185911779766
 30
64.95000000000001
 10
77.15795860253369
 20
-2.372561791038649
 30
64.95000000000001
 10
77.11936017620771
 20
-2.353265021962819
 30
64.95000000000001
  0
LINE
  5
21B
330
70
100
AcDbEntity
  8
RFID Module Enclosre 3.2 Face Plate v3_Sketch1
100
AcDbLine
 10
74.8908474122307
 20
-1.40169609062165
 30
64.95000000000001
 11
75.065472332122
 21
-1.40169609062165
 31
64.95000000000001
  0
LINE
  5
21C
330
70
100
AcDbEntity
  8
RFID Module Enclosre 3.2 Face Plate v3_Sketch1
100
AcDbLine
 10
61.33338738566759
 20
-1.97741228811234
 30
64.95000000000001
 11
61.33338738566759
 21
-1.86008620731324
 31
64.95000000000001
  0
LINE
  5
21D
330
70
100
AcDbEntity
  8
RFID Module Enclosre 3.2 Face Plate v3_Sketch1
100
AcDbLine
 10
70.65067732976039
 20
-1.40169609062165
 30
64.95000000000001
 11
70.65067732976039
 21
-2.401696031016999
 31
64.95000000000001
  0
LINE
  5
21E
330
70
100
AcDbEntity
  8
RFID Module Enclosre 3.2 Face Plate v3_Sketch1
100
AcDbLine
 10
80.22304376709669
 20
-1.97741228811234
 30
64.95000000000001
 11
80.22304376709669
 21
-1.86008620731324
 31
64.95000000000001
  0
SPLINE
  5
21F
330
70
100
AcDbEntity
  8
RFID Module Enclosre 3.2 Face Plate v3_Sketch1
100
AcDbSpline
210
0.0
220
0.0
230
1.0
 70
     8
 71
     3
 72
     9
 73
     5
 74
     0
 42
0.000000001
 43
0.0000000001
 40
0.0
 40
0.0
 40
0.0
 40
0.0
 40
0.0119818850868201
 40
0.0226774154954131
 40
0.0226774154954131
 40
0.0226774154954131
 40
0.0226774154954131
 10
87.5123295385004
 20
-1.90988171569794
 30
64.95000000000001
 10
87.5111636256128
 20
-1.8697293979908
 30
64.95000000000001
 10
87.50895697024999
 20
-1.79373544669258
 30
64.95000000000001
 10
87.48598702436011
 20
-1.7213204078668
 30
64.95000000000001
 10
87.47515352550761
 20
-1.68716672532052
 30
64.95000000000001
  0
LINE
  5
220
330
70
100
AcDbEntity
  8
RFID Module Enclosre 3.2 Face Plate v3_Sketch1
100
AcDbLine
 10
80.77624967444149
 20
-1.97741228811234
 30
64.95000000000001
 11
80.22304376709669
 21
-1.97741228811234
 31
64.95000000000001
  0
LINE
  5
221
330
70
100
AcDbEntity
  8
RFID Module Enclosre 3.2 Face Plate v3_Sketch1
100
AcDbLine
 10
80.77624967444149
 20
-1.86008620731324
 30
64.95000000000001
 11
80.77624967444149
 21
-1.51970434658021
 31
64.95000000000001
  0
SPLINE
  5
222
330
70
100
AcDbEntity
  8
RFID Module Enclosre 3.2 Face Plate v3_Sketch1
100
AcDbSpline
210
0.0
220
0.0
230
1.0
 70
     8
 71
     3
 72
     9
 73
     5
 74
     0
 42
0.000000001
 43
0.0000000001
 40
0.0
 40
0.0
 40
0.0
 40
0.0
 40
0.0126706262714579
 40
0.0253793958677092
 40
0.0253793958677092
 40
0.0253793958677092
 40
0.0253793958677092
 10
77.6220886980316
 20
-1.45285565130204
 30
64.95000000000001
 10
77.65691985869501
 20
-1.47769760133809
 30
64.95000000000001
 10
77.7266870348447
 20
-1.52745628497246
 30
64.95000000000001
 10
77.7692572446802
 20
-1.60183260420758
 30
64.95000000000001
 10
77.79057433951109
 20
-1.63907665483445
 30
64.95000000000001
  0
LINE
  5
223
330
70
100
AcDbEntity
  8
RFID Module Enclosre 3.2 Face Plate v3_Sketch1
100
AcDbLine
 10
62.0189263332498
 20
-1.40169609062165
 30
64.95000000000001
 11
62.0189263332498
 21
-2.401696031016999
 31
64.95000000000001
  0
LINE
  5
224
330
70
100
AcDbEntity
  8
RFID Module Enclosre 3.2 Face Plate v3_Sketch1
100
AcDbLine
 10
61.29587043410659
 20
-2.28368792407006
 30
64.95000000000001
 11
61.8865935910356
 21
-2.28368792407006
 31
64.95000000000001
  0
LINE
  5
225
330
70
100
AcDbEntity
  8
RFID Module Enclosre 3.2 Face Plate v3_Sketch1
100
AcDbLine
 10
75.065472332122
 20
-1.40169609062165
 30
64.95000000000001
 11
75.4215433274528
 21
-1.90783519021958
 31
64.95000000000001
  0
LINE
  5
226
330
70
100
AcDbEntity
  8
RFID Module Enclosre 3.2 Face Plate v3_Sketch1
100
AcDbLine
 10
62.0189263332498
 20
-2.401696031016999
 30
64.95000000000001
 11
61.29587043410659
 21
-2.401696031016999
 31
64.95000000000001
  0
LINE
  5
227
330
70
100
AcDbEntity
  8
RFID Module Enclosre 3.2 Face Plate v3_Sketch1
100
AcDbLine
 10
61.8865935910356
 20
-2.28368792407006
 30
64.95000000000001
 11
61.8865935910356
 21
-1.97741228811234
 31
64.95000000000001
  0
LINE
  5
228
330
70
100
AcDbEntity
  8
RFID Module Enclosre 3.2 Face Plate v3_Sketch1
100
AcDbLine
 10
61.33338738566759
 20
-1.86008620731324
 30
64.95000000000001
 11
61.8865935910356
 21
-1.86008620731324
 31
64.95000000000001
  0
LINE
  5
229
330
70
100
AcDbEntity
  8
RFID Module Enclosre 3.2 Face Plate v3_Sketch1
100
AcDbLine
 10
75.71758648503039
 20
-2.401696031016999
 30
64.95000000000001
 11
75.58525344479289
 21
-2.401696031016999
 31
64.95000000000001
  0
LINE
  5
22A
330
70
100
AcDbEntity
  8
RFID Module Enclosre 3.2 Face Plate v3_Sketch1
100
AcDbLine
 10
75.58525344479289
 20
-2.401696031016999
 30
64.95000000000001
 11
75.58525344479289
 21
-1.90578881375283
 31
64.95000000000001
  0
LINE
  5
22B
330
70
100
AcDbEntity
  8
RFID Module Enclosre 3.2 Face Plate v3_Sketch1
100
AcDbLine
 10
70.65067732976039
 20
-2.401696031016999
 30
64.95000000000001
 11
69.97605229065969
 21
-2.401696031016999
 31
64.95000000000001
  0
LINE
  5
22C
330
70
100
AcDbEntity
  8
RFID Module Enclosre 3.2 Face Plate v3_Sketch1
100
AcDbLine
 10
70.0490399663265
 20
-1.97400171033829
 30
64.95000000000001
 11
70.0490399663265
 21
-1.85599345437974
 31
64.95000000000001
  0
LINE
  5
22D
330
70
100
AcDbEntity
  8
RFID Module Enclosre 3.2 Face Plate v3_Sketch1
100
AcDbLine
 10
70.0490399663265
 20
-1.85599345437974
 30
64.95000000000001
 11
70.518344289523
 21
-1.85599345437974
 31
64.95000000000001
  0
LINE
  5
22E
330
70
100
AcDbEntity
  8
RFID Module Enclosre 3.2 Face Plate v3_Sketch1
100
AcDbLine
 10
70.51834428952301
 20
-1.85599345437974
 30
64.95000000000001
 11
70.51834428952301
 21
-1.40169609062165
 31
64.95000000000001
  0
LINE
  5
22F
330
70
100
AcDbEntity
  8
RFID Module Enclosre 3.2 Face Plate v3_Sketch1
100
AcDbLine
 10
61.8865935910356
 20
-1.86008620731324
 30
64.95000000000001
 11
61.8865935910356
 21
-1.51970434658021
 31
64.95000000000001
  0
LINE
  5
230
330
70
100
AcDbEntity
  8
RFID Module Enclosre 3.2 Face Plate v3_Sketch1
100
AcDbLine
 10
75.0886644994041
 20
-2.401696031016999
 30
64.95000000000001
 11
74.9092652474663
 21
-2.401696031016999
 31
64.95000000000001
  0
SPLINE
  5
231
330
70
100
AcDbEntity
  8
RFID Module Enclosre 3.2 Face Plate v3_Sketch1
100
AcDbSpline
210
0.0
220
0.0
230
1.0
 70
     8
 71
     3
 72
     9
 73
     5
 74
     0
 42
0.000000001
 43
0.0000000001
 40
0.0
 40
0.0
 40
0.0
 40
0.0
 40
0.0088986389462735
 40
0.0177933508304676
 40
0.0177933508304676
 40
0.0177933508304676
 40
0.0177933508304676
 10
87.35953303161869
 20
-1.54494303934067
 30
64.95000000000001
 10
87.332848018247
 20
-1.53121514608882
 30
64.95000000000001
 10
87.279489767878
 20
-1.50376541784744
 30
64.95000000000001
 10
87.2196138135229
 20
-1.4998390048201
 30
64.95000000000001
 10
87.18968244377391
 20
-1.497876231593789
 30
64.95000000000001
  0
LINE
  5
232
330
70
100
AcDbEntity
  8
RFID Module Enclosre 3.2 Face Plate v3_Sketch1
100
AcDbLine
 10
80.16233435023039
 20
-1.40169609062165
 30
64.95000000000001
 11
80.90858256566731
 21
-1.40169609062165
 31
64.95000000000001
  0
LINE
  5
233
330
70
100
AcDbEntity
  8
RFID Module Enclosre 3.2 Face Plate v3_Sketch1
100
AcDbLine
 10
74.9092652474663
 20
-2.401696031016999
 30
64.95000000000001
 11
75.32877346623149
 21
-1.996511851472559
 31
64.95000000000001
  0
SPLINE
  5
234
330
70
100
AcDbEntity
  8
RFID Module Enclosre 3.2 Face Plate v3_Sketch1
100
AcDbSpline
210
0.0
220
0.0
230
1.0
 70
     8
 71
     3
 72
     9
 73
     5
 74
     0
 42
0.000000001
 43
0.0000000001
 40
0.0
 40
0.0
 40
0.0
 40
0.0
 40
0.0144914664099164
 40
0.0281009470271272
 40
0.0281009470271272
 40
0.0281009470271272
 40
0.0281009470271272
 10
76.8915297662041
 20
-1.900331859512029
 30
64.95000000000001
 10
76.8937511494082
 20
-1.851634250645229
 30
64.95000000000001
 10
76.8980587170471
 20
-1.75720288749641
 30
64.95000000000001
 10
76.9350205095943
 20
-1.67026658941843
 30
64.95000000000001
 10
76.9529213582298
 20
-1.62816274635285
 30
64.95000000000001
  0
SPLINE
  5
235
330
70
100
AcDbEntity
  8
RFID Module Enclosre 3.2 Face Plate v3_Sketch1
100
AcDbSpline
210
0.0
220
0.0
230
1.0
 70
     8
 71
     3
 72
     9
 73
     5
 74
     0
 42
0.000000001
 43
0.0000000001
 40
0.0
 40
0.0
 40
0.0
 40
0.0
 40
0.0125813703643211
 40
0.0252609266283294
 40
0.0252609266283294
 40
0.0252609266283294
 40
0.0252609266283294
 10
77.12686320889202
 20
-1.44637543432206
 30
64.95000000000001
 10
77.1652029286614
 20
-1.428370190317879
 30
64.95000000000001
 10
77.2421815740711
 20
-1.392219188118269
 30
64.95000000000001
 10
77.32708444017029
 20
-1.387174867395299
 30
64.95000000000001
 10
77.3697008763573
 20
-1.38464290372819
 30
64.95000000000001
  0
LINE
  5
236
330
70
100
AcDbEntity
  8
RFID Module Enclosre 3.2 Face Plate v3_Sketch1
100
AcDbLine
 10
80.90858256566731
 20
-2.401696031016999
 30
64.95000000000001
 11
80.18552666652409
 21
-2.401696031016999
 31
64.95000000000001
  0
SPLINE
  5
237
330
70
100
AcDbEntity
  8
RFID Module Enclosre 3.2 Face Plate v3_Sketch1
100
AcDbSpline
210
0.0
220
0.0
230
1.0
 70
     8
 71
     3
 72
     9
 73
     5
 74
     0
 42
0.000000001
 43
0.0000000001
 40
0.0
 40
0.0
 40
0.0
 40
0.0
 40
0.0186042879031998
 40
0.0381264587307487
 40
0.0381264587307487
 40
0.0381264587307487
 40
0.0381264587307487
 10
77.71417608607021
 20
-2.278571908397379
 30
64.95000000000001
 10
77.6655580572194
 20
-2.31964928129205
 30
64.95000000000001
 10
77.56592332353901
 20
-2.40383066843169
 30
64.95000000000001
 10
77.4356988125222
 20
-2.414148353147639
 30
64.95000000000001
 10
77.36901899922099
 20
-2.41943139306992
 30
64.95000000000001
  0
LINE
  5
238
330
70
100
AcDbEntity
  8
RFID Module Enclosre 3.2 Face Plate v3_Sketch1
100
AcDbLine
 10
80.18552666652409
 20
-2.28368792407006
 30
64.95000000000001
 11
80.77624967444149
 21
-2.28368792407006
 31
64.95000000000001
  0
SPLINE
  5
239
330
70
100
AcDbEntity
  8
RFID Module Enclosre 3.2 Face Plate v3_Sketch1
100
AcDbSpline
210
0.0
220
0.0
230
1.0
 70
     8
 71
     3
 72
     9
 73
     5
 74
     0
 42
0.000000001
 43
0.0000000001
 40
0.0
 40
0.0
 40
0.0
 40
0.0
 40
0.0128948555197272
 40
0.0254550279267007
 40
0.0254550279267007
 40
0.0254550279267007
 40
0.0254550279267007
 10
76.9529213582298
 20
-1.62816274635285
 30
64.95000000000001
 10
76.9752645231124
 20
-1.59071427480192
 30
64.95000000000001
 10
77.0193709409927
 20
-1.516789298466749
 30
64.95000000000001
 10
77.09134790434589
 20
-1.46964008282412
 30
64.95000000000001
 10
77.12686320889202
 20
-1.44637543432206
 30
64.95000000000001
  0
LINE
  5
23A
330
70
100
AcDbEntity
  8
RFID Module Enclosre 3.2 Face Plate v3_Sketch1
100
AcDbLine
 10
75.42154332745281
 20
-1.90783519021958
 30
64.95000000000001
 11
75.58525344479291
 21
-1.748217229766549
 31
64.95000000000001
  0
SPLINE
  5
23B
330
70
100
AcDbEntity
  8
RFID Module Enclosre 3.2 Face Plate v3_Sketch1
100
AcDbSpline
210
0.0
220
0.0
230
1.0
 70
     8
 71
     3
 72
     9
 73
     5
 74
     0
 42
0.000000001
 43
0.0000000001
 40
0.0
 40
0.0
 40
0.0
 40
0.0
 40
0.0128799466505455
 40
0.0257837183913458
 40
0.0257837183913458
 40
0.0257837183913458
 40
0.0257837183913458
 10
77.79057433951109
 20
-1.63907665483445
 30
64.95000000000001
 10
77.8072864596098
 20
-1.67900139591703
 30
64.95000000000001
 10
77.8407416135819
 20
-1.75892473013961
 30
64.95000000000001
 10
77.8454945263083
 20
-1.84543868061088
 30
64.95000000000001
 10
77.84787317860339
 20
-1.88873562685937
 30
64.95000000000001
  0
LINE
  5
23C
330
70
100
AcDbEntity
  8
RFID Module Enclosre 3.2 Face Plate v3_Sketch1
100
AcDbLine
 10
80.77624967444149
 20
-2.28368792407006
 30
64.95000000000001
 11
80.77624967444149
 21
-1.97741228811234
 31
64.95000000000001
  0
LINE
  5
23D
330
70
100
AcDbEntity
  8
RFID Module Enclosre 3.2 Face Plate v3_Sketch1
100
AcDbLine
 10
80.22304376709669
 20
-1.86008620731324
 30
64.95000000000001
 11
80.77624967444149
 21
-1.86008620731324
 31
64.95000000000001
  0
LINE
  5
23E
330
70
100
AcDbEntity
  8
RFID Module Enclosre 3.2 Face Plate v3_Sketch1
100
AcDbLine
 10
80.77624967444149
 20
-1.51970434658021
 30
64.95000000000001
 11
80.16233435023039
 21
-1.51970434658021
 31
64.95000000000001
  0
LINE
  5
23F
330
70
100
AcDbEntity
  8
RFID Module Enclosre 3.2 Face Plate v3_Sketch1
100
AcDbLine
 10
69.6493127410229
 20
-2.401696031016999
 30
64.95000000000001
 11
69.6493127410229
 21
-1.40169609062165
 31
64.95000000000001
  0
LINE
  5
240
330
70
100
AcDbEntity
  8
RFID Module Enclosre 3.2 Face Plate v3_Sketch1
100
AcDbLine
 10
69.6493127410229
 20
-1.40169609062165
 30
64.95000000000001
 11
69.7816457812603
 21
-1.40169609062165
 31
64.95000000000001
  0
SPLINE
  5
241
330
70
100
AcDbEntity
  8
RFID Module Enclosre 3.2 Face Plate v3_Sketch1
100
AcDbSpline
210
0.0
220
0.0
230
1.0
 70
     8
 71
     3
 72
     9
 73
     5
 74
     0
 42
0.000000001
 43
0.0000000001
 40
0.0
 40
0.0
 40
0.0
 40
0.0
 40
0.0097444574640181
 40
0.0195218732026123
 40
0.0195218732026123
 40
0.0195218732026123
 40
0.0195218732026123
 10
87.48095126930492
 20
-2.10190076105088
 30
64.95000000000001
 10
87.4901032570464
 20
-2.07059456649055
 30
64.95000000000001
 10
87.50843818691832
 20
-2.007876291725669
 30
64.95000000000001
 10
87.5110309622012
 20
-1.9425833185209
 30
64.95000000000001
 10
87.5123295385004
 20
-1.90988171569794
 30
64.95000000000001
  0
SPLINE
  5
242
330
70
100
AcDbEntity
  8
RFID Module Enclosre 3.2 Face Plate v3_Sketch1
100
AcDbSpline
210
0.0
220
0.0
230
1.0
 70
     8
 71
     3
 72
     9
 73
     5
 74
     0
 42
0.000000001
 43
0.0000000001
 40
0.0
 40
0.0
 40
0.0
 40
0.0
 40
0.0095743923882754
 40
0.0185926576279255
 40
0.0185926576279255
 40
0.0185926576279255
 40
0.0185926576279255
 10
87.47515352550761
 20
-1.68716672532052
 30
64.95000000000001
 10
87.46145408178369
 20
-1.657704339905829
 30
64.95000000000001
 10
87.43485092447381
 20
-1.60049088732288
 30
64.95000000000001
 10
87.3841333225368
 20
-1.56308604850404
 30
64.95000000000001
 10
87.35953303161869
 20
-1.54494303934067
 30
64.95000000000001
  0
LINE
  5
243
330
70
100
AcDbEntity
  8
RFID Module Enclosre 3.2 Face Plate v3_Sketch1
100
AcDbLine
 10
40.256225587385
 20
-1.32870834044903
 30
64.95000000000001
 11
40.256225587385
 21
-1.151695956511199
 31
64.95000000000001
  0
SPLINE
  5
244
330
70
100
AcDbEntity
  8
RFID Module Enclosre 3.2 Face Plate v3_Sketch1
100
AcDbSpline
210
0.0
220
0.0
230
1.0
 70
     8
 71
     3
 72
     9
 73
     5
 74
     0
 42
0.000000001
 43
0.0000000001
 40
0.0
 40
0.0
 40
0.0
 40
0.0
 40
0.0072837266602928
 40
0.0148428532485083
 40
0.0148428532485083
 40
0.0148428532485083
 40
0.0148428532485083
 10
60.44116307383901
 20
-2.374752049369509
 30
64.95000000000001
 10
60.41901297841619
 20
-2.36384675883985
 30
64.95000000000001
 10
60.37387528570281
 20
-2.341623845417459
 30
64.95000000000001
 10
60.34478936528341
 20
-2.300525481432719
 30
64.95000000000001
 10
60.329976569475
 20
-2.279595022124949
 30
64.95000000000001
  0
LINE
  5
245
330
70
100
AcDbEntity
  8
RFID Module Enclosre 3.2 Face Plate v3_Sketch1
100
AcDbLine
 10
65.35862613803272
 20
-2.401696031016999
 30
64.95000000000001
 11
64.98140920287491
 21
-2.401696031016999
 31
64.95000000000001
  0
LINE
  5
246
330
70
100
AcDbEntity
  8
RFID Module Enclosre 3.2 Face Plate v3_Sketch1
100
AcDbLine
 10
55.0069697791485
 20
-2.65169601611584
 30
64.95000000000001
 11
54.7675426894573
 21
-2.65169601611584
 31
64.95000000000001
  0
SPLINE
  5
247
330
70
100
AcDbEntity
  8
RFID Module Enclosre 3.2 Face Plate v3_Sketch1
100
AcDbSpline
210
0.0
220
0.0
230
1.0
 70
     8
 71
     3
 72
     9
 73
     5
 74
     0
 42
0.000000001
 43
0.0000000001
 40
0.0
 40
0.0
 40
0.0
 40
0.0
 40
0.0279064483512329
 40
0.0571896739351378
 40
0.0571896739351378
 40
0.0571896739351378
 40
0.0571896739351378
 10
57.20888009609261
 20
-2.467009832186399
 30
64.95000000000001
 10
57.1359530075507
 20
-2.52862592886716
 30
64.95000000000001
 10
56.98650093961809
 20
-2.65489798018584
 30
64.95000000000001
 10
56.791164227154
 20
-2.670374506192489
 30
64.95000000000001
 10
56.6911446148304
 20
-2.678299059195219
 30
64.95000000000001
  0
LINE
  5
248
330
70
100
AcDbEntity
  8
RFID Module Enclosre 3.2 Face Plate v3_Sketch1
100
AcDbLine
 10
41.3755972399882
 20
-1.1516959565112
 30
64.95000000000001
 11
41.3755972399882
 21
-2.65169601611584
 31
64.95000000000001
  0
SPLINE
  5
249
330
70
100
AcDbEntity
  8
RFID Module Enclosre 3.2 Face Plate v3_Sketch1
100
AcDbSpline
210
0.0
220
0.0
230
1.0
 70
     8
 71
     3
 72
     9
 73
     5
 74
     0
 42
0.000000001
 43
0.0000000001
 40
0.0
 40
0.0
 40
0.0
 40
0.0
 40
0.009833992047965
 40
0.018141910829349
 40
0.018141910829349
 40
0.018141910829349
 40
0.018141910829349
 10
54.8923723989872
 20
-2.47059087924451
 30
64.95000000000001
 10
54.8997473917009
 20
-2.438647746118559
 30
64.95000000000001
 10
54.9133528999754
 20
-2.37971852694141
 30
64.95000000000001
 10
54.92914000849281
 20
-2.321337125217609
 30
64.95000000000001
 10
54.93636956752809
 20
-2.294601907057459
 30
64.95000000000001
  0
SPLINE
  5
24A
330
70
100
AcDbEntity
  8
RFID Module Enclosre 3.2 Face Plate v3_Sketch1
100
AcDbSpline
210
0.0
220
0.0
230
1.0
 70
     8
 71
     3
 72
     9
 73
     5
 74
     0
 42
0.000000001
 43
0.0000000001
 40
0.0
 40
0.0
 40
0.0
 40
0.0
 40
0.0082273452387505
 40
0.0172834009195271
 40
0.0172834009195271
 40
0.0172834009195271
 40
0.0172834009195271
 10
60.49027670508741
 20
-1.8068802701661
 30
64.95000000000001
 10
60.47083049543861
 20
-1.787452259217789
 30
64.95000000000001
 10
60.42997933045491
 20
-1.746639324723809
 30
64.95000000000001
 10
60.39748220528529
 20
-1.69888646755935
 30
64.95000000000001
 10
60.38045455104231
 20
-1.673865203780829
 30
64.95000000000001
  0
SPLINE
  5
24B
330
70
100
AcDbEntity
  8
RFID Module Enclosre 3.2 Face Plate v3_Sketch1
100
AcDbSpline
210
0.0
220
0.0
230
1.0
 70
     8
 71
     3
 72
     9
 73
     5
 74
     0
 42
0.000000001
 43
0.0000000001
 40
0.0
 40
0.0
 40
0.0
 40
0.0
 40
0.0053958294566824
 40
0.0095072387996473
 40
0.0095072387996473
 40
0.0095072387996473
 40
0.0095072387996473
 10
60.6007813323152
 20
-1.74753505460709
 30
64.95000000000001
 10
60.6120695708822
 20
-1.76164282858029
 30
64.95000000000001
 10
60.6319590022559
 20
-1.786500170194109
 30
64.95000000000001
 10
60.65709890627069
 20
-1.80596582111164
 30
64.95000000000001
 10
60.6679706681383
 20
-1.814383749885259
 30
64.95000000000001
  0
SPLINE
  5
24C
330
70
100
AcDbEntity
  8
RFID Module Enclosre 3.2 Face Plate v3_Sketch1
100
AcDbSpline
210
0.0
220
0.0
230
1.0
 70
     8
 71
     3
 72
     9
 73
     5
 74
     0
 42
0.000000001
 43
0.0000000001
 40
0.0
 40
0.0
 40
0.0
 40
0.0
 40
0.0095445637886189
 40
0.0167688335581332
 40
0.0167688335581332
 40
0.0167688335581332
 40
0.0167688335581332
 10
60.50528336650251
 20
-1.60974520914048
 30
64.95000000000001
 10
60.5225768053447
 20
-1.636463515348729
 30
64.95000000000001
 10
60.55295962890941
 20
-1.68340487795932
 30
64.95000000000001
 10
60.5863823243368
 20
-1.728225601797119
 30
64.95000000000001
 10
60.6007813323152
 20
-1.74753505460709
 30
64.95000000000001
  0
LINE
  5
24D
330
70
100
AcDbEntity
  8
RFID Module Enclosre 3.2 Face Plate v3_Sketch1
100
AcDbLine
 10
53.92647853435551
 20
-2.65169601611584
 30
64.95000000000001
 11
54.33780184330021
 21
-1.1516959565112
 31
64.95000000000001
  0
SPLINE
  5
24E
330
70
100
AcDbEntity
  8
RFID Module Enclosre 3.2 Face Plate v3_Sketch1
100
AcDbSpline
210
0.0
220
0.0
230
1.0
 70
     8
 71
     3
 72
     9
 73
     5
 74
     0
 42
0.000000001
 43
0.0000000001
 40
0.0
 40
0.0
 40
0.0
 40
0.0
 40
0.0099557036029084
 40
0.0195924735795023
 40
0.0195924735795023
 40
0.0195924735795023
 40
0.0195924735795023
 10
60.2883665669573
 20
-2.128844742698369
 30
64.95000000000001
 10
60.2910454707023
 20
-2.09497209223601
 30
64.95000000000001
 10
60.2963174587947
 20
-2.02831191072382
 30
64.95000000000001
 10
60.3371682756779
 20
-1.975447148589489
 30
64.95000000000001
 10
60.35726119166731
 20
-1.94944504372567
 30
64.95000000000001
  0
SPLINE
  5
24F
330
70
100
AcDbEntity
  8
RFID Module Enclosre 3.2 Face Plate v3_Sketch1
100
AcDbSpline
210
0.0
220
0.0
230
1.0
 70
     8
 71
     3
 72
     9
 73
     5
 74
     0
 42
0.000000001
 43
0.0000000001
 40
0.0
 40
0.0
 40
0.0
 40
0.0
 40
0.011989268850726
 40
0.0182181405873052
 40
0.0182181405873052
 40
0.0182181405873052
 40
0.0182181405873052
 10
54.8453052932171
 20
-2.294601907057459
 30
64.95000000000001
 10
54.8561170264354
 20
-2.33307907436581
 30
64.95000000000001
 10
54.87254585776909
 20
-2.391546563263799
 30
64.95000000000001
 10
54.88732078038481
 20
-2.45045112150125
 30
64.95000000000001
 10
54.8923723989872
 20
-2.47059087924451
 30
64.95000000000001
  0
LINE
  5
250
330
70
100
AcDbEntity
  8
RFID Module Enclosre 3.2 Face Plate v3_Sketch1
100
AcDbLine
 10
61.0878210175646
 20
-2.401696031016999
 30
64.95000000000001
 11
60.6444375622881
 21
-2.401696031016999
 31
64.95000000000001
  0
LINE
  5
251
330
70
100
AcDbEntity
  8
RFID Module Enclosre 3.2 Face Plate v3_Sketch1
100
AcDbLine
 10
65.35862613803272
 20
-1.40169609062165
 30
64.95000000000001
 11
65.35862613803272
 21
-2.401696031016999
 31
64.95000000000001
  0
LINE
  5
252
330
70
100
AcDbEntity
  8
RFID Module Enclosre 3.2 Face Plate v3_Sketch1
100
AcDbLine
 10
61.8865935910356
 20
-1.51970434658021
 30
64.95000000000001
 11
61.2726776707781
 21
-1.51970434658021
 31
64.95000000000001
  0
SPLINE
  5
253
330
70
100
AcDbEntity
  8
RFID Module Enclosre 3.2 Face Plate v3_Sketch1
100
AcDbSpline
210
0.0
220
0.0
230
1.0
 70
     8
 71
     3
 72
     9
 73
     5
 74
     0
 42
0.000000001
 43
0.0000000001
 40
0.0
 40
0.0
 40
0.0
 40
0.0
 40
0.0061068302615928
 40
0.0126516707895783
 40
0.0126516707895783
 40
0.0126516707895783
 40
0.0126516707895783
 10
64.7058293629301
 20
-2.34542060367554
 30
64.95000000000001
 10
64.6898793851637
 20
-2.33245009601616
 30
64.95000000000001
 10
64.6568354230496
 20
-2.30557877556827
 30
64.95000000000001
 10
64.63630163609881
 20
-2.268223596644709
 30
64.95000000000001
 10
64.6256792951238
 20
-2.248899375123679
 30
64.95000000000001
  0
SPLINE
  5
254
330
70
100
AcDbEntity
  8
RFID Module Enclosre 3.2 Face Plate v3_Sketch1
100
AcDbSpline
210
0.0
220
0.0
230
1.0
 70
     8
 71
     3
 72
     9
 73
     5
 74
     0
 42
0.000000001
 43
0.0000000001
 40
0.0
 40
0.0
 40
0.0
 40
0.0
 40
0.0069006820336237
 40
0.014069200003949
 40
0.014069200003949
 40
0.014069200003949
 40
0.014069200003949
 10
64.6256792951238
 20
-2.248899375123679
 30
64.95000000000001
 10
64.61682668292301
 20
-2.227469093512859
 30
64.95000000000001
 10
64.5987778623854
 20
-2.18377675750106
 30
64.95000000000001
 10
64.59649019539231
 20
-2.13654114855066
 30
64.95000000000001
 10
64.5953245866907
 20
-2.11247373096436
 30
64.95000000000001
  0
SPLINE
  5
255
330
70
100
AcDbEntity
  8
RFID Module Enclosre 3.2 Face Plate v3_Sketch1
100
AcDbSpline
210
0.0
220
0.0
230
1.0
 70
     8
 71
     3
 72
     9
 73
     5
 74
     0
 42
0.000000001
 43
0.0000000001
 40
0.0
 40
0.0
 40
0.0
 40
0.0
 40
0.0157759189818807
 40
0.0313481216256915
 40
0.0313481216256915
 40
0.0313481216256915
 40
0.0313481216256915
 10
55.4234092527775
 20
-1.66840802602261
 30
64.95000000000001
 10
55.41158641843569
 20
-1.61715992733988
 30
64.95000000000001
 10
55.3880934194332
 20
-1.515325502832689
 30
64.95000000000001
 10
55.3693045300135
 20
-1.41251938107208
 30
64.95000000000001
 10
55.35997113527329
 20
-1.36145036391705
 30
64.95000000000001
  0
SPLINE
  5
256
330
70
100
AcDbEntity
  8
RFID Module Enclosre 3.2 Face Plate v3_Sketch1
100
AcDbSpline
210
0.0
220
0.0
230
1.0
 70
     8
 71
     3
 72
     9
 73
     5
 74
     0
 42
0.000000001
 43
0.0000000001
 40
0.0
 40
0.0
 40
0.0
 40
0.0
 40
0.0202170290250508
 40
0.039604031825734
 40
0.039604031825734
 40
0.039604031825734
 40
0.039604031825734
 10
56.6921680265812
 20
-1.126116027159389
 30
64.95000000000001
 10
56.7602831631486
 20
-1.13001049393903
 30
64.95000000000001
 10
56.8937169151151
 20
-1.13763953706371
 30
64.95000000000001
 10
57.0125686173133
 20
-1.19859598767442
 30
64.95000000000001
 10
57.07074901403459
 20
-1.228435446543389
 30
64.95000000000001
  0
LINE
  5
257
330
70
100
AcDbEntity
  8
RFID Module Enclosre 3.2 Face Plate v3_Sketch1
100
AcDbLine
 10
40.256225587385
 20
-1.1516959565112
 30
64.95000000000001
 11
41.37559723998821
 21
-1.1516959565112
 31
64.95000000000001
  0
LINE
  5
258
330
70
100
AcDbEntity
  8
RFID Module Enclosre 3.2 Face Plate v3_Sketch1
100
AcDbLine
 10
60.2065115082872
 20
-1.40169609062165
 30
64.95000000000001
 11
60.37295032626509
 21
-1.40169609062165
 31
64.95000000000001
  0
LINE
  5
259
330
70
100
AcDbEntity
  8
RFID Module Enclosre 3.2 Face Plate v3_Sketch1
100
AcDbLine
 10
65.2262932468069
 20
-1.80824447147339
 30
64.95000000000001
 11
65.2262932468069
 21
-1.40169609062165
 31
64.95000000000001
  0
LINE
  5
25A
330
70
100
AcDbEntity
  8
RFID Module Enclosre 3.2 Face Plate v3_Sketch1
100
AcDbLine
 10
55.29244056285889
 20
-1.63873564176053
 30
64.95000000000001
 11
55.0069697791485
 21
-2.65169601611584
 31
64.95000000000001
  0
LINE
  5
25B
330
70
100
AcDbEntity
  8
RFID Module Enclosre 3.2 Face Plate v3_Sketch1
100
AcDbLine
 10
54.93636956752809
 20
-2.294601907057459
 30
64.95000000000001
 11
55.2545823747066
 21
-1.151695956511199
 31
64.95000000000001
  0
LINE
  5
25C
330
70
100
AcDbEntity
  8
RFID Module Enclosre 3.2 Face Plate v3_Sketch1
100
AcDbLine
 10
61.0878210175646
 20
-1.40169609062165
 30
64.95000000000001
 11
61.0878210175646
 21
-2.401696031016999
 31
64.95000000000001
  0
SPLINE
  5
25D
330
70
100
AcDbEntity
  8
RFID Module Enclosre 3.2 Face Plate v3_Sketch1
100
AcDbSpline
210
0.0
220
0.0
230
1.0
 70
     8
 71
     3
 72
     9
 73
     5
 74
     0
 42
0.000000001
 43
0.0000000001
 40
0.0
 40
0.0
 40
0.0
 40
0.0
 40
0.0119488293579758
 40
0.023497886430609
 40
0.023497886430609
 40
0.023497886430609
 40
0.023497886430609
 10
64.5953245866907
 20
-2.11247373096436
 30
64.95000000000001
 10
64.59847072127399
 20
-2.07184878035443
 30
64.95000000000001
 10
64.60465773013649
 20
-1.99195806913223
 30
64.95000000000001
 10
64.6528243429387
 20
-1.9280100682065
 30
64.95000000000001
 10
64.6764979172361
 20
-1.89658004514664
 30
64.95000000000001
  0
LINE
  5
25E
330
70
100
AcDbEntity
  8
RFID Module Enclosre 3.2 Face Plate v3_Sketch1
100
AcDbLine
 10
65.2262932468069
 20
-1.40169609062165
 30
64.95000000000001
 11
65.35862613803271
 21
-1.40169609062165
 31
64.95000000000001
  0
LINE
  5
25F
330
70
100
AcDbEntity
  8
RFID Module Enclosre 3.2 Face Plate v3_Sketch1
100
AcDbLine
 10
55.457174389973
 20
-1.1516959565112
 30
64.95000000000001
 11
55.8551963263897
 21
-2.65169601611584
 31
64.95000000000001
  0
LINE
  5
260
330
70
100
AcDbEntity
  8
RFID Module Enclosre 3.2 Face Plate v3_Sketch1
100
AcDbLine
 10
55.8551963263897
 20
-2.65169601611584
 30
64.95000000000001
 11
55.65158089937249
 21
-2.65169601611584
 31
64.95000000000001
  0
LINE
  5
261
330
70
100
AcDbEntity
  8
RFID Module Enclosre 3.2 Face Plate v3_Sketch1
100
AcDbLine
 10
60.9554879773271
 20
-1.40169609062165
 30
64.95000000000001
 11
61.0878210175646
 21
-1.40169609062165
 31
64.95000000000001
  0
SPLINE
  5
262
330
70
100
AcDbEntity
  8
RFID Module Enclosre 3.2 Face Plate v3_Sketch1
100
AcDbSpline
210
0.0
220
0.0
230
1.0
 70
     8
 71
     3
 72
     9
 73
     5
 74
     0
 42
0.000000001
 43
0.0000000001
 40
0.0
 40
0.0
 40
0.0
 40
0.0
 40
0.0052575062267155
 40
0.0094289004610336
 40
0.0094289004610336
 40
0.0094289004610336
 40
0.0094289004610336
 10
60.5700855363023
 20
-1.85667562953919
 30
64.95000000000001
 10
60.554321105179
 20
-1.848886178535989
 30
64.95000000000001
 10
60.5260489081568
 20
-1.83491644555079
 30
64.95000000000001
 10
60.5012485233439
 20
-1.81547934415469
 30
64.95000000000001
 10
60.49027670508741
 20
-1.8068802701661
 30
64.95000000000001
  0
SPLINE
  5
263
330
70
100
AcDbEntity
  8
RFID Module Enclosre 3.2 Face Plate v3_Sketch1
100
AcDbSpline
210
0.0
220
0.0
230
1.0
 70
     8
 71
     3
 72
     9
 73
     5
 74
     0
 42
0.000000001
 43
0.0000000001
 40
0.0
 40
0.0
 40
0.0
 40
0.0
 40
0.0029887712409728
 40
0.0073901667978749
 40
0.0073901667978749
 40
0.0073901667978749
 40
0.0073901667978749
 10
60.72833944445971
 20
-1.840986643953019
 30
64.95000000000001
 10
60.73821646626051
 20
-1.84236712556804
 30
64.95000000000001
 10
60.76263882337269
 20
-1.84578056492949
 30
64.95000000000001
 10
60.7873138026534
 20
-1.84576866145369
 30
64.95000000000001
 10
60.8020095933092
 20
-1.845761572045979
 30
64.95000000000001
  0
SPLINE
  5
264
330
70
100
AcDbEntity
  8
RFID Module Enclosre 3.2 Face Plate v3_Sketch1
100
AcDbSpline
210
0.0
220
0.0
230
1.0
 70
     8
 71
     3
 72
     9
 73
     5
 74
     0
 42
0.000000001
 43
0.0000000001
 40
0.0
 40
0.0
 40
0.0
 40
0.0
 40
0.0194938399188487
 40
0.0285393126839101
 40
0.0285393126839101
 40
0.0285393126839101
 40
0.0285393126839101
 10
55.35997113527329
 20
-1.36145036391705
 30
64.95000000000001
 10
55.34500748951291
 20
-1.42468493138014
 30
64.95000000000001
 10
55.3231004580083
 20
-1.5172614119901
 30
64.95000000000001
 10
55.2998194328788
 20
-1.60950062488017
 30
64.95000000000001
 10
55.29244056285889
 20
-1.63873564176053
 30
64.95000000000001
  0
SPLINE
  5
265
330
70
100
AcDbEntity
  8
RFID Module Enclosre 3.2 Face Plate v3_Sketch1
100
AcDbSpline
210
0.0
220
0.0
230
1.0
 70
     8
 71
     3
 72
     9
 73
     5
 74
     0
 42
0.000000001
 43
0.0000000001
 40
0.0
 40
0.0
 40
0.0
 40
0.0
 40
0.0156235955225867
 40
0.0334857418452389
 40
0.0334857418452389
 40
0.0334857418452389
 40
0.0334857418452389
 10
54.4360285097507
 20
-1.36145036391705
 30
64.95000000000001
 10
54.4252993073076
 20
-1.41241580057545
 30
64.95000000000001
 10
54.40230362089891
 20
-1.521649008290409
 30
64.95000000000001
 10
54.3755865266841
 20
-1.630033586478369
 30
64.95000000000001
 10
54.3613349491504
 20
-1.687848676962549
 30
64.95000000000001
  0
LINE
  5
266
330
70
100
AcDbEntity
  8
RFID Module Enclosre 3.2 Face Plate v3_Sketch1
100
AcDbLine
 10
60.37295032626509
 20
-1.40169609062165
 30
64.95000000000001
 11
60.50528336650251
 21
-1.60974520914048
 31
64.95000000000001
  0
SPLINE
  5
267
330
70
100
AcDbEntity
  8
RFID Module Enclosre 3.2 Face Plate v3_Sketch1
100
AcDbSpline
210
0.0
220
0.0
230
1.0
 70
     8
 71
     3
 72
     9
 73
     5
 74
     0
 42
0.000000001
 43
0.0000000001
 40
0.0
 40
0.0
 40
0.0
 40
0.0
 40
0.0070007320260991
 40
0.0132817537727337
 40
0.0132817537727337
 40
0.0132817537727337
 40
0.0132817537727337
 10
64.8292945731294
 20
-2.39214617483109
 30
64.95000000000001
 10
64.80624017111489
 20
-2.387470689676019
 30
64.95000000000001
 10
64.76250147496251
 20
-2.37860038263294
 30
64.95000000000001
 10
64.7240250820268
 20
-2.35607363769792
 30
64.95000000000001
 10
64.7058293629301
 20
-2.34542060367554
 30
64.95000000000001
  0
LINE
  5
268
330
70
100
AcDbEntity
  8
RFID Module Enclosre 3.2 Face Plate v3_Sketch1
100
AcDbLine
 10
60.8020095933092
 20
-1.845761572045979
 30
64.95000000000001
 11
60.9554879773271
 21
-1.845761572045979
 31
64.95000000000001
  0
LINE
  5
269
330
70
100
AcDbEntity
  8
RFID Module Enclosre 3.2 Face Plate v3_Sketch1
100
AcDbLine
 10
64.96981297022229
 20
-1.80824447147339
 30
64.95000000000001
 11
65.2262932468069
 21
-1.80824447147339
 31
64.95000000000001
  0
SPLINE
  5
26A
330
70
100
AcDbEntity
  8
RFID Module Enclosre 3.2 Face Plate v3_Sketch1
100
AcDbSpline
210
0.0
220
0.0
230
1.0
 70
     8
 71
     3
 72
     9
 73
     5
 74
     0
 42
0.000000001
 43
0.0000000001
 40
0.0
 40
0.0
 40
0.0
 40
0.0
 40
0.007828357755939
 40
0.0157922043444536
 40
0.0157922043444536
 40
0.0157922043444536
 40
0.0157922043444536
 10
60.329976569475
 20
-2.279595022124949
 30
64.95000000000001
 10
60.31784042363661
 20
-2.256144398825679
 30
64.95000000000001
 10
60.29335808634329
 20
-2.20883728197018
 30
64.95000000000001
 10
60.29003989619649
 20
-2.155660997335299
 30
64.95000000000001
 10
60.2883665669573
 20
-2.128844742698369
 30
64.95000000000001
  0
LINE
  5
26B
330
70
100
AcDbEntity
  8
RFID Module Enclosre 3.2 Face Plate v3_Sketch1
100
AcDbLine
 10
54.3378018433002
 20
-1.1516959565112
 30
64.95000000000001
 11
54.52913901151689
 21
-1.1516959565112
 31
64.95000000000001
  0
LINE
  5
26C
330
70
100
AcDbEntity
  8
RFID Module Enclosre 3.2 Face Plate v3_Sketch1
100
AcDbLine
 10
54.3613349491504
 20
-1.687848676962549
 30
64.95000000000001
 11
54.1260015064625
 21
-2.65169601611584
 31
64.95000000000001
  0
SPLINE
  5
26D
330
70
100
AcDbEntity
  8
RFID Module Enclosre 3.2 Face Plate v3_Sketch1
100
AcDbSpline
210
0.0
220
0.0
230
1.0
 70
     8
 71
     3
 72
     9
 73
     5
 74
     0
 42
0.000000001
 43
0.0000000001
 40
0.0
 40
0.0
 40
0.0
 40
0.0
 40
0.0193199199758182
 40
0.0386755685282816
 40
0.0386755685282816
 40
0.0386755685282816
 40
0.0386755685282816
 10
57.32347762526551
 20
-1.507766951842009
 30
64.95000000000001
 10
57.3485458177998
 20
-1.56765406198338
 30
64.95000000000001
 10
57.3987285617996
 20
-1.68753903226961
 30
64.95000000000001
 10
57.405857815188
 20
-1.81730994012069
 30
64.95000000000001
 10
57.40942573489231
 20
-1.88225533537358
 30
64.95000000000001
  0
SPLINE
  5
26E
330
70
100
AcDbEntity
  8
RFID Module Enclosre 3.2 Face Plate v3_Sketch1
100
AcDbSpline
210
0.0
220
0.0
230
1.0
 70
     8
 71
     3
 72
     9
 73
     5
 74
     0
 42
0.000000001
 43
0.0000000001
 40
0.0
 40
0.0
 40
0.0
 40
0.0
 40
0.0188981291620606
 40
0.0379938770386567
 40
0.0379938770386567
 40
0.0379938770386567
 40
0.0379938770386567
 10
56.31665638031041
 20
-2.57904942802876
 30
64.95000000000001
 10
56.2642920636996
 20
-2.542552212535889
 30
64.95000000000001
 10
56.15901585410959
 20
-2.469176128279189
 30
64.95000000000001
 10
56.09471197359329
 20
-2.358101758963739
 30
64.95000000000001
 10
56.06239280046501
 20
-2.302275707049069
 30
64.95000000000001
  0
LINE
  5
26F
330
70
100
AcDbEntity
  8
RFID Module Enclosre 3.2 Face Plate v3_Sketch1
100
AcDbLine
 10
60.9554879773271
 20
-1.845761572045979
 30
64.95000000000001
 11
60.9554879773271
 21
-1.40169609062165
 31
64.95000000000001
  0
SPLINE
  5
270
330
70
100
AcDbEntity
  8
RFID Module Enclosre 3.2 Face Plate v3_Sketch1
100
AcDbSpline
210
0.0
220
0.0
230
1.0
 70
     8
 71
     3
 72
     9
 73
     5
 74
     0
 42
0.000000001
 43
0.0000000001
 40
0.0
 40
0.0
 40
0.0
 40
0.0
 40
0.0190059549098653
 40
0.0380691174622025
 40
0.0380691174622025
 40
0.0380691174622025
 40
0.0380691174622025
 10
57.07074901403459
 20
-1.228435446543389
 30
64.95000000000001
 10
57.1229959632053
 20
-1.2656982170462
 30
64.95000000000001
 10
57.22764712408889
 20
-1.340335918438499
 30
64.95000000000001
 10
57.29150213923659
 20
-1.451900723411
 30
64.95000000000001
 10
57.32347762526551
 20
-1.507766951842009
 30
64.95000000000001
  0
LINE
  5
271
330
70
100
AcDbEntity
  8
RFID Module Enclosre 3.2 Face Plate v3_Sketch1
100
AcDbLine
 10
54.52913901151689
 20
-1.1516959565112
 30
64.95000000000001
 11
54.8453052932171
 21
-2.29460190705746
 31
64.95000000000001
  0
SPLINE
  5
272
330
70
100
AcDbEntity
  8
RFID Module Enclosre 3.2 Face Plate v3_Sketch1
100
AcDbSpline
210
0.0
220
0.0
230
1.0
 70
     8
 71
     3
 72
     9
 73
     5
 74
     0
 42
0.000000001
 43
0.0000000001
 40
0.0
 40
0.0
 40
0.0
 40
0.0
 40
0.0193422710910929
 40
0.038182624384738
 40
0.038182624384738
 40
0.038182624384738
 40
0.038182624384738
 10
56.0669972592739
 20
-1.491395940107999
 30
64.95000000000001
 10
56.100511986607
 20
-1.43522324850446
 30
64.95000000000001
 10
56.166671758595
 20
-1.32433550558757
 30
64.95000000000001
 10
56.2746378158321
 20
-1.253612024747599
 30
64.95000000000001
 10
56.32791122736009
 20
-1.218715121073419
 30
64.95000000000001
  0
LINE
  5
273
330
70
100
AcDbEntity
  8
RFID Module Enclosre 3.2 Face Plate v3_Sketch1
100
AcDbLine
 10
54.7675426894573
 20
-2.65169601611584
 30
64.95000000000001
 11
54.5526724153904
 21
-1.89248721770733
 31
64.95000000000001
  0
SPLINE
  5
274
330
70
100
AcDbEntity
  8
RFID Module Enclosre 3.2 Face Plate v3_Sketch1
100
AcDbSpline
210
0.0
220
0.0
230
1.0
 70
     8
 71
     3
 72
     9
 73
     5
 74
     0
 42
0.000000001
 43
0.0000000001
 40
0.0
 40
0.0
 40
0.0
 40
0.0
 40
0.0087856461988417
 40
0.0152544813125605
 40
0.0152544813125605
 40
0.0152544813125605
 40
0.0152544813125605
 10
64.9814092028749
 20
-2.401696031016999
 30
64.95000000000001
 10
64.9520857924812
 20
-2.40160478777489
 30
64.95000000000001
 10
64.90117167577899
 20
-2.40144636250937
 30
64.95000000000001
 10
64.8506983549631
 20
-2.39491561295172
 30
64.95000000000001
 10
64.8292945731294
 20
-2.39214617483109
 30
64.95000000000001
  0
LINE
  5
275
330
70
100
AcDbEntity
  8
RFID Module Enclosre 3.2 Face Plate v3_Sketch1
100
AcDbLine
 10
55.65158089937249
 20
-2.65169601611584
 30
64.95000000000001
 11
55.4234092527775
 21
-1.66840802602261
 31
64.95000000000001
  0
LINE
  5
276
330
70
100
AcDbEntity
  8
RFID Module Enclosre 3.2 Face Plate v3_Sketch1
100
AcDbLine
 10
60.38045455104231
 20
-1.673865203780829
 30
64.95000000000001
 11
60.20651150828721
 21
-1.40169609062165
 31
64.95000000000001
  0
SPLINE
  5
277
330
70
100
AcDbEntity
  8
RFID Module Enclosre 3.2 Face Plate v3_Sketch1
100
AcDbSpline
210
0.0
220
0.0
230
1.0
 70
     8
 71
     3
 72
     9
 73
     5
 74
     0
 42
0.000000001
 43
0.0000000001
 40
0.0
 40
0.0
 40
0.0
 40
0.0
 40
0.0034032098314506
 40
0.0066200531994637
 40
0.0066200531994637
 40
0.0066200531994637
 40
0.0066200531994637
 10
60.6679706681383
 20
-1.814383749885259
 30
64.95000000000001
 10
60.67775198076091
 20
-1.82022908059194
 30
64.95000000000001
 10
60.69677896209
 20
-1.83159964019982
 30
64.95000000000001
 10
60.71801859502251
 20
-1.83791692368486
 30
64.95000000000001
 10
60.72833944445971
 20
-1.840986643953019
 30
64.95000000000001
  0
SPLINE
  5
278
330
70
100
AcDbEntity
  8
RFID Module Enclosre 3.2 Face Plate v3_Sketch1
100
AcDbSpline
210
0.0
220
0.0
230
1.0
 70
     8
 71
     3
 72
     9
 73
     5
 74
     0
 42
0.000000001
 43
0.0000000001
 40
0.0
 40
0.0
 40
0.0
 40
0.0
 40
0.0131780130857749
 40
0.0312533960828947
 40
0.0312533960828947
 40
0.0312533960828947
 40
0.0312533960828947
 10
64.6764979172361
 20
-1.89658004514664
 30
64.95000000000001
 10
64.7132836313869
 20
-1.87097173529295
 30
64.95000000000001
 10
64.8005258041686
 20
-1.81023825099138
 30
64.95000000000001
 10
64.9077816282757
 20
-1.808975045573779
 30
64.95000000000001
 10
64.9698129702223
 20
-1.80824447147339
 30
64.95000000000001
  0
LINE
  5
279
330
70
100
AcDbEntity
  8
RFID Module Enclosre 3.2 Face Plate v3_Sketch1
100
AcDbLine
 10
55.2545823747066
 20
-1.1516959565112
 30
64.95000000000001
 11
55.457174389973
 21
-1.1516959565112
 31
64.95000000000001
  0
SPLINE
  5
27A
330
70
100
AcDbEntity
  8
RFID Module Enclosre 3.2 Face Plate v3_Sketch1
100
AcDbSpline
210
0.0
220
0.0
230
1.0
 70
     8
 71
     3
 72
     9
 73
     5
 74
     0
 42
0.000000001
 43
0.0000000001
 40
0.0
 40
0.0
 40
0.0
 40
0.0
 40
0.0106045555101821
 40
0.0235514156059717
 40
0.0235514156059717
 40
0.0235514156059717
 40
0.0235514156059717
 10
60.35726119166731
 20
-1.94944504372567
 30
64.95000000000001
 10
60.3853631942281
 20
-1.92710406291355
 30
64.95000000000001
 10
60.44777429114141
 20
-1.877487487881619
 30
64.95000000000001
 10
60.52669864887291
 20
-1.86405812126276
 30
64.95000000000001
 10
60.5700855363023
 20
-1.85667562953919
 30
64.95000000000001
  0
SPLINE
  5
27B
330
70
100
AcDbEntity
  8
RFID Module Enclosre 3.2 Face Plate v3_Sketch1
100
AcDbSpline
210
0.0
220
0.0
230
1.0
 70
     8
 71
     3
 72
     9
 73
     5
 74
     0
 42
0.000000001
 43
0.0000000001
 40
0.0
 40
0.0
 40
0.0
 40
0.0
 40
0.0336675292948289
 40
0.063000596956307
 40
0.063000596956307
 40
0.063000596956307
 40
0.063000596956307
 10
57.40942573489231
 20
-1.88225533537358
 30
64.95000000000001
 10
57.40362410194151
 20
-1.99713694123359
 30
64.95000000000001
 10
57.3927677561722
 20
-2.212109940442999
 30
64.95000000000001
 10
57.2672985418193
 20
-2.386031829175649
 30
64.95000000000001
 10
57.20888009609261
 20
-2.467009832186399
 30
64.95000000000001
  0
SPLINE
  5
27C
330
70
100
AcDbEntity
  8
RFID Module Enclosre 3.2 Face Plate v3_Sketch1
100
AcDbSpline
210
0.0
220
0.0
230
1.0
 70
     8
 71
     3
 72
     9
 73
     5
 74
     0
 42
0.000000001
 43
0.0000000001
 40
0.0
 40
0.0
 40
0.0
 40
0.0
 40
0.0199028849666955
 40
0.0391055369527116
 40
0.0391055369527116
 40
0.0391055369527116
 40
0.0391055369527116
 10
56.6911446148304
 20
-2.678299059195219
 30
64.95000000000001
 10
56.6241308908402
 20
-2.674467975376679
 30
64.95000000000001
 10
56.4924611522961
 20
-2.66694059479414
 30
64.95000000000001
 10
56.37455421448031
 20
-2.607994650282429
 30
64.95000000000001
 10
56.31665638031041
 20
-2.57904942802876
 30
64.95000000000001
  0
SPLINE
  5
27D
330
70
100
AcDbEntity
  8
RFID Module Enclosre 3.2 Face Plate v3_Sketch1
100
AcDbSpline
210
0.0
220
0.0
230
1.0
 70
     8
 71
     3
 72
     9
 73
     5
 74
     0
 42
0.000000001
 43
0.0000000001
 40
0.0
 40
0.0
 40
0.0
 40
0.0
 40
0.0217371933021107
 40
0.0421514343933603
 40
0.0421514343933603
 40
0.0421514343933603
 40
0.0421514343933603
 10
55.9749098712353
 20
-1.899649609846769
 30
64.95000000000001
 10
55.97824165234769
 20
-1.82660317469085
 30
64.95000000000001
 10
55.984702438293
 20
-1.6849559998992
 30
64.95000000000001
 10
56.04014569404981
 20
-1.55455168318291
 30
64.95000000000001
 10
56.0669972592739
 20
-1.491395940107999
 30
64.95000000000001
  0
SPLINE
  5
27E
330
70
100
AcDbEntity
  8
RFID Module Enclosre 3.2 Face Plate v3_Sketch1
100
AcDbSpline
210
0.0
220
0.0
230
1.0
 70
     8
 71
     3
 72
     9
 73
     5
 74
     0
 42
0.000000001
 43
0.0000000001
 40
0.0
 40
0.0
 40
0.0
 40
0.0
 40
0.0200460145836577
 40
0.0414786705638882
 40
0.0414786705638882
 40
0.0414786705638882
 40
0.0414786705638882
 10
56.06239280046501
 20
-2.302275707049069
 30
64.95000000000001
 10
56.03688482997849
 20
-2.239941360850079
 30
64.95000000000001
 10
55.9841044281612
 20
-2.11096081960518
 30
64.95000000000001
 10
55.9780422765796
 20
-1.97163919760951
 30
64.95000000000001
 10
55.9749098712353
 20
-1.899649609846769
 30
64.95000000000001
  0
SPLINE
  5
27F
330
70
100
AcDbEntity
  8
RFID Module Enclosre 3.2 Face Plate v3_Sketch1
100
AcDbSpline
210
0.0
220
0.0
230
1.0
 70
     8
 71
     3
 72
     9
 73
     5
 74
     0
 42
0.000000001
 43
0.0000000001
 40
0.0
 40
0.0
 40
0.0
 40
0.0
 40
0.018872088741076
 40
0.0378914249508138
 40
0.0378914249508138
 40
0.0378914249508138
 40
0.0378914249508138
 10
56.32791122736009
 20
-1.218715121073419
 30
64.95000000000001
 10
56.3854209044063
 20
-1.19170720525126
 30
64.95000000000001
 10
56.5008889716476
 20
-1.137480647211279
 30
64.95000000000001
 10
56.62824337364249
 20
-1.129914035220699
 30
64.95000000000001
 10
56.6921680265812
 20
-1.126116027159389
 30
64.95000000000001
  0
SPLINE
  5
280
330
70
100
AcDbEntity
  8
RFID Module Enclosre 3.2 Face Plate v3_Sketch1
100
AcDbSpline
210
0.0
220
0.0
230
1.0
 70
     8
 71
     3
 72
     9
 73
     5
 74
     0
 42
0.000000001
 43
0.0000000001
 40
0.0
 40
0.0
 40
0.0
 40
0.0
 40
0.0117859365102218
 40
0.0205819898909435
 40
0.0205819898909435
 40
0.0205819898909435
 40
0.0205819898909435
 10
60.6444375622881
 20
-2.401696031016999
 30
64.95000000000001
 10
60.6049328363689
 20
-2.40139205652636
 30
64.95000000000001
 10
60.5359450330825
 20
-2.40086122048393
 30
64.95000000000001
 10
60.46954165458131
 20
-2.38256937269241
 30
64.95000000000001
 10
60.44116307383901
 20
-2.374752049369509
 30
64.95000000000001
  0
SPLINE
  5
281
330
70
100
AcDbEntity
  8
RFID Module Enclosre 3.2 Face Plate v3_Sketch1
100
AcDbSpline
210
0.0
220
0.0
230
1.0
 70
     8
 71
     3
 72
     9
 73
     5
 74
     0
 42
0.000000001
 43
0.0000000001
 40
0.0
 40
0.0
 40
0.0
 40
0.0
 40
0.0282657068509323
 40
0.054400707657235
 40
0.054400707657235
 40
0.054400707657235
 40
0.054400707657235
 10
54.5526724153904
 20
-1.89248721770733
 30
64.95000000000001
 10
54.52786301237181
 20
-1.80152018150713
 30
64.95000000000001
 10
54.4801143716644
 20
-1.62644332357215
 30
64.95000000000001
 10
54.4503350088012
 20
-1.44744440738395
 30
64.95000000000001
 10
54.4360285097507
 20
-1.36145036391705
 30
64.95000000000001
  0
LINE
  5
282
330
70
100
AcDbEntity
  8
RFID Module Enclosre 3.2 Face Plate v3_Sketch1
100
AcDbLine
 10
54.1260015064625
 20
-2.65169601611584
 30
64.95000000000001
 11
53.9264785343555
 21
-2.65169601611584
 31
64.95000000000001
  0
LINE
  5
283
330
70
100
AcDbEntity
  8
RFID Module Enclosre 3.2 Face Plate v3_Sketch1
100
AcDbLine
 10
44.62423277046
 20
-1.55994962624997
 30
64.95000000000001
 11
44.3633188023737
 21
-1.1516959565112
 31
64.95000000000001
  0
LINE
  5
284
330
70
100
AcDbEntity
  8
RFID Module Enclosre 3.2 Face Plate v3_Sketch1
100
AcDbLine
 10
27.0553251495822
 20
-2.294601907057459
 30
64.95000000000001
 11
27.37353765873751
 21
-1.151695956511199
 31
64.95000000000001
  0
LINE
  5
285
330
70
100
AcDbEntity
  8
RFID Module Enclosre 3.2 Face Plate v3_Sketch1
100
AcDbLine
 10
26.8864973774417
 20
-2.65169601611584
 30
64.95000000000001
 11
26.671627401398
 21
-1.89248721770733
 31
64.95000000000001
  0
SPLINE
  5
286
330
70
100
AcDbEntity
  8
RFID Module Enclosre 3.2 Face Plate v3_Sketch1
100
AcDbSpline
210
0.0
220
0.0
230
1.0
 70
     8
 71
     3
 72
     9
 73
     5
 74
     0
 42
0.000000001
 43
0.0000000001
 40
0.0
 40
0.0
 40
0.0
 40
0.0
 40
0.0149335803925453
 40
0.0293886845310885
 40
0.0293886845310885
 40
0.0293886845310885
 40
0.0293886845310885
 10
44.48610198642519
 20
-2.24241893462628
 30
64.95000000000001
 10
44.4901205964386
 20
-2.1916099279401
 30
64.95000000000001
 10
44.4980290590332
 20
-2.09161984990205
 30
64.95000000000001
 10
44.5593048450568
 20
-2.012322578282709
 30
64.95000000000001
 10
44.5894439234904
 20
-1.97331946067303
 30
64.95000000000001
  0
SPLINE
  5
287
330
70
100
AcDbEntity
  8
RFID Module Enclosre 3.2 Face Plate v3_Sketch1
100
AcDbSpline
210
0.0
220
0.0
230
1.0
 70
     8
 71
     3
 72
     9
 73
     5
 74
     0
 42
0.000000001
 43
0.0000000001
 40
0.0
 40
0.0
 40
0.0
 40
0.0
 40
0.0282657215228983
 40
0.0544007115950013
 40
0.0544007115950013
 40
0.0544007115950013
 40
0.0544007115950013
 10
26.671627401398
 20
-1.89248721770733
 30
64.95000000000001
 10
26.6468176956335
 20
-1.80152020405157
 30
64.95000000000001
 10
26.5990684935846
 20
-1.626443467710809
 30
64.95000000000001
 10
26.56928970973141
 20
-1.44744442609649
 30
64.95000000000001
 10
26.5549834957584
 20
-1.36145036391705
 30
64.95000000000001
  0
LINE
  5
288
330
70
100
AcDbEntity
  8
RFID Module Enclosre 3.2 Face Plate v3_Sketch1
100
AcDbLine
 10
27.77053558735691
 20
-2.65169601611584
 30
64.95000000000001
 11
27.54236423878511
 21
-1.66840802602261
 31
64.95000000000001
  0
LINE
  5
289
330
70
100
AcDbEntity
  8
RFID Module Enclosre 3.2 Face Plate v3_Sketch1
100
AcDbLine
 10
26.0454341164096
 20
-2.65169601611584
 30
64.95000000000001
 11
26.45675742535431
 21
-1.1516959565112
 31
64.95000000000001
  0
LINE
  5
28A
330
70
100
AcDbEntity
  8
RFID Module Enclosre 3.2 Face Plate v3_Sketch1
100
AcDbLine
 10
39.6003587260416
 20
-2.47468363217801
 30
64.95000000000001
 11
40.0945611014536
 21
-2.47468363217801
 31
64.95000000000001
  0
SPLINE
  5
28B
330
70
100
AcDbEntity
  8
RFID Module Enclosre 3.2 Face Plate v3_Sketch1
100
AcDbSpline
210
0.0
220
0.0
230
1.0
 70
     8
 71
     3
 72
     9
 73
     5
 74
     0
 42
0.000000001
 43
0.0000000001
 40
0.0
 40
0.0
 40
0.0
 40
0.0
 40
0.0044832169294192
 40
0.0110852504799841
 40
0.0110852504799841
 40
0.0110852504799841
 40
0.0110852504799841
 10
45.1460607066324
 20
-1.81063186101407
 30
64.95000000000001
 10
45.1608764373697
 20
-1.81270261861005
 30
64.95000000000001
 10
45.197509972809
 20
-1.81782279615135
 30
64.95000000000001
 10
45.23452244321609
 20
-1.81780490723861
 30
64.95000000000001
 10
45.2565659299067
 20
-1.8177942531535
 30
64.95000000000001
  0
SPLINE
  5
28C
330
70
100
AcDbEntity
  8
RFID Module Enclosre 3.2 Face Plate v3_Sketch1
100
AcDbSpline
210
0.0
220
0.0
230
1.0
 70
     8
 71
     3
 72
     9
 73
     5
 74
     0
 42
0.000000001
 43
0.0000000001
 40
0.0
 40
0.0
 40
0.0
 40
0.0
 40
0.009833992047965
 40
0.0181419260617225
 40
0.0181419260617225
 40
0.0181419260617225
 40
0.0181419260617225
 10
27.0113273849948
 20
-2.47059087924451
 30
64.95000000000001
 10
27.0187023183107
 20
-2.438647730415299
 30
64.95000000000001
 10
27.0323077284305
 20
-2.379718432790129
 30
64.95000000000001
 10
27.0480953489122
 20
-2.321337113869499
 30
64.95000000000001
 10
27.0553251495822
 20
-2.294601907057459
 30
64.95000000000001
  0
SPLINE
  5
28D
330
70
100
AcDbEntity
  8
RFID Module Enclosre 3.2 Face Plate v3_Sketch1
100
AcDbSpline
210
0.0
220
0.0
230
1.0
 70
     8
 71
     3
 72
     9
 73
     5
 74
     0
 42
0.000000001
 43
0.0000000001
 40
0.0
 40
0.0
 40
0.0
 40
0.0
 40
0.0157759254572096
 40
0.0313481281010204
 40
0.0313481281010204
 40
0.0313481281010204
 40
0.0313481281010204
 10
27.5423642387851
 20
-1.66840802602261
 30
64.95000000000001
 10
27.5305412810417
 20
-1.6171599326917
 30
64.95000000000001
 10
27.5070480416195
 20
-1.51532553958252
 30
64.95000000000001
 10
27.4882591948724
 20
-1.41251938622096
 30
64.95000000000001
 10
27.4789258232577
 20
-1.36145036391705
 30
64.95000000000001
  0
SPLINE
  5
28E
330
70
100
AcDbEntity
  8
RFID Module Enclosre 3.2 Face Plate v3_Sketch1
100
AcDbSpline
210
0.0
220
0.0
230
1.0
 70
     8
 71
     3
 72
     9
 73
     5
 74
     0
 42
0.000000001
 43
0.0000000001
 40
0.0
 40
0.0
 40
0.0
 40
0.0
 40
0.0051048147471759
 40
0.0099300306250652
 40
0.0099300306250652
 40
0.0099300306250652
 40
0.0099300306250652
 10
45.0555081381968
 20
-1.770727296395
 30
64.95000000000001
 10
45.0701801175323
 20
-1.779495261087169
 30
64.95000000000001
 10
45.0987204684261
 20
-1.796550955020209
 30
64.95000000000001
 10
45.1305796457765
 20
-1.80602716592049
 30
64.95000000000001
 10
45.1460607066324
 20
-1.81063186101407
 30
64.95000000000001
  0
SPLINE
  5
28F
330
70
100
AcDbEntity
  8
RFID Module Enclosre 3.2 Face Plate v3_Sketch1
100
AcDbSpline
210
0.0
220
0.0
230
1.0
 70
     8
 71
     3
 72
     9
 73
     5
 74
     0
 42
0.000000001
 43
0.0000000001
 40
0.0
 40
0.0
 40
0.0
 40
0.0
 40
0.0156236081114609
 40
0.0334857266073146
 40
0.0334857266073146
 40
0.0334857266073146
 40
0.0334857266073146
 10
26.5549834957584
 20
-1.36145036391705
 30
64.95000000000001
 10
26.54425397424401
 20
-1.41241577273
 30
64.95000000000001
 10
26.5212576329704
 20
-1.52164878304139
 30
64.95000000000001
 10
26.4945415523467
 20
-1.63003354970155
 30
64.95000000000001
 10
26.4802905312045
 20
-1.687848676962549
 30
64.95000000000001
  0
LINE
  5
290
330
70
100
AcDbEntity
  8
RFID Module Enclosre 3.2 Face Plate v3_Sketch1
100
AcDbLine
 10
27.12592446713291
 20
-2.65169601611584
 30
64.95000000000001
 11
26.8864973774417
 21
-2.65169601611584
 31
64.95000000000001
  0
SPLINE
  5
291
330
70
100
AcDbEntity
  8
RFID Module Enclosre 3.2 Face Plate v3_Sketch1
100
AcDbSpline
210
0.0
220
0.0
230
1.0
 70
     8
 71
     3
 72
     9
 73
     5
 74
     0
 42
0.000000001
 43
0.0000000001
 40
0.0
 40
0.0
 40
0.0
 40
0.0
 40
0.0279064483512329
 40
0.057189615308233
 40
0.057189615308233
 40
0.057189615308233
 40
0.057189615308233
 10
29.3278344860538
 20
-2.467009832186399
 30
64.95000000000001
 10
29.2549073997421
 20
-2.528625929685639
 30
64.95000000000001
 10
29.1054554895879
 20
-2.654897853236259
 30
64.95000000000001
 10
28.9101190008784
 20
-2.67037446832234
 30
64.95000000000001
 10
28.810099600838
 20
-2.678299059195219
 30
64.95000000000001
  0
LINE
  5
292
330
70
100
AcDbEntity
  8
RFID Module Enclosre 3.2 Face Plate v3_Sketch1
100
AcDbLine
 10
40.2910132422617
 20
-2.47468363217801
 30
64.95000000000001
 11
41.177097679632
 21
-2.47468363217801
 31
64.95000000000001
  0
LINE
  5
293
330
70
100
AcDbEntity
  8
RFID Module Enclosre 3.2 Face Plate v3_Sketch1
100
AcDbLine
 10
44.3633188023737
 20
-1.1516959565112
 30
64.95000000000001
 11
44.612977625387
 21
-1.1516959565112
 31
64.95000000000001
  0
SPLINE
  5
294
330
70
100
AcDbEntity
  8
RFID Module Enclosre 3.2 Face Plate v3_Sketch1
100
AcDbSpline
210
0.0
220
0.0
230
1.0
 70
     8
 71
     3
 72
     9
 73
     5
 74
     0
 42
0.000000001
 43
0.0000000001
 40
0.0
 40
0.0
 40
0.0
 40
0.0
 40
0.0199028849666955
 40
0.0391055369527116
 40
0.0391055369527116
 40
0.0391055369527116
 40
0.0391055369527116
 10
28.810099600838
 20
-2.678299059195219
 30
64.95000000000001
 10
28.7430858768478
 20
-2.674467975376679
 30
64.95000000000001
 10
28.6114161383037
 20
-2.66694059479414
 30
64.95000000000001
 10
28.4935092004879
 20
-2.607994650282429
 30
64.95000000000001
 10
28.435611366318
 20
-2.57904942802876
 30
64.95000000000001
  0
SPLINE
  5
295
330
70
100
AcDbEntity
  8
RFID Module Enclosre 3.2 Face Plate v3_Sketch1
100
AcDbSpline
210
0.0
220
0.0
230
1.0
 70
     8
 71
     3
 72
     9
 73
     5
 74
     0
 42
0.000000001
 43
0.0000000001
 40
0.0
 40
0.0
 40
0.0
 40
0.0
 40
0.0200460145836577
 40
0.0414786705638882
 40
0.0414786705638882
 40
0.0414786705638882
 40
0.0414786705638882
 10
28.1813474884494
 20
-2.302275707049069
 30
64.95000000000001
 10
28.1558395179629
 20
-2.239941360850079
 30
64.95000000000001
 10
28.1030591161456
 20
-2.11096081960518
 30
64.95000000000001
 10
28.096996964564
 20
-1.97163919760951
 30
64.95000000000001
 10
28.0938645592197
 20
-1.899649609846769
 30
64.95000000000001
  0
LINE
  5
296
330
70
100
AcDbEntity
  8
RFID Module Enclosre 3.2 Face Plate v3_Sketch1
100
AcDbLine
 10
41.177097679632
 20
-1.83928113154858
 30
64.95000000000001
 11
41.177097679632
 21
-1.32870834044903
 31
64.95000000000001
  0
LINE
  5
297
330
70
100
AcDbEntity
  8
RFID Module Enclosre 3.2 Face Plate v3_Sketch1
100
AcDbLine
 10
45.48678410197999
 20
-1.1516959565112
 30
64.95000000000001
 11
45.6852836623362
 21
-1.1516959565112
 31
64.95000000000001
  0
LINE
  5
298
330
70
100
AcDbEntity
  8
RFID Module Enclosre 3.2 Face Plate v3_Sketch1
100
AcDbLine
 10
26.24495589642361
 20
-2.65169601611584
 30
64.95000000000001
 11
26.0454341164096
 21
-2.65169601611584
 31
64.95000000000001
  0
LINE
  5
299
330
70
100
AcDbEntity
  8
RFID Module Enclosre 3.2 Face Plate v3_Sketch1
100
AcDbLine
 10
41.177097679632
 20
-2.015270401758849
 30
64.95000000000001
 11
40.3472895636728
 21
-2.015270401758849
 31
64.95000000000001
  0
LINE
  5
29A
330
70
100
AcDbEntity
  8
RFID Module Enclosre 3.2 Face Plate v3_Sketch1
100
AcDbLine
 10
38.9056105628184
 20
-2.47468363217801
 30
64.95000000000001
 11
39.4018597617319
 21
-2.47468363217801
 31
64.95000000000001
  0
SPLINE
  5
29B
330
70
100
AcDbEntity
  8
RFID Module Enclosre 3.2 Face Plate v3_Sketch1
100
AcDbSpline
210
0.0
220
0.0
230
1.0
 70
     8
 71
     3
 72
     9
 73
     5
 74
     0
 42
0.000000001
 43
0.0000000001
 40
0.0
 40
0.0
 40
0.0
 40
0.0
 40
0.0109255899904392
 40
0.0222642684598826
 40
0.0222642684598826
 40
0.0222642684598826
 40
0.0222642684598826
 10
44.7152967467478
 20
-2.61127989463299
 30
64.95000000000001
 10
44.6820716084058
 20
-2.594921955148989
 30
64.95000000000001
 10
44.6143651138082
 20
-2.56158759458437
 30
64.95000000000001
 10
44.5707361932663
 20
-2.49994013316746
 30
64.95000000000001
 10
44.5485169902018
 20
-2.46854450277775
 30
64.95000000000001
  0
LINE
  5
29C
330
70
100
AcDbEntity
  8
RFID Module Enclosre 3.2 Face Plate v3_Sketch1
100
AcDbLine
 10
27.41139554886661
 20
-1.63873564176053
 30
64.95000000000001
 11
27.12592446713291
 21
-2.65169601611584
 31
64.95000000000001
  0
LINE
  5
29D
330
70
100
AcDbEntity
  8
RFID Module Enclosre 3.2 Face Plate v3_Sketch1
100
AcDbLine
 10
26.4802905312045
 20
-1.687848676962549
 30
64.95000000000001
 11
26.2449558964236
 21
-2.65169601611584
 31
64.95000000000001
  0
LINE
  5
29E
330
70
100
AcDbEntity
  8
RFID Module Enclosre 3.2 Face Plate v3_Sketch1
100
AcDbLine
 10
38.9056105628184
 20
-2.65169601611584
 30
64.95000000000001
 11
38.9056105628184
 21
-2.47468363217801
 31
64.95000000000001
  0
LINE
  5
29F
330
70
100
AcDbEntity
  8
RFID Module Enclosre 3.2 Face Plate v3_Sketch1
100
AcDbLine
 10
41.177097679632
 20
-1.32870834044903
 30
64.95000000000001
 11
40.256225587385
 21
-1.32870834044903
 31
64.95000000000001
  0
SPLINE
  5
2A0
330
70
100
AcDbEntity
  8
RFID Module Enclosre 3.2 Face Plate v3_Sketch1
100
AcDbSpline
210
0.0
220
0.0
230
1.0
 70
     8
 71
     3
 72
     9
 73
     5
 74
     0
 42
0.000000001
 43
0.0000000001
 40
0.0
 40
0.0
 40
0.0
 40
0.0
 40
0.0078863188380046
 40
0.0141433729380863
 40
0.0141433729380863
 40
0.0141433729380863
 40
0.0141433729380863
 10
44.90868044044289
 20
-1.83416526488751
 30
64.95000000000001
 10
44.8850335812243
 20
-1.82248106240002
 30
64.95000000000001
 10
44.84262515777429
 20
-1.80152654145567
 30
64.95000000000001
 10
44.80542452409351
 20
-1.77237083727832
 30
64.95000000000001
 10
44.78896689559729
 20
-1.75947230033368
 30
64.95000000000001
  0
LINE
  5
2A1
330
70
100
AcDbEntity
  8
RFID Module Enclosre 3.2 Face Plate v3_Sketch1
100
AcDbLine
 10
26.45675742535431
 20
-1.1516959565112
 30
64.95000000000001
 11
26.64809429554781
 21
-1.1516959565112
 31
64.95000000000001
  0
LINE
  5
2A2
330
70
100
AcDbEntity
  8
RFID Module Enclosre 3.2 Face Plate v3_Sketch1
100
AcDbLine
 10
45.48678410197999
 20
-1.8177942531535
 30
64.95000000000001
 11
45.48678410197999
 21
-1.151695956511199
 31
64.95000000000001
  0
LINE
  5
2A3
330
70
100
AcDbEntity
  8
RFID Module Enclosre 3.2 Face Plate v3_Sketch1
100
AcDbLine
 10
26.6480942955478
 20
-1.1516959565112
 30
64.95000000000001
 11
26.9642599812015
 21
-2.29460190705746
 31
64.95000000000001
  0
SPLINE
  5
2A4
330
70
100
AcDbEntity
  8
RFID Module Enclosre 3.2 Face Plate v3_Sketch1
100
AcDbSpline
210
0.0
220
0.0
230
1.0
 70
     8
 71
     3
 72
     9
 73
     5
 74
     0
 42
0.000000001
 43
0.0000000001
 40
0.0
 40
0.0
 40
0.0
 40
0.0
 40
0.0119892925046179
 40
0.0182181495546354
 40
0.0182181495546354
 40
0.0182181495546354
 40
0.0182181495546354
 10
26.9642599812015
 20
-2.294601907057459
 30
64.95000000000001
 10
26.9750722226633
 20
-2.33307901907826
 30
64.95000000000001
 10
26.9915018019648
 20
-2.391546337392119
 30
64.95000000000001
 10
27.0062760212584
 20
-2.45045110672573
 30
64.95000000000001
 10
27.0113273849948
 20
-2.47059087924451
 30
64.95000000000001
  0
SPLINE
  5
2A5
330
70
100
AcDbEntity
  8
RFID Module Enclosre 3.2 Face Plate v3_Sketch1
100
AcDbSpline
210
0.0
220
0.0
230
1.0
 70
     8
 71
     3
 72
     9
 73
     5
 74
     0
 42
0.000000001
 43
0.0000000001
 40
0.0
 40
0.0
 40
0.0
 40
0.0
 40
0.0217371933021107
 40
0.0421514545589478
 40
0.0421514545589478
 40
0.0421514545589478
 40
0.0421514545589478
 10
28.0938645592197
 20
-1.899649609846769
 30
64.95000000000001
 10
28.0971962941039
 20
-1.82660315780067
 30
64.95000000000001
 10
28.1036569934971
 20
-1.68495588249147
 30
64.95000000000001
 10
28.1591007310599
 20
-1.55455166654944
 30
64.95000000000001
 10
28.1859525433047
 20
-1.491395940107999
 30
64.95000000000001
  0
SPLINE
  5
2A6
330
70
100
AcDbEntity
  8
RFID Module Enclosre 3.2 Face Plate v3_Sketch1
100
AcDbSpline
210
0.0
220
0.0
230
1.0
 70
     8
 71
     3
 72
     9
 73
     5
 74
     0
 42
0.000000001
 43
0.0000000001
 40
0.0
 40
0.0
 40
0.0
 40
0.0
 40
0.0193422710910929
 40
0.0381825770431108
 40
0.0381825770431108
 40
0.0381825770431108
 40
0.0381825770431108
 10
28.1859525433047
 20
-1.491395940107999
 30
64.95000000000001
 10
28.2194672852758
 20
-1.435223269176599
 30
64.95000000000001
 10
28.2856270041301
 20
-1.3243357045543
 30
64.95000000000001
 10
28.39359273343771
 20
-1.25361206074202
 30
64.95000000000001
 10
28.44686591534451
 20
-1.218715121073419
 30
64.95000000000001
  0
LINE
  5
2A7
330
70
100
AcDbEntity
  8
RFID Module Enclosre 3.2 Face Plate v3_Sketch1
100
AcDbLine
 10
27.5761290779575
 20
-1.1516959565112
 30
64.95000000000001
 11
27.9741510143741
 21
-2.65169601611584
 31
64.95000000000001
  0
LINE
  5
2A8
330
70
100
AcDbEntity
  8
RFID Module Enclosre 3.2 Face Plate v3_Sketch1
100
AcDbLine
 10
40.0945611014536
 20
-2.47468363217801
 30
64.95000000000001
 11
40.0945611014536
 21
-2.65169601611584
 31
64.95000000000001
  0
LINE
  5
2A9
330
70
100
AcDbEntity
  8
RFID Module Enclosre 3.2 Face Plate v3_Sketch1
100
AcDbLine
 10
27.37353765873751
 20
-1.1516959565112
 30
64.95000000000001
 11
27.5761290779575
 21
-1.1516959565112
 31
64.95000000000001
  0
SPLINE
  5
2AA
330
70
100
AcDbEntity
  8
RFID Module Enclosre 3.2 Face Plate v3_Sketch1
100
AcDbSpline
210
0.0
220
0.0
230
1.0
 70
     8
 71
     3
 72
     9
 73
     5
 74
     0
 42
0.000000001
 43
0.0000000001
 40
0.0
 40
0.0
 40
0.0
 40
0.0
 40
0.0193199050605077
 40
0.0386755519587741
 40
0.0386755519587741
 40
0.0386755519587741
 40
0.0386755519587741
 10
29.4424327602847
 20
-1.507766951842009
 30
64.95000000000001
 10
29.4675007789677
 20
-1.56765407324092
 30
64.95000000000001
 10
29.5176831921856
 20
-1.68753910725486
 30
64.95000000000001
 10
29.52481238383511
 20
-1.817309950286619
 30
64.95000000000001
 10
29.528380273865
 20
-1.88225533537358
 30
64.95000000000001
  0
SPLINE
  5
2AB
330
70
100
AcDbEntity
  8
RFID Module Enclosre 3.2 Face Plate v3_Sketch1
100
AcDbSpline
210
0.0
220
0.0
230
1.0
 70
     8
 71
     3
 72
     9
 73
     5
 74
     0
 42
0.000000001
 43
0.0000000001
 40
0.0
 40
0.0
 40
0.0
 40
0.0
 40
0.0336675292948289
 40
0.0630006045970777
 40
0.0630006045970777
 40
0.0630006045970777
 40
0.0630006045970777
 10
29.528380273865
 20
-1.88225533537358
 30
64.95000000000001
 10
29.52257865081901
 20
-1.997136947465619
 30
64.95000000000001
 10
29.5117223222673
 20
-2.212109984408869
 30
64.95000000000001
 10
29.3862529932843
 20
-2.386031835451699
 30
64.95000000000001
 10
29.3278344860538
 20
-2.467009832186399
 30
64.95000000000001
  0
LINE
  5
2AC
330
70
100
AcDbEntity
  8
RFID Module Enclosre 3.2 Face Plate v3_Sketch1
100
AcDbLine
 10
39.4018597617319
 20
-1.1516959565112
 30
64.95000000000001
 11
39.6003587260416
 21
-1.1516959565112
 31
64.95000000000001
  0
SPLINE
  5
2AD
330
70
100
AcDbEntity
  8
RFID Module Enclosre 3.2 Face Plate v3_Sketch1
100
AcDbSpline
210
0.0
220
0.0
230
1.0
 70
     8
 71
     3
 72
     9
 73
     5
 74
     0
 42
0.000000001
 43
0.0000000001
 40
0.0
 40
0.0
 40
0.0
 40
0.0
 40
0.0188981523370328
 40
0.037993900213629
 40
0.037993900213629
 40
0.037993900213629
 40
0.037993900213629
 10
28.435611366318
 20
-2.57904942802876
 30
64.95000000000001
 10
28.3832469343736
 20
-2.54255223034378
 30
64.95000000000001
 10
28.2779705577966
 20
-2.469176227113949
 30
64.95000000000001
 10
28.2136666537103
 20
-2.35810176936066
 30
64.95000000000001
 10
28.1813474884494
 20
-2.302275707049069
 30
64.95000000000001
  0
LINE
  5
2AE
330
70
100
AcDbEntity
  8
RFID Module Enclosre 3.2 Face Plate v3_Sketch1
100
AcDbLine
 10
40.2910132422617
 20
-2.65169601611584
 30
64.95000000000001
 11
40.2910132422617
 21
-2.47468363217801
 31
64.95000000000001
  0
SPLINE
  5
2AF
330
70
100
AcDbEntity
  8
RFID Module Enclosre 3.2 Face Plate v3_Sketch1
100
AcDbSpline
210
0.0
220
0.0
230
1.0
 70
     8
 71
     3
 72
     9
 73
     5
 74
     0
 42
0.000000001
 43
0.0000000001
 40
0.0
 40
0.0
 40
0.0
 40
0.0
 40
0.0176789651241901
 40
0.0308729871849389
 40
0.0308729871849389
 40
0.0308729871849389
 40
0.0308729871849389
 10
45.0202084794214
 20
-2.65169601611584
 30
64.95000000000001
 10
44.960951185602
 20
-2.65124003048586
 30
64.95000000000001
 10
44.8574694682134
 20
-2.65044373735377
 30
64.95000000000001
 10
44.7578644193801
 20
-2.62300586863683
 30
64.95000000000001
 10
44.7152967467478
 20
-2.61127989463299
 30
64.95000000000001
  0
SPLINE
  5
2B0
330
70
100
AcDbEntity
  8
RFID Module Enclosre 3.2 Face Plate v3_Sketch1
100
AcDbSpline
210
0.0
220
0.0
230
1.0
 70
     8
 71
     3
 72
     9
 73
     5
 74
     0
 42
0.000000001
 43
0.0000000001
 40
0.0
 40
0.0
 40
0.0
 40
0.0
 40
0.019005920434909
 40
0.0380690995831466
 40
0.0380690995831466
 40
0.0380690995831466
 40
0.0380690995831466
 10
29.1897042980655
 20
-1.228435446543389
 30
64.95000000000001
 10
29.2419510553888
 20
-1.26569825643244
 30
64.95000000000001
 10
29.346601972678
 20
-1.34033613704822
 30
64.95000000000001
 10
29.4104571501283
 20
-1.45190074646351
 30
64.95000000000001
 10
29.4424327602847
 20
-1.507766951842009
 30
64.95000000000001
  0
LINE
  5
2B1
330
70
100
AcDbEntity
  8
RFID Module Enclosre 3.2 Face Plate v3_Sketch1
100
AcDbLine
 10
40.0945611014536
 20
-2.65169601611584
 30
64.95000000000001
 11
38.90561056281841
 21
-2.65169601611584
 31
64.95000000000001
  0
LINE
  5
2B2
330
70
100
AcDbEntity
  8
RFID Module Enclosre 3.2 Face Plate v3_Sketch1
100
AcDbLine
 10
40.3472895636728
 20
-1.83928113154858
 30
64.95000000000001
 11
41.17709767963201
 21
-1.83928113154858
 31
64.95000000000001
  0
LINE
  5
2B3
330
70
100
AcDbEntity
  8
RFID Module Enclosre 3.2 Face Plate v3_Sketch1
100
AcDbLine
 10
39.4018597617319
 20
-2.47468363217801
 30
64.95000000000001
 11
39.4018597617319
 21
-1.151695956511199
 31
64.95000000000001
  0
LINE
  5
2B4
330
70
100
AcDbEntity
  8
RFID Module Enclosre 3.2 Face Plate v3_Sketch1
100
AcDbLine
 10
45.6852836623362
 20
-1.1516959565112
 30
64.95000000000001
 11
45.6852836623362
 21
-2.65169601611584
 31
64.95000000000001
  0
SPLINE
  5
2B5
330
70
100
AcDbEntity
  8
RFID Module Enclosre 3.2 Face Plate v3_Sketch1
100
AcDbSpline
210
0.0
220
0.0
230
1.0
 70
     8
 71
     3
 72
     9
 73
     5
 74
     0
 42
0.000000001
 43
0.0000000001
 40
0.0
 40
0.0
 40
0.0
 40
0.0
 40
0.0143168291761277
 40
0.0251532338303991
 40
0.0251532338303991
 40
0.0251532338303991
 40
0.0251532338303991
 10
44.8114771857432
 20
-1.463769783301049
 30
64.95000000000001
 10
44.8374172258791
 20
-1.503847255084429
 30
64.95000000000001
 10
44.88299127632579
 20
-1.57425935588531
 30
64.95000000000001
 10
44.93312531305829
 20
-1.64149037988441
 30
64.95000000000001
 10
44.954723836439
 20
-1.67045455150097
 30
64.95000000000001
  0
SPLINE
  5
2B6
330
70
100
AcDbEntity
  8
RFID Module Enclosre 3.2 Face Plate v3_Sketch1
100
AcDbSpline
210
0.0
220
0.0
230
1.0
 70
     8
 71
     3
 72
     9
 73
     5
 74
     0
 42
0.000000001
 43
0.0000000001
 40
0.0
 40
0.0
 40
0.0
 40
0.0
 40
0.0159068212119725
 40
0.0353271363608685
 40
0.0353271363608685
 40
0.0353271363608685
 40
0.0353271363608685
 10
44.5894439234904
 20
-1.97331946067303
 30
64.95000000000001
 10
44.63159681279349
 20
-1.93980788690129
 30
64.95000000000001
 10
44.7252133090483
 20
-1.865382712913
 30
64.95000000000001
 10
44.8435999770991
 20
-1.845238888628539
 30
64.95000000000001
 10
44.90868044044289
 20
-1.83416526488751
 30
64.95000000000001
  0
SPLINE
  5
2B7
330
70
100
AcDbEntity
  8
RFID Module Enclosre 3.2 Face Plate v3_Sketch1
100
AcDbSpline
210
0.0
220
0.0
230
1.0
 70
     8
 71
     3
 72
     9
 73
     5
 74
     0
 42
0.000000001
 43
0.0000000001
 40
0.0
 40
0.0
 40
0.0
 40
0.0
 40
0.0080937526149838
 40
0.0142608571111521
 40
0.0142608571111521
 40
0.0142608571111521
 40
0.0142608571111521
 10
44.954723836439
 20
-1.67045455150097
 30
64.95000000000001
 10
44.97165630564889
 20
-1.69161615552312
 30
64.95000000000001
 10
45.0014906155703
 20
-1.72890202594174
 30
64.95000000000001
 10
45.03920050491131
 20
-1.75810044607953
 30
64.95000000000001
 10
45.0555081381968
 20
-1.770727296395
 30
64.95000000000001
  0
LINE
  5
2B8
330
70
100
AcDbEntity
  8
RFID Module Enclosre 3.2 Face Plate v3_Sketch1
100
AcDbLine
 10
45.25656592990671
 20
-1.8177942531535
 30
64.95000000000001
 11
45.48678410197999
 21
-1.8177942531535
 31
64.95000000000001
  0
LINE
  5
2B9
330
70
100
AcDbEntity
  8
RFID Module Enclosre 3.2 Face Plate v3_Sketch1
100
AcDbLine
 10
41.177097679632
 20
-2.47468363217801
 30
64.95000000000001
 11
41.177097679632
 21
-2.015270401758849
 31
64.95000000000001
  0
SPLINE
  5
2BA
330
70
100
AcDbEntity
  8
RFID Module Enclosre 3.2 Face Plate v3_Sketch1
100
AcDbSpline
210
0.0
220
0.0
230
1.0
 70
     8
 71
     3
 72
     9
 73
     5
 74
     0
 42
0.000000001
 43
0.0000000001
 40
0.0
 40
0.0
 40
0.0
 40
0.0
 40
0.0117425128726047
 40
0.0236883053144417
 40
0.0236883053144417
 40
0.0236883053144417
 40
0.0236883053144417
 10
44.5485169902018
 20
-2.46854450277775
 30
64.95000000000001
 10
44.53031306794961
 20
-2.43336854088108
 30
64.95000000000001
 10
44.4935900877062
 20
-2.362407671246309
 30
64.95000000000001
 10
44.4886122591505
 20
-2.28264334420232
 30
64.95000000000001
 10
44.48610198642519
 20
-2.24241893462628
 30
64.95000000000001
  0
LINE
  5
2BB
330
70
100
AcDbEntity
  8
RFID Module Enclosre 3.2 Face Plate v3_Sketch1
100
AcDbLine
 10
45.6852836623362
 20
-2.65169601611584
 30
64.95000000000001
 11
45.0202084794214
 21
-2.65169601611584
 31
64.95000000000001
  0
LINE
  5
2BC
330
70
100
AcDbEntity
  8
RFID Module Enclosre 3.2 Face Plate v3_Sketch1
100
AcDbLine
 10
27.9741510143741
 20
-2.65169601611584
 30
64.95000000000001
 11
27.77053558735691
 21
-2.65169601611584
 31
64.95000000000001
  0
SPLINE
  5
2BD
330
70
100
AcDbEntity
  8
RFID Module Enclosre 3.2 Face Plate v3_Sketch1
100
AcDbSpline
210
0.0
220
0.0
230
1.0
 70
     8
 71
     3
 72
     9
 73
     5
 74
     0
 42
0.000000001
 43
0.0000000001
 40
0.0
 40
0.0
 40
0.0
 40
0.0
 40
0.0194938259970088
 40
0.0285393060100394
 40
0.0285393060100394
 40
0.0285393060100394
 40
0.0285393060100394
 10
27.4789258232577
 20
-1.36145036391705
 30
64.95000000000001
 10
27.4639625088698
 20
-1.42468496397626
 30
64.95000000000001
 10
27.442055951978
 20
-1.517261536773679
 30
64.95000000000001
 10
27.4187745469369
 20
-1.60950063193275
 30
64.95000000000001
 10
27.4113955488666
 20
-1.63873564176053
 30
64.95000000000001
  0
LINE
  5
2BE
330
70
100
AcDbEntity
  8
RFID Module Enclosre 3.2 Face Plate v3_Sketch1
100
AcDbLine
 10
41.3755972399882
 20
-2.65169601611584
 30
64.95000000000001
 11
40.2910132422617
 21
-2.65169601611584
 31
64.95000000000001
  0
SPLINE
  5
2BF
330
70
100
AcDbEntity
  8
RFID Module Enclosre 3.2 Face Plate v3_Sketch1
100
AcDbSpline
210
0.0
220
0.0
230
1.0
 70
     8
 71
     3
 72
     9
 73
     5
 74
     0
 42
0.000000001
 43
0.0000000001
 40
0.0
 40
0.0
 40
0.0
 40
0.0
 40
0.0123411159062355
 40
0.025925169824112
 40
0.025925169824112
 40
0.025925169824112
 40
0.025925169824112
 10
44.78896689559729
 20
-1.75947230033368
 30
64.95000000000001
 10
44.7597971211049
 20
-1.7303302651814
 30
64.95000000000001
 10
44.6985197323184
 20
-1.66911114884839
 30
64.95000000000001
 10
44.6497740997928
 20
-1.597481520534149
 30
64.95000000000001
 10
44.62423277045999
 20
-1.55994962624997
 30
64.95000000000001
  0
LINE
  5
2C0
330
70
100
AcDbEntity
  8
RFID Module Enclosre 3.2 Face Plate v3_Sketch1
100
AcDbLine
 10
44.612977625387
 20
-1.1516959565112
 30
64.95000000000001
 11
44.8114771857432
 21
-1.463769783301049
 31
64.95000000000001
  0
LINE
  5
2C1
330
70
100
AcDbEntity
  8
RFID Module Enclosre 3.2 Face Plate v3_Sketch1
100
AcDbLine
 10
40.3472895636728
 20
-2.015270401758849
 30
64.95000000000001
 11
40.3472895636728
 21
-1.83928113154858
 31
64.95000000000001
  0
LINE
  5
2C2
330
70
100
AcDbEntity
  8
RFID Module Enclosre 3.2 Face Plate v3_Sketch1
100
AcDbLine
 10
39.6003587260416
 20
-1.1516959565112
 30
64.95000000000001
 11
39.6003587260416
 21
-2.47468363217801
 31
64.95000000000001
  0
LINE
  5
2C3
330
70
100
AcDbEntity
  8
RFID Module Enclosre 3.2 Face Plate v3_Sketch1
100
AcDbLine
 10
-4.20370661706133
 20
-1.1516959565112
 30
64.95000000000001
 11
-4.20370661706133
 21
-1.85872178248852
 31
64.95000000000001
  0
LINE
  5
2C4
330
70
100
AcDbEntity
  8
RFID Module Enclosre 3.2 Face Plate v3_Sketch1
100
AcDbLine
 10
12.6403660728966
 20
-1.83928113154858
 30
64.95000000000001
 11
12.6403660728966
 21
-1.32870834044903
 31
64.95000000000001
  0
SPLINE
  5
2C5
330
70
100
AcDbEntity
  8
RFID Module Enclosre 3.2 Face Plate v3_Sketch1
100
AcDbSpline
210
0.0
220
0.0
230
1.0
 70
     8
 71
     3
 72
     9
 73
     5
 74
     0
 42
0.000000001
 43
0.0000000001
 40
0.0
 40
0.0
 40
0.0
 40
0.0
 40
0.0090014660830939
 40
0.0192702460755419
 40
0.0192702460755419
 40
0.0192702460755419
 40
0.0192702460755419
 10
-26.26388853467571
 20
-1.4653043048808
 30
64.95000000000001
 10
-26.2833286826554
 20
-1.441992007327169
 30
64.95000000000001
 10
-26.3249459516488
 20
-1.39208528032318
 30
64.95000000000001
 10
-26.3835693140373
 20
-1.36375637935245
 30
64.95000000000001
 10
-26.4148086873399
 20
-1.34866039924115
 30
64.95000000000001
  0
SPLINE
  5
2C6
330
70
100
AcDbEntity
  8
RFID Module Enclosre 3.2 Face Plate v3_Sketch1
100
AcDbSpline
210
0.0
220
0.0
230
1.0
 70
     8
 71
     3
 72
     9
 73
     5
 74
     0
 42
0.000000001
 43
0.0000000001
 40
0.0
 40
0.0
 40
0.0
 40
0.0
 40
0.0117600503349002
 40
0.0243498831508586
 40
0.0243498831508586
 40
0.0243498831508586
 40
0.0243498831508586
 10
-26.1365008918153
 20
-2.47621845178097
 30
64.95000000000001
 10
-26.1611229974848
 20
-2.50741569174502
 30
64.95000000000001
 10
-26.2121045306337
 20
-2.57201143122919
 30
64.95000000000001
 10
-26.2863703918222
 20
-2.60767617943109
 30
64.95000000000001
 10
-26.3247687188493
 20
-2.62611623577565
 30
64.95000000000001
  0
SPLINE
  5
2C7
330
70
100
AcDbEntity
  8
RFID Module Enclosre 3.2 Face Plate v3_Sketch1
100
AcDbSpline
210
0.0
220
0.0
230
1.0
 70
     8
 71
     3
 72
     9
 73
     5
 74
     0
 42
0.000000001
 43
0.0000000001
 40
0.0
 40
0.0
 40
0.0
 40
0.0
 40
0.0136227012600227
 40
0.0281318793620797
 40
0.0281318793620797
 40
0.0281318793620797
 40
0.0281318793620797
 10
-26.3247687188493
 20
-2.62611623577565
 30
64.95000000000001
 10
-26.3679369981668
 20
-2.641033633799569
 30
64.95000000000001
 10
-26.4570826677992
 20
-2.67183915713851
 30
64.95000000000001
 10
-26.5513754355362
 20
-2.67542590874626
 30
64.95000000000001
 10
-26.6000074712144
 20
-2.67727579645604
 30
64.95000000000001
  0
SPLINE
  5
2C8
330
70
100
AcDbEntity
  8
RFID Module Enclosre 3.2 Face Plate v3_Sketch1
100
AcDbSpline
210
0.0
220
0.0
230
1.0
 70
     8
 71
     3
 72
     9
 73
     5
 74
     0
 42
0.000000001
 43
0.0000000001
 40
0.0
 40
0.0
 40
0.0
 40
0.0
 40
0.0157505435252809
 40
0.0300533043886674
 40
0.0300533043886674
 40
0.0300533043886674
 40
0.0300533043886674
 10
-26.6000074712144
 20
-2.67727579645604
 30
64.95000000000001
 10
-26.6528250785175
 20
-2.675501621220599
 30
64.95000000000001
 10
-26.75360532313661
 20
-2.672116352115209
 30
64.95000000000001
 10
-26.8488481560497
 20
-2.63921590620654
 30
64.95000000000001
 10
-26.8941754666673
 20
-2.6235581534335
 30
64.95000000000001
  0
SPLINE
  5
2C9
330
70
100
AcDbEntity
  8
RFID Module Enclosre 3.2 Face Plate v3_Sketch1
100
AcDbSpline
210
0.0
220
0.0
230
1.0
 70
     8
 71
     3
 72
     9
 73
     5
 74
     0
 42
0.000000001
 43
0.0000000001
 40
0.0
 40
0.0
 40
0.0
 40
0.0
 40
0.0130777713246729
 40
0.0254640756841441
 40
0.0254640756841441
 40
0.0254640756841441
 40
0.0254640756841441
 10
-26.8941754666673
 20
-2.6235581534335
 30
64.95000000000001
 10
-26.93385528301571
 20
-2.604037448193239
 30
64.95000000000001
 10
-27.0111169066934
 20
-2.56602816486008
 30
64.95000000000001
 10
-27.064264166294
 20
-2.49838041398145
 30
64.95000000000001
 10
-27.0901161996232
 20
-2.465475012583429
 30
64.95000000000001
  0
LINE
  5
2CA
330
70
100
AcDbEntity
  8
RFID Module Enclosre 3.2 Face Plate v3_Sketch1
100
AcDbLine
 10
-8.025329942409232
 20
-1.1516959565112
 30
64.95000000000001
 11
-8.025329942409232
 21
-2.65169601611584
 31
64.95000000000001
  0
SPLINE
  5
2CB
330
70
100
AcDbEntity
  8
RFID Module Enclosre 3.2 Face Plate v3_Sketch1
100
AcDbSpline
210
0.0
220
0.0
230
1.0
 70
     8
 71
     3
 72
     9
 73
     5
 74
     0
 42
0.000000001
 43
0.0000000001
 40
0.0
 40
0.0
 40
0.0
 40
0.0
 40
0.0069274339763782
 40
0.0137002756204554
 40
0.0137002756204554
 40
0.0137002756204554
 40
0.0137002756204554
 10
-26.9750065175401
 20
-1.43051575593442
 30
64.95000000000001
 10
-26.9873914114511
 20
-1.45044085987002
 30
64.95000000000001
 10
-27.0118848184889
 20
-1.48984641993956
 30
64.95000000000001
 10
-27.0156223699102
 20
-1.53607368938968
 30
64.95000000000001
 10
-27.01747005857101
 20
-1.5589265125224
 30
64.95000000000001
  0
SPLINE
  5
2CC
330
70
100
AcDbEntity
  8
RFID Module Enclosre 3.2 Face Plate v3_Sketch1
100
AcDbSpline
210
0.0
220
0.0
230
1.0
 70
     8
 71
     3
 72
     9
 73
     5
 74
     0
 42
0.000000001
 43
0.0000000001
 40
0.0
 40
0.0
 40
0.0
 40
0.0
 40
0.0123118637310812
 40
0.0249950342622941
 40
0.0249950342622941
 40
0.0249950342622941
 40
0.0249950342622941
 10
-27.0901161996232
 20
-2.465475012583429
 30
64.95000000000001
 10
-27.11033521045991
 20
-2.429217571874259
 30
64.95000000000001
 10
-27.1513830062812
 20
-2.35560922202702
 30
64.95000000000001
 10
-27.1596111574031
 20
-2.271696960518209
 30
64.95000000000001
 10
-27.1637863484727
 20
-2.2291175620982
 30
64.95000000000001
  0
LINE
  5
2CD
330
70
100
AcDbEntity
  8
RFID Module Enclosre 3.2 Face Plate v3_Sketch1
100
AcDbLine
 10
-27.16378634847271
 20
-2.2291175620982
 30
64.95000000000001
 11
-26.9734722939836
 21
-2.214792777819329
 31
64.95000000000001
  0
SPLINE
  5
2CE
330
70
100
AcDbEntity
  8
RFID Module Enclosre 3.2 Face Plate v3_Sketch1
100
AcDbSpline
210
0.0
220
0.0
230
1.0
 70
     8
 71
     3
 72
     9
 73
     5
 74
     0
 42
0.000000001
 43
0.0000000001
 40
0.0
 40
0.0
 40
0.0
 40
0.0
 40
0.0129282051866888
 40
0.0243465073840219
 40
0.0243465073840219
 40
0.0243465073840219
 40
0.0243465073840219
 10
-26.9734722939836
 20
-2.214792777819329
 30
64.95000000000001
 10
-26.9663189390924
 20
-2.25842765353091
 30
64.95000000000001
 10
-26.9528476795352
 20
-2.340601227385259
 30
64.95000000000001
 10
-26.89619021550021
 20
-2.401229202792989
 30
64.95000000000001
 10
-26.86961835301981
 20
-2.42966320089787
 30
64.95000000000001
  0
LINE
  5
2CF
330
70
100
AcDbEntity
  8
RFID Module Enclosre 3.2 Face Plate v3_Sketch1
100
AcDbLine
 10
11.7542810394799
 20
-2.47468363217801
 30
64.95000000000001
 11
12.6403660728966
 21
-2.47468363217801
 31
64.95000000000001
  0
LINE
  5
2D0
330
70
100
AcDbEntity
  8
RFID Module Enclosre 3.2 Face Plate v3_Sketch1
100
AcDbLine
 10
-4.20370661706133
 20
-1.85872178248852
 30
64.95000000000001
 11
-3.424033755962089
 21
-1.85872178248852
 31
64.95000000000001
  0
SPLINE
  5
2D1
330
70
100
AcDbEntity
  8
RFID Module Enclosre 3.2 Face Plate v3_Sketch1
100
AcDbSpline
210
0.0
220
0.0
230
1.0
 70
     8
 71
     3
 72
     9
 73
     5
 74
     0
 42
0.000000001
 43
0.0000000001
 40
0.0
 40
0.0
 40
0.0
 40
0.0
 40
0.012240438708843
 40
0.0275303467502372
 40
0.0275303467502372
 40
0.0275303467502372
 40
0.0275303467502372
 10
-26.86961835301981
 20
-2.42966320089787
 30
64.95000000000001
 10
-26.8339658275065
 20
-2.45078496169965
 30
64.95000000000001
 10
-26.7537786370592
 20
-2.49829056282066
 30
64.95000000000001
 10
-26.6601771363227
 20
-2.500874732224839
 30
64.95000000000001
 10
-26.60819238103491
 20
-2.50230993799657
 30
64.95000000000001
  0
SPLINE
  5
2D2
330
70
100
AcDbEntity
  8
RFID Module Enclosre 3.2 Face Plate v3_Sketch1
100
AcDbSpline
210
0.0
220
0.0
230
1.0
 70
     8
 71
     3
 72
     9
 73
     5
 74
     0
 42
0.000000001
 43
0.0000000001
 40
0.0
 40
0.0
 40
0.0
 40
0.0
 40
0.0156524757052302
 40
0.0274233436640894
 40
0.0274233436640894
 40
0.0274233436640894
 40
0.0274233436640894
 10
-26.60819238103491
 20
-2.50230993799657
 30
64.95000000000001
 10
-26.5550106429383
 20
-2.501502028364159
 30
64.95000000000001
 10
-26.4618355370993
 20
-2.50008656004361
 30
64.95000000000001
 10
-26.3806085104962
 20
-2.45546630194938
 30
64.95000000000001
 10
-26.3457435933457
 20
-2.43631403617352
 30
64.95000000000001
  0
SPLINE
  5
2D3
330
70
100
AcDbEntity
  8
RFID Module Enclosre 3.2 Face Plate v3_Sketch1
100
AcDbSpline
210
0.0
220
0.0
230
1.0
 70
     8
 71
     3
 72
     9
 73
     5
 74
     0
 42
0.000000001
 43
0.0000000001
 40
0.0
 40
0.0
 40
0.0
 40
0.0
 40
0.0095458225901397
 40
0.0184211799773509
 40
0.0184211799773509
 40
0.0184211799773509
 40
0.0184211799773509
 10
-26.3457435933457
 20
-2.43631403617352
 30
64.95000000000001
 10
-26.3217294766199
 20
-2.41378998428705
 30
64.95000000000001
 10
-26.27538791076461
 20
-2.37032389116602
 30
64.95000000000001
 10
-26.26728238405651
 20
-2.30748400289584
 30
64.95000000000001
 10
-26.2633771268235
 20
-2.27720763258427
 30
64.95000000000001
  0
SPLINE
  5
2D4
330
70
100
AcDbEntity
  8
RFID Module Enclosre 3.2 Face Plate v3_Sketch1
100
AcDbSpline
210
0.0
220
0.0
230
1.0
 70
     8
 71
     3
 72
     9
 73
     5
 74
     0
 42
0.000000001
 43
0.0000000001
 40
0.0
 40
0.0
 40
0.0
 40
0.0
 40
0.0075098851902401
 40
0.0148822459630175
 40
0.0148822459630175
 40
0.0148822459630175
 40
0.0148822459630175
 10
-26.2633771268235
 20
-2.27720763258427
 30
64.95000000000001
 10
-26.2657161275567
 20
-2.251539369962749
 30
64.95000000000001
 10
-26.2703512961828
 20
-2.200672893565319
 30
64.95000000000001
 10
-26.3046889212951
 20
-2.162903000171279
 30
64.95000000000001
 10
-26.32169907964331
 20
-2.144192566199
 30
64.95000000000001
  0
SPLINE
  5
2D5
330
70
100
AcDbEntity
  8
RFID Module Enclosre 3.2 Face Plate v3_Sketch1
100
AcDbSpline
210
0.0
220
0.0
230
1.0
 70
     8
 71
     3
 72
     9
 73
     5
 74
     0
 42
0.000000001
 43
0.0000000001
 40
0.0
 40
0.0
 40
0.0
 40
0.0
 40
0.0116173349499423
 40
0.0319322941976277
 40
0.0319322941976277
 40
0.0319322941976277
 40
0.0319322941976277
 10
-26.32169907964331
 20
-2.144192566199
 30
64.95000000000001
 10
-26.3556732329085
 20
-2.12525822733103
 30
64.95000000000001
 10
-26.44905718558361
 20
-2.07321385727759
 30
64.95000000000001
 10
-26.55413380552311
 20
-2.05124519619195
 30
64.95000000000001
 10
-26.6209823457108
 20
-2.037268986029329
 30
64.95000000000001
  0
LINE
  5
2D6
330
70
100
AcDbEntity
  8
RFID Module Enclosre 3.2 Face Plate v3_Sketch1
100
AcDbLine
 10
14.0165598347222
 20
-2.65169601611584
 30
64.95000000000001
 11
13.8180602743661
 21
-2.65169601611584
 31
64.95000000000001
  0
LINE
  5
2D7
330
70
100
AcDbEntity
  8
RFID Module Enclosre 3.2 Face Plate v3_Sketch1
100
AcDbLine
 10
-3.42403375596209
 20
-2.65169601611584
 30
64.95000000000001
 11
-3.42403375596209
 21
-2.03573416642636
 31
64.95000000000001
  0
LINE
  5
2D8
330
70
100
AcDbEntity
  8
RFID Module Enclosre 3.2 Face Plate v3_Sketch1
100
AcDbLine
 10
-4.40220558137102
 20
-1.1516959565112
 30
64.95000000000001
 11
-4.20370661706133
 21
-1.1516959565112
 31
64.95000000000001
  0
LINE
  5
2D9
330
70
100
AcDbEntity
  8
RFID Module Enclosre 3.2 Face Plate v3_Sketch1
100
AcDbLine
 10
13.0793149426018
 20
-1.32870834044903
 30
64.95000000000001
 11
13.0793149426018
 21
-1.151695956511199
 31
64.95000000000001
  0
LINE
  5
2DA
330
70
100
AcDbEntity
  8
RFID Module Enclosre 3.2 Face Plate v3_Sketch1
100
AcDbLine
 10
11.8105567648446
 20
-1.83928113154858
 30
64.95000000000001
 11
12.6403660728966
 21
-1.83928113154858
 31
64.95000000000001
  0
LINE
  5
2DB
330
70
100
AcDbEntity
  8
RFID Module Enclosre 3.2 Face Plate v3_Sketch1
100
AcDbLine
 10
11.7194921925103
 20
-1.32870834044903
 30
64.95000000000001
 11
11.7194921925103
 21
-1.151695956511199
 31
64.95000000000001
  0
LINE
  5
2DC
330
70
100
AcDbEntity
  8
RFID Module Enclosre 3.2 Face Plate v3_Sketch1
100
AcDbLine
 10
-3.22553419560595
 20
-1.1516959565112
 30
64.95000000000001
 11
-3.22553419560595
 21
-2.65169601611584
 31
64.95000000000001
  0
LINE
  5
2DD
330
70
100
AcDbEntity
  8
RFID Module Enclosre 3.2 Face Plate v3_Sketch1
100
AcDbLine
 10
12.8388650372063
 20
-2.65169601611584
 30
64.95000000000001
 11
11.7542810394799
 21
-2.65169601611584
 31
64.95000000000001
  0
LINE
  5
2DE
330
70
100
AcDbEntity
  8
RFID Module Enclosre 3.2 Face Plate v3_Sketch1
100
AcDbLine
 10
-3.42403375596209
 20
-1.1516959565112
 30
64.95000000000001
 11
-3.22553419560595
 21
-1.1516959565112
 31
64.95000000000001
  0
LINE
  5
2DF
330
70
100
AcDbEntity
  8
RFID Module Enclosre 3.2 Face Plate v3_Sketch1
100
AcDbLine
 10
13.8180602743661
 20
-2.65169601611584
 30
64.95000000000001
 11
13.8180602743661
 21
-1.32870834044903
 31
64.95000000000001
  0
LINE
  5
2E0
330
70
100
AcDbEntity
  8
RFID Module Enclosre 3.2 Face Plate v3_Sketch1
100
AcDbLine
 10
11.7194921925103
 20
-1.1516959565112
 30
64.95000000000001
 11
12.8388650372063
 21
-1.1516959565112
 31
64.95000000000001
  0
LINE
  5
2E1
330
70
100
AcDbEntity
  8
RFID Module Enclosre 3.2 Face Plate v3_Sketch1
100
AcDbLine
 10
11.7542810394799
 20
-2.65169601611584
 30
64.95000000000001
 11
11.7542810394799
 21
-2.47468363217801
 31
64.95000000000001
  0
LINE
  5
2E2
330
70
100
AcDbEntity
  8
RFID Module Enclosre 3.2 Face Plate v3_Sketch1
100
AcDbLine
 10
11.8105567648446
 20
-2.015270401758849
 30
64.95000000000001
 11
11.8105567648446
 21
-1.83928113154858
 31
64.95000000000001
  0
LINE
  5
2E3
330
70
100
AcDbEntity
  8
RFID Module Enclosre 3.2 Face Plate v3_Sketch1
100
AcDbLine
 10
-3.22553419560595
 20
-2.65169601611584
 30
64.95000000000001
 11
-3.42403375596209
 21
-2.65169601611584
 31
64.95000000000001
  0
LINE
  5
2E4
330
70
100
AcDbEntity
  8
RFID Module Enclosre 3.2 Face Plate v3_Sketch1
100
AcDbLine
 10
-26.01474111951461
 20
-1.63361947707623
 30
64.95000000000001
 11
-26.2019855347978
 21
-1.64999078683346
 31
64.95000000000001
  0
SPLINE
  5
2E5
330
70
100
AcDbEntity
  8
RFID Module Enclosre 3.2 Face Plate v3_Sketch1
100
AcDbSpline
210
0.0
220
0.0
230
1.0
 70
     8
 71
     3
 72
     9
 73
     5
 74
     0
 42
0.000000001
 43
0.0000000001
 40
0.0
 40
0.0
 40
0.0
 40
0.0
 40
0.0143518480378506
 40
0.0283286244622236
 40
0.0283286244622236
 40
0.0283286244622236
 40
0.0283286244622236
 10
-26.3130015698777
 20
-1.18546139173001
 30
64.95000000000001
 10
-26.26977933146881
 20
-1.20746782581216
 30
64.95000000000001
 10
-26.18446442588491
 20
-1.250905577188959
 30
64.95000000000001
 10
-26.12596876875301
 20
-1.3266416396077
 30
64.95000000000001
 10
-26.0971081820832
 20
-1.364008297247589
 30
64.95000000000001
  0
SPLINE
  5
2E6
330
70
100
AcDbEntity
  8
RFID Module Enclosre 3.2 Face Plate v3_Sketch1
100
AcDbSpline
210
0.0
220
0.0
230
1.0
 70
     8
 71
     3
 72
     9
 73
     5
 74
     0
 42
0.000000001
 43
0.0000000001
 40
0.0
 40
0.0
 40
0.0
 40
0.0
 40
0.0107256263309293
 40
0.0204243036413155
 40
0.0204243036413155
 40
0.0204243036413155
 40
0.0204243036413155
 10
-26.6450280515061
 20
-1.3041515248248
 30
64.95000000000001
 10
-26.68096578649131
 20
-1.305252911439259
 30
64.95000000000001
 10
-26.7494003178529
 20
-1.307350229949719
 30
64.95000000000001
 10
-26.8146089108469
 20
-1.32807540909984
 30
64.95000000000001
 10
-26.8455738393174
 20
-1.33791696004361
 30
64.95000000000001
  0
SPLINE
  5
2E7
330
70
100
AcDbEntity
  8
RFID Module Enclosre 3.2 Face Plate v3_Sketch1
100
AcDbSpline
210
0.0
220
0.0
230
1.0
 70
     8
 71
     3
 72
     9
 73
     5
 74
     0
 42
0.000000001
 43
0.0000000001
 40
0.0
 40
0.0
 40
0.0
 40
0.0
 40
0.0085760094386055
 40
0.0160827115724612
 40
0.0160827115724612
 40
0.0160827115724612
 40
0.0160827115724612
 10
-26.8455738393174
 20
-1.33791696004361
 30
64.95000000000001
 10
-26.8721543195347
 20
-1.34948159572217
 30
64.95000000000001
 10
-26.9220010693374
 20
-1.37116892027451
 30
64.95000000000001
 10
-26.9581389465151
 20
-1.411630207381489
 30
64.95000000000001
 10
-26.9750065175401
 20
-1.43051575593442
 30
64.95000000000001
  0
LINE
  5
2E8
330
70
100
AcDbEntity
  8
RFID Module Enclosre 3.2 Face Plate v3_Sketch1
100
AcDbLine
 10
-8.025329942409232
 20
-2.65169601611584
 30
64.95000000000001
 11
-8.223828906718921
 21
-2.65169601611584
 31
64.95000000000001
  0
LINE
  5
2E9
330
70
100
AcDbEntity
  8
RFID Module Enclosre 3.2 Face Plate v3_Sketch1
100
AcDbLine
 10
-4.40220558137102
 20
-2.65169601611584
 30
64.95000000000001
 11
-4.40220558137102
 21
-1.1516959565112
 31
64.95000000000001
  0
SPLINE
  5
2EA
330
70
100
AcDbEntity
  8
RFID Module Enclosre 3.2 Face Plate v3_Sketch1
100
AcDbSpline
210
0.0
220
0.0
230
1.0
 70
     8
 71
     3
 72
     9
 73
     5
 74
     0
 42
0.000000001
 43
0.0000000001
 40
0.0
 40
0.0
 40
0.0
 40
0.0
 40
0.0202170585878584
 40
0.0396040613885417
 40
0.0396040613885417
 40
0.0396040613885417
 40
0.0396040613885417
 10
28.81112301258881
 20
-1.126116027159389
 30
64.95000000000001
 10
28.879238251662
 20
-1.13001048066735
 30
64.95000000000001
 10
29.0126721089181
 20
-1.13763949233261
 30
64.95000000000001
 10
29.131523900848
 20
-1.19859598792762
 30
64.95000000000001
 10
29.1897042980655
 20
-1.228435446543389
 30
64.95000000000001
  0
LINE
  5
2EB
330
70
100
AcDbEntity
  8
RFID Module Enclosre 3.2 Face Plate v3_Sketch1
100
AcDbLine
 10
-4.20370661706133
 20
-2.65169601611584
 30
64.95000000000001
 11
-4.40220558137102
 21
-2.65169601611584
 31
64.95000000000001
  0
LINE
  5
2EC
330
70
100
AcDbEntity
  8
RFID Module Enclosre 3.2 Face Plate v3_Sketch1
100
AcDbLine
 10
-8.223828906718919
 20
-2.65169601611584
 30
64.95000000000001
 11
-8.223828906718919
 21
-1.1516959565112
 31
64.95000000000001
  0
SPLINE
  5
2ED
330
70
100
AcDbEntity
  8
RFID Module Enclosre 3.2 Face Plate v3_Sketch1
100
AcDbSpline
210
0.0
220
0.0
230
1.0
 70
     8
 71
     3
 72
     9
 73
     5
 74
     0
 42
0.000000001
 43
0.0000000001
 40
0.0
 40
0.0
 40
0.0
 40
0.0
 40
0.0066910533364684
 40
0.0131801135571693
 40
0.0131801135571693
 40
0.0131801135571693
 40
0.0131801135571693
 10
-27.01747005857101
 20
-1.5589265125224
 30
64.95000000000001
 10
-27.01587185254251
 20
-1.58157462368916
 30
64.95000000000001
 10
-27.0127236879885
 20
-1.62618713266533
 30
64.95000000000001
 10
-26.9884786616171
 20
-1.66373492797216
 30
64.95000000000001
 10
-26.9765419331895
 20
-1.68222110442608
 30
64.95000000000001
  0
SPLINE
  5
2EE
330
70
100
AcDbEntity
  8
RFID Module Enclosre 3.2 Face Plate v3_Sketch1
100
AcDbSpline
210
0.0
220
0.0
230
1.0
 70
     8
 71
     3
 72
     9
 73
     5
 74
     0
 42
0.000000001
 43
0.0000000001
 40
0.0
 40
0.0
 40
0.0
 40
0.0
 40
0.0072735246284007
 40
0.0162938564409092
 40
0.0162938564409092
 40
0.0162938564409092
 40
0.0162938564409092
 10
-26.9765419331895
 20
-1.68222110442608
 30
64.95000000000001
 10
-26.9592806210894
 20
-1.69958383391384
 30
64.95000000000001
 10
-26.920612526086
 20
-1.738479120057679
 30
64.95000000000001
 10
-26.86967781416071
 20
-1.75923614179037
 30
64.95000000000001
 10
-26.8414801923142
 20
-1.770727296395
 30
64.95000000000001
  0
LINE
  5
2EF
330
70
100
AcDbEntity
  8
RFID Module Enclosre 3.2 Face Plate v3_Sketch1
100
AcDbLine
 10
12.6403660728966
 20
-2.015270401758849
 30
64.95000000000001
 11
11.8105567648446
 21
-2.015270401758849
 31
64.95000000000001
  0
SPLINE
  5
2F0
330
70
100
AcDbEntity
  8
RFID Module Enclosre 3.2 Face Plate v3_Sketch1
100
AcDbSpline
210
0.0
220
0.0
230
1.0
 70
     8
 71
     3
 72
     9
 73
     5
 74
     0
 42
0.000000001
 43
0.0000000001
 40
0.0
 40
0.0
 40
0.0
 40
0.0
 40
0.0182228616672431
 40
0.0304779821213411
 40
0.0304779821213411
 40
0.0304779821213411
 40
0.0304779821213411
 10
-26.5744275418626
 20
-1.84388559035748
 30
64.95000000000001
 10
-26.51520464258461
 20
-1.85803542466304
 30
64.95000000000001
 10
-26.4161535441167
 20
-1.88170121354185
 30
64.95000000000001
 10
-26.32251559184791
 20
-1.92150342730197
 30
64.95000000000001
 10
-26.2848640052186
 20
-1.93750779799908
 30
64.95000000000001
  0
LINE
  5
2F1
330
70
100
AcDbEntity
  8
RFID Module Enclosre 3.2 Face Plate v3_Sketch1
100
AcDbLine
 10
-3.42403375596209
 20
-1.85872178248852
 30
64.95000000000001
 11
-3.42403375596209
 21
-1.1516959565112
 31
64.95000000000001
  0
LINE
  5
2F2
330
70
100
AcDbEntity
  8
RFID Module Enclosre 3.2 Face Plate v3_Sketch1
100
AcDbLine
 10
14.0165598347222
 20
-1.1516959565112
 30
64.95000000000001
 11
14.0165598347222
 21
-2.65169601611584
 31
64.95000000000001
  0
LINE
  5
2F3
330
70
100
AcDbEntity
  8
RFID Module Enclosre 3.2 Face Plate v3_Sketch1
100
AcDbLine
 10
13.8180602743661
 20
-1.32870834044903
 30
64.95000000000001
 11
13.0793149426018
 21
-1.32870834044903
 31
64.95000000000001
  0
LINE
  5
2F4
330
70
100
AcDbEntity
  8
RFID Module Enclosre 3.2 Face Plate v3_Sketch1
100
AcDbLine
 10
12.8388650372063
 20
-1.1516959565112
 30
64.95000000000001
 11
12.8388650372063
 21
-2.65169601611584
 31
64.95000000000001
  0
LINE
  5
2F5
330
70
100
AcDbEntity
  8
RFID Module Enclosre 3.2 Face Plate v3_Sketch1
100
AcDbLine
 10
12.6403660728966
 20
-2.47468363217801
 30
64.95000000000001
 11
12.6403660728966
 21
-2.015270401758849
 31
64.95000000000001
  0
SPLINE
  5
2F6
330
70
100
AcDbEntity
  8
RFID Module Enclosre 3.2 Face Plate v3_Sketch1
100
AcDbSpline
210
0.0
220
0.0
230
1.0
 70
     8
 71
     3
 72
     9
 73
     5
 74
     0
 42
0.000000001
 43
0.0000000001
 40
0.0
 40
0.0
 40
0.0
 40
0.0
 40
0.0188720610301087
 40
0.0378914564013197
 40
0.0378914564013197
 40
0.0378914564013197
 40
0.0378914564013197
 10
28.44686591534451
 20
-1.218715121073419
 30
64.95000000000001
 10
28.5043754926742
 20
-1.191707205387749
 30
64.95000000000001
 10
28.61984362509311
 20
-1.137480522988749
 30
64.95000000000001
 10
28.7471981514448
 20
-1.129913999472949
 30
64.95000000000001
 10
28.81112301258881
 20
-1.126116027159389
 30
64.95000000000001
  0
LINE
  5
2F7
330
70
100
AcDbEntity
  8
RFID Module Enclosre 3.2 Face Plate v3_Sketch1
100
AcDbLine
 10
-3.42403375596209
 20
-2.035734166426359
 30
64.95000000000001
 11
-4.20370661706133
 21
-2.035734166426359
 31
64.95000000000001
  0
SPLINE
  5
2F8
330
70
100
AcDbEntity
  8
RFID Module Enclosre 3.2 Face Plate v3_Sketch1
100
AcDbSpline
210
0.0
220
0.0
230
1.0
 70
     8
 71
     3
 72
     9
 73
     5
 74
     0
 42
0.000000001
 43
0.0000000001
 40
0.0
 40
0.0
 40
0.0
 40
0.0
 40
0.0140347931754442
 40
0.0284740936843387
 40
0.0284740936843387
 40
0.0284740936843387
 40
0.0284740936843387
 10
-26.0971081820832
 20
-1.364008297247589
 30
64.95000000000001
 10
-26.0740993073072
 20
-1.405389257019749
 30
64.95000000000001
 10
-26.0274184016641
 20
-1.48934384833941
 30
64.95000000000001
 10
-26.0190067128109
 20
-1.58507428043995
 30
64.95000000000001
 10
-26.01474111951461
 20
-1.63361947707623
 30
64.95000000000001
  0
LINE
  5
2F9
330
70
100
AcDbEntity
  8
RFID Module Enclosre 3.2 Face Plate v3_Sketch1
100
AcDbLine
 10
12.6403660728966
 20
-1.32870834044903
 30
64.95000000000001
 11
11.7194921925103
 21
-1.32870834044903
 31
64.95000000000001
  0
SPLINE
  5
2FA
330
70
100
AcDbEntity
  8
RFID Module Enclosre 3.2 Face Plate v3_Sketch1
100
AcDbSpline
210
0.0
220
0.0
230
1.0
 70
     8
 71
     3
 72
     9
 73
     5
 74
     0
 42
0.000000001
 43
0.0000000001
 40
0.0
 40
0.0
 40
0.0
 40
0.0
 40
0.0104809458479907
 40
0.0196162962935913
 40
0.0196162962935913
 40
0.0196162962935913
 40
0.0196162962935913
 10
-26.2019855347978
 20
-1.64999078683346
 30
64.95000000000001
 10
-26.2072675423428
 20
-1.61512087504058
 30
64.95000000000001
 10
-26.2171534273127
 20
-1.54985782231795
 30
64.95000000000001
 10
-26.2490392431639
 20
-1.492169757847829
 30
64.95000000000001
 10
-26.26388853467571
 20
-1.4653043048808
 30
64.95000000000001
  0
LINE
  5
2FB
330
70
100
AcDbEntity
  8
RFID Module Enclosre 3.2 Face Plate v3_Sketch1
100
AcDbLine
 10
-4.20370661706133
 20
-2.035734166426359
 30
64.95000000000001
 11
-4.20370661706133
 21
-2.65169601611584
 31
64.95000000000001
  0
SPLINE
  5
2FC
330
70
100
AcDbEntity
  8
RFID Module Enclosre 3.2 Face Plate v3_Sketch1
100
AcDbSpline
210
0.0
220
0.0
230
1.0
 70
     8
 71
     3
 72
     9
 73
     5
 74
     0
 42
0.000000001
 43
0.0000000001
 40
0.0
 40
0.0
 40
0.0
 40
0.0
 40
0.011372381549438
 40
0.0235737496452463
 40
0.0235737496452463
 40
0.0235737496452463
 40
0.0235737496452463
 10
-26.4148086873399
 20
-1.34866039924115
 30
64.95000000000001
 10
-26.4506820278368
 20
-1.33568296588752
 30
64.95000000000001
 10
-26.52504368587101
 20
-1.308782112835189
 30
64.95000000000001
 10
-26.604106497552
 20
-1.30573082106147
 30
64.95000000000001
 10
-26.6450280515061
 20
-1.3041515248248
 30
64.95000000000001
  0
SPLINE
  5
2FD
330
70
100
AcDbEntity
  8
RFID Module Enclosre 3.2 Face Plate v3_Sketch1
100
AcDbSpline
210
0.0
220
0.0
230
1.0
 70
     8
 71
     3
 72
     9
 73
     5
 74
     0
 42
0.000000001
 43
0.0000000001
 40
0.0
 40
0.0
 40
0.0
 40
0.0
 40
0.0101499253403906
 40
0.027698065437186
 40
0.027698065437186
 40
0.027698065437186
 40
0.027698065437186
 10
-26.8414801923142
 20
-1.770727296395
 30
64.95000000000001
 10
-26.809252669615
 20
-1.781059164379259
 30
64.95000000000001
 10
-26.72130719192271
 20
-1.80925373191734
 30
64.95000000000001
 10
-26.6313928640637
 20
-1.830454083857699
 30
64.95000000000001
 10
-26.5744275418626
 20
-1.84388559035748
 30
64.95000000000001
  0
SPLINE
  5
2FE
330
70
100
AcDbEntity
  8
RFID Module Enclosre 3.2 Face Plate v3_Sketch1
100
AcDbSpline
210
0.0
220
0.0
230
1.0
 70
     8
 71
     3
 72
     9
 73
     5
 74
     0
 42
0.000000001
 43
0.0000000001
 40
0.0
 40
0.0
 40
0.0
 40
0.0
 40
0.0112981999138235
 40
0.0214350414885959
 40
0.0214350414885959
 40
0.0214350414885959
 40
0.0214350414885959
 10
-26.2848640052186
 20
-1.93750779799908
 30
64.95000000000001
 10
-26.25187746647981
 20
-1.95656370037101
 30
64.95000000000001
 10
-26.18929512311331
 20
-1.99271672130005
 30
64.95000000000001
 10
-26.1454629866018
 20
-2.050056742589669
 30
64.95000000000001
 10
-26.1247343388902
 20
-2.077173401636779
 30
64.95000000000001
  0
SPLINE
  5
2FF
330
70
100
AcDbEntity
  8
RFID Module Enclosre 3.2 Face Plate v3_Sketch1
100
AcDbSpline
210
0.0
220
0.0
230
1.0
 70
     8
 71
     3
 72
     9
 73
     5
 74
     0
 42
0.000000001
 43
0.0000000001
 40
0.0
 40
0.0
 40
0.0
 40
0.0
 40
0.0096811961472294
 40
0.0196044822907185
 40
0.0196044822907185
 40
0.0196044822907185
 40
0.0196044822907185
 10
-26.1247343388902
 20
-2.077173401636779
 30
64.95000000000001
 10
-26.10936604080861
 20
-2.10600919102816
 30
64.95000000000001
 10
-26.0782451418002
 20
-2.164401843533589
 30
64.95000000000001
 10
-26.0741255090652
 20
-2.230466085896389
 30
64.95000000000001
 10
-26.07204025663
 20
-2.26390611104458
 30
64.95000000000001
  0
SPLINE
  5
300
330
70
100
AcDbEntity
  8
RFID Module Enclosre 3.2 Face Plate v3_Sketch1
100
AcDbSpline
210
0.0
220
0.0
230
1.0
 70
     8
 71
     3
 72
     9
 73
     5
 74
     0
 42
0.000000001
 43
0.0000000001
 40
0.0
 40
0.0
 40
0.0
 40
0.0
 40
0.0111040758955642
 40
0.0224322448502135
 40
0.0224322448502135
 40
0.0224322448502135
 40
0.0224322448502135
 10
-26.07204025663
 20
-2.26390611104458
 30
64.95000000000001
 10
-26.0748316266019
 20
-2.301307046144359
 30
64.95000000000001
 10
-26.0804706996112
 20
-2.37686371035269
 30
64.95000000000001
 10
-26.1177001896818
 20
-2.44288037411846
 30
64.95000000000001
 10
-26.1365008918153
 20
-2.47621845178097
 30
64.95000000000001
  0
LINE
  5
301
330
70
100
AcDbEntity
  8
RFID Module Enclosre 3.2 Face Plate v3_Sketch1
100
AcDbLine
 10
13.0793149426018
 20
-1.1516959565112
 30
64.95000000000001
 11
14.0165598347222
 21
-1.1516959565112
 31
64.95000000000001
  0
LINE
  5
302
330
70
100
AcDbEntity
  8
RFID Module Enclosre 3.2 Face Plate v3_Sketch1
100
AcDbLine
 10
-8.223828906718919
 20
-1.1516959565112
 30
64.95000000000001
 11
-8.025329942409232
 21
-1.1516959565112
 31
64.95000000000001
  0
SPLINE
  5
303
330
70
100
AcDbEntity
  8
RFID Module Enclosre 3.2 Face Plate v3_Sketch1
100
AcDbSpline
210
0.0
220
0.0
230
1.0
 70
     8
 71
     3
 72
     9
 73
     5
 74
     0
 42
0.000000001
 43
0.0000000001
 40
0.0
 40
0.0
 40
0.0
 40
0.0
 40
0.0168391408001133
 40
0.0382079837144276
 40
0.0382079837144276
 40
0.0382079837144276
 40
0.0382079837144276
 10
-43.5157761064357
 20
-1.40902887753934
 30
64.95000000000001
 10
-43.499123856694
 20
-1.46291894250883
 30
64.95000000000001
 10
-43.46133992849419
 20
-1.58519541428167
 30
64.95000000000001
 10
-43.4595038471907
 20
-1.71336807279398
 30
64.95000000000001
 10
-43.4584769693202
 20
-1.78505208067387
 30
64.95000000000001
  0
LINE
  5
304
330
70
100
AcDbEntity
  8
RFID Module Enclosre 3.2 Face Plate v3_Sketch1
100
AcDbLine
 10
-43.6569759336299
 20
-2.65169601611584
 30
64.95000000000001
 11
-43.6569759336299
 21
-1.78607534341305
 31
64.95000000000001
  0
LINE
  5
305
330
70
100
AcDbEntity
  8
RFID Module Enclosre 3.2 Face Plate v3_Sketch1
100
AcDbLine
 10
-68.2599515062775
 20
-1.605993320269289
 30
64.95000000000001
 11
-68.095218573233
 21
-1.1516959565112
 31
64.95000000000001
  0
SPLINE
  5
306
330
70
100
AcDbEntity
  8
RFID Module Enclosre 3.2 Face Plate v3_Sketch1
100
AcDbSpline
210
0.0
220
0.0
230
1.0
 70
     8
 71
     3
 72
     9
 73
     5
 74
     0
 42
0.000000001
 43
0.0000000001
 40
0.0
 40
0.0
 40
0.0
 40
0.0
 40
0.0203250684700853
 40
0.0364184307653767
 40
0.0364184307653767
 40
0.0364184307653767
 40
0.0364184307653767
 10
-44.6382173982447
 20
-1.78505208067387
 30
64.95000000000001
 10
-44.63727189636279
 20
-1.71692839187214
 30
64.95000000000001
 10
-44.635577747343
 20
-1.5948644565029
 30
64.95000000000001
 10
-44.6019275951474
 20
-1.47769081368461
 30
64.95000000000001
 10
-44.58705753954109
 20
-1.42591159514874
 30
64.95000000000001
  0
SPLINE
  5
307
330
70
100
AcDbEntity
  8
RFID Module Enclosre 3.2 Face Plate v3_Sketch1
100
AcDbSpline
210
0.0
220
0.0
230
1.0
 70
     8
 71
     3
 72
     9
 73
     5
 74
     0
 42
0.000000001
 43
0.0000000001
 40
0.0
 40
0.0
 40
0.0
 40
0.0
 40
0.0132812883504258
 40
0.0248898648134859
 40
0.0248898648134859
 40
0.0248898648134859
 40
0.0248898648134859
 10
-26.9530088273393
 20
-1.941600550932589
 30
64.95000000000001
 10
-26.99298081616231
 20
-1.9213083775797
 30
64.95000000000001
 10
-27.06789052159751
 20
-1.883279728686679
 30
64.95000000000001
 10
-27.12142361545581
 20
-1.81873622185332
 30
64.95000000000001
 10
-27.1463913289414
 20
-1.788633276743589
 30
64.95000000000001
  0
SPLINE
  5
308
330
70
100
AcDbEntity
  8
RFID Module Enclosre 3.2 Face Plate v3_Sketch1
100
AcDbSpline
210
0.0
220
0.0
230
1.0
 70
     8
 71
     3
 72
     9
 73
     5
 74
     0
 42
0.000000001
 43
0.0000000001
 40
0.0
 40
0.0
 40
0.0
 40
0.0
 40
0.0187702920264996
 40
0.0348119846293899
 40
0.0348119846293899
 40
0.0348119846293899
 40
0.0348119846293899
 10
-26.654235777031
 20
-1.126116027159389
 30
64.95000000000001
 10
-26.5912543812312
 20
-1.127714513171709
 30
64.95000000000001
 10
-26.47444706787541
 20
-1.13067911651473
 30
64.95000000000001
 10
-26.3639292351313
 20
-1.168180430609409
 30
64.95000000000001
 10
-26.3130015698777
 20
-1.18546139173001
 30
64.95000000000001
  0
SPLINE
  5
309
330
70
100
AcDbEntity
  8
RFID Module Enclosre 3.2 Face Plate v3_Sketch1
100
AcDbSpline
210
0.0
220
0.0
230
1.0
 70
     8
 71
     3
 72
     9
 73
     5
 74
     0
 42
0.000000001
 43
0.0000000001
 40
0.0
 40
0.0
 40
0.0
 40
0.0
 40
0.0143424699744067
 40
0.0296715120951792
 40
0.0296715120951792
 40
0.0296715120951792
 40
0.0296715120951792
 10
-45.8297249761409
 20
-1.18494968585461
 30
64.95000000000001
 10
-45.7847426076855
 20
-1.16779522396744
 30
64.95000000000001
 10
-45.6916836790579
 20
-1.13230630021303
 30
64.95000000000001
 10
-45.5921137490421
 20
-1.128224689108819
 30
64.95000000000001
 10
-45.54067344339549
 20
-1.126116027159389
 30
64.95000000000001
  0
SPLINE
  5
30A
330
70
100
AcDbEntity
  8
RFID Module Enclosre 3.2 Face Plate v3_Sketch1
100
AcDbSpline
210
0.0
220
0.0
230
1.0
 70
     8
 71
     3
 72
     9
 73
     5
 74
     0
 42
0.000000001
 43
0.0000000001
 40
0.0
 40
0.0
 40
0.0
 40
0.0
 40
0.0096811961472294
 40
0.0196044822907185
 40
0.0196044822907185
 40
0.0196044822907185
 40
0.0196044822907185
 10
-45.01117081316169
 20
-2.077173401636779
 30
64.95000000000001
 10
-44.9958025150802
 20
-2.10600919102816
 30
64.95000000000001
 10
-44.9646816160718
 20
-2.164401843533589
 30
64.95000000000001
 10
-44.9605619833367
 20
-2.230466085896389
 30
64.95000000000001
 10
-44.95847673090159
 20
-2.26390611104458
 30
64.95000000000001
  0
SPLINE
  5
30B
330
70
100
AcDbEntity
  8
RFID Module Enclosre 3.2 Face Plate v3_Sketch1
100
AcDbSpline
210
0.0
220
0.0
230
1.0
 70
     8
 71
     3
 72
     9
 73
     5
 74
     0
 42
0.000000001
 43
0.0000000001
 40
0.0
 40
0.0
 40
0.0
 40
0.0
 40
0.0095700765986231
 40
0.0192576680551599
 40
0.0192576680551599
 40
0.0192576680551599
 40
0.0192576680551599
 10
-43.6932996002024
 20
-1.49804662637204
 30
64.95000000000001
 10
-43.70767119622491
 20
-1.46889938437266
 30
64.95000000000001
 10
-43.7365908629351
 20
-1.41024698954979
 30
64.95000000000001
 10
-43.7908392832088
 20
-1.373697596557089
 30
64.95000000000001
 10
-43.81812901170909
 20
-1.35531138352841
 30
64.95000000000001
  0
SPLINE
  5
30C
330
70
100
AcDbEntity
  8
RFID Module Enclosre 3.2 Face Plate v3_Sketch1
100
AcDbSpline
210
0.0
220
0.0
230
1.0
 70
     8
 71
     3
 72
     9
 73
     5
 74
     0
 42
0.000000001
 43
0.0000000001
 40
0.0
 40
0.0
 40
0.0
 40
0.0
 40
0.0125842753507094
 40
0.0259463816732928
 40
0.0259463816732928
 40
0.0259463816732928
 40
0.0259463816732928
 10
-46.02668971689399
 20
-1.34968381099194
 30
64.95000000000001
 10
-46.0007358340536
 20
-1.316071423122469
 30
64.95000000000001
 10
-45.9472238652422
 20
-1.246769073936099
 30
64.95000000000001
 10
-45.8696662898114
 20
-1.205963906407399
 30
64.95000000000001
 10
-45.8297249761409
 20
-1.18494968585461
 30
64.95000000000001
  0
LINE
  5
30D
330
70
100
AcDbEntity
  8
RFID Module Enclosre 3.2 Face Plate v3_Sketch1
100
AcDbLine
 10
-67.88443986000669
 20
-1.1516959565112
 30
64.95000000000001
 11
-68.46049729408879
 21
-2.65169601611584
 31
64.95000000000001
  0
SPLINE
  5
30E
330
70
100
AcDbEntity
  8
RFID Module Enclosre 3.2 Face Plate v3_Sketch1
100
AcDbSpline
210
0.0
220
0.0
230
1.0
 70
     8
 71
     3
 72
     9
 73
     5
 74
     0
 42
0.000000001
 43
0.0000000001
 40
0.0
 40
0.0
 40
0.0
 40
0.0
 40
0.0169964925548021
 40
0.0291367517271258
 40
0.0291367517271258
 40
0.0291367517271258
 40
0.0291367517271258
 10
-43.6569759336299
 20
-1.78607534341305
 30
64.95000000000001
 10
-43.6571779478149
 20
-1.729103494510719
 30
64.95000000000001
 10
-43.65752425674521
 20
-1.63143777839017
 30
64.95000000000001
 10
-43.68277747342809
 20
-1.537279194852829
 30
64.95000000000001
 10
-43.6932996002024
 20
-1.49804662637204
 30
64.95000000000001
  0
SPLINE
  5
30F
330
70
100
AcDbEntity
  8
RFID Module Enclosre 3.2 Face Plate v3_Sketch1
100
AcDbSpline
210
0.0
220
0.0
230
1.0
 70
     8
 71
     3
 72
     9
 73
     5
 74
     0
 42
0.000000001
 43
0.0000000001
 40
0.0
 40
0.0
 40
0.0
 40
0.0
 40
0.0066910533364684
 40
0.0131801135571693
 40
0.0131801135571693
 40
0.0131801135571693
 40
0.0131801135571693
 10
-45.90390653284249
 20
-1.5589265125224
 30
64.95000000000001
 10
-45.9023083268141
 20
-1.58157462368916
 30
64.95000000000001
 10
-45.8991601622601
 20
-1.62618713266533
 30
64.95000000000001
 10
-45.8749151358886
 20
-1.66373492797216
 30
64.95000000000001
 10
-45.862978407461
 20
-1.68222110442608
 30
64.95000000000001
  0
LINE
  5
310
330
70
100
AcDbEntity
  8
RFID Module Enclosre 3.2 Face Plate v3_Sketch1
100
AcDbLine
 10
-68.09521857323301
 20
-1.1516959565112
 30
64.95000000000001
 11
-67.88443986000671
 21
-1.1516959565112
 31
64.95000000000001
  0
LINE
  5
311
330
70
100
AcDbEntity
  8
RFID Module Enclosre 3.2 Face Plate v3_Sketch1
100
AcDbLine
 10
-68.6743444544281
 20
-2.65169601611584
 30
64.95000000000001
 11
-69.28826037468571
 21
-1.1516959565112
 31
64.95000000000001
  0
SPLINE
  5
312
330
70
100
AcDbEntity
  8
RFID Module Enclosre 3.2 Face Plate v3_Sketch1
100
AcDbSpline
210
0.0
220
0.0
230
1.0
 70
     8
 71
     3
 72
     9
 73
     5
 74
     0
 42
0.000000001
 43
0.0000000001
 40
0.0
 40
0.0
 40
0.0
 40
0.0
 40
0.0095458611628062
 40
0.0184212323790131
 40
0.0184212323790131
 40
0.0184212323790131
 40
0.0184212323790131
 10
-45.2321812597102
 20
-2.43631403617352
 30
64.95000000000001
 10
-45.2081669488461
 20
-2.413790006270799
 30
64.95000000000001
 10
-45.16182506378149
 20
-2.37032400756483
 30
64.95000000000001
 10
-45.1537190756286
 20
-2.30748401445636
 30
64.95000000000001
 10
-45.14981360109509
 20
-2.27720763258427
 30
64.95000000000001
  0
LINE
  5
313
330
70
100
AcDbEntity
  8
RFID Module Enclosre 3.2 Face Plate v3_Sketch1
100
AcDbLine
 10
-44.439718433935
 20
-2.65169601611584
 30
64.95000000000001
 11
-44.6382173982447
 21
-2.65169601611584
 31
64.95000000000001
  0
SPLINE
  5
314
330
70
100
AcDbEntity
  8
RFID Module Enclosre 3.2 Face Plate v3_Sketch1
100
AcDbSpline
210
0.0
220
0.0
230
1.0
 70
     8
 71
     3
 72
     9
 73
     5
 74
     0
 42
0.000000001
 43
0.0000000001
 40
0.0
 40
0.0
 40
0.0
 40
0.0
 40
0.0117516532180564
 40
0.0238354117725555
 40
0.0238354117725555
 40
0.0238354117725555
 40
0.0238354117725555
 10
-46.09524340303599
 20
-1.57529752425641
 30
64.95000000000001
 10
-46.0922309370439
 20
-1.53572969704103
 30
64.95000000000001
 10
-46.0861208718436
 20
-1.455475843636399
 30
64.95000000000001
 10
-46.04668326686989
 20
-1.38527386966605
 30
64.95000000000001
 10
-46.02668971689399
 20
-1.34968381099194
 30
64.95000000000001
  0
SPLINE
  5
315
330
70
100
AcDbEntity
  8
RFID Module Enclosre 3.2 Face Plate v3_Sketch1
100
AcDbSpline
210
0.0
220
0.0
230
1.0
 70
     8
 71
     3
 72
     9
 73
     5
 74
     0
 42
0.000000001
 43
0.0000000001
 40
0.0
 40
0.0
 40
0.0
 40
0.0
 40
0.0123118637310812
 40
0.0249950145474059
 40
0.0249950145474059
 40
0.0249950145474059
 40
0.0249950145474059
 10
-45.97655386598769
 20
-2.465475012583429
 30
64.95000000000001
 10
-45.9967729713201
 20
-2.429217588026419
 30
64.95000000000001
 10
-46.0378209266059
 20
-2.35560932902937
 30
64.95000000000001
 10
-46.046048120563
 20
-2.27169697490995
 30
64.95000000000001
 10
-46.0502228227443
 20
-2.2291175620982
 30
64.95000000000001
  0
SPLINE
  5
316
330
70
100
AcDbEntity
  8
RFID Module Enclosre 3.2 Face Plate v3_Sketch1
100
AcDbSpline
210
0.0
220
0.0
230
1.0
 70
     8
 71
     3
 72
     9
 73
     5
 74
     0
 42
0.000000001
 43
0.0000000001
 40
0.0
 40
0.0
 40
0.0
 40
0.0
 40
0.0117600905260925
 40
0.0243498201614386
 40
0.0243498201614386
 40
0.0243498201614386
 40
0.0243498201614386
 10
-45.02293796213329
 20
-2.47621845178097
 30
64.95000000000001
 10
-45.0475602980745
 20
-2.50741565019338
 30
64.95000000000001
 10
-45.0985420018966
 20
-2.572010915782319
 30
64.95000000000001
 10
-45.1728073478528
 20
-2.607676071932369
 30
64.95000000000001
 10
-45.2112051931208
 20
-2.62611623577565
 30
64.95000000000001
  0
LINE
  5
317
330
70
100
AcDbEntity
  8
RFID Module Enclosre 3.2 Face Plate v3_Sketch1
100
AcDbLine
 10
-68.46049729408879
 20
-2.65169601611584
 30
64.95000000000001
 11
-68.6743444544281
 21
-2.65169601611584
 31
64.95000000000001
  0
LINE
  5
318
330
70
100
AcDbEntity
  8
RFID Module Enclosre 3.2 Face Plate v3_Sketch1
100
AcDbLine
 10
-44.90117878587901
 20
-1.63361947707623
 30
64.95000000000001
 11
-45.0884220090693
 21
-1.64999078683346
 31
64.95000000000001
  0
SPLINE
  5
319
330
70
100
AcDbEntity
  8
RFID Module Enclosre 3.2 Face Plate v3_Sketch1
100
AcDbSpline
210
0.0
220
0.0
230
1.0
 70
     8
 71
     3
 72
     9
 73
     5
 74
     0
 42
0.000000001
 43
0.0000000001
 40
0.0
 40
0.0
 40
0.0
 40
0.0
 40
0.0210347618480219
 40
0.0345849006097587
 40
0.0345849006097587
 40
0.0345849006097587
 40
0.0345849006097587
 10
-26.6209823457108
 20
-2.037268986029329
 30
64.95000000000001
 10
-26.6895147255423
 20
-2.02195799071377
 30
64.95000000000001
 10
-26.8021941826307
 20
-1.996783983275459
 30
64.95000000000001
 10
-26.91055411264941
 20
-1.95713483064562
 30
64.95000000000001
 10
-26.9530088273393
 20
-1.941600550932589
 30
64.95000000000001
  0
LINE
  5
31A
330
70
100
AcDbEntity
  8
RFID Module Enclosre 3.2 Face Plate v3_Sketch1
100
AcDbLine
 10
-44.6382173982447
 20
-2.65169601611584
 30
64.95000000000001
 11
-44.6382173982447
 21
-1.78505208067387
 31
64.95000000000001
  0
SPLINE
  5
31B
330
70
100
AcDbEntity
  8
RFID Module Enclosre 3.2 Face Plate v3_Sketch1
100
AcDbSpline
210
0.0
220
0.0
230
1.0
 70
     8
 71
     3
 72
     9
 73
     5
 74
     0
 42
0.000000001
 43
0.0000000001
 40
0.0
 40
0.0
 40
0.0
 40
0.0
 40
0.0160973833324367
 40
0.0398729274965545
 40
0.0398729274965545
 40
0.0398729274965545
 40
0.0398729274965545
 10
-44.3466076341456
 20
-1.40442441873044
 30
64.95000000000001
 10
-44.3735235526064
 20
-1.45175010390305
 30
64.95000000000001
 10
-44.44019379603211
 20
-1.56897497049426
 30
64.95000000000001
 10
-44.439896002889
 20
-1.70497866709543
 30
64.95000000000001
 10
-44.439718433935
 20
-1.78607534341305
 30
64.95000000000001
  0
SPLINE
  5
31C
330
70
100
AcDbEntity
  8
RFID Module Enclosre 3.2 Face Plate v3_Sketch1
100
AcDbSpline
210
0.0
220
0.0
230
1.0
 70
     8
 71
     3
 72
     9
 73
     5
 74
     0
 42
0.000000001
 43
0.0000000001
 40
0.0
 40
0.0
 40
0.0
 40
0.0
 40
0.0110082425858927
 40
0.0224850330882036
 40
0.0224850330882036
 40
0.0224850330882036
 40
0.0224850330882036
 10
-27.1463913289414
 20
-1.788633276743589
 30
64.95000000000001
 10
-27.1645933724596
 20
-1.756191239118
 30
64.95000000000001
 10
-27.20177219983251
 20
-1.68992632137399
 30
64.95000000000001
 10
-27.2064296680152
 20
-1.614034274847679
 30
64.95000000000001
 10
-27.2088069287644
 20
-1.57529752425641
 30
64.95000000000001
  0
SPLINE
  5
31D
330
70
100
AcDbEntity
  8
RFID Module Enclosre 3.2 Face Plate v3_Sketch1
100
AcDbSpline
210
0.0
220
0.0
230
1.0
 70
     8
 71
     3
 72
     9
 73
     5
 74
     0
 42
0.000000001
 43
0.0000000001
 40
0.0
 40
0.0
 40
0.0
 40
0.0
 40
0.0107256263309293
 40
0.0204243036413155
 40
0.0204243036413155
 40
0.0204243036413155
 40
0.0204243036413155
 10
-45.53146452577769
 20
-1.3041515248248
 30
64.95000000000001
 10
-45.56740226076279
 20
-1.305252911439259
 30
64.95000000000001
 10
-45.6358367921245
 20
-1.307350229949719
 30
64.95000000000001
 10
-45.70104538511849
 20
-1.32807540909984
 30
64.95000000000001
 10
-45.732010313589
 20
-1.33791696004361
 30
64.95000000000001
  0
SPLINE
  5
31E
330
70
100
AcDbEntity
  8
RFID Module Enclosre 3.2 Face Plate v3_Sketch1
100
AcDbSpline
210
0.0
220
0.0
230
1.0
 70
     8
 71
     3
 72
     9
 73
     5
 74
     0
 42
0.000000001
 43
0.0000000001
 40
0.0
 40
0.0
 40
0.0
 40
0.0
 40
0.0111040758955642
 40
0.0224322702881827
 40
0.0224322702881827
 40
0.0224322702881827
 40
0.0224322702881827
 10
-44.95847673090159
 20
-2.26390611104458
 30
64.95000000000001
 10
-44.9612680643773
 20
-2.301307063864579
 30
64.95000000000001
 10
-44.9669070700523
 20
-2.376863849551599
 30
64.95000000000001
 10
-45.004137011273
 20
-2.442880396203329
 30
64.95000000000001
 10
-45.02293796213329
 20
-2.47621845178097
 30
64.95000000000001
  0
SPLINE
  5
31F
330
70
100
AcDbEntity
  8
RFID Module Enclosre 3.2 Face Plate v3_Sketch1
100
AcDbSpline
210
0.0
220
0.0
230
1.0
 70
     8
 71
     3
 72
     9
 73
     5
 74
     0
 42
0.000000001
 43
0.0000000001
 40
0.0
 40
0.0
 40
0.0
 40
0.0
 40
0.0075098851902401
 40
0.0148822459630175
 40
0.0148822459630175
 40
0.0148822459630175
 40
0.0148822459630175
 10
-45.14981360109509
 20
-2.27720763258427
 30
64.95000000000001
 10
-45.1521526018283
 20
-2.251539369962749
 30
64.95000000000001
 10
-45.1567877704543
 20
-2.200672893565319
 30
64.95000000000001
 10
-45.1911253955667
 20
-2.162903000171279
 30
64.95000000000001
 10
-45.2081355539149
 20
-2.144192566199
 30
64.95000000000001
  0
SPLINE
  5
320
330
70
100
AcDbEntity
  8
RFID Module Enclosre 3.2 Face Plate v3_Sketch1
100
AcDbSpline
210
0.0
220
0.0
230
1.0
 70
     8
 71
     3
 72
     9
 73
     5
 74
     0
 42
0.000000001
 43
0.0000000001
 40
0.0
 40
0.0
 40
0.0
 40
0.0
 40
0.0140337966349149
 40
0.0288430206689281
 40
0.0288430206689281
 40
0.0288430206689281
 40
0.0288430206689281
 10
-44.58705753954109
 20
-1.42591159514874
 30
64.95000000000001
 10
-44.5660008104059
 20
-1.383289652981039
 30
64.95000000000001
 10
-44.5227238776223
 20
-1.29569072370524
 30
64.95000000000001
 10
-44.44320150016991
 20
-1.238744696855589
 30
64.95000000000001
 10
-44.4023713556117
 20
-1.20950620345563
 30
64.95000000000001
  0
SPLINE
  5
321
330
70
100
AcDbEntity
  8
RFID Module Enclosre 3.2 Face Plate v3_Sketch1
100
AcDbSpline
210
0.0
220
0.0
230
1.0
 70
     8
 71
     3
 72
     9
 73
     5
 74
     0
 42
0.000000001
 43
0.0000000001
 40
0.0
 40
0.0
 40
0.0
 40
0.0
 40
0.0166561794287392
 40
0.0363736466507915
 40
0.0363736466507915
 40
0.0363736466507915
 40
0.0363736466507915
 10
-44.4023713556117
 20
-1.20950620345563
 30
64.95000000000001
 10
-44.3517724184512
 20
-1.185229364624609
 30
64.95000000000001
 10
-44.24127481790271
 20
-1.13221377595281
 30
64.95000000000001
 10
-44.11848841954469
 20
-1.12825954248047
 30
64.95000000000001
 10
-44.0519282308406
 20
-1.126116027159389
 30
64.95000000000001
  0
SPLINE
  5
322
330
70
100
AcDbEntity
  8
RFID Module Enclosre 3.2 Face Plate v3_Sketch1
100
AcDbSpline
210
0.0
220
0.0
230
1.0
 70
     8
 71
     3
 72
     9
 73
     5
 74
     0
 42
0.000000001
 43
0.0000000001
 40
0.0
 40
0.0
 40
0.0
 40
0.0
 40
0.0072735246284007
 40
0.0162937496146574
 40
0.0162937496146574
 40
0.0162937496146574
 40
0.0162937496146574
 10
-45.862978407461
 20
-1.68222110442608
 30
64.95000000000001
 10
-45.84571708661679
 20
-1.69958381337039
 30
64.95000000000001
 10
-45.8070492255422
 20
-1.73847879848752
 30
64.95000000000001
 10
-45.7561150400314
 20
-1.759236066306469
 30
64.95000000000001
 10
-45.72791785867869
 20
-1.770727296395
 30
64.95000000000001
  0
SPLINE
  5
323
330
70
100
AcDbEntity
  8
RFID Module Enclosre 3.2 Face Plate v3_Sketch1
100
AcDbSpline
210
0.0
220
0.0
230
1.0
 70
     8
 71
     3
 72
     9
 73
     5
 74
     0
 42
0.000000001
 43
0.0000000001
 40
0.0
 40
0.0
 40
0.0
 40
0.0
 40
0.012240438708843
 40
0.0275302283849157
 40
0.0275302283849157
 40
0.0275302283849157
 40
0.0275302283849157
 10
-45.7560548272914
 20
-2.42966320089787
 30
64.95000000000001
 10
-45.7204023045807
 20
-2.450784966085609
 30
64.95000000000001
 10
-45.6402154651976
 20
-2.498290372823269
 30
64.95000000000001
 10
-45.5466143883417
 20
-2.500874667558299
 30
64.95000000000001
 10
-45.4946300473994
 20
-2.50230993799657
 30
64.95000000000001
  0
LINE
  5
324
330
70
100
AcDbEntity
  8
RFID Module Enclosre 3.2 Face Plate v3_Sketch1
100
AcDbLine
 10
-43.4584769693202
 20
-1.78505208067387
 30
64.95000000000001
 11
-43.4584769693202
 21
-2.65169601611584
 31
64.95000000000001
  0
SPLINE
  5
325
330
70
100
AcDbEntity
  8
RFID Module Enclosre 3.2 Face Plate v3_Sketch1
100
AcDbSpline
210
0.0
220
0.0
230
1.0
 70
     8
 71
     3
 72
     9
 73
     5
 74
     0
 42
0.000000001
 43
0.0000000001
 40
0.0
 40
0.0
 40
0.0
 40
0.0
 40
0.0105297646334358
 40
0.0224011782017094
 40
0.0224011782017094
 40
0.0224011782017094
 40
0.0224011782017094
 10
-43.81812901170909
 20
-1.35531138352841
 30
64.95000000000001
 10
-43.85041614276659
 20
-1.34070246478113
 30
64.95000000000001
 10
-43.9191042665396
 20
-1.309623233327769
 30
64.95000000000001
 10
-43.99455146595371
 20
-1.30671574710938
 30
64.95000000000001
 10
-44.03453440340221
 20
-1.30517493657559
 30
64.95000000000001
  0
SPLINE
  5
326
330
70
100
AcDbEntity
  8
RFID Module Enclosre 3.2 Face Plate v3_Sketch1
100
AcDbSpline
210
0.0
220
0.0
230
1.0
 70
     8
 71
     3
 72
     9
 73
     5
 74
     0
 42
0.000000001
 43
0.0000000001
 40
0.0
 40
0.0
 40
0.0
 40
0.0
 40
0.0189134125750492
 40
0.0334253092085467
 40
0.0334253092085467
 40
0.0334253092085467
 40
0.0334253092085467
 10
-44.03453440340221
 20
-1.30517493657559
 30
64.95000000000001
 10
-44.0994053179632
 20
-1.30663651958828
 30
64.95000000000001
 10
-44.2140504339219
 20
-1.309219547053019
 30
64.95000000000001
 10
-44.30647896260789
 20
-1.375603313442399
 30
64.95000000000001
 10
-44.3466076341456
 20
-1.40442441873044
 30
64.95000000000001
  0
SPLINE
  5
327
330
70
100
AcDbEntity
  8
RFID Module Enclosre 3.2 Face Plate v3_Sketch1
100
AcDbSpline
210
0.0
220
0.0
230
1.0
 70
     8
 71
     3
 72
     9
 73
     5
 74
     0
 42
0.000000001
 43
0.0000000001
 40
0.0
 40
0.0
 40
0.0
 40
0.0
 40
0.0140347678090262
 40
0.0284740683179207
 40
0.0284740683179207
 40
0.0284740683179207
 40
0.0284740683179207
 10
-44.98354525240119
 20
-1.364008297247589
 30
64.95000000000001
 10
-44.9605366248457
 20
-1.40538927847446
 30
64.95000000000001
 10
-44.91385617798449
 20
-1.48934399026946
 30
64.95000000000001
 10
-44.9054444186942
 20
-1.58507429950051
 30
64.95000000000001
 10
-44.90117878587899
 20
-1.63361947707623
 30
64.95000000000001
  0
SPLINE
  5
328
330
70
100
AcDbEntity
  8
RFID Module Enclosre 3.2 Face Plate v3_Sketch1
100
AcDbSpline
210
0.0
220
0.0
230
1.0
 70
     8
 71
     3
 72
     9
 73
     5
 74
     0
 42
0.000000001
 43
0.0000000001
 40
0.0
 40
0.0
 40
0.0
 40
0.0
 40
0.0090014250082813
 40
0.0192702565959714
 40
0.0192702565959714
 40
0.0192702565959714
 40
0.0192702565959714
 10
-45.1503262010402
 20
-1.4653043048808
 30
64.95000000000001
 10
-45.16976612773681
 20
-1.44199198170459
 30
64.95000000000001
 10
-45.2113831356335
 20
-1.39208494486981
 30
64.95000000000001
 10
-45.2700067214395
 20
-1.36375630684196
 30
64.95000000000001
 10
-45.30124635370429
 20
-1.34866039924115
 30
64.95000000000001
  0
SPLINE
  5
329
330
70
100
AcDbEntity
  8
RFID Module Enclosre 3.2 Face Plate v3_Sketch1
100
AcDbSpline
210
0.0
220
0.0
230
1.0
 70
     8
 71
     3
 72
     9
 73
     5
 74
     0
 42
0.000000001
 43
0.0000000001
 40
0.0
 40
0.0
 40
0.0
 40
0.0
 40
0.0143424699744067
 40
0.0296716307544282
 40
0.0296716307544282
 40
0.0296716307544282
 40
0.0296716307544282
 10
-26.94328850186931
 20
-1.18494968585461
 30
64.95000000000001
 10
-26.8983061322133
 20
-1.16779522516753
 30
64.95000000000001
 10
-26.8052468289501
 20
-1.13230616197223
 30
64.95000000000001
 10
-26.7056764876385
 20
-1.128224647220509
 30
64.95000000000001
 10
-26.654235777031
 20
-1.126116027159389
 30
64.95000000000001
  0
SPLINE
  5
32A
330
70
100
AcDbEntity
  8
RFID Module Enclosre 3.2 Face Plate v3_Sketch1
100
AcDbSpline
210
0.0
220
0.0
230
1.0
 70
     8
 71
     3
 72
     9
 73
     5
 74
     0
 42
0.000000001
 43
0.0000000001
 40
0.0
 40
0.0
 40
0.0
 40
0.0
 40
0.0136229300262719
 40
0.0281318706378962
 40
0.0281318706378962
 40
0.0281318706378962
 40
0.0281318706378962
 10
-45.2112051931208
 20
-2.62611623577565
 30
64.95000000000001
 10
-45.25437427019901
 20
-2.641033638046809
 30
64.95000000000001
 10
-45.34352006259299
 20
-2.67183864329433
 30
64.95000000000001
 10
-45.4378127382431
 20
-2.67542575350404
 30
64.95000000000001
 10
-45.486443945486
 20
-2.67727579645604
 30
64.95000000000001
  0
SPLINE
  5
32B
330
70
100
AcDbEntity
  8
RFID Module Enclosre 3.2 Face Plate v3_Sketch1
100
AcDbSpline
210
0.0
220
0.0
230
1.0
 70
     8
 71
     3
 72
     9
 73
     5
 74
     0
 42
0.000000001
 43
0.0000000001
 40
0.0
 40
0.0
 40
0.0
 40
0.0
 40
0.0156524757052302
 40
0.0274233436640894
 40
0.0274233436640894
 40
0.0274233436640894
 40
0.0274233436640894
 10
-45.4946300473994
 20
-2.50230993799657
 30
64.95000000000001
 10
-45.4414483093028
 20
-2.501502028364159
 30
64.95000000000001
 10
-45.34827320346379
 20
-2.50008656004361
 30
64.95000000000001
 10
-45.2670461768606
 20
-2.45546630194938
 30
64.95000000000001
 10
-45.2321812597102
 20
-2.43631403617352
 30
64.95000000000001
  0
SPLINE
  5
32C
330
70
100
AcDbEntity
  8
RFID Module Enclosre 3.2 Face Plate v3_Sketch1
100
AcDbSpline
210
0.0
220
0.0
230
1.0
 70
     8
 71
     3
 72
     9
 73
     5
 74
     0
 42
0.000000001
 43
0.0000000001
 40
0.0
 40
0.0
 40
0.0
 40
0.0
 40
0.0116174411241235
 40
0.0319324003718089
 40
0.0319324003718089
 40
0.0319324003718089
 40
0.0319324003718089
 10
-45.2081355539149
 20
-2.144192566199
 30
64.95000000000001
 10
-45.2421101117737
 20
-2.12525823676093
 30
64.95000000000001
 10
-45.3354946335813
 20
-2.07321419522647
 30
64.95000000000001
 10
-45.44057152282749
 20
-2.05124529919247
 30
64.95000000000001
 10
-45.5074200120753
 20
-2.037268986029329
 30
64.95000000000001
  0
SPLINE
  5
32D
330
70
100
AcDbEntity
  8
RFID Module Enclosre 3.2 Face Plate v3_Sketch1
100
AcDbSpline
210
0.0
220
0.0
230
1.0
 70
     8
 71
     3
 72
     9
 73
     5
 74
     0
 42
0.000000001
 43
0.0000000001
 40
0.0
 40
0.0
 40
0.0
 40
0.0
 40
0.0192450844178669
 40
0.0355073135300228
 40
0.0355073135300228
 40
0.0355073135300228
 40
0.0355073135300228
 10
-44.0519282308406
 20
-1.126116027159389
 30
64.95000000000001
 10
-43.98713703856979
 20
-1.12798583486083
 30
64.95000000000001
 10
-43.86759684181139
 20
-1.131435642970489
 30
64.95000000000001
 10
-43.75752534751749
 20
-1.17761347423232
 30
64.95000000000001
 10
-43.7071129766291
 20
-1.19876276425809
 30
64.95000000000001
  0
LINE
  5
32E
330
70
100
AcDbEntity
  8
RFID Module Enclosre 3.2 Face Plate v3_Sketch1
100
AcDbLine
 10
-43.4584769693202
 20
-2.65169601611584
 30
64.95000000000001
 11
-43.6569759336299
 21
-2.65169601611584
 31
64.95000000000001
  0
SPLINE
  5
32F
330
70
100
AcDbEntity
  8
RFID Module Enclosre 3.2 Face Plate v3_Sketch1
100
AcDbSpline
210
0.0
220
0.0
230
1.0
 70
     8
 71
     3
 72
     9
 73
     5
 74
     0
 42
0.000000001
 43
0.0000000001
 40
0.0
 40
0.0
 40
0.0
 40
0.0
 40
0.018770410862831
 40
0.0348121034657213
 40
0.0348121034657213
 40
0.0348121034657213
 40
0.0348121034657213
 10
-45.54067344339549
 20
-1.126116027159389
 30
64.95000000000001
 10
-45.47769164392509
 20
-1.127714473776759
 30
64.95000000000001
 10
-45.3608839226854
 20
-1.130678995407899
 30
64.95000000000001
 10
-45.25036571043369
 20
-1.16818043278914
 30
64.95000000000001
 10
-45.1994380441493
 20
-1.18546139173001
 30
64.95000000000001
  0
SPLINE
  5
330
330
70
100
AcDbEntity
  8
RFID Module Enclosre 3.2 Face Plate v3_Sketch1
100
AcDbSpline
210
0.0
220
0.0
230
1.0
 70
     8
 71
     3
 72
     9
 73
     5
 74
     0
 42
0.000000001
 43
0.0000000001
 40
0.0
 40
0.0
 40
0.0
 40
0.0
 40
0.0104809458479907
 40
0.0196163481995746
 40
0.0196163481995746
 40
0.0196163481995746
 40
0.0196163481995746
 10
-45.08842200906929
 20
-1.64999078683346
 30
64.95000000000001
 10
-45.09370392345309
 20
-1.61512082920873
 30
64.95000000000001
 10
-45.1035896602193
 20
-1.54985751801605
 30
64.95000000000001
 10
-45.1354764233141
 20
-1.49216971680538
 30
64.95000000000001
 10
-45.1503262010402
 20
-1.4653043048808
 30
64.95000000000001
  0
SPLINE
  5
331
330
70
100
AcDbEntity
  8
RFID Module Enclosre 3.2 Face Plate v3_Sketch1
100
AcDbSpline
210
0.0
220
0.0
230
1.0
 70
     8
 71
     3
 72
     9
 73
     5
 74
     0
 42
0.000000001
 43
0.0000000001
 40
0.0
 40
0.0
 40
0.0
 40
0.0
 40
0.011372381549438
 40
0.0235736309326964
 40
0.0235736309326964
 40
0.0235736309326964
 40
0.0235736309326964
 10
-45.30124635370429
 20
-1.34866039924115
 30
64.95000000000001
 10
-45.33711969310771
 20
-1.335682964683639
 30
64.95000000000001
 10
-45.411480974405
 20
-1.30878224460299
 30
64.95000000000001
 10
-45.49054337609789
 20
-1.30573086111715
 30
64.95000000000001
 10
-45.53146452577769
 20
-1.3041515248248
 30
64.95000000000001
  0
SPLINE
  5
332
330
70
100
AcDbEntity
  8
RFID Module Enclosre 3.2 Face Plate v3_Sketch1
100
AcDbSpline
210
0.0
220
0.0
230
1.0
 70
     8
 71
     3
 72
     9
 73
     5
 74
     0
 42
0.000000001
 43
0.0000000001
 40
0.0
 40
0.0
 40
0.0
 40
0.0
 40
0.0182228616672431
 40
0.0304779267584213
 40
0.0304779267584213
 40
0.0304779267584213
 40
0.0304779267584213
 10
-45.4608640161341
 20
-1.84388559035748
 30
64.95000000000001
 10
-45.40164110356119
 20
-1.8580353907769
 30
64.95000000000001
 10
-45.30259016278271
 20
-1.88170107999214
 30
64.95000000000001
 10
-45.2089524601068
 20
-1.92150341983368
 30
64.95000000000001
 10
-45.1713010755366
 20
-1.93750779799908
 30
64.95000000000001
  0
SPLINE
  5
333
330
70
100
AcDbEntity
  8
RFID Module Enclosre 3.2 Face Plate v3_Sketch1
100
AcDbSpline
210
0.0
220
0.0
230
1.0
 70
     8
 71
     3
 72
     9
 73
     5
 74
     0
 42
0.000000001
 43
0.0000000001
 40
0.0
 40
0.0
 40
0.0
 40
0.0
 40
0.0112981504550489
 40
0.02143507009231
 40
0.02143507009231
 40
0.02143507009231
 40
0.02143507009231
 10
-45.1713010755366
 20
-1.93750779799908
 30
64.95000000000001
 10
-45.13831483597761
 20
-1.95656380218101
 30
64.95000000000001
 10
-45.0757327027476
 20
-1.99271722277352
 30
64.95000000000001
 10
-45.03189990537189
 20
-2.05005678639206
 30
64.95000000000001
 10
-45.01117081316169
 20
-2.077173401636779
 30
64.95000000000001
  0
SPLINE
  5
334
330
70
100
AcDbEntity
  8
RFID Module Enclosre 3.2 Face Plate v3_Sketch1
100
AcDbSpline
210
0.0
220
0.0
230
1.0
 70
     8
 71
     3
 72
     9
 73
     5
 74
     0
 42
0.000000001
 43
0.0000000001
 40
0.0
 40
0.0
 40
0.0
 40
0.0
 40
0.0143518480378506
 40
0.0283285847549938
 40
0.0283285847549938
 40
0.0283285847549938
 40
0.0283285847549938
 10
-45.1994380441493
 20
-1.18546139173001
 30
64.95000000000001
 10
-45.15621577377999
 20
-1.20746779626332
 30
64.95000000000001
 10
-45.0709009246936
 20
-1.250905428429609
 30
64.95000000000001
 10
-45.012405622442
 20
-1.32664162647394
 30
64.95000000000001
 10
-44.98354525240119
 20
-1.364008297247589
 30
64.95000000000001
  0
SPLINE
  5
335
330
70
100
AcDbEntity
  8
RFID Module Enclosre 3.2 Face Plate v3_Sketch1
100
AcDbSpline
210
0.0
220
0.0
230
1.0
 70
     8
 71
     3
 72
     9
 73
     5
 74
     0
 42
0.000000001
 43
0.0000000001
 40
0.0
 40
0.0
 40
0.0
 40
0.0
 40
0.0125841962354264
 40
0.0259463025580099
 40
0.0259463025580099
 40
0.0259463025580099
 40
0.0259463025580099
 10
-27.14025205052961
 20
-1.34968381099194
 30
64.95000000000001
 10
-27.11429860101461
 20
-1.31607139656677
 30
64.95000000000001
 10
-27.0607873523865
 20
-1.246768768249089
 30
64.95000000000001
 10
-26.983229882813
 20
-1.205963844790139
 30
64.95000000000001
 10
-26.94328850186931
 20
-1.18494968585461
 30
64.95000000000001
  0
SPLINE
  5
336
330
70
100
AcDbEntity
  8
RFID Module Enclosre 3.2 Face Plate v3_Sketch1
100
AcDbSpline
210
0.0
220
0.0
230
1.0
 70
     8
 71
     3
 72
     9
 73
     5
 74
     0
 42
0.000000001
 43
0.0000000001
 40
0.0
 40
0.0
 40
0.0
 40
0.0
 40
0.0069273791723061
 40
0.0137002208163834
 40
0.0137002208163834
 40
0.0137002208163834
 40
0.0137002208163834
 10
-45.8614441839045
 20
-1.43051575593442
 30
64.95000000000001
 10
-45.8738285803104
 20
-1.45044090775814
 30
64.95000000000001
 10
-45.89832109922969
 20
-1.48984671664995
 30
64.95000000000001
 10
-45.90205877521241
 20
-1.53607372637217
 30
64.95000000000001
 10
-45.90390653284249
 20
-1.5589265125224
 30
64.95000000000001
  0
SPLINE
  5
337
330
70
100
AcDbEntity
  8
RFID Module Enclosre 3.2 Face Plate v3_Sketch1
100
AcDbSpline
210
0.0
220
0.0
230
1.0
 70
     8
 71
     3
 72
     9
 73
     5
 74
     0
 42
0.000000001
 43
0.0000000001
 40
0.0
 40
0.0
 40
0.0
 40
0.0
 40
0.0085761148634599
 40
0.0160828169973156
 40
0.0160828169973156
 40
0.0160828169973156
 40
0.0160828169973156
 10
-45.732010313589
 20
-1.33791696004361
 30
64.95000000000001
 10
-45.7585912376845
 20
-1.349481519900479
 30
64.95000000000001
 10
-45.808438533885
 20
-1.3711685778275
 30
64.95000000000001
 10
-45.8445766240405
 20
-1.411630182809489
 30
64.95000000000001
 10
-45.8614441839045
 20
-1.43051575593442
 30
64.95000000000001
  0
SPLINE
  5
338
330
70
100
AcDbEntity
  8
RFID Module Enclosre 3.2 Face Plate v3_Sketch1
100
AcDbSpline
210
0.0
220
0.0
230
1.0
 70
     8
 71
     3
 72
     9
 73
     5
 74
     0
 42
0.000000001
 43
0.0000000001
 40
0.0
 40
0.0
 40
0.0
 40
0.0
 40
0.0130777713246729
 40
0.0254641558178961
 40
0.0254641558178961
 40
0.0254641558178961
 40
0.0254641558178961
 10
-45.78061194093879
 20
-2.6235581534335
 30
64.95000000000001
 10
-45.8202916915626
 20
-2.604037386375929
 30
64.95000000000001
 10
-45.8975534304029
 20
-2.56602786306358
 30
64.95000000000001
 10
-45.9507014009438
 20
-2.49838038877355
 30
64.95000000000001
 10
-45.97655386598769
 20
-2.465475012583429
 30
64.95000000000001
  0
SPLINE
  5
339
330
70
100
AcDbEntity
  8
RFID Module Enclosre 3.2 Face Plate v3_Sketch1
100
AcDbSpline
210
0.0
220
0.0
230
1.0
 70
     8
 71
     3
 72
     9
 73
     5
 74
     0
 42
0.000000001
 43
0.0000000001
 40
0.0
 40
0.0
 40
0.0
 40
0.0
 40
0.0101500392031377
 40
0.0276981792999331
 40
0.0276981792999331
 40
0.0276981792999331
 40
0.0276981792999331
 10
-45.72791785867869
 20
-1.770727296395
 30
64.95000000000001
 10
-45.6956899338457
 20
-1.78105914952336
 30
64.95000000000001
 10
-45.60774398382299
 20
-1.80925347613852
 30
64.95000000000001
 10
-45.5178293181694
 20
-1.83045401845803
 30
64.95000000000001
 10
-45.4608640161341
 20
-1.84388559035748
 30
64.95000000000001
  0
SPLINE
  5
33A
330
70
100
AcDbEntity
  8
RFID Module Enclosre 3.2 Face Plate v3_Sketch1
100
AcDbSpline
210
0.0
220
0.0
230
1.0
 70
     8
 71
     3
 72
     9
 73
     5
 74
     0
 42
0.000000001
 43
0.0000000001
 40
0.0
 40
0.0
 40
0.0
 40
0.0
 40
0.0129282362037021
 40
0.0243465384010352
 40
0.0243465384010352
 40
0.0243465384010352
 40
0.0243465384010352
 10
-45.85990996034801
 20
-2.214792777819329
 30
64.95000000000001
 10
-45.85275612403839
 20
-2.2584276341629
 30
64.95000000000001
 10
-45.8392839730285
 20
-2.340601079082489
 30
64.95000000000001
 10
-45.782626609012
 20
-2.40122918010511
 30
64.95000000000001
 10
-45.7560548272914
 20
-2.42966320089787
 30
64.95000000000001
  0
SPLINE
  5
33B
330
70
100
AcDbEntity
  8
RFID Module Enclosre 3.2 Face Plate v3_Sketch1
100
AcDbSpline
210
0.0
220
0.0
230
1.0
 70
     8
 71
     3
 72
     9
 73
     5
 74
     0
 42
0.000000001
 43
0.0000000001
 40
0.0
 40
0.0
 40
0.0
 40
0.0
 40
0.0210347618480219
 40
0.0345847879760485
 40
0.0345847879760485
 40
0.0345847879760485
 40
0.0345847879760485
 10
-45.5074200120753
 20
-2.037268986029329
 30
64.95000000000001
 10
-45.5759524137654
 20
-2.021958054578859
 30
64.95000000000001
 10
-45.6886315398265
 20
-1.99678423413077
 30
64.95000000000001
 10
-45.7969909896813
 20
-1.957134844833869
 30
64.95000000000001
 10
-45.8394453016108
 20
-1.941600550932589
 30
64.95000000000001
  0
LINE
  5
33C
330
70
100
AcDbEntity
  8
RFID Module Enclosre 3.2 Face Plate v3_Sketch1
100
AcDbLine
 10
-46.0502228227443
 20
-2.2291175620982
 30
64.95000000000001
 11
-45.859909960348
 21
-2.214792777819329
 31
64.95000000000001
  0
SPLINE
  5
33D
330
70
100
AcDbEntity
  8
RFID Module Enclosre 3.2 Face Plate v3_Sketch1
100
AcDbSpline
210
0.0
220
0.0
230
1.0
 70
     8
 71
     3
 72
     9
 73
     5
 74
     0
 42
0.000000001
 43
0.0000000001
 40
0.0
 40
0.0
 40
0.0
 40
0.0
 40
0.0132813905207676
 40
0.0248899669838277
 40
0.0248899669838277
 40
0.0248899669838277
 40
0.0248899669838277
 10
-45.8394453016108
 20
-1.941600550932589
 30
64.95000000000001
 10
-45.8794177388262
 20
-1.92130845278193
 30
64.95000000000001
 10
-45.9543280158035
 20
-1.883280081263709
 30
64.95000000000001
 10
-46.00786129695641
 20
-1.81873624972537
 30
64.95000000000001
 10
-46.03282899530589
 20
-1.788633276743589
 30
64.95000000000001
  0
LINE
  5
33E
330
70
100
AcDbEntity
  8
RFID Module Enclosre 3.2 Face Plate v3_Sketch1
100
AcDbLine
 10
-44.43971843393499
 20
-1.78607534341305
 30
64.95000000000001
 11
-44.439718433935
 21
-2.65169601611584
 31
64.95000000000001
  0
SPLINE
  5
33F
330
70
100
AcDbEntity
  8
RFID Module Enclosre 3.2 Face Plate v3_Sketch1
100
AcDbSpline
210
0.0
220
0.0
230
1.0
 70
     8
 71
     3
 72
     9
 73
     5
 74
     0
 42
0.000000001
 43
0.0000000001
 40
0.0
 40
0.0
 40
0.0
 40
0.0
 40
0.0110082425858927
 40
0.0224850168804394
 40
0.0224850168804394
 40
0.0224850168804394
 40
0.0224850168804394
 10
-46.03282899530589
 20
-1.788633276743589
 30
64.95000000000001
 10
-46.05103113227229
 20
-1.75619125223976
 30
64.95000000000001
 10
-46.08821012371961
 20
-1.68992640906315
 30
64.95000000000001
 10
-46.0928666332464
 20
-1.61403428674883
 30
64.95000000000001
 10
-46.09524340303599
 20
-1.57529752425641
 30
64.95000000000001
  0
SPLINE
  5
340
330
70
100
AcDbEntity
  8
RFID Module Enclosre 3.2 Face Plate v3_Sketch1
100
AcDbSpline
210
0.0
220
0.0
230
1.0
 70
     8
 71
     3
 72
     9
 73
     5
 74
     0
 42
0.000000001
 43
0.0000000001
 40
0.0
 40
0.0
 40
0.0
 40
0.0
 40
0.0145233305917552
 40
0.0288697273030267
 40
0.0288697273030267
 40
0.0288697273030267
 40
0.0288697273030267
 10
-43.7071129766291
 20
-1.19876276425809
 30
64.95000000000001
 10
-43.66569051584839
 20
-1.225543436248089
 30
64.95000000000001
 10
-43.58335023312839
 20
-1.27877851841183
 30
64.95000000000001
 10
-43.53820859549069
 20
-1.36578984658851
 30
64.95000000000001
 10
-43.5157761064357
 20
-1.40902887753934
 30
64.95000000000001
  0
SPLINE
  5
341
330
70
100
AcDbEntity
  8
RFID Module Enclosre 3.2 Face Plate v3_Sketch1
100
AcDbSpline
210
0.0
220
0.0
230
1.0
 70
     8
 71
     3
 72
     9
 73
     5
 74
     0
 42
0.000000001
 43
0.0000000001
 40
0.0
 40
0.0
 40
0.0
 40
0.0
 40
0.0117516532180564
 40
0.0238354624951829
 40
0.0238354624951829
 40
0.0238354624951829
 40
0.0238354624951829
 10
-27.2088069287644
 20
-1.57529752425641
 30
64.95000000000001
 10
-27.205794535043
 20
-1.535729662092319
 30
64.95000000000001
 10
-27.1996846034244
 20
-1.455475567019339
 30
64.95000000000001
 10
-27.1602460982538
 20
-1.38527382548419
 30
64.95000000000001
 10
-27.14025205052961
 20
-1.34968381099194
 30
64.95000000000001
  0
SPLINE
  5
342
330
70
100
AcDbEntity
  8
RFID Module Enclosre 3.2 Face Plate v3_Sketch1
100
AcDbSpline
210
0.0
220
0.0
230
1.0
 70
     8
 71
     3
 72
     9
 73
     5
 74
     0
 42
0.000000001
 43
0.0000000001
 40
0.0
 40
0.0
 40
0.0
 40
0.0
 40
0.0157505435252809
 40
0.0300533043886674
 40
0.0300533043886674
 40
0.0300533043886674
 40
0.0300533043886674
 10
-45.486443945486
 20
-2.67727579645604
 30
64.95000000000001
 10
-45.5392615527891
 20
-2.675501621220599
 30
64.95000000000001
 10
-45.6400417974082
 20
-2.672116352115209
 30
64.95000000000001
 10
-45.7352846303213
 20
-2.63921590620654
 30
64.95000000000001
 10
-45.78061194093879
 20
-2.6235581534335
 30
64.95000000000001
  0
SPLINE
  5
343
330
70
100
AcDbEntity
  8
RFID Module Enclosre 3.2 Face Plate v3_Sketch1
100
AcDbSpline
210
0.0
220
0.0
230
1.0
 70
     8
 71
     3
 72
     9
 73
     5
 74
     0
 42
0.000000001
 43
0.0000000001
 40
0.0
 40
0.0
 40
0.0
 40
0.0
 40
0.0074745060260113
 40
0.0171686423926073
 40
0.0171686423926073
 40
0.0171686423926073
 40
0.0171686423926073
 10
60.4762928593767
 20
-2.24548864833802
 30
64.95000000000001
 10
60.49786750060781
 20
-2.258762214354689
 30
64.95000000000001
 10
60.5474235915063
 20
-2.28925106638343
 30
64.95000000000001
 10
60.60593995900291
 20
-2.29049118228282
 30
64.95000000000001
 10
60.6389807570589
 20
-2.29119140378922
 30
64.95000000000001
  0
SPLINE
  5
344
330
70
100
AcDbEntity
  8
RFID Module Enclosre 3.2 Face Plate v3_Sketch1
100
AcDbSpline
210
0.0
220
0.0
230
1.0
 70
     8
 71
     3
 72
     9
 73
     5
 74
     0
 42
0.000000001
 43
0.0000000001
 40
0.0
 40
0.0
 40
0.0
 40
0.0
 40
0.0219334919446134
 40
0.0478440735758835
 40
0.0478440735758835
 40
0.0478440735758835
 40
0.0478440735758835
 10
56.324330180302
 20
-1.45353775195569
 30
64.95000000000001
 10
56.28217917105921
 20
-1.51502749127616
 30
64.95000000000001
 10
56.1902341222451
 20
-1.64915659482427
 30
64.95000000000001
 10
56.1833023847609
 20
-1.81231315945929
 30
64.95000000000001
 10
56.17954841198
 20
-1.90067272357434
 30
64.95000000000001
  0
CIRCLE
  5
345
330
70
100
AcDbEntity
  8
RFID Module Enclosre 3.2 Face Plate v3_Sketch1
100
AcDbCircle
 10
-0.525399176843837
 20
24.5561334111863
 30
64.95000000000001
 40
4.4102887956102
  0
SPLINE
  5
346
330
70
100
AcDbEntity
  8
RFID Module Enclosre 3.2 Face Plate v3_Sketch1
100
AcDbSpline
210
0.0
220
0.0
230
1.0
 70
     8
 71
     3
 72
     9
 73
     5
 74
     0
 42
0.000000001
 43
0.0000000001
 40
0.0
 40
0.0
 40
0.0
 40
0.0
 40
0.0072061639026247
 40
0.018594039448604
 40
0.018594039448604
 40
0.018594039448604
 40
0.018594039448604
 10
57.97934374155079
 20
-2.46138225964993
 30
64.95000000000001
 10
58.00309016483601
 20
-2.465216057058159
 30
64.95000000000001
 10
58.06436297756899
 20
-2.47510839106691
 30
64.95000000000001
 10
58.12649133815291
 20
-2.47484496614766
 30
64.95000000000001
 10
58.16454170586151
 20
-2.47468363217801
 30
64.95000000000001
  0
SPLINE
  5
347
330
70
100
AcDbEntity
  8
RFID Module Enclosre 3.2 Face Plate v3_Sketch1
100
AcDbSpline
210
0.0
220
0.0
230
1.0
 70
     8
 71
     3
 72
     9
 73
     5
 74
     0
 42
0.000000001
 43
0.0000000001
 40
0.0
 40
0.0
 40
0.0
 40
0.0
 40
0.0224352678621962
 40
0.0517031004290919
 40
0.0517031004290919
 40
0.0517031004290919
 40
0.0517031004290919
 10
57.0528431826977
 20
-2.36264418534726
 30
64.95000000000001
 10
57.0969648551617
 20
-2.30033740418685
 30
64.95000000000001
 10
57.19864526640179
 20
-2.156748578613779
 30
64.95000000000001
 10
57.20256712694251
 20
-1.979513942045499
 30
64.95000000000001
 10
57.20478719414749
 20
-1.879185845179259
 30
64.95000000000001
  0
LINE
  5
348
330
70
100
AcDbEntity
  8
RFID Module Enclosre 3.2 Face Plate v3_Sketch1
100
AcDbLine
 10
58.16454170586151
 20
-2.47468363217801
 30
64.95000000000001
 11
58.5482387834934
 21
-2.47468363217801
 31
64.95000000000001
  0
SPLINE
  5
349
330
70
100
AcDbEntity
  8
RFID Module Enclosre 3.2 Face Plate v3_Sketch1
100
AcDbSpline
210
0.0
220
0.0
230
1.0
 70
     8
 71
     3
 72
     9
 73
     5
 74
     0
 42
0.000000001
 43
0.0000000001
 40
0.0
 40
0.0
 40
0.0
 40
0.0
 40
0.0201758417859847
 40
0.0406941776195126
 40
0.0406941776195126
 40
0.0406941776195126
 40
0.0406941776195126
 10
57.0589823120979
 20
-1.45200293235272
 30
64.95000000000001
 10
57.0069859868084
 20
-1.406493042272369
 30
64.95000000000001
 10
56.90211067506971
 20
-1.31470071112607
 30
64.95000000000001
 10
56.7632206315777
 20
-1.30224585757186
 30
64.95000000000001
 10
56.69319114030869
 20
-1.29596601895779
 30
64.95000000000001
  0
SPLINE
  5
34A
330
70
100
AcDbEntity
  8
RFID Module Enclosre 3.2 Face Plate v3_Sketch1
100
AcDbSpline
210
0.0
220
0.0
230
1.0
 70
     8
 71
     3
 72
     9
 73
     5
 74
     0
 42
0.000000001
 43
0.0000000001
 40
0.0
 40
0.0
 40
0.0
 40
0.0
 40
0.0098852679323242
 40
0.019603127593369
 40
0.019603127593369
 40
0.019603127593369
 40
0.019603127593369
 10
51.34598722995789
 20
-2.24241893462628
 30
64.95000000000001
 10
51.34909480644999
 20
-2.27621279772918
 30
64.95000000000001
 10
51.3552573322303
 20
-2.34322822055984
 30
64.95000000000001
 10
51.40070744074491
 20
-2.392807167598439
 30
64.95000000000001
 10
51.4232384258655
 20
-2.417384942097359
 30
64.95000000000001
  0
SPLINE
  5
34B
330
70
100
AcDbEntity
  8
RFID Module Enclosre 3.2 Face Plate v3_Sketch1
100
AcDbSpline
210
0.0
220
0.0
230
1.0
 70
     8
 71
     3
 72
     9
 73
     5
 74
     0
 42
0.000000001
 43
0.0000000001
 40
0.0
 40
0.0
 40
0.0
 40
0.0
 40
0.0080968171076846
 40
0.0143618311907865
 40
0.0143618311907865
 40
0.0143618311907865
 40
0.0143618311907865
 10
60.67104030734419
 20
-1.96035910121888
 30
64.95000000000001
 10
60.64391469158881
 20
-1.96065453724848
 30
64.95000000000001
 10
60.59580028944231
 20
-1.96117857062213
 30
64.95000000000001
 10
60.5493993396913
 20
-1.973668943139079
 30
64.95000000000001
 10
60.5291580069673
 20
-1.979117576999369
 30
64.95000000000001
  0
LINE
  5
34C
330
70
100
AcDbEntity
  8
RFID Module Enclosre 3.2 Face Plate v3_Sketch1
100
AcDbLine
 10
86.21355744186649
 20
-2.28368792407006
 30
64.95000000000001
 11
86.4693555432917
 21
-2.28368792407006
 31
64.95000000000001
  0
SPLINE
  5
34D
330
70
100
AcDbEntity
  8
RFID Module Enclosre 3.2 Face Plate v3_Sketch1
100
AcDbSpline
210
0.0
220
0.0
230
1.0
 70
     8
 71
     3
 72
     9
 73
     5
 74
     0
 42
0.000000001
 43
0.0000000001
 40
0.0
 40
0.0
 40
0.0
 40
0.0
 40
0.0070257983752511
 40
0.0148339021296086
 40
0.0148339021296086
 40
0.0148339021296086
 40
0.0148339021296086
 10
86.02870078865299
 20
-1.97400171033829
 30
64.95000000000001
 10
86.0129953003731
 20
-1.99223180842899
 30
64.95000000000001
 10
85.9798355562985
 20
-2.030721881221719
 30
64.95000000000001
 10
85.97654452540352
 20
-2.081600210970599
 30
64.95000000000001
 10
85.97481222931159
 20
-2.10838097803086
 30
64.95000000000001
  0
SPLINE
  5
34E
330
70
100
AcDbEntity
  8
RFID Module Enclosre 3.2 Face Plate v3_Sketch1
100
AcDbSpline
210
0.0
220
0.0
230
1.0
 70
     8
 71
     3
 72
     9
 73
     5
 74
     0
 42
0.000000001
 43
0.0000000001
 40
0.0
 40
0.0
 40
0.0
 40
0.0
 40
0.0070257898033228
 40
0.0148338884155147
 40
0.0148338884155147
 40
0.0148338884155147
 40
0.0148338884155147
 10
64.78563834315662
 20
-1.97400171033829
 30
64.95000000000001
 10
64.7699328952643
 20
-1.99223181177016
 30
64.95000000000001
 10
64.73677322666159
 20
-2.03072190299321
 30
64.95000000000001
 10
64.73348241303781
 20
-2.08160021381244
 30
64.95000000000001
 10
64.73175023085
 20
-2.10838097803086
 30
64.95000000000001
  0
SPLINE
  5
34F
330
70
100
AcDbEntity
  8
RFID Module Enclosre 3.2 Face Plate v3_Sketch1
100
AcDbSpline
210
0.0
220
0.0
230
1.0
 70
     8
 71
     3
 72
     9
 73
     5
 74
     0
 42
0.000000001
 43
0.0000000001
 40
0.0
 40
0.0
 40
0.0
 40
0.0
 40
0.0058773971680242
 40
0.0113422255364095
 40
0.0113422255364095
 40
0.0113422255364095
 40
0.0113422255364095
 10
85.97481222931159
 20
-2.10838097803086
 30
64.95000000000001
 10
85.9759306793858
 20
-2.128252950259279
 30
64.95000000000001
 10
85.97808906899761
 20
-2.16660196503989
 30
64.95000000000001
 10
85.9972833760638
 20
-2.1998140908724
 30
64.95000000000001
 10
86.0065314370753
 20
-2.21581611506432
 30
64.95000000000001
  0
LINE
  5
350
330
70
100
AcDbEntity
  8
RFID Module Enclosre 3.2 Face Plate v3_Sketch1
100
AcDbLine
 10
-68.8871687990631
 20
-1.605993320269289
 30
64.95000000000001
 11
-68.2599515062775
 21
-1.605993320269289
 31
64.95000000000001
  0
SPLINE
  5
351
330
70
100
AcDbEntity
  8
RFID Module Enclosre 3.2 Face Plate v3_Sketch1
100
AcDbSpline
210
0.0
220
0.0
230
1.0
 70
     8
 71
     3
 72
     9
 73
     5
 74
     0
 42
0.000000001
 43
0.0000000001
 40
0.0
 40
0.0
 40
0.0
 40
0.0
 40
0.0048040945107364
 40
0.0123960167964143
 40
0.0123960167964143
 40
0.0123960167964143
 40
0.0123960167964143
 10
64.8470299351823
 20
-2.274820243043599
 30
64.95000000000001
 10
64.86286083445449
 20
-2.277376103481679
 30
64.95000000000001
 10
64.9037093425014
 20
-2.283970996410809
 30
64.95000000000001
 10
64.9451282166968
 20
-2.28379544206896
 30
64.95000000000001
 10
64.9704951453817
 20
-2.28368792407006
 30
64.95000000000001
  0
SPLINE
  5
352
330
70
100
AcDbEntity
  8
RFID Module Enclosre 3.2 Face Plate v3_Sketch1
100
AcDbSpline
210
0.0
220
0.0
230
1.0
 70
     8
 71
     3
 72
     9
 73
     5
 74
     0
 42
0.000000001
 43
0.0000000001
 40
0.0
 40
0.0
 40
0.0
 40
0.0
 40
0.0149568341613348
 40
0.0344687330340109
 40
0.0344687330340109
 40
0.0344687330340109
 40
0.0344687330340109
 10
64.2293627966058
 20
-2.20899481050461
 30
64.95000000000001
 10
64.25877722084689
 20
-2.167456987469719
 30
64.95000000000001
 10
64.3265641552729
 20
-2.071731106072649
 30
64.95000000000001
 10
64.329178747898
 20
-1.953574684069689
 30
64.95000000000001
 10
64.3306588042391
 20
-1.88668925039261
 30
64.95000000000001
  0
LINE
  5
353
330
70
100
AcDbEntity
  8
RFID Module Enclosre 3.2 Face Plate v3_Sketch1
100
AcDbLine
 10
58.5482387834934
 20
-1.93853091172665
 30
64.95000000000001
 11
58.1604488784221
 21
-1.93853091172665
 31
64.95000000000001
  0
SPLINE
  5
354
330
70
100
AcDbEntity
  8
RFID Module Enclosre 3.2 Face Plate v3_Sketch1
100
AcDbSpline
210
0.0
220
0.0
230
1.0
 70
     8
 71
     3
 72
     9
 73
     5
 74
     0
 42
0.000000001
 43
0.0000000001
 40
0.0
 40
0.0
 40
0.0
 40
0.0
 40
0.02450946021093
 40
0.0459837357876417
 40
0.0459837357876417
 40
0.0459837357876417
 40
0.0459837357876417
 10
57.20478719414749
 20
-1.879185845179259
 30
64.95000000000001
 10
57.20048601237199
 20
-1.79560389470703
 30
64.95000000000001
 10
57.19241629542871
 20
-1.638790554304829
 30
64.95000000000001
 10
57.10145907759091
 20
-1.51146405175118
 30
64.95000000000001
 10
57.0589823120979
 20
-1.45200293235272
 30
64.95000000000001
  0
SPLINE
  5
355
330
70
100
AcDbEntity
  8
RFID Module Enclosre 3.2 Face Plate v3_Sketch1
100
AcDbSpline
210
0.0
220
0.0
230
1.0
 70
     8
 71
     3
 72
     9
 73
     5
 74
     0
 42
0.000000001
 43
0.0000000001
 40
0.0
 40
0.0
 40
0.0
 40
0.0
 40
0.0172209443792933
 40
0.0327544956751827
 40
0.0327544956751827
 40
0.0327544956751827
 40
0.0327544956751827
 10
56.17954841198
 20
-1.90067272357434
 30
64.95000000000001
 10
56.1815528691412
 20
-1.95847233878861
 30
64.95000000000001
 10
56.18536537686271
 20
-2.068408077785569
 30
64.95000000000001
 10
56.2234095651769
 20
-2.17152024812162
 30
64.95000000000001
 10
56.2414517098812
 20
-2.2204203503558
 30
64.95000000000001
  0
SPLINE
  5
356
330
70
100
AcDbEntity
  8
RFID Module Enclosre 3.2 Face Plate v3_Sketch1
100
AcDbSpline
210
0.0
220
0.0
230
1.0
 70
     8
 71
     3
 72
     9
 73
     5
 74
     0
 42
0.000000001
 43
0.0000000001
 40
0.0
 40
0.0
 40
0.0
 40
0.0
 40
0.0138497963922478
 40
0.0280817855254259
 40
0.0280817855254259
 40
0.0280817855254259
 40
0.0280817855254259
 10
56.42255654872929
 20
-2.43222128324002
 30
64.95000000000001
 10
56.46383360216041
 20
-2.454154870430699
 30
64.95000000000001
 10
56.547526771991
 20
-2.498627314201539
 30
64.95000000000001
 10
56.64216060299001
 20
-2.50446658305527
 30
64.95000000000001
 10
56.6901215011028
 20
-2.507425953669249
 30
64.95000000000001
  0
LINE
  5
357
330
70
100
AcDbEntity
  8
RFID Module Enclosre 3.2 Face Plate v3_Sketch1
100
AcDbLine
 10
51.6672693783191
 20
-2.48593877725094
 30
64.95000000000001
 11
52.14203110279121
 21
-2.48593877725094
 31
64.95000000000001
  0
LINE
  5
358
330
70
100
AcDbEntity
  8
RFID Module Enclosre 3.2 Face Plate v3_Sketch1
100
AcDbLine
 10
65.2262932468069
 20
-1.92625272743195
 30
64.95000000000001
 11
64.9677665937555
 21
-1.92625272743195
 31
64.95000000000001
  0
SPLINE
  5
359
330
70
100
AcDbEntity
  8
RFID Module Enclosre 3.2 Face Plate v3_Sketch1
100
AcDbSpline
210
0.0
220
0.0
230
1.0
 70
     8
 71
     3
 72
     9
 73
     5
 74
     0
 42
0.000000001
 43
0.0000000001
 40
0.0
 40
0.0
 40
0.0
 40
0.0
 40
0.013450558309572
 40
0.0271294488652572
 40
0.0271294488652572
 40
0.0271294488652572
 40
0.0271294488652572
 10
64.2334555495393
 20
-1.6019007908532
 30
64.95000000000001
 10
64.1987913301417
 20
-1.57156088480962
 30
64.95000000000001
 10
64.12887444297919
 20
-1.51036603247399
 30
64.95000000000001
 10
64.0362810940576
 20
-1.50206279301057
 30
64.95000000000001
 10
63.98959476834661
 20
-1.497876231593789
 30
64.95000000000001
  0
SPLINE
  5
35A
330
70
100
AcDbEntity
  8
RFID Module Enclosre 3.2 Face Plate v3_Sketch1
100
AcDbSpline
210
0.0
220
0.0
230
1.0
 70
     8
 71
     3
 72
     9
 73
     5
 74
     0
 42
0.000000001
 43
0.0000000001
 40
0.0
 40
0.0
 40
0.0
 40
0.0
 40
0.0138679398920544
 40
0.027376999684822
 40
0.027376999684822
 40
0.027376999684822
 40
0.027376999684822
 10
63.98959476834661
 20
-1.497876231593789
 30
64.95000000000001
 10
63.9422192474509
 20
-1.50201908030616
 30
64.95000000000001
 10
63.8486942083518
 20
-1.51019756743372
 30
64.95000000000001
 10
63.778382476006
 20
-1.57228642939023
 30
64.95000000000001
 10
63.7436874616754
 20
-1.602923904580769
 30
64.95000000000001
  0
SPLINE
  5
35B
330
70
100
AcDbEntity
  8
RFID Module Enclosre 3.2 Face Plate v3_Sketch1
100
AcDbSpline
210
0.0
220
0.0
230
1.0
 70
     8
 71
     3
 72
     9
 73
     5
 74
     0
 42
0.000000001
 43
0.0000000001
 40
0.0
 40
0.0
 40
0.0
 40
0.0
 40
0.0121451661569459
 40
0.0215428358336967
 40
0.0215428358336967
 40
0.0215428358336967
 40
0.0215428358336967
 10
51.7153595978168
 20
-1.989690472407039
 30
64.95000000000001
 10
51.6746713820126
 20
-1.99013367859848
 30
64.95000000000001
 10
51.60249949551001
 20
-1.990919828256659
 30
64.95000000000001
 10
51.5328977476979
 20
-2.00965531869755
 30
64.95000000000001
 10
51.50253525318181
 20
-2.017828335089379
 30
64.95000000000001
  0
LINE
  5
35C
330
70
100
AcDbEntity
  8
RFID Module Enclosre 3.2 Face Plate v3_Sketch1
100
AcDbLine
 10
-69.0621346575226
 20
-1.1516959565112
 30
64.95000000000001
 11
-68.8871687990631
 21
-1.605993320269289
 31
64.95000000000001
  0
LINE
  5
35D
330
70
100
AcDbEntity
  8
RFID Module Enclosre 3.2 Face Plate v3_Sketch1
100
AcDbLine
 10
52.14203110279121
 20
-2.48593877725094
 30
64.95000000000001
 11
52.14203110279121
 21
-1.989690472407039
 31
64.95000000000001
  0
SPLINE
  5
35E
330
70
100
AcDbEntity
  8
RFID Module Enclosre 3.2 Face Plate v3_Sketch1
100
AcDbSpline
210
0.0
220
0.0
230
1.0
 70
     8
 71
     3
 72
     9
 73
     5
 74
     0
 42
0.000000001
 43
0.0000000001
 40
0.0
 40
0.0
 40
0.0
 40
0.0
 40
0.0076800299481872
 40
0.0149397615698469
 40
0.0149397615698469
 40
0.0149397615698469
 40
0.0149397615698469
 10
51.50253525318181
 20
-2.017828335089379
 30
64.95000000000001
 10
51.4786911858949
 20
-2.028309701400259
 30
64.95000000000001
 10
51.43230794487561
 20
-2.04869882939419
 30
64.95000000000001
 10
51.401070614768
 20
-2.088519161602259
 30
64.95000000000001
 10
51.38589134754219
 20
-2.10786919764966
 30
64.95000000000001
  0
LINE
  5
35F
330
70
100
AcDbEntity
  8
RFID Module Enclosre 3.2 Face Plate v3_Sketch1
100
AcDbLine
 10
60.6389807570589
 20
-2.29119140378922
 30
64.95000000000001
 11
60.9554879773271
 21
-2.29119140378922
 31
64.95000000000001
  0
SPLINE
  5
360
330
70
100
AcDbEntity
  8
RFID Module Enclosre 3.2 Face Plate v3_Sketch1
100
AcDbSpline
210
0.0
220
0.0
230
1.0
 70
     8
 71
     3
 72
     9
 73
     5
 74
     0
 42
0.000000001
 43
0.0000000001
 40
0.0
 40
0.0
 40
0.0
 40
0.0
 40
0.0088161158889527
 40
0.0170133320528895
 40
0.0170133320528895
 40
0.0170133320528895
 40
0.0170133320528895
 10
57.80642440856969
 20
-2.21172328762501
 30
64.95000000000001
 10
57.8081020245174
 20
-2.24153131772346
 30
64.95000000000001
 10
57.81133948617689
 20
-2.299054825841469
 30
64.95000000000001
 10
57.8401307945616
 20
-2.34887307212358
 30
64.95000000000001
 10
57.85400277318039
 20
-2.372876067681009
 30
64.95000000000001
  0
LINE
  5
361
330
70
100
AcDbEntity
  8
RFID Module Enclosre 3.2 Face Plate v3_Sketch1
100
AcDbLine
 10
-69.28826037468571
 20
-1.1516959565112
 30
64.95000000000001
 11
-69.0621346575226
 21
-1.1516959565112
 31
64.95000000000001
  0
SPLINE
  5
362
330
70
100
AcDbEntity
  8
RFID Module Enclosre 3.2 Face Plate v3_Sketch1
100
AcDbSpline
210
0.0
220
0.0
230
1.0
 70
     8
 71
     3
 72
     9
 73
     5
 74
     0
 42
0.000000001
 43
0.0000000001
 40
0.0
 40
0.0
 40
0.0
 40
0.0
 40
0.0078320322911469
 40
0.0155849783434136
 40
0.0155849783434136
 40
0.0155849783434136
 40
0.0155849783434136
 10
57.85400277318039
 20
-2.372876067681009
 30
64.95000000000001
 10
57.87105347488591
 20
-2.393300179213779
 30
64.95000000000001
 10
57.9049827038449
 20
-2.433942163833969
 30
64.95000000000001
 10
57.9546407258091
 20
-2.45226655685978
 30
64.95000000000001
 10
57.97934374155079
 20
-2.46138225964993
 30
64.95000000000001
  0
SPLINE
  5
363
330
70
100
AcDbEntity
  8
RFID Module Enclosre 3.2 Face Plate v3_Sketch1
100
AcDbSpline
210
0.0
220
0.0
230
1.0
 70
     8
 71
     3
 72
     9
 73
     5
 74
     0
 42
0.000000001
 43
0.0000000001
 40
0.0
 40
0.0
 40
0.0
 40
0.0
 40
0.0208018715871964
 40
0.0410654932448115
 40
0.0410654932448115
 40
0.0410654932448115
 40
0.0410654932448115
 10
56.69319114030869
 20
-1.29596601895779
 30
64.95000000000001
 10
56.62212804074311
 20
-1.302180469638229
 30
64.95000000000001
 10
56.48184060444521
 20
-1.31444857163895
 30
64.95000000000001
 10
56.3763728625916
 20
-1.407581593431459
 30
64.95000000000001
 10
56.324330180302
 20
-1.45353775195569
 30
64.95000000000001
  0
LINE
  5
364
330
70
100
AcDbEntity
  8
RFID Module Enclosre 3.2 Face Plate v3_Sketch1
100
AcDbLine
 10
86.4693555432917
 20
-1.92625272743195
 30
64.95000000000001
 11
86.21082874122869
 21
-1.92625272743195
 31
64.95000000000001
  0
SPLINE
  5
365
330
70
100
AcDbEntity
  8
RFID Module Enclosre 3.2 Face Plate v3_Sketch1
100
AcDbSpline
210
0.0
220
0.0
230
1.0
 70
     8
 71
     3
 72
     9
 73
     5
 74
     0
 42
0.000000001
 43
0.0000000001
 40
0.0
 40
0.0
 40
0.0
 40
0.0
 40
0.0052213758366216
 40
0.0103900065381328
 40
0.0103900065381328
 40
0.0103900065381328
 40
0.0103900065381328
 10
86.0065314370753
 20
-2.21581611506432
 30
64.95000000000001
 10
86.01789867817251
 20
-2.229432184474
 30
64.95000000000001
 10
86.04051833111759
 20
-2.256526776898859
 30
64.95000000000001
 10
86.0736237176067
 20
-2.2687430931431
 30
64.95000000000001
 10
86.09009238067882
 20
-2.274820243043599
 30
64.95000000000001
  0
SPLINE
  5
366
330
70
100
AcDbEntity
  8
RFID Module Enclosre 3.2 Face Plate v3_Sketch1
100
AcDbSpline
210
0.0
220
0.0
230
1.0
 70
     8
 71
     3
 72
     9
 73
     5
 74
     0
 42
0.000000001
 43
0.0000000001
 40
0.0
 40
0.0
 40
0.0
 40
0.0
 40
0.0110300130294755
 40
0.0191140768926896
 40
0.0191140768926896
 40
0.0191140768926896
 40
0.0191140768926896
 10
86.21082874122869
 20
-1.92625272743195
 30
64.95000000000001
 10
86.17324259351631
 20
-1.92668044892178
 30
64.95000000000001
 10
86.10810898800229
 20
-1.92742165397961
 30
64.95000000000001
 10
86.05230317238079
 20
-1.96015678785866
 30
64.95000000000001
 10
86.02870078865299
 20
-1.97400171033829
 30
64.95000000000001
  0
SPLINE
  5
367
330
70
100
AcDbEntity
  8
RFID Module Enclosre 3.2 Face Plate v3_Sketch1
100
AcDbSpline
210
0.0
220
0.0
230
1.0
 70
     8
 71
     3
 72
     9
 73
     5
 74
     0
 42
0.000000001
 43
0.0000000001
 40
0.0
 40
0.0
 40
0.0
 40
0.0
 40
0.0048040797530571
 40
0.0123960020387351
 40
0.0123960020387351
 40
0.0123960020387351
 40
0.0123960020387351
 10
86.09009238067882
 20
-2.274820243043599
 30
64.95000000000001
 10
86.10592323023739
 20
-2.277376103122319
 30
64.95000000000001
 10
86.14677168685979
 20
-2.283971007531719
 30
64.95000000000001
 10
86.18819051263599
 20
-2.283795446372339
 30
64.95000000000001
 10
86.21355744186649
 20
-2.28368792407006
 30
64.95000000000001
  0
SPLINE
  5
368
330
70
100
AcDbEntity
  8
RFID Module Enclosre 3.2 Face Plate v3_Sketch1
100
AcDbSpline
210
0.0
220
0.0
230
1.0
 70
     8
 71
     3
 72
     9
 73
     5
 74
     0
 42
0.000000001
 43
0.0000000001
 40
0.0
 40
0.0
 40
0.0
 40
0.0
 40
0.009547975626412
 40
0.0187853275215153
 40
0.0187853275215153
 40
0.0187853275215153
 40
0.0187853275215153
 10
63.68843514806151
 20
-2.114179019851389
 30
64.95000000000001
 10
63.7035575856735
 20
-2.14268466128809
 30
64.95000000000001
 10
63.733310483521
 20
-2.198768571799759
 30
64.95000000000001
 10
63.78416499959779
 20
-2.23671842455742
 30
64.95000000000001
 10
63.8091718066347
 20
-2.255379592103659
 30
64.95000000000001
  0
LINE
  5
369
330
70
100
AcDbEntity
  8
RFID Module Enclosre 3.2 Face Plate v3_Sketch1
100
AcDbLine
 10
52.14203110279121
 20
-1.989690472407039
 30
64.95000000000001
 11
51.71535959781681
 21
-1.989690472407039
 31
64.95000000000001
  0
LINE
  5
36A
330
70
100
AcDbEntity
  8
RFID Module Enclosre 3.2 Face Plate v3_Sketch1
100
AcDbLine
 10
65.2262932468069
 20
-2.28368792407006
 30
64.95000000000001
 11
65.2262932468069
 21
-1.92625272743195
 31
64.95000000000001
  0
SPLINE
  5
36B
330
70
100
AcDbEntity
  8
RFID Module Enclosre 3.2 Face Plate v3_Sketch1
100
AcDbSpline
210
0.0
220
0.0
230
1.0
 70
     8
 71
     3
 72
     9
 73
     5
 74
     0
 42
0.000000001
 43
0.0000000001
 40
0.0
 40
0.0
 40
0.0
 40
0.0
 40
0.011029983402198
 40
0.0191141007025228
 40
0.0191141007025228
 40
0.0191141007025228
 40
0.0191141007025228
 10
64.9677665937555
 20
-1.92625272743195
 30
64.95000000000001
 10
64.9301805679209
 20
-1.92668050657111
 30
64.95000000000001
 10
64.86504691752341
 20
-1.92742181444494
 30
64.95000000000001
 10
64.80924092733201
 20
-1.96015678335817
 30
64.95000000000001
 10
64.78563834315662
 20
-1.97400171033829
 30
64.95000000000001
  0
LINE
  5
36C
330
70
100
AcDbEntity
  8
RFID Module Enclosre 3.2 Face Plate v3_Sketch1
100
AcDbLine
 10
60.9554879773271
 20
-1.96035910121888
 30
64.95000000000001
 11
60.67104030734419
 21
-1.96035910121888
 31
64.95000000000001
  0
SPLINE
  5
36D
330
70
100
AcDbEntity
  8
RFID Module Enclosre 3.2 Face Plate v3_Sketch1
100
AcDbSpline
210
0.0
220
0.0
230
1.0
 70
     8
 71
     3
 72
     9
 73
     5
 74
     0
 42
0.000000001
 43
0.0000000001
 40
0.0
 40
0.0
 40
0.0
 40
0.0
 40
0.0112117556222915
 40
0.0257528687539627
 40
0.0257528687539627
 40
0.0257528687539627
 40
0.0257528687539627
 10
51.4232384258655
 20
-2.417384942097359
 30
64.95000000000001
 10
51.45560038653719
 20
-2.437295277012709
 30
64.95000000000001
 10
51.5299342691041
 20
-2.48302836817132
 30
64.95000000000001
 10
51.6177084943709
 20
-2.484888481755049
 30
64.95000000000001
 10
51.6672693783191
 20
-2.48593877725094
 30
64.95000000000001
  0
SPLINE
  5
36E
330
70
100
AcDbEntity
  8
RFID Module Enclosre 3.2 Face Plate v3_Sketch1
100
AcDbSpline
210
0.0
220
0.0
230
1.0
 70
     8
 71
     3
 72
     9
 73
     5
 74
     0
 42
0.000000001
 43
0.0000000001
 40
0.0
 40
0.0
 40
0.0
 40
0.0
 40
0.0199382409516855
 40
0.0398289330112271
 40
0.0398289330112271
 40
0.0398289330112271
 40
0.0398289330112271
 10
56.6901215011028
 20
-2.507425953669249
 30
64.95000000000001
 10
56.75789912211911
 20
-2.50142227633955
 30
64.95000000000001
 10
56.8932927274858
 20
-2.48942923930259
 30
64.95000000000001
 10
56.99970204243069
 20
-2.404872221156079
 30
64.95000000000001
 10
57.0528431826977
 20
-2.36264418534726
 30
64.95000000000001
  0
SPLINE
  5
36F
330
70
100
AcDbEntity
  8
RFID Module Enclosre 3.2 Face Plate v3_Sketch1
100
AcDbSpline
210
0.0
220
0.0
230
1.0
 70
     8
 71
     3
 72
     9
 73
     5
 74
     0
 42
0.000000001
 43
0.0000000001
 40
0.0
 40
0.0
 40
0.0
 40
0.0
 40
0.0132921624378728
 40
0.0265526294225057
 40
0.0265526294225057
 40
0.0265526294225057
 40
0.0265526294225057
 10
63.9875482428682
 20
-2.30551603905648
 30
64.95000000000001
 10
64.0327333176773
 20
-2.30151353962645
 30
64.95000000000001
 10
64.12299572249231
 20
-2.29351808481417
 30
64.95000000000001
 10
64.1939353317307
 20
-2.23714680543998
 30
64.95000000000001
 10
64.2293627966058
 20
-2.20899481050461
 30
64.95000000000001
  0
SPLINE
  5
370
330
70
100
AcDbEntity
  8
RFID Module Enclosre 3.2 Face Plate v3_Sketch1
100
AcDbSpline
210
0.0
220
0.0
230
1.0
 70
     8
 71
     3
 72
     9
 73
     5
 74
     0
 42
0.000000001
 43
0.0000000001
 40
0.0
 40
0.0
 40
0.0
 40
0.0
 40
0.0143219555085552
 40
0.0281779882203459
 40
0.0281779882203459
 40
0.0281779882203459
 40
0.0281779882203459
 10
56.2414517098812
 20
-2.2204203503558
 30
64.95000000000001
 10
56.26413531353101
 20
-2.2631788121215
 30
64.95000000000001
 10
56.3087645763478
 20
-2.347304714567859
 30
64.95000000000001
 10
56.38504633065611
 20
-2.404229510690019
 30
64.95000000000001
 10
56.42255654872929
 20
-2.43222128324002
 30
64.95000000000001
  0
SPLINE
  5
371
330
70
100
AcDbEntity
  8
RFID Module Enclosre 3.2 Face Plate v3_Sketch1
100
AcDbSpline
210
0.0
220
0.0
230
1.0
 70
     8
 71
     3
 72
     9
 73
     5
 74
     0
 42
0.000000001
 43
0.0000000001
 40
0.0
 40
0.0
 40
0.0
 40
0.0
 40
0.0047457212923318
 40
0.0094569636102058
 40
0.0094569636102058
 40
0.0094569636102058
 40
0.0094569636102058
 10
60.4513948071611
 20
-2.039144818706209
 30
64.95000000000001
 10
60.44363570276221
 20
-2.053169833216149
 30
64.95000000000001
 10
60.4281738659985
 20
-2.08111796663634
 30
64.95000000000001
 10
60.4259165868115
 20
-2.112974532438829
 30
64.95000000000001
 10
60.42479206210501
 20
-2.128844742698369
 30
64.95000000000001
  0
SPLINE
  5
372
330
70
100
AcDbEntity
  8
RFID Module Enclosre 3.2 Face Plate v3_Sketch1
100
AcDbSpline
210
0.0
220
0.0
230
1.0
 70
     8
 71
     3
 72
     9
 73
     5
 74
     0
 42
0.000000001
 43
0.0000000001
 40
0.0
 40
0.0
 40
0.0
 40
0.0
 40
0.0065901649972013
 40
0.0130687499500587
 40
0.0130687499500587
 40
0.0130687499500587
 40
0.0130687499500587
 10
60.42479206210501
 20
-2.128844742698369
 30
64.95000000000001
 10
60.426863697007
 20
-2.151373958724489
 30
64.95000000000001
 10
60.4309718913443
 20
-2.19605094191705
 30
64.95000000000001
 10
60.4612721037084
 20
-2.229103479591819
 30
64.95000000000001
 10
60.4762928593767
 20
-2.24548864833802
 30
64.95000000000001
  0
LINE
  5
373
330
70
100
AcDbEntity
  8
RFID Module Enclosre 3.2 Face Plate v3_Sketch1
100
AcDbLine
 10
64.9704951453817
 20
-2.28368792407006
 30
64.95000000000001
 11
65.2262932468069
 21
-2.28368792407006
 31
64.95000000000001
  0
LINE
  5
374
330
70
100
AcDbEntity
  8
RFID Module Enclosre 3.2 Face Plate v3_Sketch1
100
AcDbLine
 10
60.9554879773271
 20
-2.29119140378922
 30
64.95000000000001
 11
60.9554879773271
 21
-1.96035910121888
 31
64.95000000000001
  0
LINE
  5
375
330
70
100
AcDbEntity
  8
RFID Module Enclosre 3.2 Face Plate v3_Sketch1
100
AcDbLine
 10
58.5482387834934
 20
-2.47468363217801
 30
64.95000000000001
 11
58.5482387834934
 21
-1.93853091172665
 31
64.95000000000001
  0
CIRCLE
  5
376
330
70
100
AcDbEntity
  8
RFID Module Enclosre 3.2 Face Plate v3_Sketch1
100
AcDbCircle
 10
-10.9113073716157
 20
24.5561334111863
 30
64.95000000000001
 40
4.4102887956102
  0
SPLINE
  5
377
330
70
100
AcDbEntity
  8
RFID Module Enclosre 3.2 Face Plate v3_Sketch1
100
AcDbSpline
210
0.0
220
0.0
230
1.0
 70
     8
 71
     3
 72
     9
 73
     5
 74
     0
 42
0.000000001
 43
0.0000000001
 40
0.0
 40
0.0
 40
0.0
 40
0.0
 40
0.0146223144137153
 40
0.0318960600929811
 40
0.0318960600929811
 40
0.0318960600929811
 40
0.0318960600929811
 10
63.7436874616754
 20
-1.602923904580769
 30
64.95000000000001
 10
63.71558683093631
 20
-1.6439170350869
 30
64.95000000000001
 10
63.65429014551811
 20
-1.73333648791965
 30
64.95000000000001
 10
63.6496690171369
 20
-1.84210757260144
 30
64.95000000000001
 10
63.64716638213519
 20
-1.901014034671479
 30
64.95000000000001
  0
SPLINE
  5
378
330
70
100
AcDbEntity
  8
RFID Module Enclosre 3.2 Face Plate v3_Sketch1
100
AcDbSpline
210
0.0
220
0.0
230
1.0
 70
     8
 71
     3
 72
     9
 73
     5
 74
     0
 42
0.000000001
 43
0.0000000001
 40
0.0
 40
0.0
 40
0.0
 40
0.0
 40
0.0165449907232737
 40
0.0286711500139415
 40
0.0286711500139415
 40
0.0286711500139415
 40
0.0286711500139415
 10
58.1604488784221
 20
-1.93853091172665
 30
64.95000000000001
 10
58.10406978765981
 20
-1.939172600651599
 30
64.95000000000001
 10
58.0063693177149
 20
-1.9402845964053
 30
64.95000000000001
 10
57.9226603317269
 20
-1.98938703123564
 30
64.95000000000001
 10
57.88725650252381
 20
-2.010154386086159
 30
64.95000000000001
  0
SPLINE
  5
379
330
70
100
AcDbEntity
  8
RFID Module Enclosre 3.2 Face Plate v3_Sketch1
100
AcDbSpline
210
0.0
220
0.0
230
1.0
 70
     8
 71
     3
 72
     9
 73
     5
 74
     0
 42
0.000000001
 43
0.0000000001
 40
0.0
 40
0.0
 40
0.0
 40
0.0
 40
0.0105386889909448
 40
0.0222508343381866
 40
0.0222508343381866
 40
0.0222508343381866
 40
0.0222508343381866
 10
57.88725650252381
 20
-2.010154386086159
 30
64.95000000000001
 10
57.863698289179
 20
-2.037499532644619
 30
64.95000000000001
 10
57.8139587150357
 20
-2.09523463864768
 30
64.95000000000001
 10
57.8090226167728
 20
-2.171552136543359
 30
64.95000000000001
 10
57.80642440856969
 20
-2.21172328762501
 30
64.95000000000001
  0
SPLINE
  5
37A
330
70
100
AcDbEntity
  8
RFID Module Enclosre 3.2 Face Plate v3_Sketch1
100
AcDbSpline
210
0.0
220
0.0
230
1.0
 70
     8
 71
     3
 72
     9
 73
     5
 74
     0
 42
0.000000001
 43
0.0000000001
 40
0.0
 40
0.0
 40
0.0
 40
0.0
 40
0.0058773951575736
 40
0.0113422235259589
 40
0.0113422235259589
 40
0.0113422235259589
 40
0.0113422235259589
 10
64.73175023085
 20
-2.10838097803086
 30
64.95000000000001
 10
64.7328686193915
 20
-2.12825295174667
 30
64.95000000000001
 10
64.735026890613
 20
-2.166601975717989
 30
64.95000000000001
 10
64.75422121743349
 20
-2.19981409243024
 30
64.95000000000001
 10
64.7634692896021
 20
-2.21581611506432
 30
64.95000000000001
  0
SPLINE
  5
37B
330
70
100
AcDbEntity
  8
RFID Module Enclosre 3.2 Face Plate v3_Sketch1
100
AcDbSpline
210
0.0
220
0.0
230
1.0
 70
     8
 71
     3
 72
     9
 73
     5
 74
     0
 42
0.000000001
 43
0.0000000001
 40
0.0
 40
0.0
 40
0.0
 40
0.0
 40
0.0092331774260349
 40
0.0187211708376582
 40
0.0187211708376582
 40
0.0187211708376582
 40
0.0187211708376582
 10
63.8091718066347
 20
-2.255379592103659
 30
64.95000000000001
 10
63.83668977732551
 20
-2.270001958825599
 30
64.95000000000001
 10
63.89248515595181
 20
-2.29965023837457
 30
64.95000000000001
 10
63.95557430934861
 20
-2.3035431100561
 30
64.95000000000001
 10
63.9875482428682
 20
-2.30551603905648
 30
64.95000000000001
  0
SPLINE
  5
37C
330
70
100
AcDbEntity
  8
RFID Module Enclosre 3.2 Face Plate v3_Sketch1
100
AcDbSpline
210
0.0
220
0.0
230
1.0
 70
     8
 71
     3
 72
     9
 73
     5
 74
     0
 42
0.000000001
 43
0.0000000001
 40
0.0
 40
0.0
 40
0.0
 40
0.0
 40
0.0071186205180159
 40
0.0141854460769936
 40
0.0141854460769936
 40
0.0141854460769936
 40
0.0141854460769936
 10
51.38589134754219
 20
-2.10786919764966
 30
64.95000000000001
 10
51.3742523923241
 20
-2.12890674044263
 30
64.95000000000001
 10
51.3510591667236
 20
-2.17082875723323
 30
64.95000000000001
 10
51.34767375519079
 20
-2.21861370081228
 30
64.95000000000001
 10
51.34598722995789
 20
-2.24241893462628
 30
64.95000000000001
  0
LINE
  5
37D
330
70
100
AcDbEntity
  8
RFID Module Enclosre 3.2 Face Plate v3_Sketch1
100
AcDbLine
 10
86.4693555432917
 20
-2.28368792407006
 30
64.95000000000001
 11
86.4693555432917
 21
-1.92625272743195
 31
64.95000000000001
  0
SPLINE
  5
37E
330
70
100
AcDbEntity
  8
RFID Module Enclosre 3.2 Face Plate v3_Sketch1
100
AcDbSpline
210
0.0
220
0.0
230
1.0
 70
     8
 71
     3
 72
     9
 73
     5
 74
     0
 42
0.000000001
 43
0.0000000001
 40
0.0
 40
0.0
 40
0.0
 40
0.0
 40
0.0052213548607646
 40
0.0103899855622758
 40
0.0103899855622758
 40
0.0103899855622758
 40
0.0103899855622758
 10
64.7634692896021
 20
-2.21581611506432
 30
64.95000000000001
 10
64.7748364240724
 20
-2.2294321894195
 30
64.95000000000001
 10
64.7974559100451
 20
-2.25652684583296
 30
64.95000000000001
 10
64.83056125802121
 20
-2.26874310785016
 30
64.95000000000001
 10
64.8470299351823
 20
-2.274820243043599
 30
64.95000000000001
  0
SPLINE
  5
37F
330
70
100
AcDbEntity
  8
RFID Module Enclosre 3.2 Face Plate v3_Sketch1
100
AcDbSpline
210
0.0
220
0.0
230
1.0
 70
     8
 71
     3
 72
     9
 73
     5
 74
     0
 42
0.000000001
 43
0.0000000001
 40
0.0
 40
0.0
 40
0.0
 40
0.0
 40
0.0114806205850249
 40
0.0218363155106452
 40
0.0218363155106452
 40
0.0218363155106452
 40
0.0218363155106452
 10
63.64716638213519
 20
-1.901014034671479
 30
64.95000000000001
 10
63.6485027488721
 20
-1.93954707164233
 30
64.95000000000001
 10
63.6510445387945
 20
-2.012837495853049
 30
64.95000000000001
 10
63.67640714057131
 20
-2.081578946367249
 30
64.95000000000001
 10
63.68843514806151
 20
-2.114179019851389
 30
64.95000000000001
  0
CIRCLE
  5
380
330
70
100
AcDbEntity
  8
RFID Module Enclosre 3.2 Face Plate v3_Sketch1
100
AcDbCircle
 10
9.860509017928
 20
24.5561334111863
 30
64.95000000000001
 40
4.4102887956102
  0
SPLINE
  5
381
330
70
100
AcDbEntity
  8
RFID Module Enclosre 3.2 Face Plate v3_Sketch1
100
AcDbSpline
210
0.0
220
0.0
230
1.0
 70
     8
 71
     3
 72
     9
 73
     5
 74
     0
 42
0.000000001
 43
0.0000000001
 40
0.0
 40
0.0
 40
0.0
 40
0.0
 40
0.0163396254051765
 40
0.0306558091229843
 40
0.0306558091229843
 40
0.0306558091229843
 40
0.0306558091229843
 10
64.3306588042391
 20
-1.88668925039261
 30
64.95000000000001
 10
64.3277913408525
 20
-1.830968002503899
 30
64.95000000000001
 10
64.3224115106503
 20
-1.72642582990122
 30
64.95000000000001
 10
64.2617733936377
 20
-1.6415415366567
 30
64.95000000000001
 10
64.2334555495393
 20
-1.6019007908532
 30
64.95000000000001
  0
SPLINE
  5
382
330
70
100
AcDbEntity
  8
RFID Module Enclosre 3.2 Face Plate v3_Sketch1
100
AcDbSpline
210
0.0
220
0.0
230
1.0
 70
     8
 71
     3
 72
     9
 73
     5
 74
     0
 42
0.000000001
 43
0.0000000001
 40
0.0
 40
0.0
 40
0.0
 40
0.0
 40
0.0051200445326139
 40
0.0099598815233017
 40
0.0099598815233017
 40
0.0099598815233017
 40
0.0099598815233017
 10
60.5291580069673
 20
-1.979117576999369
 30
64.95000000000001
 10
60.513261918707
 20
-1.98610522476447
 30
64.95000000000001
 10
60.4823396963027
 20
-1.999698103385679
 30
64.95000000000001
 10
60.46151447389661
 20
-2.02624486579231
 30
64.95000000000001
 10
60.4513948071611
 20
-2.039144818706209
 30
64.95000000000001
  0
SPLINE
  5
383
330
70
100
AcDbEntity
  8
RFID Module Enclosre 3.2 Face Plate v3_Sketch1
100
AcDbSpline
210
0.0
220
0.0
230
1.0
 70
     8
 71
     3
 72
     9
 73
     5
 74
     0
 42
0.000000001
 43
0.0000000001
 40
0.0
 40
0.0
 40
0.0
 40
0.0
 40
0.0098852679323242
 40
0.019603127593369
 40
0.019603127593369
 40
0.019603127593369
 40
0.019603127593369
 10
44.69074022914679
 20
-2.24241893462628
 30
64.95000000000001
 10
44.6938478056388
 20
-2.27621279772918
 30
64.95000000000001
 10
44.7000103314192
 20
-2.34322822055984
 30
64.95000000000001
 10
44.7454604399338
 20
-2.392807167598439
 30
64.95000000000001
 10
44.7679914250544
 20
-2.417384942097359
 30
64.95000000000001
  0
SPLINE
  5
384
330
70
100
AcDbEntity
  8
RFID Module Enclosre 3.2 Face Plate v3_Sketch1
100
AcDbSpline
210
0.0
220
0.0
230
1.0
 70
     8
 71
     3
 72
     9
 73
     5
 74
     0
 42
0.000000001
 43
0.0000000001
 40
0.0
 40
0.0
 40
0.0
 40
0.0
 40
0.0065901649972013
 40
0.0130687499500587
 40
0.0130687499500587
 40
0.0130687499500587
 40
0.0130687499500587
 10
71.00129092381561
 20
-2.128844742698369
 30
64.95000000000001
 10
71.0033625587177
 20
-2.151373958724489
 30
64.95000000000001
 10
71.0074707530549
 20
-2.19605094191705
 30
64.95000000000001
 10
71.03777096541901
 20
-2.229103479591819
 30
64.95000000000001
 10
71.0527917210873
 20
-2.24548864833802
 30
64.95000000000001
  0
SPLINE
  5
385
330
70
100
AcDbEntity
  8
RFID Module Enclosre 3.2 Face Plate v3_Sketch1
100
AcDbSpline
210
0.0
220
0.0
230
1.0
 70
     8
 71
     3
 72
     9
 73
     5
 74
     0
 42
0.000000001
 43
0.0000000001
 40
0.0
 40
0.0
 40
0.0
 40
0.0
 40
0.011480617906824
 40
0.0218363128324443
 40
0.0218363128324443
 40
0.0218363128324443
 40
0.0218363128324443
 10
77.0279552613518
 20
-1.901014034671479
 30
64.95000000000001
 10
77.02929150356699
 20
-1.9395470738355
 30
64.95000000000001
 10
77.0318330569284
 20
-2.01283751032586
 30
64.95000000000001
 10
77.0571957004787
 20
-2.081578948310789
 30
64.95000000000001
 10
77.0692237292549
 20
-2.114179019851389
 30
64.95000000000001
  0
SPLINE
  5
386
330
70
100
AcDbEntity
  8
RFID Module Enclosre 3.2 Face Plate v3_Sketch1
100
AcDbSpline
210
0.0
220
0.0
230
1.0
 70
     8
 71
     3
 72
     9
 73
     5
 74
     0
 42
0.000000001
 43
0.0000000001
 40
0.0
 40
0.0
 40
0.0
 40
0.0
 40
0.0069254198272199
 40
0.0147249539308134
 40
0.0147249539308134
 40
0.0147249539308134
 40
0.0147249539308134
 10
68.82530177281459
 20
-1.589963470620809
 30
64.95000000000001
 10
68.81025469822169
 20
-1.60770954648576
 30
64.95000000000001
 10
68.77826133381891
 20
-1.64544157661296
 30
64.95000000000001
 10
68.76107594124829
 20
-1.69189356573848
 30
64.95000000000001
 10
68.75197315857971
 20
-1.716498320026099
 30
64.95000000000001
  0
SPLINE
  5
387
330
70
100
AcDbEntity
  8
RFID Module Enclosre 3.2 Face Plate v3_Sketch1
100
AcDbSpline
210
0.0
220
0.0
230
1.0
 70
     8
 71
     3
 72
     9
 73
     5
 74
     0
 42
0.000000001
 43
0.0000000001
 40
0.0
 40
0.0
 40
0.0
 40
0.0
 40
0.0092331229882113
 40
0.0187211754820915
 40
0.0187211754820915
 40
0.0187211754820915
 40
0.0187211754820915
 10
77.18996068585131
 20
-2.255379592103659
 30
64.95000000000001
 10
77.21747845602211
 20
-2.270001958149999
 30
64.95000000000001
 10
77.2732737708795
 20
-2.29965041848854
 30
64.95000000000001
 10
77.3363629728012
 20
-2.30354316280814
 30
64.95000000000001
 10
77.36833712208479
 20
-2.30551603905648
 30
64.95000000000001
  0
SPLINE
  5
388
330
70
100
AcDbEntity
  8
RFID Module Enclosre 3.2 Face Plate v3_Sketch1
100
AcDbSpline
210
0.0
220
0.0
230
1.0
 70
     8
 71
     3
 72
     9
 73
     5
 74
     0
 42
0.000000001
 43
0.0000000001
 40
0.0
 40
0.0
 40
0.0
 40
0.0
 40
0.0080968171076846
 40
0.0143618602319617
 40
0.0143618602319617
 40
0.0143618602319617
 40
0.0143618602319617
 10
71.247539467078
 20
-1.96035910121888
 30
64.95000000000001
 10
71.2204138535147
 20
-1.96065454773147
 30
64.95000000000001
 10
71.17229935796389
 20
-1.96117860075916
 30
64.95000000000001
 10
71.1258983010478
 20
-1.97366894237839
 30
64.95000000000001
 10
71.1056568686779
 20
-1.979117576999369
 30
64.95000000000001
  0
LINE
  5
389
330
70
100
AcDbEntity
  8
RFID Module Enclosre 3.2 Face Plate v3_Sketch1
100
AcDbLine
 10
45.01202297355439
 20
-2.48593877725094
 30
64.95000000000001
 11
45.48678410197999
 21
-2.48593877725094
 31
64.95000000000001
  0
LINE
  5
38A
330
70
100
AcDbEntity
  8
RFID Module Enclosre 3.2 Face Plate v3_Sketch1
100
AcDbLine
 10
76.586617437484
 20
-2.29119140378922
 30
64.95000000000001
 11
76.586617437484
 21
-1.96035910121888
 31
64.95000000000001
  0
SPLINE
  5
38B
330
70
100
AcDbEntity
  8
RFID Module Enclosre 3.2 Face Plate v3_Sketch1
100
AcDbSpline
210
0.0
220
0.0
230
1.0
 70
     8
 71
     3
 72
     9
 73
     5
 74
     0
 42
0.000000001
 43
0.0000000001
 40
0.0
 40
0.0
 40
0.0
 40
0.0
 40
0.0090566191440637
 40
0.0170888385675944
 40
0.0170888385675944
 40
0.0170888385675944
 40
0.0170888385675944
 10
68.7772121493634
 20
-2.150331919116669
 30
64.95000000000001
 10
68.79447986708581
 20
-2.17575605312296
 30
64.95000000000001
 10
68.8270621404369
 20
-2.22372858181643
 30
64.95000000000001
 10
68.87829953084779
 20
-2.250595722655249
 30
64.95000000000001
 10
68.9023824994381
 20
-2.263224010390939
 30
64.95000000000001
  0
SPLINE
  5
38C
330
70
100
AcDbEntity
  8
RFID Module Enclosre 3.2 Face Plate v3_Sketch1
100
AcDbSpline
210
0.0
220
0.0
230
1.0
 70
     8
 71
     3
 72
     9
 73
     5
 74
     0
 42
0.000000001
 43
0.0000000001
 40
0.0
 40
0.0
 40
0.0
 40
0.0
 40
0.0139323911504433
 40
0.0248770930575212
 40
0.0248770930575212
 40
0.0248770930575212
 40
0.0248770930575212
 10
68.7257113520916
 20
-1.909199540538489
 30
64.95000000000001
 10
68.7266153086165
 20
-1.956223253611699
 30
64.95000000000001
 10
68.72822937545869
 20
-2.040186822635909
 30
64.95000000000001
 10
68.7622463482499
 20
-2.116679075960719
 30
64.95000000000001
 10
68.7772121493634
 20
-2.150331919116669
 30
64.95000000000001
  0
SPLINE
  5
38D
330
70
100
AcDbEntity
  8
RFID Module Enclosre 3.2 Face Plate v3_Sketch1
100
AcDbSpline
210
0.0
220
0.0
230
1.0
 70
     8
 71
     3
 72
     9
 73
     5
 74
     0
 42
0.000000001
 43
0.0000000001
 40
0.0
 40
0.0
 40
0.0
 40
0.0
 40
0.0076801347678448
 40
0.0149397857414322
 40
0.0149397857414322
 40
0.0149397857414322
 40
0.0149397857414322
 10
44.8472888484171
 20
-2.017828335089379
 30
64.95000000000001
 10
44.8234442677378
 20
-2.02830956083988
 30
64.95000000000001
 10
44.77706058604329
 20
-2.048698170122559
 30
64.95000000000001
 10
44.74582376799499
 20
-2.088519111739389
 30
64.95000000000001
 10
44.7306449427775
 20
-2.10786919764966
 30
64.95000000000001
  0
SPLINE
  5
38E
330
70
100
AcDbEntity
  8
RFID Module Enclosre 3.2 Face Plate v3_Sketch1
100
AcDbSpline
210
0.0
220
0.0
230
1.0
 70
     8
 71
     3
 72
     9
 73
     5
 74
     0
 42
0.000000001
 43
0.0000000001
 40
0.0
 40
0.0
 40
0.0
 40
0.0
 40
0.0199382409516855
 40
0.0398289330112271
 40
0.0398289330112271
 40
0.0398289330112271
 40
0.0398289330112271
 10
28.8090761890872
 20
-2.507425953669249
 30
64.95000000000001
 10
28.8768538101035
 20
-2.50142227633955
 30
64.95000000000001
 10
29.0122474154702
 20
-2.48942923930259
 30
64.95000000000001
 10
29.11865673041511
 20
-2.404872221156079
 30
64.95000000000001
 10
29.1717978706821
 20
-2.36264418534726
 30
64.95000000000001
  0
SPLINE
  5
38F
330
70
100
AcDbEntity
  8
RFID Module Enclosre 3.2 Face Plate v3_Sketch1
100
AcDbSpline
210
0.0
220
0.0
230
1.0
 70
     8
 71
     3
 72
     9
 73
     5
 74
     0
 42
0.000000001
 43
0.0000000001
 40
0.0
 40
0.0
 40
0.0
 40
0.0
 40
0.0090088750051104
 40
0.0195086187803942
 40
0.0195086187803942
 40
0.0195086187803942
 40
0.0195086187803942
 10
68.75197315857971
 20
-1.716498320026099
 30
64.95000000000001
 10
68.7443253387451
 20
-1.745647227372959
 30
64.95000000000001
 10
68.7277640698221
 20
-1.80876886253522
 30
64.95000000000001
 10
68.7264295855565
 20
-1.87405945636176
 30
64.95000000000001
 10
68.7257113520916
 20
-1.909199540538489
 30
64.95000000000001
  0
LINE
  5
390
330
70
100
AcDbEntity
  8
RFID Module Enclosre 3.2 Face Plate v3_Sketch1
100
AcDbLine
 10
71.5319868390377
 20
-1.96035910121888
 30
64.95000000000001
 11
71.247539467078
 21
-1.96035910121888
 31
64.95000000000001
  0
SPLINE
  5
391
330
70
100
AcDbEntity
  8
RFID Module Enclosre 3.2 Face Plate v3_Sketch1
100
AcDbSpline
210
0.0
220
0.0
230
1.0
 70
     8
 71
     3
 72
     9
 73
     5
 74
     0
 42
0.000000001
 43
0.0000000001
 40
0.0
 40
0.0
 40
0.0
 40
0.0
 40
0.0112117556222915
 40
0.0257529279431651
 40
0.0257529279431651
 40
0.0257529279431651
 40
0.0257529279431651
 10
44.7679914250544
 20
-2.417384942097359
 30
64.95000000000001
 10
44.8003533872144
 20
-2.437295274544879
 30
64.95000000000001
 10
44.87468744404579
 20
-2.48302846514582
 30
64.95000000000001
 10
44.96246188179959
 20
-2.484888515561249
 30
64.95000000000001
 10
45.01202297355439
 20
-2.48593877725094
 30
64.95000000000001
  0
LINE
  5
392
330
70
100
AcDbEntity
  8
RFID Module Enclosre 3.2 Face Plate v3_Sketch1
100
AcDbLine
 10
69.2836924855526
 20
-2.28368792407006
 30
64.95000000000001
 11
69.2836924855526
 21
-1.519704346580209
 31
64.95000000000001
  0
SPLINE
  5
393
330
70
100
AcDbEntity
  8
RFID Module Enclosre 3.2 Face Plate v3_Sketch1
100
AcDbSpline
210
0.0
220
0.0
230
1.0
 70
     8
 71
     3
 72
     9
 73
     5
 74
     0
 42
0.000000001
 43
0.0000000001
 40
0.0
 40
0.0
 40
0.0
 40
0.0
 40
0.02450946021093
 40
0.0459837357876417
 40
0.0459837357876417
 40
0.0459837357876417
 40
0.0459837357876417
 10
29.3237420311435
 20
-1.879185845179259
 30
64.95000000000001
 10
29.3194408493681
 20
-1.79560389470703
 30
64.95000000000001
 10
29.31137113242471
 20
-1.638790554304829
 30
64.95000000000001
 10
29.2204139145869
 20
-1.51146405175118
 30
64.95000000000001
 10
29.1779371490939
 20
-1.45200293235272
 30
64.95000000000001
  0
SPLINE
  5
394
330
70
100
AcDbEntity
  8
RFID Module Enclosre 3.2 Face Plate v3_Sketch1
100
AcDbSpline
210
0.0
220
0.0
230
1.0
 70
     8
 71
     3
 72
     9
 73
     5
 74
     0
 42
0.000000001
 43
0.0000000001
 40
0.0
 40
0.0
 40
0.0
 40
0.0
 40
0.0208018423241378
 40
0.0410654881909038
 40
0.0410654881909038
 40
0.0410654881909038
 40
0.0410654881909038
 10
28.8121458282931
 20
-1.29596601895779
 30
64.95000000000001
 10
28.74108284576881
 20
-1.30218050516184
 30
64.95000000000001
 10
28.6007954604405
 20
-1.314448693039059
 30
64.95000000000001
 10
28.4953276520093
 20
-1.40758159299251
 30
64.95000000000001
 10
28.4432848682864
 20
-1.45353775195569
 30
64.95000000000001
  0
SPLINE
  5
395
330
70
100
AcDbEntity
  8
RFID Module Enclosre 3.2 Face Plate v3_Sketch1
100
AcDbSpline
210
0.0
220
0.0
230
1.0
 70
     8
 71
     3
 72
     9
 73
     5
 74
     0
 42
0.000000001
 43
0.0000000001
 40
0.0
 40
0.0
 40
0.0
 40
0.0
 40
0.0219334771903776
 40
0.0478440588216476
 40
0.0478440588216476
 40
0.0478440588216476
 40
0.0478440588216476
 10
28.4432848682864
 20
-1.45353775195569
 30
64.95000000000001
 10
28.4011339817503
 20
-1.51502750317957
 30
64.95000000000001
 10
28.309189167104
 20
-1.649156681556029
 30
64.95000000000001
 10
28.3022573921944
 20
-1.812313172252959
 30
64.95000000000001
 10
28.29850339798771
 20
-1.90067272357434
 30
64.95000000000001
  0
SPLINE
  5
396
330
70
100
AcDbEntity
  8
RFID Module Enclosre 3.2 Face Plate v3_Sketch1
100
AcDbSpline
210
0.0
220
0.0
230
1.0
 70
     8
 71
     3
 72
     9
 73
     5
 74
     0
 42
0.000000001
 43
0.0000000001
 40
0.0
 40
0.0
 40
0.0
 40
0.0
 40
0.0172209443792933
 40
0.0327544867677238
 40
0.0327544867677238
 40
0.0327544867677238
 40
0.0327544867677238
 10
28.29850339798771
 20
-1.90067272357434
 30
64.95000000000001
 10
28.3005078806563
 20
-1.95847233070197
 30
64.95000000000001
 10
28.3043204358566
 20
-2.068408024421419
 30
64.95000000000001
 10
28.3423643761992
 20
-2.1715202409554
 30
64.95000000000001
 10
28.3604063978656
 20
-2.2204203503558
 30
64.95000000000001
  0
SPLINE
  5
397
330
70
100
AcDbEntity
  8
RFID Module Enclosre 3.2 Face Plate v3_Sketch1
100
AcDbSpline
210
0.0
220
0.0
230
1.0
 70
     8
 71
     3
 72
     9
 73
     5
 74
     0
 42
0.000000001
 43
0.0000000001
 40
0.0
 40
0.0
 40
0.0
 40
0.0
 40
0.0138497963922478
 40
0.0280817559842976
 40
0.0280817559842976
 40
0.0280817559842976
 40
0.0280817559842976
 10
28.5415115347369
 20
-2.43222128324002
 30
64.95000000000001
 10
28.5827885876509
 20
-2.454154870604179
 30
64.95000000000001
 10
28.6664816683904
 20
-2.4986272679432
 30
64.95000000000001
 10
28.7611153936581
 20
-2.50446656950715
 30
64.95000000000001
 10
28.8090761890872
 20
-2.507425953669249
 30
64.95000000000001
  0
LINE
  5
398
330
70
100
AcDbEntity
  8
RFID Module Enclosre 3.2 Face Plate v3_Sketch1
100
AcDbLine
 10
30.2834966173633
 20
-2.47468363217801
 30
64.95000000000001
 11
30.667193769501
 21
-2.47468363217801
 31
64.95000000000001
  0
LINE
  5
399
330
70
100
AcDbEntity
  8
RFID Module Enclosre 3.2 Face Plate v3_Sketch1
100
AcDbLine
 10
30.667193769501
 20
-2.47468363217801
 30
64.95000000000001
 11
30.667193769501
 21
-1.93853091172665
 31
64.95000000000001
  0
LINE
  5
39A
330
70
100
AcDbEntity
  8
RFID Module Enclosre 3.2 Face Plate v3_Sketch1
100
AcDbLine
 10
45.48678410197999
 20
-2.48593877725094
 30
64.95000000000001
 11
45.48678410197999
 21
-1.989690472407039
 31
64.95000000000001
  0
SPLINE
  5
39B
330
70
100
AcDbEntity
  8
RFID Module Enclosre 3.2 Face Plate v3_Sketch1
100
AcDbSpline
210
0.0
220
0.0
230
1.0
 70
     8
 71
     3
 72
     9
 73
     5
 74
     0
 42
0.000000001
 43
0.0000000001
 40
0.0
 40
0.0
 40
0.0
 40
0.0
 40
0.0165449610959981
 40
0.0286711070273792
 40
0.0286711070273792
 40
0.0286711070273792
 40
0.0286711070273792
 10
30.2794035664066
 20
-1.93853091172665
 30
64.95000000000001
 10
30.2230245747173
 20
-1.939172607060859
 30
64.95000000000001
 10
30.12532424798721
 20
-1.94028461424536
 30
64.95000000000001
 10
30.0416154157821
 20
-1.98938703073529
 30
64.95000000000001
 10
30.006211637543
 20
-2.010154386086159
 30
64.95000000000001
  0
SPLINE
  5
39C
330
70
100
AcDbEntity
  8
RFID Module Enclosre 3.2 Face Plate v3_Sketch1
100
AcDbSpline
210
0.0
220
0.0
230
1.0
 70
     8
 71
     3
 72
     9
 73
     5
 74
     0
 42
0.000000001
 43
0.0000000001
 40
0.0
 40
0.0
 40
0.0
 40
0.0
 40
0.0224352754311137
 40
0.0517031079980095
 40
0.0517031079980095
 40
0.0517031079980095
 40
0.0517031079980095
 10
29.1717978706821
 20
-2.36264418534726
 30
64.95000000000001
 10
29.21591960405461
 20
-2.30033741001774
 30
64.95000000000001
 10
29.3176001362426
 20
-2.1567486253041
 30
64.95000000000001
 10
29.3215219760182
 20
-1.97951394954386
 30
64.95000000000001
 10
29.3237420311435
 20
-1.879185845179259
 30
64.95000000000001
  0
SPLINE
  5
39D
330
70
100
AcDbEntity
  8
RFID Module Enclosre 3.2 Face Plate v3_Sketch1
100
AcDbSpline
210
0.0
220
0.0
230
1.0
 70
     8
 71
     3
 72
     9
 73
     5
 74
     0
 42
0.000000001
 43
0.0000000001
 40
0.0
 40
0.0
 40
0.0
 40
0.0
 40
0.0105386804190271
 40
0.0222508309083793
 40
0.0222508309083793
 40
0.0222508309083793
 40
0.0222508309083793
 10
30.006211637543
 20
-2.010154386086159
 30
64.95000000000001
 10
29.9826535072108
 20
-2.03749954382332
 30
64.95000000000001
 10
29.93291407554601
 20
-2.09523471148947
 30
64.95000000000001
 10
29.9279777329376
 20
-2.171552146051409
 30
64.95000000000001
 10
29.9253793945773
 20
-2.21172328762501
 30
64.95000000000001
  0
SPLINE
  5
39E
330
70
100
AcDbEntity
  8
RFID Module Enclosre 3.2 Face Plate v3_Sketch1
100
AcDbSpline
210
0.0
220
0.0
230
1.0
 70
     8
 71
     3
 72
     9
 73
     5
 74
     0
 42
0.000000001
 43
0.0000000001
 40
0.0
 40
0.0
 40
0.0
 40
0.0
 40
0.0047457212923318
 40
0.0094569636102058
 40
0.0094569636102058
 40
0.0094569636102058
 40
0.0094569636102058
 10
76.08252545941081
 20
-2.039144818706209
 30
64.95000000000001
 10
76.0747663550119
 20
-2.053169833216149
 30
64.95000000000001
 10
76.0593045182482
 20
-2.08111796663634
 30
64.95000000000001
 10
76.0570472390613
 20
-2.112974532438829
 30
64.95000000000001
 10
76.05592271435469
 20
-2.128844742698369
 30
64.95000000000001
  0
SPLINE
  5
39F
330
70
100
AcDbEntity
  8
RFID Module Enclosre 3.2 Face Plate v3_Sketch1
100
AcDbSpline
210
0.0
220
0.0
230
1.0
 70
     8
 71
     3
 72
     9
 73
     5
 74
     0
 42
0.000000001
 43
0.0000000001
 40
0.0
 40
0.0
 40
0.0
 40
0.0
 40
0.013867910628986
 40
0.027376946212649
 40
0.027376946212649
 40
0.027376946212649
 40
0.027376946212649
 10
77.3703833495399
 20
-1.497876231593789
 30
64.95000000000001
 10
77.32300792460361
 20
-1.50201908320164
 30
64.95000000000001
 10
77.2294830602614
 20
-1.51019757732882
 30
64.95000000000001
 10
77.1591715494972
 20
-1.57228642935443
 30
64.95000000000001
 10
77.12447663891521
 20
-1.602923904580769
 30
64.95000000000001
  0
SPLINE
  5
3A0
330
70
100
AcDbEntity
  8
RFID Module Enclosre 3.2 Face Plate v3_Sketch1
100
AcDbSpline
210
0.0
220
0.0
230
1.0
 70
     8
 71
     3
 72
     9
 73
     5
 74
     0
 42
0.000000001
 43
0.0000000001
 40
0.0
 40
0.0
 40
0.0
 40
0.0
 40
0.0146223291679828
 40
0.0318960748472486
 40
0.0318960748472486
 40
0.0318960748472486
 40
0.0318960748472486
 10
77.12447663891521
 20
-1.602923904580769
 30
64.95000000000001
 10
77.09637588546951
 20
-1.64391702318347
 30
64.95000000000001
 10
77.0350789658834
 20
-1.73333640118767
 30
64.95000000000001
 10
77.03045787492761
 20
-1.84210755980773
 30
64.95000000000001
 10
77.0279552613518
 20
-1.901014034671479
 30
64.95000000000001
  0
SPLINE
  5
3A1
330
70
100
AcDbEntity
  8
RFID Module Enclosre 3.2 Face Plate v3_Sketch1
100
AcDbSpline
210
0.0
220
0.0
230
1.0
 70
     8
 71
     3
 72
     9
 73
     5
 74
     0
 42
0.000000001
 43
0.0000000001
 40
0.0
 40
0.0
 40
0.0
 40
0.0
 40
0.0074745060260113
 40
0.0171687015818049
 40
0.0171687015818049
 40
0.0171687015818049
 40
0.0171687015818049
 10
76.10742231953349
 20
-2.24548864833802
 30
64.95000000000001
 10
76.12899696225309
 20
-2.258762211886899
 30
64.95000000000001
 10
76.1785532274158
 20
-2.289251163358049
 30
64.95000000000001
 10
76.2370698073995
 20
-2.290491216089109
 30
64.95000000000001
 10
76.2701108132622
 20
-2.29119140378922
 30
64.95000000000001
  0
SPLINE
  5
3A2
330
70
100
AcDbEntity
  8
RFID Module Enclosre 3.2 Face Plate v3_Sketch1
100
AcDbSpline
210
0.0
220
0.0
230
1.0
 70
     8
 71
     3
 72
     9
 73
     5
 74
     0
 42
0.000000001
 43
0.0000000001
 40
0.0
 40
0.0
 40
0.0
 40
0.0
 40
0.0055209106977454
 40
0.0104323372823917
 40
0.0104323372823917
 40
0.0104323372823917
 40
0.0104323372823917
 10
68.91500199483002
 20
-1.53812188379258
 30
64.95000000000001
 10
68.89756845763341
 20
-1.54452496882264
 30
64.95000000000001
 10
68.86462596861
 20
-1.55662426662666
 30
64.95000000000001
 10
68.83788916025899
 20
-1.57929183527588
 30
64.95000000000001
 10
68.82530177281459
 20
-1.589963470620809
 30
64.95000000000001
  0
SPLINE
  5
3A3
330
70
100
AcDbEntity
  8
RFID Module Enclosre 3.2 Face Plate v3_Sketch1
100
AcDbSpline
210
0.0
220
0.0
230
1.0
 70
     8
 71
     3
 72
     9
 73
     5
 74
     0
 42
0.000000001
 43
0.0000000001
 40
0.0
 40
0.0
 40
0.0
 40
0.0
 40
0.0201758539243037
 40
0.0406941897578316
 40
0.0406941897578316
 40
0.0406941897578316
 40
0.0406941897578316
 10
29.1779371490939
 20
-1.45200293235272
 30
64.95000000000001
 10
29.12594077251331
 20
-1.40649304220735
 30
64.95000000000001
 10
29.0210653891353
 20
-1.314700738774629
 30
64.95000000000001
 10
28.8821753144178
 20
-1.30224586559433
 30
64.95000000000001
 10
28.8121458282931
 20
-1.29596601895779
 30
64.95000000000001
  0
LINE
  5
3A4
330
70
100
AcDbEntity
  8
RFID Module Enclosre 3.2 Face Plate v3_Sketch1
100
AcDbLine
 10
30.667193769501
 20
-1.93853091172665
 30
64.95000000000001
 11
30.2794035664066
 21
-1.93853091172665
 31
64.95000000000001
  0
SPLINE
  5
3A5
330
70
100
AcDbEntity
  8
RFID Module Enclosre 3.2 Face Plate v3_Sketch1
100
AcDbSpline
210
0.0
220
0.0
230
1.0
 70
     8
 71
     3
 72
     9
 73
     5
 74
     0
 42
0.000000001
 43
0.0000000001
 40
0.0
 40
0.0
 40
0.0
 40
0.0
 40
0.0149568417302548
 40
0.0344687386689466
 40
0.0344687386689466
 40
0.0344687386689466
 40
0.0344687386689466
 10
77.6101513777992
 20
-2.20899481050461
 30
64.95000000000001
 10
77.6395658713
 20
-2.16745699444269
 30
64.95000000000001
 10
77.7073529421162
 20
-2.071731161908069
 30
64.95000000000001
 10
77.709967403674
 20
-1.95357469303674
 30
64.95000000000001
 10
77.71144738543239
 20
-1.88668925039261
 30
64.95000000000001
  0
SPLINE
  5
3A6
330
70
100
AcDbEntity
  8
RFID Module Enclosre 3.2 Face Plate v3_Sketch1
100
AcDbSpline
210
0.0
220
0.0
230
1.0
 70
     8
 71
     3
 72
     9
 73
     5
 74
     0
 42
0.000000001
 43
0.0000000001
 40
0.0
 40
0.0
 40
0.0
 40
0.0
 40
0.0088161178994044
 40
0.0170133210899511
 40
0.0170133210899511
 40
0.0170133210899511
 40
0.0170133210899511
 10
29.9253793945773
 20
-2.21172328762501
 30
64.95000000000001
 10
29.92705709275
 20
-2.24153130591325
 30
64.95000000000001
 10
29.9302947102627
 20
-2.2990547410555
 30
64.95000000000001
 10
29.9590857662036
 20
-2.348873059754149
 30
64.95000000000001
 10
29.9729576101764
 20
-2.372876067681009
 30
64.95000000000001
  0
LINE
  5
3A7
330
70
100
AcDbEntity
  8
RFID Module Enclosre 3.2 Face Plate v3_Sketch1
100
AcDbLine
 10
71.21547932074631
 20
-2.29119140378922
 30
64.95000000000001
 11
71.53198683903771
 21
-2.29119140378922
 31
64.95000000000001
  0
SPLINE
  5
3A8
330
70
100
AcDbEntity
  8
RFID Module Enclosre 3.2 Face Plate v3_Sketch1
100
AcDbSpline
210
0.0
220
0.0
230
1.0
 70
     8
 71
     3
 72
     9
 73
     5
 74
     0
 42
0.000000001
 43
0.0000000001
 40
0.0
 40
0.0
 40
0.0
 40
0.0
 40
0.0078320218032469
 40
0.0155849678555137
 40
0.0155849678555137
 40
0.0155849678555137
 40
0.0155849678555137
 10
29.9729576101764
 20
-2.372876067681009
 30
64.95000000000001
 10
29.9900082585685
 20
-2.393300181686509
 30
64.95000000000001
 10
30.023937404041
 20
-2.43394219830105
 30
64.95000000000001
 10
30.07359540674891
 20
-2.452266564213339
 30
64.95000000000001
 10
30.0982984295352
 20
-2.46138225964993
 30
64.95000000000001
  0
SPLINE
  5
3A9
330
70
100
AcDbEntity
  8
RFID Module Enclosre 3.2 Face Plate v3_Sketch1
100
AcDbSpline
210
0.0
220
0.0
230
1.0
 70
     8
 71
     3
 72
     9
 73
     5
 74
     0
 42
0.000000001
 43
0.0000000001
 40
0.0
 40
0.0
 40
0.0
 40
0.0
 40
0.0080968171076846
 40
0.0143618892731441
 40
0.0143618892731441
 40
0.0143618892731441
 40
0.0143618892731441
 10
76.30217095959399
 20
-1.96035910121888
 30
64.95000000000001
 10
76.27504534822262
 20
-1.960654558214359
 30
64.95000000000001
 10
76.22693075926751
 20
-1.96117863089595
 30
64.95000000000001
 10
76.1805295951864
 20
-1.973668941617719
 30
64.95000000000001
 10
76.1602880631706
 20
-1.979117576999369
 30
64.95000000000001
  0
SPLINE
  5
3AA
330
70
100
AcDbEntity
  8
RFID Module Enclosre 3.2 Face Plate v3_Sketch1
100
AcDbSpline
210
0.0
220
0.0
230
1.0
 70
     8
 71
     3
 72
     9
 73
     5
 74
     0
 42
0.000000001
 43
0.0000000001
 40
0.0
 40
0.0
 40
0.0
 40
0.0
 40
0.0074745060260113
 40
0.0171686127980104
 40
0.0171686127980104
 40
0.0171686127980104
 40
0.0171686127980104
 10
71.0527917210873
 20
-2.24548864833802
 30
64.95000000000001
 10
71.0743663615742
 20
-2.258762215588579
 30
64.95000000000001
 10
71.1239223653405
 20
-2.28925101789607
 30
64.95000000000001
 10
71.18243862659359
 20
-2.290491165379699
 30
64.95000000000001
 10
71.21547932074631
 20
-2.29119140378922
 30
64.95000000000001
  0
SPLINE
  5
3AB
330
70
100
AcDbEntity
  8
RFID Module Enclosre 3.2 Face Plate v3_Sketch1
100
AcDbSpline
210
0.0
220
0.0
230
1.0
 70
     8
 71
     3
 72
     9
 73
     5
 74
     0
 42
0.000000001
 43
0.0000000001
 40
0.0
 40
0.0
 40
0.0
 40
0.0
 40
0.0072062081756692
 40
0.0185940613794381
 40
0.0185940613794381
 40
0.0185940613794381
 40
0.0185940613794381
 10
30.0982984295352
 20
-2.46138225964993
 30
64.95000000000001
 10
30.1220450019174
 20
-2.46521605848057
 30
64.95000000000001
 10
30.183317895187
 20
-2.47510834705113
 30
64.95000000000001
 10
30.2454463261079
 20
-2.47484494911509
 30
64.95000000000001
 10
30.2834966173633
 20
-2.47468363217801
 30
64.95000000000001
  0
SPLINE
  5
3AC
330
70
100
AcDbEntity
  8
RFID Module Enclosre 3.2 Face Plate v3_Sketch1
100
AcDbSpline
210
0.0
220
0.0
230
1.0
 70
     8
 71
     3
 72
     9
 73
     5
 74
     0
 42
0.000000001
 43
0.0000000001
 40
0.0
 40
0.0
 40
0.0
 40
0.0
 40
0.0051200969423963
 40
0.0099598532845635
 40
0.0099598532845635
 40
0.0099598532845635
 40
0.0099598532845635
 10
76.1602880631706
 20
-1.979117576999369
 30
64.95000000000001
 10
76.1443916853147
 20
-1.98610512294842
 30
64.95000000000001
 10
76.11346930376971
 20
-1.99969762583552
 30
64.95000000000001
 10
76.09264469030709
 20
-2.026244829673269
 30
64.95000000000001
 10
76.08252545941081
 20
-2.039144818706209
 30
64.95000000000001
  0
SPLINE
  5
3AD
330
70
100
AcDbEntity
  8
RFID Module Enclosre 3.2 Face Plate v3_Sketch1
100
AcDbSpline
210
0.0
220
0.0
230
1.0
 70
     8
 71
     3
 72
     9
 73
     5
 74
     0
 42
0.000000001
 43
0.0000000001
 40
0.0
 40
0.0
 40
0.0
 40
0.0
 40
0.0065901533525066
 40
0.013068702768999
 40
0.013068702768999
 40
0.013068702768999
 40
0.013068702768999
 10
76.05592271435469
 20
-2.128844742698369
 30
64.95000000000001
 10
76.05799413506701
 20
-2.151373944006929
 30
64.95000000000001
 10
76.0621018970797
 20
-2.196050815663099
 30
64.95000000000001
 10
76.0924017635159
 20
-2.22910345828729
 30
64.95000000000001
 10
76.10742231953349
 20
-2.24548864833802
 30
64.95000000000001
  0
SPLINE
  5
3AE
330
70
100
AcDbEntity
  8
RFID Module Enclosre 3.2 Face Plate v3_Sketch1
100
AcDbSpline
210
0.0
220
0.0
230
1.0
 70
     8
 71
     3
 72
     9
 73
     5
 74
     0
 42
0.000000001
 43
0.0000000001
 40
0.0
 40
0.0
 40
0.0
 40
0.0
 40
0.0095479597643085
 40
0.0187853567745851
 40
0.0187853567745851
 40
0.0187853567745851
 40
0.0187853567745851
 10
77.0692237292549
 20
-2.114179019851389
 30
64.95000000000001
 10
77.08434603600919
 20
-2.1426846908593
 30
64.95000000000001
 10
77.1140987721586
 20
-2.198768840059889
 30
64.95000000000001
 10
77.16495362836799
 20
-2.23671847136965
 30
64.95000000000001
 10
77.18996068585131
 20
-2.255379592103659
 30
64.95000000000001
  0
LINE
  5
3AF
330
70
100
AcDbEntity
  8
RFID Module Enclosre 3.2 Face Plate v3_Sketch1
100
AcDbLine
 10
24.2609854927524
 20
-2.48593877725094
 30
64.95000000000001
 11
24.2609854927524
 21
-1.989690472407039
 31
64.95000000000001
  0
LINE
  5
3B0
330
70
100
AcDbEntity
  8
RFID Module Enclosre 3.2 Face Plate v3_Sketch1
100
AcDbLine
 10
24.2609854927524
 20
-1.989690472407039
 30
64.95000000000001
 11
23.8343151798709
 21
-1.989690472407039
 31
64.95000000000001
  0
SPLINE
  5
3B1
330
70
100
AcDbEntity
  8
RFID Module Enclosre 3.2 Face Plate v3_Sketch1
100
AcDbSpline
210
0.0
220
0.0
230
1.0
 70
     8
 71
     3
 72
     9
 73
     5
 74
     0
 42
0.000000001
 43
0.0000000001
 40
0.0
 40
0.0
 40
0.0
 40
0.0
 40
0.0121452851661088
 40
0.0215428386781572
 40
0.0215428386781572
 40
0.0215428386781572
 40
0.0215428386781572
 10
23.8343151798709
 20
-1.989690472407039
 30
64.95000000000001
 10
23.7936265537263
 20
-1.99013360342704
 30
64.95000000000001
 10
23.7214546370458
 20
-1.99091961214949
 30
64.95000000000001
 10
23.6518529318441
 20
-2.009655324152289
 30
64.95000000000001
 10
23.6214908352359
 20
-2.017828335089379
 30
64.95000000000001
  0
SPLINE
  5
3B2
330
70
100
AcDbEntity
  8
RFID Module Enclosre 3.2 Face Plate v3_Sketch1
100
AcDbSpline
210
0.0
220
0.0
230
1.0
 70
     8
 71
     3
 72
     9
 73
     5
 74
     0
 42
0.000000001
 43
0.0000000001
 40
0.0
 40
0.0
 40
0.0
 40
0.0
 40
0.0163396254051765
 40
0.0306558091229843
 40
0.0306558091229843
 40
0.0306558091229843
 40
0.0306558091229843
 10
77.71144738543239
 20
-1.88668925039261
 30
64.95000000000001
 10
77.7085799220458
 20
-1.830968002503899
 30
64.95000000000001
 10
77.70320009184359
 20
-1.72642582990122
 30
64.95000000000001
 10
77.6425619748311
 20
-1.6415415366567
 30
64.95000000000001
 10
77.6142441307327
 20
-1.6019007908532
 30
64.95000000000001
  0
LINE
  5
3B3
330
70
100
AcDbEntity
  8
RFID Module Enclosre 3.2 Face Plate v3_Sketch1
100
AcDbLine
 10
45.48678410197999
 20
-1.989690472407039
 30
64.95000000000001
 11
45.06011319305211
 21
-1.989690472407039
 31
64.95000000000001
  0
LINE
  5
3B4
330
70
100
AcDbEntity
  8
RFID Module Enclosre 3.2 Face Plate v3_Sketch1
100
AcDbLine
 10
23.7862249603732
 20
-2.48593877725094
 30
64.95000000000001
 11
24.2609854927524
 21
-2.48593877725094
 31
64.95000000000001
  0
SPLINE
  5
3B5
330
70
100
AcDbEntity
  8
RFID Module Enclosre 3.2 Face Plate v3_Sketch1
100
AcDbSpline
210
0.0
220
0.0
230
1.0
 70
     8
 71
     3
 72
     9
 73
     5
 74
     0
 42
0.000000001
 43
0.0000000001
 40
0.0
 40
0.0
 40
0.0
 40
0.0
 40
0.0143219872328733
 40
0.0281779973871401
 40
0.0281779973871401
 40
0.0281779973871401
 40
0.0281779973871401
 10
28.3604063978656
 20
-2.2204203503558
 30
64.95000000000001
 10
28.3830902363426
 20
-2.263178786077039
 30
64.95000000000001
 10
28.4277198768346
 20
-2.34730447830399
 30
64.95000000000001
 10
28.5040014694448
 20
-2.404229469461559
 30
64.95000000000001
 10
28.5415115347369
 20
-2.43222128324002
 30
64.95000000000001
  0
LINE
  5
3B6
330
70
100
AcDbEntity
  8
RFID Module Enclosre 3.2 Face Plate v3_Sketch1
100
AcDbLine
 10
69.2836924855526
 20
-1.51970434658021
 30
64.95000000000001
 11
69.07018626378139
 21
-1.51970434658021
 31
64.95000000000001
  0
SPLINE
  5
3B7
330
70
100
AcDbEntity
  8
RFID Module Enclosre 3.2 Face Plate v3_Sketch1
100
AcDbSpline
210
0.0
220
0.0
230
1.0
 70
     8
 71
     3
 72
     9
 73
     5
 74
     0
 42
0.000000001
 43
0.0000000001
 40
0.0
 40
0.0
 40
0.0
 40
0.0
 40
0.013450558309572
 40
0.0271294488652572
 40
0.0271294488652572
 40
0.0271294488652572
 40
0.0271294488652572
 10
77.6142441307327
 20
-1.6019007908532
 30
64.95000000000001
 10
77.5795799113351
 20
-1.57156088480962
 30
64.95000000000001
 10
77.5096630241726
 20
-1.51036603247399
 30
64.95000000000001
 10
77.4170696752509
 20
-1.50206279301057
 30
64.95000000000001
 10
77.3703833495399
 20
-1.497876231593789
 30
64.95000000000001
  0
LINE
  5
3B8
330
70
100
AcDbEntity
  8
RFID Module Enclosre 3.2 Face Plate v3_Sketch1
100
AcDbLine
 10
76.2701108132622
 20
-2.29119140378922
 30
64.95000000000001
 11
76.586617437484
 21
-2.29119140378922
 31
64.95000000000001
  0
SPLINE
  5
3B9
330
70
100
AcDbEntity
  8
RFID Module Enclosre 3.2 Face Plate v3_Sketch1
100
AcDbSpline
210
0.0
220
0.0
230
1.0
 70
     8
 71
     3
 72
     9
 73
     5
 74
     0
 42
0.000000001
 43
0.0000000001
 40
0.0
 40
0.0
 40
0.0
 40
0.0
 40
0.0051200969423963
 40
0.0099598532845635
 40
0.0099598532845635
 40
0.0099598532845635
 40
0.0099598532845635
 10
71.1056568686779
 20
-1.979117576999369
 30
64.95000000000001
 10
71.0897604908221
 20
-1.98610512294842
 30
64.95000000000001
 10
71.058838109277
 20
-1.99969762583552
 30
64.95000000000001
 10
71.0380134958144
 20
-2.026244829673269
 30
64.95000000000001
 10
71.02789426491821
 20
-2.039144818706209
 30
64.95000000000001
  0
SPLINE
  5
3BA
330
70
100
AcDbEntity
  8
RFID Module Enclosre 3.2 Face Plate v3_Sketch1
100
AcDbSpline
210
0.0
220
0.0
230
1.0
 70
     8
 71
     3
 72
     9
 73
     5
 74
     0
 42
0.000000001
 43
0.0000000001
 40
0.0
 40
0.0
 40
0.0
 40
0.0
 40
0.0088370078526817
 40
0.0156714734538551
 40
0.0156714734538551
 40
0.0156714734538551
 40
0.0156714734538551
 10
69.07018626378139
 20
-1.51970434658021
 30
64.95000000000001
 10
69.04060947073251
 20
-1.51999334791809
 30
64.95000000000001
 10
68.9881582412164
 20
-1.520505860396319
 30
64.95000000000001
 10
68.9372176352535
 20
-1.53277235780138
 30
64.95000000000001
 10
68.91500199483002
 20
-1.53812188379258
 30
64.95000000000001
  0
LINE
  5
3BB
330
70
100
AcDbEntity
  8
RFID Module Enclosre 3.2 Face Plate v3_Sketch1
100
AcDbLine
 10
76.586617437484
 20
-1.96035910121888
 30
64.95000000000001
 11
76.30217095959399
 21
-1.96035910121888
 31
64.95000000000001
  0
LINE
  5
3BC
330
70
100
AcDbEntity
  8
RFID Module Enclosre 3.2 Face Plate v3_Sketch1
100
AcDbLine
 10
71.5319868390377
 20
-2.29119140378922
 30
64.95000000000001
 11
71.5319868390377
 21
-1.96035910121888
 31
64.95000000000001
  0
LINE
  5
3BD
330
70
100
AcDbEntity
  8
RFID Module Enclosre 3.2 Face Plate v3_Sketch1
100
AcDbLine
 10
69.0735968415554
 20
-2.28368792407006
 30
64.95000000000001
 11
69.2836924855526
 21
-2.28368792407006
 31
64.95000000000001
  0
SPLINE
  5
3BE
330
70
100
AcDbEntity
  8
RFID Module Enclosre 3.2 Face Plate v3_Sketch1
100
AcDbSpline
210
0.0
220
0.0
230
1.0
 70
     8
 71
     3
 72
     9
 73
     5
 74
     0
 42
0.000000001
 43
0.0000000001
 40
0.0
 40
0.0
 40
0.0
 40
0.0
 40
0.0071083317790059
 40
0.017301949461759
 40
0.017301949461759
 40
0.017301949461759
 40
0.017301949461759
 10
68.9023824994381
 20
-2.263224010390939
 30
64.95000000000001
 10
68.92540936777399
 20
-2.269146615314769
 30
64.95000000000001
 10
68.9814576396606
 20
-2.283562460587599
 30
64.95000000000001
 10
69.0394374516882
 20
-2.283641410144139
 30
64.95000000000001
 10
69.0735968415554
 20
-2.28368792407006
 30
64.95000000000001
  0
SPLINE
  5
3BF
330
70
100
AcDbEntity
  8
RFID Module Enclosre 3.2 Face Plate v3_Sketch1
100
AcDbSpline
210
0.0
220
0.0
230
1.0
 70
     8
 71
     3
 72
     9
 73
     5
 74
     0
 42
0.000000001
 43
0.0000000001
 40
0.0
 40
0.0
 40
0.0
 40
0.0
 40
0.0071186205180159
 40
0.0141854544909493
 40
0.0141854544909493
 40
0.0141854544909493
 40
0.0141854544909493
 10
44.7306449427775
 20
-2.10786919764966
 30
64.95000000000001
 10
44.7190060377621
 20
-2.12890674775236
 30
64.95000000000001
 10
44.69581289844509
 20
-2.170828803974869
 30
64.95000000000001
 10
44.6924269986348
 20
-2.218613706861099
 30
64.95000000000001
 10
44.69074022914679
 20
-2.24241893462628
 30
64.95000000000001
  0
SPLINE
  5
3C0
330
70
100
AcDbEntity
  8
RFID Module Enclosre 3.2 Face Plate v3_Sketch1
100
AcDbSpline
210
0.0
220
0.0
230
1.0
 70
     8
 71
     3
 72
     9
 73
     5
 74
     0
 42
0.000000001
 43
0.0000000001
 40
0.0
 40
0.0
 40
0.0
 40
0.0
 40
0.0132921624378728
 40
0.0265526044529219
 40
0.0265526044529219
 40
0.0265526044529219
 40
0.0265526044529219
 10
77.36833712208479
 20
-2.30551603905648
 30
64.95000000000001
 10
77.4135222058398
 20
-2.301513554826649
 30
64.95000000000001
 10
77.5037845436443
 20
-2.293518137897279
 30
64.95000000000001
 10
77.5747240151187
 20
-2.237146805421939
 30
64.95000000000001
 10
77.6101513777992
 20
-2.20899481050461
 30
64.95000000000001
  0
SPLINE
  5
3C1
330
70
100
AcDbEntity
  8
RFID Module Enclosre 3.2 Face Plate v3_Sketch1
100
AcDbSpline
210
0.0
220
0.0
230
1.0
 70
     8
 71
     3
 72
     9
 73
     5
 74
     0
 42
0.000000001
 43
0.0000000001
 40
0.0
 40
0.0
 40
0.0
 40
0.0
 40
0.0047457463517469
 40
0.0094569886696209
 40
0.0094569886696209
 40
0.0094569886696209
 40
0.0094569886696209
 10
71.02789426491821
 20
-2.039144818706209
 30
64.95000000000001
 10
71.02013491202829
 20
-2.05316981160396
 30
64.95000000000001
 10
71.0046726207627
 20
-2.08111782843731
 30
64.95000000000001
 10
71.00241541097119
 20
-2.112974514554379
 30
64.95000000000001
 10
71.00129092381561
 20
-2.128844742698369
 30
64.95000000000001
  0
SPLINE
  5
3C2
330
70
100
AcDbEntity
  8
RFID Module Enclosre 3.2 Face Plate v3_Sketch1
100
AcDbSpline
210
0.0
220
0.0
230
1.0
 70
     8
 71
     3
 72
     9
 73
     5
 74
     0
 42
0.000000001
 43
0.0000000001
 40
0.0
 40
0.0
 40
0.0
 40
0.0
 40
0.0121452256615268
 40
0.021542837255917
 40
0.021542837255917
 40
0.021542837255917
 40
0.021542837255917
 10
45.0601131930521
 20
-1.989690472407039
 30
64.95000000000001
 10
45.01942477207779
 20
-1.99013364101307
 30
64.95000000000001
 10
44.9472528704863
 20
-1.990919720203589
 30
64.95000000000001
 10
44.87765114397929
 20
-2.009655321424869
 30
64.95000000000001
 10
44.8472888484171
 20
-2.017828335089379
 30
64.95000000000001
  0
SPLINE
  5
3C3
330
70
100
AcDbEntity
  8
RFID Module Enclosre 3.2 Face Plate v3_Sketch1
100
AcDbSpline
210
0.0
220
0.0
230
1.0
 70
     8
 71
     3
 72
     9
 73
     5
 74
     0
 42
0.000000001
 43
0.0000000001
 40
0.0
 40
0.0
 40
0.0
 40
0.0
 40
0.0219335066988798
 40
0.0478440883301499
 40
0.0478440883301499
 40
0.0478440883301499
 40
0.0478440883301499
 10
-25.4770535794602
 20
-1.45353775195569
 30
64.95000000000001
 10
-25.5192047114098
 20
-1.51502747937272
 30
64.95000000000001
 10
-25.6111499943915
 20
-1.649156508092399
 30
64.95000000000001
 10
-25.6180816944504
 20
-1.81231314666562
 30
64.95000000000001
 10
-25.6218356458055
 20
-1.90067272357434
 30
64.95000000000001
  0
LINE
  5
3C4
330
70
100
AcDbEntity
  8
RFID Module Enclosre 3.2 Face Plate v3_Sketch1
100
AcDbLine
 10
-46.90356583269299
 20
-1.84439729623288
 30
64.95000000000001
 11
-46.55670375498
 21
-1.84439729623288
 31
64.95000000000001
  0
LINE
  5
3C5
330
70
100
AcDbEntity
  8
RFID Module Enclosre 3.2 Face Plate v3_Sketch1
100
AcDbLine
 10
-46.55670375498
 20
-1.32870834044903
 30
64.95000000000001
 11
-46.93016857774909
 21
-1.32870834044903
 31
64.95000000000001
  0
SPLINE
  5
3C6
330
70
100
AcDbEntity
  8
RFID Module Enclosre 3.2 Face Plate v3_Sketch1
100
AcDbSpline
210
0.0
220
0.0
230
1.0
 70
     8
 71
     3
 72
     9
 73
     5
 74
     0
 42
0.000000001
 43
0.0000000001
 40
0.0
 40
0.0
 40
0.0
 40
0.0
 40
0.0201758539243037
 40
0.0406941897578316
 40
0.0406941897578316
 40
0.0406941897578316
 40
0.0406941897578316
 10
-24.7424012986527
 20
-1.45200293235272
 30
64.95000000000001
 10
-24.7943976752333
 20
-1.40649304220735
 30
64.95000000000001
 10
-24.8992730586113
 20
-1.314700738774629
 30
64.95000000000001
 10
-25.03816313332891
 20
-1.30224586559433
 30
64.95000000000001
 10
-25.1081926194535
 20
-1.29596601895779
 30
64.95000000000001
  0
SPLINE
  5
3C7
330
70
100
AcDbEntity
  8
RFID Module Enclosre 3.2 Face Plate v3_Sketch1
100
AcDbSpline
210
0.0
220
0.0
230
1.0
 70
     8
 71
     3
 72
     9
 73
     5
 74
     0
 42
0.000000001
 43
0.0000000001
 40
0.0
 40
0.0
 40
0.0
 40
0.0
 40
0.0070784936099458
 40
0.0137677176701767
 40
0.0137677176701767
 40
0.0137677176701767
 40
0.0137677176701767
 10
-47.2228011575526
 20
-2.24446546010464
 30
64.95000000000001
 10
-47.2214851711403
 20
-2.268332637796199
 30
64.95000000000001
 10
-47.2189255687192
 20
-2.31475445889945
 30
64.95000000000001
 10
-47.1974330875103
 20
-2.35593665444609
 30
64.95000000000001
 10
-47.1869906869715
 20
-2.37594555787533
 30
64.95000000000001
  0
LINE
  5
3C8
330
70
100
AcDbEntity
  8
RFID Module Enclosre 3.2 Face Plate v3_Sketch1
100
AcDbLine
 10
-68.48198476853029
 20
-2.207630385679899
 30
64.95000000000001
 11
-68.31725064339299
 21
-1.76765780620068
 31
64.95000000000001
  0
LINE
  5
3C9
330
70
100
AcDbEntity
  8
RFID Module Enclosre 3.2 Face Plate v3_Sketch1
100
AcDbLine
 10
-68.31725064339299
 20
-1.76765780620068
 30
64.95000000000001
 11
-68.8257772070374
 21
-1.76765780620068
 31
64.95000000000001
  0
LINE
  5
3CA
330
70
100
AcDbEntity
  8
RFID Module Enclosre 3.2 Face Plate v3_Sketch1
100
AcDbLine
 10
-68.8257772070374
 20
-1.76765780620068
 30
64.95000000000001
 11
-68.6692291838135
 21
-2.183073868078889
 31
64.95000000000001
  0
SPLINE
  5
3CB
330
70
100
AcDbEntity
  8
RFID Module Enclosre 3.2 Face Plate v3_Sketch1
100
AcDbSpline
210
0.0
220
0.0
230
1.0
 70
     8
 71
     3
 72
     9
 73
     5
 74
     0
 42
0.000000001
 43
0.0000000001
 40
0.0
 40
0.0
 40
0.0
 40
0.0
 40
0.007118570399897
 40
0.0141854127872789
 40
0.0141854127872789
 40
0.0141854127872789
 40
0.0141854127872789
 10
23.5048469295962
 20
-2.10786919764966
 30
64.95000000000001
 10
23.4932085717649
 20
-2.12890679828618
 30
64.95000000000001
 10
23.4700164277347
 20
-2.170829127113239
 30
64.95000000000001
 10
23.4666299008575
 20
-2.21861374867873
 30
64.95000000000001
 10
23.464942812012
 20
-2.24241893462628
 30
64.95000000000001
  0
LINE
  5
3CC
330
70
100
AcDbEntity
  8
RFID Module Enclosre 3.2 Face Plate v3_Sketch1
100
AcDbLine
 10
-23.63684183038341
 20
-2.47468363217801
 30
64.95000000000001
 11
-23.2531446782456
 21
-2.47468363217801
 31
64.95000000000001
  0
LINE
  5
3CD
330
70
100
AcDbEntity
  8
RFID Module Enclosre 3.2 Face Plate v3_Sketch1
100
AcDbLine
 10
-46.55670375498
 20
-1.84439729623288
 30
64.95000000000001
 11
-46.55670375498
 21
-1.32870834044903
 31
64.95000000000001
  0
SPLINE
  5
3CE
330
70
100
AcDbEntity
  8
RFID Module Enclosre 3.2 Face Plate v3_Sketch1
100
AcDbSpline
210
0.0
220
0.0
230
1.0
 70
     8
 71
     3
 72
     9
 73
     5
 74
     0
 42
0.000000001
 43
0.0000000001
 40
0.0
 40
0.0
 40
0.0
 40
0.0
 40
0.0076801347678448
 40
0.0149397857414322
 40
0.0149397857414322
 40
0.0149397857414322
 40
0.0149397857414322
 10
23.6214908352359
 20
-2.017828335089379
 30
64.95000000000001
 10
23.5976462545566
 20
-2.02830956083988
 30
64.95000000000001
 10
23.5512625728621
 20
-2.048698170122559
 30
64.95000000000001
 10
23.5200257548138
 20
-2.088519111739389
 30
64.95000000000001
 10
23.5048469295962
 20
-2.10786919764966
 30
64.95000000000001
  0
LINE
  5
3CF
330
70
100
AcDbEntity
  8
RFID Module Enclosre 3.2 Face Plate v3_Sketch1
100
AcDbLine
 10
-4.931195611659719
 20
-2.47468363217801
 30
64.95000000000001
 11
-4.931195611659719
 21
-1.32870834044903
 31
64.95000000000001
  0
SPLINE
  5
3D0
330
70
100
AcDbEntity
  8
RFID Module Enclosre 3.2 Face Plate v3_Sketch1
100
AcDbSpline
210
0.0
220
0.0
230
1.0
 70
     8
 71
     3
 72
     9
 73
     5
 74
     0
 42
0.000000001
 43
0.0000000001
 40
0.0
 40
0.0
 40
0.0
 40
0.0
 40
0.0143219555085552
 40
0.0281780107778972
 40
0.0281780107778972
 40
0.0281780107778972
 40
0.0281780107778972
 10
-25.5599320498811
 20
-2.2204203503558
 30
64.95000000000001
 10
-25.5372484551941
 20
-2.26317882315432
 30
64.95000000000001
 10
-25.4926191742843
 20
-2.3473048146534
 30
64.95000000000001
 10
-25.41633724712
 20
-2.404229528155199
 30
64.95000000000001
 10
-25.3788269130097
 20
-2.43222128324002
 30
64.95000000000001
  0
LINE
  5
3D1
330
70
100
AcDbEntity
  8
RFID Module Enclosre 3.2 Face Plate v3_Sketch1
100
AcDbLine
 10
11.2467778875863
 20
-1.32870834044903
 30
64.95000000000001
 11
10.9265185549294
 21
-1.32870834044903
 31
64.95000000000001
  0
SPLINE
  5
3D2
330
70
100
AcDbEntity
  8
RFID Module Enclosre 3.2 Face Plate v3_Sketch1
100
AcDbSpline
210
0.0
220
0.0
230
1.0
 70
     8
 71
     3
 72
     9
 73
     5
 74
     0
 42
0.000000001
 43
0.0000000001
 40
0.0
 40
0.0
 40
0.0
 40
0.0
 40
0.0245094513464154
 40
0.0459837572757193
 40
0.0459837572757193
 40
0.0459837572757193
 40
0.0459837572757193
 10
-24.5965964166032
 20
-1.879185845179259
 30
64.95000000000001
 10
-24.6008973125027
 20
-1.795603863759329
 30
64.95000000000001
 10
-24.6089664997855
 20
-1.63879033529985
 30
64.95000000000001
 10
-24.69992424615011
 20
-1.5114640203836
 30
64.95000000000001
 10
-24.7424012986527
 20
-1.45200293235272
 30
64.95000000000001
  0
SPLINE
  5
3D3
330
70
100
AcDbEntity
  8
RFID Module Enclosre 3.2 Face Plate v3_Sketch1
100
AcDbSpline
210
0.0
220
0.0
230
1.0
 70
     8
 71
     3
 72
     9
 73
     5
 74
     0
 42
0.000000001
 43
0.0000000001
 40
0.0
 40
0.0
 40
0.0
 40
0.0
 40
0.0138497419544042
 40
0.0280817606287117
 40
0.0280817606287117
 40
0.0280817606287117
 40
0.0280817606287117
 10
-25.3788269130097
 20
-2.43222128324002
 30
64.95000000000001
 10
-25.3375500606157
 20
-2.454154869928629
 30
64.95000000000001
 10
-25.25385704364471
 20
-2.49862744805655
 30
64.95000000000001
 10
-25.1592232698524
 20
-2.50446662225881
 30
64.95000000000001
 10
-25.11126225865951
 20
-2.507425953669249
 30
64.95000000000001
  0
SPLINE
  5
3D4
330
70
100
AcDbEntity
  8
RFID Module Enclosre 3.2 Face Plate v3_Sketch1
100
AcDbSpline
210
0.0
220
0.0
230
1.0
 70
     8
 71
     3
 72
     9
 73
     5
 74
     0
 42
0.000000001
 43
0.0000000001
 40
0.0
 40
0.0
 40
0.0
 40
0.0
 40
0.0105387147067826
 40
0.0222508549119874
 40
0.0222508549119874
 40
0.0222508549119874
 40
0.0222508549119874
 10
-23.9141274062501
 20
-2.010154386086159
 30
64.95000000000001
 10
-23.9376858260079
 20
-2.03749950694591
 30
64.95000000000001
 10
-23.9874257605798
 20
-2.095234471192489
 30
64.95000000000001
 10
-23.9923615874226
 20
-2.171552114685519
 30
64.95000000000001
 10
-23.9949596492158
 20
-2.21172328762501
 30
64.95000000000001
  0
SPLINE
  5
3D5
330
70
100
AcDbEntity
  8
RFID Module Enclosre 3.2 Face Plate v3_Sketch1
100
AcDbSpline
210
0.0
220
0.0
230
1.0
 70
     8
 71
     3
 72
     9
 73
     5
 74
     0
 42
0.000000001
 43
0.0000000001
 40
0.0
 40
0.0
 40
0.0
 40
0.0
 40
0.0098852679323242
 40
0.019603127593369
 40
0.019603127593369
 40
0.019603127593369
 40
0.019603127593369
 10
23.464942812012
 20
-2.24241893462628
 30
64.95000000000001
 10
23.468050388504
 20
-2.27621279772918
 30
64.95000000000001
 10
23.4742129142844
 20
-2.34322822055984
 30
64.95000000000001
 10
23.519663022799
 20
-2.392807167598439
 30
64.95000000000001
 10
23.5421940079196
 20
-2.417384942097359
 30
64.95000000000001
  0
SPLINE
  5
3D6
330
70
100
AcDbEntity
  8
RFID Module Enclosre 3.2 Face Plate v3_Sketch1
100
AcDbSpline
210
0.0
220
0.0
230
1.0
 70
     8
 71
     3
 72
     9
 73
     5
 74
     0
 42
0.000000001
 43
0.0000000001
 40
0.0
 40
0.0
 40
0.0
 40
0.0
 40
0.0112117026546202
 40
0.0257528749754938
 40
0.0257528749754938
 40
0.0257528749754938
 40
0.0257528749754938
 10
23.5421940079196
 20
-2.417384942097359
 30
64.95000000000001
 10
23.574555768579
 20
-2.43729527168061
 30
64.95000000000001
 10
23.6488895608603
 20
-2.48302857769786
 30
64.95000000000001
 10
23.73666385038131
 20
-2.484888554798029
 30
64.95000000000001
 10
23.7862249603732
 20
-2.48593877725094
 30
64.95000000000001
  0
SPLINE
  5
3D7
330
70
100
AcDbEntity
  8
RFID Module Enclosre 3.2 Face Plate v3_Sketch1
100
AcDbSpline
210
0.0
220
0.0
230
1.0
 70
     8
 71
     3
 72
     9
 73
     5
 74
     0
 42
0.000000001
 43
0.0000000001
 40
0.0
 40
0.0
 40
0.0
 40
0.0
 40
0.0054744482978157
 40
0.011360913094047
 40
0.011360913094047
 40
0.011360913094047
 40
0.011360913094047
 10
-47.1798274007624
 20
-1.376798261923489
 30
64.95000000000001
 10
-47.19465828501319
 20
-1.387745607946659
 30
64.95000000000001
 10
-47.22543625165271
 20
-1.410464216291049
 30
64.95000000000001
 10
-47.24526779997581
 20
-1.443217749471259
 30
64.95000000000001
 10
-47.2555431810206
 20
-1.46018843821972
 30
64.95000000000001
  0
LINE
  5
3D8
330
70
100
AcDbEntity
  8
RFID Module Enclosre 3.2 Face Plate v3_Sketch1
100
AcDbLine
 10
-46.55670375498
 20
-2.021409382147489
 30
64.95000000000001
 11
-46.8810555425471
 21
-2.021409382147489
 31
64.95000000000001
  0
SPLINE
  5
3D9
330
70
100
AcDbEntity
  8
RFID Module Enclosre 3.2 Face Plate v3_Sketch1
100
AcDbSpline
210
0.0
220
0.0
230
1.0
 70
     8
 71
     3
 72
     9
 73
     5
 74
     0
 42
0.000000001
 43
0.0000000001
 40
0.0
 40
0.0
 40
0.0
 40
0.0
 40
0.0106624071530716
 40
0.0259528630680355
 40
0.0259528630680355
 40
0.0259528630680355
 40
0.0259528630680355
 10
10.674813504461
 20
-2.44398798517674
 30
64.95000000000001
 10
10.7093535104082
 20
-2.452871832639289
 30
64.95000000000001
 10
10.7934257121023
 20
-2.474495587332099
 30
64.95000000000001
 10
10.8803952334843
 20
-2.47461391685205
 30
64.95000000000001
 10
10.9316344215905
 20
-2.47468363217801
 30
64.95000000000001
  0
SPLINE
  5
3DA
330
70
100
AcDbEntity
  8
RFID Module Enclosre 3.2 Face Plate v3_Sketch1
100
AcDbSpline
210
0.0
220
0.0
230
1.0
 70
     8
 71
     3
 72
     9
 73
     5
 74
     0
 42
0.000000001
 43
0.0000000001
 40
0.0
 40
0.0
 40
0.0
 40
0.0
 40
0.0135849662579766
 40
0.0256332859023008
 40
0.0256332859023008
 40
0.0256332859023008
 40
0.0256332859023008
 10
10.4870576813256
 20
-2.27464955024212
 30
64.95000000000001
 10
10.5129594984047
 20
-2.31278570394495
 30
64.95000000000001
 10
10.5618332806409
 20
-2.38474428761126
 30
64.95000000000001
 10
10.6386891984415
 20
-2.42504540046396
 30
64.95000000000001
 10
10.674813504461
 20
-2.44398798517674
 30
64.95000000000001
  0
SPLINE
  5
3DB
330
70
100
AcDbEntity
  8
RFID Module Enclosre 3.2 Face Plate v3_Sketch1
100
AcDbSpline
210
0.0
220
0.0
230
1.0
 70
     8
 71
     3
 72
     9
 73
     5
 74
     0
 42
0.000000001
 43
0.0000000001
 40
0.0
 40
0.0
 40
0.0
 40
0.0
 40
0.0103881117246889
 40
0.0220874164720235
 40
0.0220874164720235
 40
0.0220874164720235
 40
0.0220874164720235
 10
10.5591924145257
 20
-1.434097101015749
 30
64.95000000000001
 10
10.5366219618894
 20
-1.46071624662283
 30
64.95000000000001
 10
10.4886322020032
 20
-1.517314420644749
 30
64.95000000000001
 10
10.4628536353452
 20
-1.58699213003303
 30
64.95000000000001
 10
10.44919919515
 20
-1.62389915160626
 30
64.95000000000001
  0
SPLINE
  5
3DC
330
70
100
AcDbEntity
  8
RFID Module Enclosre 3.2 Face Plate v3_Sketch1
100
AcDbSpline
210
0.0
220
0.0
230
1.0
 70
     8
 71
     3
 72
     9
 73
     5
 74
     0
 42
0.000000001
 43
0.0000000001
 40
0.0
 40
0.0
 40
0.0
 40
0.0
 40
0.0103881117246889
 40
0.022087368383543
 40
0.022087368383543
 40
0.022087368383543
 40
0.022087368383543
 10
-5.61878168076677
 20
-1.434097101015749
 30
64.95000000000001
 10
-5.64135220643834
 20
-1.46071621389695
 30
64.95000000000001
 10
-5.689342017130631
 20
-1.517314195111659
 30
64.95000000000001
 10
-5.715119740777719
 20
-1.58699209858044
 30
64.95000000000001
 10
-5.728773708049489
 20
-1.62389915160626
 30
64.95000000000001
  0
SPLINE
  5
3DD
330
70
100
AcDbEntity
  8
RFID Module Enclosre 3.2 Face Plate v3_Sketch1
100
AcDbSpline
210
0.0
220
0.0
230
1.0
 70
     8
 71
     3
 72
     9
 73
     5
 74
     0
 42
0.000000001
 43
0.0000000001
 40
0.0
 40
0.0
 40
0.0
 40
0.0
 40
0.0135133262937886
 40
0.0292629326572125
 40
0.0292629326572125
 40
0.0292629326572125
 40
0.0292629326572125
 10
10.44919919515
 20
-1.62389915160626
 30
64.95000000000001
 10
10.4377273230794
 20
-1.66762253119701
 30
64.95000000000001
 10
10.4128851330399
 20
-1.76230494207745
 30
64.95000000000001
 10
10.4108836849991
 20
-1.86024087344709
 30
64.95000000000001
 10
10.409806485418
 20
-1.91295098237485
 30
64.95000000000001
  0
SPLINE
  5
3DE
330
70
100
AcDbEntity
  8
RFID Module Enclosre 3.2 Face Plate v3_Sketch1
100
AcDbSpline
210
0.0
220
0.0
230
1.0
 70
     8
 71
     3
 72
     9
 73
     5
 74
     0
 42
0.000000001
 43
0.0000000001
 40
0.0
 40
0.0
 40
0.0
 40
0.0
 40
0.0208018423241378
 40
0.0410654881909038
 40
0.0410654881909038
 40
0.0410654881909038
 40
0.0410654881909038
 10
-25.1081926194535
 20
-1.29596601895779
 30
64.95000000000001
 10
-25.1792556019779
 20
-1.30218050516184
 30
64.95000000000001
 10
-25.3195429873062
 20
-1.314448693039059
 30
64.95000000000001
 10
-25.4250107957374
 20
-1.40758159299251
 30
64.95000000000001
 10
-25.4770535794602
 20
-1.45353775195569
 30
64.95000000000001
  0
LINE
  5
3DF
330
70
100
AcDbEntity
  8
RFID Module Enclosre 3.2 Face Plate v3_Sketch1
100
AcDbLine
 10
-46.8564996209925
 20
-2.47468363217801
 30
64.95000000000001
 11
-46.55670375498
 21
-2.47468363217801
 31
64.95000000000001
  0
LINE
  5
3E0
330
70
100
AcDbEntity
  8
RFID Module Enclosre 3.2 Face Plate v3_Sketch1
100
AcDbLine
 10
-46.55670375498
 20
-2.47468363217801
 30
64.95000000000001
 11
-46.55670375498
 21
-2.021409382147489
 31
64.95000000000001
  0
SPLINE
  5
3E1
330
70
100
AcDbEntity
  8
RFID Module Enclosre 3.2 Face Plate v3_Sketch1
100
AcDbSpline
210
0.0
220
0.0
230
1.0
 70
     8
 71
     3
 72
     9
 73
     5
 74
     0
 42
0.000000001
 43
0.0000000001
 40
0.0
 40
0.0
 40
0.0
 40
0.0
 40
0.0113402566410232
 40
0.0190486613604118
 40
0.0190486613604118
 40
0.0190486613604118
 40
0.0190486613604118
 10
-46.8810555425471
 20
-2.021409382147489
 30
64.95000000000001
 10
-46.91898263406151
 20
-2.021386087514189
 30
64.95000000000001
 10
-46.98269021542521
 20
-2.021346958630649
 30
64.95000000000001
 10
-47.04509392721461
 20
-2.03377468766354
 30
64.95000000000001
 10
-47.07034678133189
 20
-2.038803805632289
 30
64.95000000000001
  0
LINE
  5
3E2
330
70
100
AcDbEntity
  8
RFID Module Enclosre 3.2 Face Plate v3_Sketch1
100
AcDbLine
 10
10.9316344215905
 20
-2.47468363217801
 30
64.95000000000001
 11
11.2467778875863
 21
-2.47468363217801
 31
64.95000000000001
  0
SPLINE
  5
3E3
330
70
100
AcDbEntity
  8
RFID Module Enclosre 3.2 Face Plate v3_Sketch1
100
AcDbSpline
210
0.0
220
0.0
230
1.0
 70
     8
 71
     3
 72
     9
 73
     5
 74
     0
 42
0.000000001
 43
0.0000000001
 40
0.0
 40
0.0
 40
0.0
 40
0.0
 40
0.0172209443792933
 40
0.0327545045826938
 40
0.0327545045826938
 40
0.0327545045826938
 40
0.0327545045826938
 10
-25.6218356458055
 20
-1.90067272357434
 30
64.95000000000001
 10
-25.6198312141517
 20
-1.95847234687529
 30
64.95000000000001
 10
-25.6160187539089
 20
-2.06840813115001
 30
64.95000000000001
 10
-25.5779743176233
 20
-2.17152025528789
 30
64.95000000000001
 10
-25.5599320498811
 20
-2.2204203503558
 30
64.95000000000001
  0
SPLINE
  5
3E4
330
70
100
AcDbEntity
  8
RFID Module Enclosre 3.2 Face Plate v3_Sketch1
100
AcDbSpline
210
0.0
220
0.0
230
1.0
 70
     8
 71
     3
 72
     9
 73
     5
 74
     0
 42
0.000000001
 43
0.0000000001
 40
0.0
 40
0.0
 40
0.0
 40
0.0
 40
0.0063021423482334
 40
0.0130831282524735
 40
0.0130831282524735
 40
0.0130831282524735
 40
0.0130831282524735
 10
-47.2555431810206
 20
-1.46018843821972
 30
64.95000000000001
 10
-47.264194196588
 20
-1.479546710065769
 30
64.95000000000001
 10
-47.2821535411932
 20
-1.51973411608001
 30
64.95000000000001
 10
-47.2841710713918
 20
-1.56374290977244
 30
64.95000000000001
 10
-47.28521675737559
 20
-1.586552669329339
 30
64.95000000000001
  0
SPLINE
  5
3E5
330
70
100
AcDbEntity
  8
RFID Module Enclosre 3.2 Face Plate v3_Sketch1
100
AcDbSpline
210
0.0
220
0.0
230
1.0
 70
     8
 71
     3
 72
     9
 73
     5
 74
     0
 42
0.000000001
 43
0.0000000001
 40
0.0
 40
0.0
 40
0.0
 40
0.0
 40
0.0072813142675395
 40
0.0138234025233668
 40
0.0138234025233668
 40
0.0138234025233668
 40
0.0138234025233668
 10
-47.07034678133189
 20
-2.038803805632289
 30
64.95000000000001
 10
-47.09363865193029
 20
-2.04703333498774
 30
64.95000000000001
 10
-47.1378577160955
 20
-2.06265690137675
 30
64.95000000000001
 10
-47.1694710653056
 20
-2.09716527529255
 30
64.95000000000001
 10
-47.1844324556178
 20
-2.11349677018613
 30
64.95000000000001
  0
SPLINE
  5
3E6
330
70
100
AcDbEntity
  8
RFID Module Enclosre 3.2 Face Plate v3_Sketch1
100
AcDbSpline
210
0.0
220
0.0
230
1.0
 70
     8
 71
     3
 72
     9
 73
     5
 74
     0
 42
0.000000001
 43
0.0000000001
 40
0.0
 40
0.0
 40
0.0
 40
0.0
 40
0.006549392006988
 40
0.013826399630466
 40
0.013826399630466
 40
0.013826399630466
 40
0.013826399630466
 10
-47.1844324556178
 20
-2.11349677018613
 30
64.95000000000001
 10
-47.19561462675691
 20
-2.13262729855944
 30
64.95000000000001
 10
-47.2192212709675
 20
-2.173013693227709
 30
64.95000000000001
 10
-47.2215667188832
 20
-2.2198270192113
 30
64.95000000000001
 10
-47.2228011575526
 20
-2.24446546010464
 30
64.95000000000001
  0
SPLINE
  5
3E7
330
70
100
AcDbEntity
  8
RFID Module Enclosre 3.2 Face Plate v3_Sketch1
100
AcDbSpline
210
0.0
220
0.0
230
1.0
 70
     8
 71
     3
 72
     9
 73
     5
 74
     0
 42
0.000000001
 43
0.0000000001
 40
0.0
 40
0.0
 40
0.0
 40
0.0
 40
0.009165639497621
 40
0.0229631160287645
 40
0.0229631160287645
 40
0.0229631160287645
 40
0.0229631160287645
 10
-47.0846709695643
 20
-2.453708310646709
 30
64.95000000000001
 10
-47.0546582896649
 20
-2.459766916424769
 30
64.95000000000001
 10
-46.9794660839225
 20
-2.47494583192654
 30
64.95000000000001
 10
-46.90265303605591
 20
-2.47478204448926
 30
64.95000000000001
 10
-46.8564996209925
 20
-2.47468363217801
 30
64.95000000000001
  0
SPLINE
  5
3E8
330
70
100
AcDbEntity
  8
RFID Module Enclosre 3.2 Face Plate v3_Sketch1
100
AcDbSpline
210
0.0
220
0.0
230
1.0
 70
     8
 71
     3
 72
     9
 73
     5
 74
     0
 42
0.000000001
 43
0.0000000001
 40
0.0
 40
0.0
 40
0.0
 40
0.0
 40
0.0082813720301466
 40
0.0156485164084093
 40
0.0156485164084093
 40
0.0156485164084093
 40
0.0156485164084093
 10
10.6937427475487
 20
-1.35633449725598
 30
64.95000000000001
 10
10.6675924423574
 20
-1.36593917965777
 30
64.95000000000001
 10
10.6181787125575
 20
-1.38408822906828
 30
64.95000000000001
 10
10.5780734963233
 20
-1.41808962752863
 30
64.95000000000001
 10
10.5591924145257
 20
-1.434097101015749
 30
64.95000000000001
  0
SPLINE
  5
3E9
330
70
100
AcDbEntity
  8
RFID Module Enclosre 3.2 Face Plate v3_Sketch1
100
AcDbSpline
210
0.0
220
0.0
230
1.0
 70
     8
 71
     3
 72
     9
 73
     5
 74
     0
 42
0.000000001
 43
0.0000000001
 40
0.0
 40
0.0
 40
0.0
 40
0.0
 40
0.0082814266183642
 40
0.0156485234996916
 40
0.0156485234996916
 40
0.0156485234996916
 40
0.0156485234996916
 10
-5.484231347743699
 20
-1.35633449725598
 30
64.95000000000001
 10
-5.510381892727309
 20
-1.365939113033219
 30
64.95000000000001
 10
-5.559795772311559
 20
-1.38408792514275
 30
64.95000000000001
 10
-5.599900812251011
 20
-1.418089605344869
 30
64.95000000000001
 10
-5.61878168076677
 20
-1.434097101015749
 30
64.95000000000001
  0
SPLINE
  5
3EA
330
70
100
AcDbEntity
  8
RFID Module Enclosre 3.2 Face Plate v3_Sketch1
100
AcDbSpline
210
0.0
220
0.0
230
1.0
 70
     8
 71
     3
 72
     9
 73
     5
 74
     0
 42
0.000000001
 43
0.0000000001
 40
0.0
 40
0.0
 40
0.0
 40
0.0
 40
0.0208986043171728
 40
0.0373156327177442
 40
0.0373156327177442
 40
0.0373156327177442
 40
0.0373156327177442
 10
-5.76816760987444
 20
-1.91295098237485
 30
64.95000000000001
 10
-5.766811533781311
 20
-1.98348659191454
 30
64.95000000000001
 10
-5.764390183692049
 20
-2.10943188755052
 30
64.95000000000001
 10
-5.713364975775831
 20
-2.22417032579591
 30
64.95000000000001
 10
-5.690916413966849
 20
-2.27464955024212
 30
64.95000000000001
  0
SPLINE
  5
3EB
330
70
100
AcDbEntity
  8
RFID Module Enclosre 3.2 Face Plate v3_Sketch1
100
AcDbSpline
210
0.0
220
0.0
230
1.0
 70
     8
 71
     3
 72
     9
 73
     5
 74
     0
 42
0.000000001
 43
0.0000000001
 40
0.0
 40
0.0
 40
0.0
 40
0.0
 40
0.0135849662579766
 40
0.0256332859023008
 40
0.0256332859023008
 40
0.0256332859023008
 40
0.0256332859023008
 10
-5.690916413966849
 20
-2.27464955024212
 30
64.95000000000001
 10
-5.665014596887719
 20
-2.31278570394495
 30
64.95000000000001
 10
-5.616140814651529
 20
-2.38474428761126
 30
64.95000000000001
 10
-5.53928489685094
 20
-2.42504540046396
 30
64.95000000000001
 10
-5.50316059083147
 20
-2.44398798517674
 30
64.95000000000001
  0
SPLINE
  5
3EC
330
70
100
AcDbEntity
  8
RFID Module Enclosre 3.2 Face Plate v3_Sketch1
100
AcDbSpline
210
0.0
220
0.0
230
1.0
 70
     8
 71
     3
 72
     9
 73
     5
 74
     0
 42
0.000000001
 43
0.0000000001
 40
0.0
 40
0.0
 40
0.0
 40
0.0
 40
0.013255541540863
 40
0.0235071493690867
 40
0.0235071493690867
 40
0.0235071493690867
 40
0.0235071493690867
 10
10.9265185549294
 20
-1.32870834044903
 30
64.95000000000001
 10
10.8821532633854
 20
-1.32914182363536
 30
64.95000000000001
 10
10.8034766184581
 20
-1.329910555261939
 30
64.95000000000001
 10
10.7270659117713
 20
-1.348310271452419
 30
64.95000000000001
 10
10.6937427475487
 20
-1.35633449725598
 30
64.95000000000001
  0
SPLINE
  5
3ED
330
70
100
AcDbEntity
  8
RFID Module Enclosre 3.2 Face Plate v3_Sketch1
100
AcDbSpline
210
0.0
220
0.0
230
1.0
 70
     8
 71
     3
 72
     9
 73
     5
 74
     0
 42
0.000000001
 43
0.0000000001
 40
0.0
 40
0.0
 40
0.0
 40
0.0
 40
0.0132556010645445
 40
0.0235072088927682
 40
0.0235072088927682
 40
0.0235072088927682
 40
0.0235072088927682
 10
-5.25145494431658
 20
-1.32870834044903
 30
64.95000000000001
 10
-5.29582043624368
 20
-1.32914180866938
 30
64.95000000000001
 10
-5.374497282452511
 20
-1.329910512250189
 30
64.95000000000001
 10
-5.450908183248349
 20
-1.34831027253931
 30
64.95000000000001
 10
-5.484231347743699
 20
-1.35633449725598
 30
64.95000000000001
  0
LINE
  5
3EE
330
70
100
AcDbEntity
  8
RFID Module Enclosre 3.2 Face Plate v3_Sketch1
100
AcDbLine
 10
-23.2531446782456
 20
-1.93853091172665
 30
64.95000000000001
 11
-23.6409348813401
 21
-1.93853091172665
 31
64.95000000000001
  0
SPLINE
  5
3EF
330
70
100
AcDbEntity
  8
RFID Module Enclosre 3.2 Face Plate v3_Sketch1
100
AcDbSpline
210
0.0
220
0.0
230
1.0
 70
     8
 71
     3
 72
     9
 73
     5
 74
     0
 42
0.000000001
 43
0.0000000001
 40
0.0
 40
0.0
 40
0.0
 40
0.0
 40
0.0106625235505125
 40
0.0259529794654763
 40
0.0259529794654763
 40
0.0259529794654763
 40
0.0259529794654763
 10
-5.50316059083147
 20
-2.44398798517674
 30
64.95000000000001
 10
-5.468620186542559
 20
-2.452871836421199
 30
64.95000000000001
 10
-5.3845475559882
 20
-2.47449546124413
 30
64.95000000000001
 10
-5.29757766038621
 20
-2.47461387030336
 30
64.95000000000001
 10
-5.246338481609059
 20
-2.47468363217801
 30
64.95000000000001
  0
LINE
  5
3F0
330
70
100
AcDbEntity
  8
RFID Module Enclosre 3.2 Face Plate v3_Sketch1
100
AcDbLine
 10
-23.2531446782456
 20
-2.47468363217801
 30
64.95000000000001
 11
-23.2531446782456
 21
-1.93853091172665
 31
64.95000000000001
  0
SPLINE
  5
3F1
330
70
100
AcDbEntity
  8
RFID Module Enclosre 3.2 Face Plate v3_Sketch1
100
AcDbSpline
210
0.0
220
0.0
230
1.0
 70
     8
 71
     3
 72
     9
 73
     5
 74
     0
 42
0.000000001
 43
0.0000000001
 40
0.0
 40
0.0
 40
0.0
 40
0.0
 40
0.0088161178994044
 40
0.0170133470368191
 40
0.0170133470368191
 40
0.0170133470368191
 40
0.0170133470368191
 10
-23.9949596492158
 20
-2.21172328762501
 30
64.95000000000001
 10
-23.9932819924274
 20
-2.241531326558909
 30
64.95000000000001
 10
-23.9900444498406
 20
-2.29905488927165
 30
64.95000000000001
 10
-23.961252928521
 20
-2.348873081377429
 30
64.95000000000001
 10
-23.9473808375703
 20
-2.372876067681009
 30
64.95000000000001
  0
SPLINE
  5
3F2
330
70
100
AcDbEntity
  8
RFID Module Enclosre 3.2 Face Plate v3_Sketch1
100
AcDbSpline
210
0.0
220
0.0
230
1.0
 70
     8
 71
     3
 72
     9
 73
     5
 74
     0
 42
0.000000001
 43
0.0000000001
 40
0.0
 40
0.0
 40
0.0
 40
0.0
 40
0.0078320218032469
 40
0.0155849678555137
 40
0.0155849678555137
 40
0.0155849678555137
 40
0.0155849678555137
 10
-23.9473808375703
 20
-2.372876067681009
 30
64.95000000000001
 10
-23.9303301891782
 20
-2.393300181686509
 30
64.95000000000001
 10
-23.8964010437057
 20
-2.43394219830105
 30
64.95000000000001
 10
-23.8467430409977
 20
-2.452266564213339
 30
64.95000000000001
 10
-23.8220400182115
 20
-2.46138225964993
 30
64.95000000000001
  0
SPLINE
  5
3F3
330
70
100
AcDbEntity
  8
RFID Module Enclosre 3.2 Face Plate v3_Sketch1
100
AcDbSpline
210
0.0
220
0.0
230
1.0
 70
     8
 71
     3
 72
     9
 73
     5
 74
     0
 42
0.000000001
 43
0.0000000001
 40
0.0
 40
0.0
 40
0.0
 40
0.0
 40
0.0135133262937886
 40
0.0292629401115543
 40
0.0292629401115543
 40
0.0292629401115543
 40
0.0292629401115543
 10
-5.728773708049489
 20
-1.62389915160626
 30
64.95000000000001
 10
-5.74024550129247
 20
-1.66762253616889
 30
64.95000000000001
 10
-5.76508752695982
 20
-1.76230498193496
 30
64.95000000000001
 10
-5.76708990794026
 20
-1.86024087990333
 30
64.95000000000001
 10
-5.76816760987444
 20
-1.91295098237485
 30
64.95000000000001
  0
SPLINE
  5
3F4
330
70
100
AcDbEntity
  8
RFID Module Enclosre 3.2 Face Plate v3_Sketch1
100
AcDbSpline
210
0.0
220
0.0
230
1.0
 70
     8
 71
     3
 72
     9
 73
     5
 74
     0
 42
0.000000001
 43
0.0000000001
 40
0.0
 40
0.0
 40
0.0
 40
0.0
 40
0.0072061491449444
 40
0.0185940619279409
 40
0.0185940619279409
 40
0.0185940619279409
 40
0.0185940619279409
 10
-23.8220400182115
 20
-2.46138225964993
 30
64.95000000000001
 10
-23.798293644567
 20
-2.465216056124969
 30
64.95000000000001
 10
-23.7370207603638
 20
-2.475108419944
 30
64.95000000000001
 10
-23.6748923233316
 20
-2.474844977322109
 30
64.95000000000001
 10
-23.63684183038341
 20
-2.47468363217801
 30
64.95000000000001
  0
SPLINE
  5
3F5
330
70
100
AcDbEntity
  8
RFID Module Enclosre 3.2 Face Plate v3_Sketch1
100
AcDbSpline
210
0.0
220
0.0
230
1.0
 70
     8
 71
     3
 72
     9
 73
     5
 74
     0
 42
0.000000001
 43
0.0000000001
 40
0.0
 40
0.0
 40
0.0
 40
0.0
 40
0.0208986043171728
 40
0.0373156327177442
 40
0.0373156327177442
 40
0.0373156327177442
 40
0.0373156327177442
 10
10.409806485418
 20
-1.91295098237485
 30
64.95000000000001
 10
10.4111625615111
 20
-1.98348659191454
 30
64.95000000000001
 10
10.4135839116004
 20
-2.10943188755052
 30
64.95000000000001
 10
10.4646091195166
 20
-2.22417032579591
 30
64.95000000000001
 10
10.4870576813256
 20
-2.27464955024212
 30
64.95000000000001
  0
LINE
  5
3F6
330
70
100
AcDbEntity
  8
RFID Module Enclosre 3.2 Face Plate v3_Sketch1
100
AcDbLine
 10
-5.246338481609059
 20
-2.47468363217801
 30
64.95000000000001
 11
-4.931195611659719
 21
-2.47468363217801
 31
64.95000000000001
  0
LINE
  5
3F7
330
70
100
AcDbEntity
  8
RFID Module Enclosre 3.2 Face Plate v3_Sketch1
100
AcDbLine
 10
-4.931195611659719
 20
-1.32870834044903
 30
64.95000000000001
 11
-5.25145494431658
 21
-1.32870834044903
 31
64.95000000000001
  0
SPLINE
  5
3F8
330
70
100
AcDbEntity
  8
RFID Module Enclosre 3.2 Face Plate v3_Sketch1
100
AcDbSpline
210
0.0
220
0.0
230
1.0
 70
     8
 71
     3
 72
     9
 73
     5
 74
     0
 42
0.000000001
 43
0.0000000001
 40
0.0
 40
0.0
 40
0.0
 40
0.0
 40
0.0199382409516855
 40
0.0398289330112271
 40
0.0398289330112271
 40
0.0398289330112271
 40
0.0398289330112271
 10
-25.11126225865951
 20
-2.507425953669249
 30
64.95000000000001
 10
-25.04348463764311
 20
-2.50142227633955
 30
64.95000000000001
 10
-24.9080910322764
 20
-2.48942923930259
 30
64.95000000000001
 10
-24.8016817173316
 20
-2.404872221156079
 30
64.95000000000001
 10
-24.74854057706461
 20
-2.36264418534726
 30
64.95000000000001
  0
LINE
  5
3F9
330
70
100
AcDbEntity
  8
RFID Module Enclosre 3.2 Face Plate v3_Sketch1
100
AcDbLine
 10
11.2467778875863
 20
-2.47468363217801
 30
64.95000000000001
 11
11.2467778875863
 21
-1.32870834044903
 31
64.95000000000001
  0
SPLINE
  5
3FA
330
70
100
AcDbEntity
  8
RFID Module Enclosre 3.2 Face Plate v3_Sketch1
100
AcDbSpline
210
0.0
220
0.0
230
1.0
 70
     8
 71
     3
 72
     9
 73
     5
 74
     0
 42
0.000000001
 43
0.0000000001
 40
0.0
 40
0.0
 40
0.0
 40
0.0
 40
0.0165450203505499
 40
0.0286711662819311
 40
0.0286711662819311
 40
0.0286711662819311
 40
0.0286711662819311
 10
-23.6409348813401
 20
-1.93853091172665
 30
64.95000000000001
 10
-23.6973140802975
 20
-1.9391725737464
 30
64.95000000000001
 10
-23.7950146182177
 20
-1.9402845215153
 30
64.95000000000001
 10
-23.8787236266476
 20
-1.98938703333601
 30
64.95000000000001
 10
-23.9141274062501
 20
-2.010154386086159
 30
64.95000000000001
  0
SPLINE
  5
3FB
330
70
100
AcDbEntity
  8
RFID Module Enclosre 3.2 Face Plate v3_Sketch1
100
AcDbSpline
210
0.0
220
0.0
230
1.0
 70
     8
 71
     3
 72
     9
 73
     5
 74
     0
 42
0.000000001
 43
0.0000000001
 40
0.0
 40
0.0
 40
0.0
 40
0.0
 40
0.0081875837893712
 40
0.0135351794628148
 40
0.0135351794628148
 40
0.0135351794628148
 40
0.0135351794628148
 10
-46.93016857774909
 20
-1.32870834044903
 30
64.95000000000001
 10
-46.95749376943161
 20
-1.328656667818699
 30
64.95000000000001
 10
-47.00266599396001
 20
-1.32857124599673
 30
64.95000000000001
 10
-47.04751212257149
 20
-1.333803520399859
 30
64.95000000000001
 10
-47.0652303186244
 20
-1.33587073258847
 30
64.95000000000001
  0
SPLINE
  5
3FC
330
70
100
AcDbEntity
  8
RFID Module Enclosre 3.2 Face Plate v3_Sketch1
100
AcDbSpline
210
0.0
220
0.0
230
1.0
 70
     8
 71
     3
 72
     9
 73
     5
 74
     0
 42
0.000000001
 43
0.0000000001
 40
0.0
 40
0.0
 40
0.0
 40
0.0
 40
0.0065021675771592
 40
0.0122230234149597
 40
0.0122230234149597
 40
0.0122230234149597
 40
0.0122230234149597
 10
-47.0652303186244
 20
-1.33587073258847
 30
64.95000000000001
 10
-47.0865783798652
 20
-1.340304665193519
 30
64.95000000000001
 10
-47.12670928226251
 20
-1.348639741367549
 30
64.95000000000001
 10
-47.1628923169919
 20
-1.36782078083163
 30
64.95000000000001
 10
-47.1798274007624
 20
-1.376798261923489
 30
64.95000000000001
  0
SPLINE
  5
3FD
330
70
100
AcDbEntity
  8
RFID Module Enclosre 3.2 Face Plate v3_Sketch1
100
AcDbSpline
210
0.0
220
0.0
230
1.0
 70
     8
 71
     3
 72
     9
 73
     5
 74
     0
 42
0.000000001
 43
0.0000000001
 40
0.0
 40
0.0
 40
0.0
 40
0.0
 40
0.0079134783916824
 40
0.0153847675390898
 40
0.0153847675390898
 40
0.0153847675390898
 40
0.0153847675390898
 10
-47.28521675737559
 20
-1.586552669329339
 30
64.95000000000001
 10
-47.28364144094349
 20
-1.6132876973202
 30
64.95000000000001
 10
-47.2805788335908
 20
-1.665263853750039
 30
64.95000000000001
 10
-47.25477358523289
 20
-1.71042566602223
 30
64.95000000000001
 10
-47.2422418084925
 20
-1.7323575513789
 30
64.95000000000001
  0
SPLINE
  5
3FE
330
70
100
AcDbEntity
  8
RFID Module Enclosre 3.2 Face Plate v3_Sketch1
100
AcDbSpline
210
0.0
220
0.0
230
1.0
 70
     8
 71
     3
 72
     9
 73
     5
 74
     0
 42
0.000000001
 43
0.0000000001
 40
0.0
 40
0.0
 40
0.0
 40
0.0
 40
0.0073532343497214
 40
0.0149607790766276
 40
0.0149607790766276
 40
0.0149607790766276
 40
0.0149607790766276
 10
-47.2422418084925
 20
-1.7323575513789
 30
64.95000000000001
 10
-47.22632267394209
 20
-1.75152503692568
 30
64.95000000000001
 10
-47.19393384424179
 20
-1.790522912293369
 30
64.95000000000001
 10
-47.14693735192549
 20
-1.80961881886073
 30
64.95000000000001
 10
-47.12303967149909
 20
-1.81932907275647
 30
64.95000000000001
  0
SPLINE
  5
3FF
330
70
100
AcDbEntity
  8
RFID Module Enclosre 3.2 Face Plate v3_Sketch1
100
AcDbSpline
210
0.0
220
0.0
230
1.0
 70
     8
 71
     3
 72
     9
 73
     5
 74
     0
 42
0.000000001
 43
0.0000000001
 40
0.0
 40
0.0
 40
0.0
 40
0.0
 40
0.0094865013117191
 40
0.0221510759835767
 40
0.0221510759835767
 40
0.0221510759835767
 40
0.0221510759835767
 10
-47.12303967149909
 20
-1.81932907275647
 30
64.95000000000001
 10
-47.09217127623669
 20
-1.82660306628394
 30
64.95000000000001
 10
-47.0200932628068
 20
-1.8435879143366
 30
64.95000000000001
 10
-46.94595396309451
 20
-1.84410287469341
 30
64.95000000000001
 10
-46.90356583269299
 20
-1.84439729623288
 30
64.95000000000001
  0
SPLINE
  5
400
330
70
100
AcDbEntity
  8
RFID Module Enclosre 3.2 Face Plate v3_Sketch1
100
AcDbSpline
210
0.0
220
0.0
230
1.0
 70
     8
 71
     3
 72
     9
 73
     5
 74
     0
 42
0.000000001
 43
0.0000000001
 40
0.0
 40
0.0
 40
0.0
 40
0.0
 40
0.006464665379042
 40
0.0130654779268877
 40
0.0130654779268877
 40
0.0130654779268877
 40
0.0130654779268877
 10
-47.1869906869715
 20
-2.37594555787533
 30
64.95000000000001
 10
-47.173660754819
 20
-2.39341786825844
 30
64.95000000000001
 10
-47.14672015942951
 20
-2.4287304594379
 30
64.95000000000001
 10
-47.10549721900729
 20
-2.445324720773009
 30
64.95000000000001
 10
-47.0846709695643
 20
-2.453708310646709
 30
64.95000000000001
  0
SPLINE
  5
401
330
70
100
AcDbEntity
  8
RFID Module Enclosre 3.2 Face Plate v3_Sketch1
100
AcDbSpline
210
0.0
220
0.0
230
1.0
 70
     8
 71
     3
 72
     9
 73
     5
 74
     0
 42
0.000000001
 43
0.0000000001
 40
0.0
 40
0.0
 40
0.0
 40
0.0
 40
0.0147848055695376
 40
0.0297904891377248
 40
0.0297904891377248
 40
0.0297904891377248
 40
0.0297904891377248
 10
-68.56281701149599
 20
-2.494124432129559
 30
64.95000000000001
 10
-68.55222311598152
 20
-2.44594645482448
 30
64.95000000000001
 10
-68.5308770571669
 20
-2.348870744032479
 30
64.95000000000001
 10
-68.498362556361
 20
-2.25494264466261
 30
64.95000000000001
 10
-68.48198476853029
 20
-2.207630385679899
 30
64.95000000000001
  0
SPLINE
  5
402
330
70
100
AcDbEntity
  8
RFID Module Enclosre 3.2 Face Plate v3_Sketch1
100
AcDbSpline
210
0.0
220
0.0
230
1.0
 70
     8
 71
     3
 72
     9
 73
     5
 74
     0
 42
0.000000001
 43
0.0000000001
 40
0.0
 40
0.0
 40
0.0
 40
0.0
 40
0.0224352754311137
 40
0.0517031079980095
 40
0.0517031079980095
 40
0.0517031079980095
 40
0.0517031079980095
 10
-24.74854057706461
 20
-2.36264418534726
 30
64.95000000000001
 10
-24.70441884369201
 20
-2.30033741001774
 30
64.95000000000001
 10
-24.60273831150401
 20
-2.1567486253041
 30
64.95000000000001
 10
-24.5988164717285
 20
-1.97951394954386
 30
64.95000000000001
 10
-24.5965964166032
 20
-1.879185845179259
 30
64.95000000000001
  0
LINE
  5
403
330
70
100
AcDbEntity
  8
RFID Module Enclosre 3.2 Face Plate v3_Sketch1
100
AcDbLine
 10
-0.489183056092784
 20
25.1818630390901
 30
64.95000000000001
 11
-1.43783704880912
 21
26.5077664987629
 31
64.95000000000001
  0
SPLINE
  5
404
330
70
100
AcDbEntity
  8
RFID Module Enclosre 3.2 Face Plate v3_Sketch1
100
AcDbSpline
210
0.0
220
0.0
230
1.0
 70
     8
 71
     3
 72
     8
 73
     4
 74
     0
 42
0.000000001
 43
0.0000000001
 40
0.0
 40
0.0
 40
0.0
 40
0.0
 40
1.0
 40
1.0
 40
1.0
 40
1.0
 10
8.393765859593372
 20
25.57017776178361
 30
64.95000000000001
 10
8.393765859593372
 20
25.73918520983421
 30
64.95000000000001
 10
8.37465167988369
 20
25.8518570977061
 30
64.95000000000001
 10
8.335417876542869
 20
25.90718644644891
 30
64.95000000000001
  0
ELLIPSE
  5
405
330
70
100
AcDbEntity
  8
RFID Module Enclosre 3.2 Face Plate v3_Sketch1
100
AcDbEllipse
 10
67.28715829691539
 20
-66.9593493401147
 30
64.95000000000001
 11
57.69418845124031
 21
-92.81200775909352
 31
0.0
210
0.0
220
0.0
230
1.0
 40
0.0804175415782176
 41
3.091644718730298
 42
3.170079832405547
  0
SPLINE
  5
406
330
70
100
AcDbEntity
  8
RFID Module Enclosre 3.2 Face Plate v3_Sketch1
100
AcDbSpline
210
0.0
220
0.0
230
1.0
 70
     8
 71
     3
 72
     8
 73
     4
 74
     0
 42
0.000000001
 43
0.0000000001
 40
0.0
 40
0.0
 40
0.0
 40
0.0
 40
1.0
 40
1.0
 40
1.0
 40
1.0
 10
10.6210425034551
 20
23.542089536448
 30
64.95000000000001
 10
10.7880379123912
 20
23.80767255945411
 30
64.95000000000001
 10
10.8705295973019
 20
24.1748614470805
 30
64.95000000000001
 10
10.8705295973019
 20
24.6426488366198
 30
64.95000000000001
  0
LINE
  5
407
330
70
100
AcDbEntity
  8
RFID Module Enclosre 3.2 Face Plate v3_Sketch1
100
AcDbLine
 10
1.256221540670529
 20
22.7413152379292
 30
64.95000000000001
 11
-0.061634530058492
 21
24.5883249317985
 31
64.95000000000001
  0
LINE
  5
408
330
70
100
AcDbEntity
  8
RFID Module Enclosre 3.2 Face Plate v3_Sketch1
100
AcDbLine
 10
-2.30802343484383
 20
22.7413152379292
 30
64.95000000000001
 11
-1.547490302373339
 21
22.6034938205184
 31
64.95000000000001
  0
LINE
  5
409
330
70
100
AcDbEntity
  8
RFID Module Enclosre 3.2 Face Plate v3_Sketch1
100
AcDbLine
 10
0.4162138225680701
 20
26.5077664987629
 30
64.95000000000001
 11
-0.489183056092784
 21
25.1818630390901
 31
64.95000000000001
  0
SPLINE
  5
40A
330
70
100
AcDbEntity
  8
RFID Module Enclosre 3.2 Face Plate v3_Sketch1
100
AcDbSpline
210
0.0
220
0.0
230
1.0
 70
     8
 71
     3
 72
     8
 73
     4
 74
     0
 42
0.000000001
 43
0.0000000001
 40
0.0
 40
0.0
 40
0.0
 40
0.0
 40
1.0
 40
1.0
 40
1.0
 40
1.0
 10
9.85749073667697
 20
22.5370984485241
 30
64.95000000000001
 10
9.630135689333091
 20
22.5370984485241
 30
64.95000000000001
 10
9.3665643216844
 20
22.57230817363581
 30
64.95000000000001
 10
9.064765362130779
 20
22.6417221799377
 30
64.95000000000001
  0
ELLIPSE
  5
40B
330
70
100
AcDbEntity
  8
RFID Module Enclosre 3.2 Face Plate v3_Sketch1
100
AcDbEllipse
 10
-207.128187751311
 20
-164.474414494166
 30
64.95000000000001
 11
218.3065638808095
 21
190.6971306042008
 31
0.0
210
0.0
220
0.0
230
1.0
 40
0.0789915034034112
 41
6.214293112675311
 42
6.272152722016069
  0
ELLIPSE
  5
40C
330
70
100
AcDbEntity
  8
RFID Module Enclosre 3.2 Face Plate v3_Sketch1
100
AcDbEllipse
 10
-167.747011984883
 20
-266.886372559917
 30
64.95000000000001
 11
-178.1881242174748
 21
-292.7512847401136
 31
0.0
210
0.0
220
0.0
230
1.0
 40
0.0437207925419083
 41
3.122044117589065
 42
3.168197800447849
  0
ELLIPSE
  5
40D
330
70
100
AcDbEntity
  8
RFID Module Enclosre 3.2 Face Plate v3_Sketch1
100
AcDbEllipse
 10
146.463458957552
 20
-189.617102850255
 30
64.95000000000001
 11
-137.0012861670474
 21
215.996249902355
 31
0.0
210
0.0
220
0.0
230
1.0
 40
0.0676991633433756
 41
6.24027170354017
 42
6.313503295293856
  0
ELLIPSE
  5
40E
330
70
100
AcDbEntity
  8
RFID Module Enclosre 3.2 Face Plate v3_Sketch1
100
AcDbEllipse
 10
-74.0396542119056
 20
-96.5911509039563
 30
64.95000000000001
 11
85.04809867599034
 21
122.9478274039065
 31
0.0
210
0.0
220
0.0
230
1.0
 40
0.0868166899953939
 41
6.248002195446241
 42
6.343167975106736
  0
ELLIPSE
  5
40F
330
70
100
AcDbEntity
  8
RFID Module Enclosre 3.2 Face Plate v3_Sketch1
100
AcDbEllipse
 10
-111.354554086651
 20
232.41953752129
 30
64.95000000000001
 11
-122.1306073181032
 21
209.6535593723657
 31
0.0
210
0.0
220
0.0
230
0.9999999999999998
 40
0.080234977880327
 41
3.094886913965275
 42
3.169469930037296
  0
LINE
  5
410
330
70
100
AcDbEntity
  8
RFID Module Enclosre 3.2 Face Plate v3_Sketch1
100
AcDbLine
 10
-2.30802343484383
 20
22.7413152379292
 30
64.95000000000001
 11
-0.975078030148685
 21
24.6748406949383
 31
64.95000000000001
  0
LINE
  5
411
330
70
100
AcDbEntity
  8
RFID Module Enclosre 3.2 Face Plate v3_Sketch1
100
AcDbLine
 10
-0.489183056092784
 20
25.1818630390901
 30
64.95000000000001
 11
0.4162138225680701
 21
26.5077664987629
 31
64.95000000000001
  0
LINE
  5
412
330
70
100
AcDbEntity
  8
RFID Module Enclosre 3.2 Face Plate v3_Sketch1
100
AcDbLine
 10
9.175425594645341
 20
24.9766404220064
 30
64.95000000000001
 11
9.175425594645329
 21
23.2382785377799
 31
64.95000000000001
  0
LINE
  5
413
330
70
100
AcDbEntity
  8
RFID Module Enclosre 3.2 Face Plate v3_Sketch1
100
AcDbLine
 10
1.256221540670529
 20
26.5077664987629
 30
64.95000000000001
 11
-0.061634530058492
 21
24.5883249317985
 31
64.95000000000001
  0
LINE
  5
414
330
70
100
AcDbEntity
  8
RFID Module Enclosre 3.2 Face Plate v3_Sketch1
100
AcDbLine
 10
-2.278850210833029
 20
26.5077664987629
 30
64.95000000000001
 11
-1.43783704880912
 21
26.5077664987629
 31
64.95000000000001
  0
LINE
  5
415
330
70
100
AcDbEntity
  8
RFID Module Enclosre 3.2 Face Plate v3_Sketch1
100
AcDbLine
 10
1.256221540670529
 20
26.5077664987629
 30
64.95000000000001
 11
0.4162138225680701
 21
26.5077664987629
 31
64.95000000000001
  0
LINE
  5
416
330
70
100
AcDbEntity
  8
RFID Module Enclosre 3.2 Face Plate v3_Sketch1
100
AcDbLine
 10
-10.89018267246812
 20
26.09933215243728
 30
64.95000000000001
 11
-10.89018267247
 21
21.7312953953691
 31
64.95000000000001
  0
LINE
  5
417
330
70
100
AcDbEntity
  8
RFID Module Enclosre 3.2 Face Plate v3_Sketch1
100
AcDbLine
 10
0.4956884082000331
 20
22.6034938205184
 30
64.95000000000001
 11
-0.5475295041143942
 21
24.0742606426243
 31
64.95000000000001
  0
SPLINE
  5
418
330
70
100
AcDbEntity
  8
RFID Module Enclosre 3.2 Face Plate v3_Sketch1
100
AcDbSpline
210
0.0
220
0.0
230
1.0
 70
     8
 71
     3
 72
     8
 73
     4
 74
     0
 42
0.000000001
 43
0.0000000001
 40
0.0
 40
0.0
 40
0.0
 40
0.0
 40
1.0
 40
1.0
 40
1.0
 40
1.0
 10
-11.6557476296344
 20
27.28137807735671
 30
64.95000000000001
 10
-11.6195332281157
 20
27.29546196740131
 30
64.95000000000001
 10
-11.5772800229528
 20
27.3105520688819
 30
64.95000000000001
 10
-11.5289910842034
 20
27.32463595892661
 30
64.95000000000001
  0
ELLIPSE
  5
419
330
70
100
AcDbEntity
  8
RFID Module Enclosre 3.2 Face Plate v3_Sketch1
100
AcDbEllipse
 10
-27.26707842432861
 20
8.456926889811759
 30
64.95000000000001
 11
16.77714781360524
 21
18.74745536277782
 31
0.0
210
0.0
220
0.0
230
1.0
 40
0.1916466322311679
 41
6.07221783628371
 42
6.239473960718852
  0
ELLIPSE
  5
41A
330
70
100
AcDbEntity
  8
RFID Module Enclosre 3.2 Face Plate v3_Sketch1
100
AcDbEllipse
 10
-106.88172397654
 20
-103.827089486143
 30
64.95000000000001
 11
115.7710485138908
 21
130.1863512484137
 31
0.0
210
0.0
220
0.0
230
0.9999999999999998
 40
0.0546297861918965
 41
6.242883914078507
 42
6.331727835957244
  0
LINE
  5
41B
330
70
100
AcDbEntity
  8
RFID Module Enclosre 3.2 Face Plate v3_Sketch1
100
AcDbLine
 10
0.4162138225680701
 20
26.5077664987629
 30
64.95000000000001
 11
1.256221540670529
 21
26.5077664987629
 31
64.95000000000001
  0
LINE
  5
41C
330
70
100
AcDbEntity
  8
RFID Module Enclosre 3.2 Face Plate v3_Sketch1
100
AcDbLine
 10
-0.061634530058492
 20
24.5883249317985
 30
64.95000000000001
 11
1.256221540670529
 21
22.7413152379292
 31
64.95000000000001
  0
LINE
  5
41D
330
70
100
AcDbEntity
  8
RFID Module Enclosre 3.2 Face Plate v3_Sketch1
100
AcDbLine
 10
-1.43783704880912
 20
26.5077664987629
 30
64.95000000000001
 11
-0.4891830560927842
 21
25.1818630390901
 31
64.95000000000001
  0
LINE
  5
41E
330
70
100
AcDbEntity
  8
RFID Module Enclosre 3.2 Face Plate v3_Sketch1
100
AcDbLine
 10
-0.5475295041143941
 20
24.0742606426243
 30
64.95000000000001
 11
-1.547490302373339
 21
22.6034938205184
 31
64.95000000000001
  0
CIRCLE
  5
41F
330
70
100
AcDbEntity
  8
RFID Module Enclosre 3.2 Face Plate v3_Sketch1
100
AcDbCircle
 10
-10.9113073716157
 20
24.5561334111863
 30
64.95000000000001
 40
4.05
  0
LINE
  5
420
330
70
100
AcDbEntity
  8
RFID Module Enclosre 3.2 Face Plate v3_Sketch1
100
AcDbLine
 10
1.256221540670529
 20
22.7413152379292
 30
64.95000000000001
 11
0.4956884082000332
 21
22.6034938205184
 31
64.95000000000001
  0
LINE
  5
421
330
70
100
AcDbEntity
  8
RFID Module Enclosre 3.2 Face Plate v3_Sketch1
100
AcDbLine
 10
8.39477207102926
 20
22.8630414936952
 30
64.95000000000001
 11
8.39376585959337
 21
22.8610290708234
 31
64.95000000000001
  0
ELLIPSE
  5
422
330
70
100
AcDbEntity
  8
RFID Module Enclosre 3.2 Face Plate v3_Sketch1
100
AcDbEllipse
 10
-553.356690684401
 20
-924.6711514908669
 30
64.95000000000001
 11
-542.2475773459159
 21
-951.403961081699
 31
0.0
210
0.0
220
0.0
230
1.0
 40
0.0161974252250606
 41
3.113181007285072
 42
3.150824029512737
  0
LINE
  5
423
330
70
100
AcDbEntity
  8
RFID Module Enclosre 3.2 Face Plate v3_Sketch1
100
AcDbLine
 10
-1.547490302373339
 20
22.6034938205184
 30
64.95000000000001
 11
-0.5475295041143941
 21
24.0742606426243
 31
64.95000000000001
  0
ELLIPSE
  5
424
330
70
100
AcDbEntity
  8
RFID Module Enclosre 3.2 Face Plate v3_Sketch1
100
AcDbEllipse
 10
2.00750796010943
 20
22.8613277076311
 30
64.95000000000001
 11
6.336418174736389
 21
3.031199756078747
 31
0.0
210
0.0
220
0.0
230
1.0
 40
0.1227231540653366
 41
0.0196010004669609
 42
0.2511262094019626
  0
LINE
  5
425
330
70
100
AcDbEntity
  8
RFID Module Enclosre 3.2 Face Plate v3_Sketch1
100
AcDbLine
 10
-1.547490302373339
 20
22.6034938205184
 30
64.95000000000001
 11
-2.30802343484383
 21
22.7413152379292
 31
64.95000000000001
  0
ELLIPSE
  5
426
330
70
100
AcDbEntity
  8
RFID Module Enclosre 3.2 Face Plate v3_Sketch1
100
AcDbEllipse
 10
-27.26707842432861
 20
8.456926889811759
 30
64.95000000000001
 11
16.77714781360524
 21
18.74745536277782
 31
0.0
210
0.0
220
0.0
230
1.0
 40
0.1916466322311679
 41
6.072217836283714
 42
6.239473960718852
  0
LINE
  5
427
330
70
100
AcDbEntity
  8
RFID Module Enclosre 3.2 Face Plate v3_Sketch1
100
AcDbLine
 10
-10.1095283813395
 20
26.11542846535481
 30
64.95000000000001
 11
-10.1095283813395
 21
21.8349132991041
 31
64.95000000000001
  0
LINE
  5
428
330
70
100
AcDbEntity
  8
RFID Module Enclosre 3.2 Face Plate v3_Sketch1
100
AcDbLine
 10
-11.7171119444493
 20
27.2592460308538
 30
64.95000000000001
 11
-11.6225480248512
 21
26.7230496951767
 31
64.95000000000001
  0
ELLIPSE
  5
429
330
70
100
AcDbEntity
  8
RFID Module Enclosre 3.2 Face Plate v3_Sketch1
100
AcDbEllipse
 10
-29.8577936692984
 20
-49.2984463552617
 30
64.95000000000001
 11
-40.31749343534063
 21
-75.13767966083647
 31
0.0
210
0.0
220
0.0
230
1.0
 40
0.0767959836843697
 41
2.999437153655319
 42
3.101818958143275
  0
LINE
  5
42A
330
70
100
AcDbEntity
  8
RFID Module Enclosre 3.2 Face Plate v3_Sketch1
100
AcDbLine
 10
-2.278850210833029
 20
26.5077664987629
 30
64.95000000000001
 11
-0.975078030148685
 21
24.6748406949383
 31
64.95000000000001
  0
LINE
  5
42B
330
70
100
AcDbEntity
  8
RFID Module Enclosre 3.2 Face Plate v3_Sketch1
100
AcDbLine
 10
8.393765859593372
 20
22.8610290708234
 30
64.95000000000001
 11
8.393765859593372
 21
25.57017776178361
 31
64.95000000000001
  0
CIRCLE
  5
42C
330
70
100
AcDbEntity
  8
RFID Module Enclosre 3.2 Face Plate v3_Sketch1
100
AcDbCircle
 10
-0.525399176843837
 20
24.5561334111863
 30
64.95000000000001
 40
4.05
  0
LINE
  5
42D
330
70
100
AcDbEntity
  8
RFID Module Enclosre 3.2 Face Plate v3_Sketch1
100
AcDbLine
 10
-0.975078030148685
 20
24.6748406949383
 30
64.95000000000001
 11
-2.278850210833029
 21
26.5077664987629
 31
64.95000000000001
  0
SPLINE
  5
42E
330
70
100
AcDbEntity
  8
RFID Module Enclosre 3.2 Face Plate v3_Sketch1
100
AcDbSpline
210
0.0
220
0.0
230
1.0
 70
     8
 71
     3
 72
     9
 73
     5
 74
     0
 42
0.000000001
 43
0.0000000001
 40
0.0
 40
0.0
 40
0.0
 40
0.0
 40
0.018335811885087
 40
0.03288142281019
 40
0.03288142281019
 40
0.03288142281019
 40
0.03288142281019
 10
-68.6692291838135
 20
-2.183073868078889
 30
64.95000000000001
 10
-68.6477776218857
 20
-2.24032371819113
 30
64.95000000000001
 10
-68.6093087565796
 20
-2.3429892853969
 30
64.95000000000001
 10
-68.57707577452529
 20
-2.447772112190019
 30
64.95000000000001
 10
-68.56281701149599
 20
-2.494124432129559
 30
64.95000000000001
  0
LINE
  5
42F
330
70
100
AcDbEntity
  8
RFID Module Enclosre 3.2 Face Plate v3_Sketch1
100
AcDbLine
 10
-0.5475295041143941
 20
24.0742606426243
 30
64.95000000000001
 11
0.4956884082000332
 21
22.6034938205184
 31
64.95000000000001
  0
ELLIPSE
  5
430
330
70
100
AcDbEntity
  8
RFID Module Enclosre 3.2 Face Plate v3_Sketch1
100
AcDbEllipse
 10
14.6991182374879
 20
29.802005400598
 30
64.95000000000001
 11
-6.03203610083138
 21
-6.263518128717029
 31
0.0
210
0.0
220
0.0
230
1.0
 40
0.3744303450310723
 41
0.1773427649304662
 42
0.3460814944916443
  0
SPLINE
  5
431
330
70
100
AcDbEntity
  8
RFID Module Enclosre 3.2 Face Plate v3_Sketch1
100
AcDbSpline
210
0.0
220
0.0
230
1.0
 70
     8
 71
     3
 72
     8
 73
     4
 74
     0
 42
0.000000001
 43
0.0000000001
 40
0.0
 40
0.0
 40
0.0
 40
0.0
 40
1.0
 40
1.0
 40
1.0
 40
1.0
 10
9.820269356207941
 20
23.143715001939
 30
64.95000000000001
 10
10.1874582438344
 20
23.143715001939
 30
64.95000000000001
 10
10.4540470945191
 20
23.276506513442
 30
64.95000000000001
 10
10.6210425034551
 20
23.542089536448
 30
64.95000000000001
  0
ELLIPSE
  5
432
330
70
100
AcDbEntity
  8
RFID Module Enclosre 3.2 Face Plate v3_Sketch1
100
AcDbEllipse
 10
-4.833077324367559
 20
22.1855151744017
 30
64.95000000000001
 11
7.031156332233765
 21
-4.91092796501037
 31
0.0
210
0.0
220
0.0
230
1.0
 40
0.2420514126505787
 41
2.807989268846012
 42
2.95797312240717
  0
SPLINE
  5
433
330
70
100
AcDbEntity
  8
RFID Module Enclosre 3.2 Face Plate v3_Sketch1
100
AcDbSpline
210
0.0
220
0.0
230
1.0
 70
     8
 71
     2
 72
     6
 73
     3
 74
     0
 42
0.000000001
 43
0.0000000001
 40
0.0
 40
0.0
 40
0.0
 40
1.0
 40
1.0
 40
1.0
 10
-11.7171119444493
 20
27.2592460308538
 30
64.95000000000001
 10
-11.6919620311531
 20
27.2662879758761
 30
64.95000000000001
 10
-11.6557476296344
 20
27.28137807735671
 30
64.95000000000001
  0
LINE
  5
434
330
70
100
AcDbEntity
  8
RFID Module Enclosre 3.2 Face Plate v3_Sketch1
100
AcDbLine
 10
-10.89018267247
 20
21.7312953953691
 30
64.95000000000001
 11
-10.1075159584677
 21
21.8329008762323
 31
64.95000000000001
  0
LINE
  5
435
330
70
100
AcDbEntity
  8
RFID Module Enclosre 3.2 Face Plate v3_Sketch1
100
AcDbLine
 10
0.4956884082000331
 20
22.6034938205184
 30
64.95000000000001
 11
1.256221540670529
 21
22.7413152379292
 31
64.95000000000001
  0
LINE
  5
436
330
70
100
AcDbEntity
  8
RFID Module Enclosre 3.2 Face Plate v3_Sketch1
100
AcDbLine
 10
-0.061634530058492
 20
24.5883249317985
 30
64.95000000000001
 11
1.256221540670529
 21
26.5077664987629
 31
64.95000000000001
  0
ELLIPSE
  5
437
330
70
100
AcDbEntity
  8
RFID Module Enclosre 3.2 Face Plate v3_Sketch1
100
AcDbEllipse
 10
92.0391065769852
 20
-22.3294289906495
 30
64.95000000000001
 11
82.71879434113406
 21
-47.88988422194091
 31
0.0
210
0.0
220
0.0
230
1.0
 40
0.1022769033914818
 41
3.126478498477225
 42
3.200736635718044
  0
CIRCLE
  5
438
330
70
100
AcDbEntity
  8
RFID Module Enclosre 3.2 Face Plate v3_Sketch1
100
AcDbCircle
 10
9.849999999999999
 20
24.565
 30
64.95000000000001
 40
4.05
  0
LINE
  5
439
330
70
100
AcDbEntity
  8
RFID Module Enclosre 3.2 Face Plate v3_Sketch1
100
AcDbLine
 10
-10.1095283813395
 20
21.8349132991041
 30
64.95000000000001
 11
-10.1095283813395
 21
26.1154284653548
 31
64.95000000000001
  0
LINE
  5
43A
330
70
100
AcDbEntity
  8
RFID Module Enclosre 3.2 Face Plate v3_Sketch1
100
AcDbLine
 10
-0.975078030148685
 20
24.6748406949383
 30
64.95000000000001
 11
-2.30802343484383
 21
22.7413152379292
 31
64.95000000000001
  0
LINE
  5
43B
330
70
100
AcDbEntity
  8
RFID Module Enclosre 3.2 Face Plate v3_Sketch1
100
AcDbLine
 10
-10.1075159584677
 20
21.8329008762323
 30
64.95000000000001
 11
-10.1095283813395
 21
21.8349132991041
 31
64.95000000000001
  0
LINE
  5
43C
330
70
100
AcDbEntity
  8
RFID Module Enclosre 3.2 Face Plate v3_Sketch1
100
AcDbLine
 10
-1.43783704880912
 20
26.5077664987629
 30
64.95000000000001
 11
-2.278850210833029
 21
26.5077664987629
 31
64.95000000000001
  0
LINE
  5
43D
330
70
100
AcDbEntity
  8
RFID Module Enclosre 3.2 Face Plate v3_Sketch1
100
AcDbLine
 10
8.05273309669895
 20
25.99068434279557
 30
64.95000000000001
 11
8.02355910517369
 21
26.4474068603551
 31
64.95000000000001
  0
ELLIPSE
  5
43E
330
70
100
AcDbEntity
  8
RFID Module Enclosre 3.2 Face Plate v3_Sketch1
100
AcDbEllipse
 10
-125.697746829058
 20
105.21005799908
 30
64.95000000000001
 11
137.0944116136183
 21
-81.81285344227132
 31
0.0
210
0.0
220
0.0
230
1.0
 40
0.1110646338241296
 41
6.264030734810205
 42
6.349367771061152
  0
SPLINE
  5
43F
330
70
100
AcDbEntity
  8
RFID Module Enclosre 3.2 Face Plate v3_Sketch1
100
AcDbSpline
210
0.0
220
0.0
230
1.0
 70
     8
 71
     3
 72
     8
 73
     4
 74
     0
 42
0.000000001
 43
0.0000000001
 40
0.0
 40
0.0
 40
0.0
 40
0.0
 40
1.0
 40
1.0
 40
1.0
 40
1.0
 10
9.064765362130779
 20
22.6417221799377
 30
64.95000000000001
 10
8.762966402577159
 20
22.7121420139184
 30
64.95000000000001
 10
8.53963504970517
 20
22.7855797146922
 30
64.95000000000001
 10
8.39477207102926
 20
22.8630414936952
 30
64.95000000000001
  0
SPLINE
  5
440
330
70
100
AcDbEntity
  8
RFID Module Enclosre 3.2 Face Plate v3_Sketch1
100
AcDbSpline
210
0.0
220
0.0
230
1.0
 70
     8
 71
     3
 72
     8
 73
     4
 74
     0
 42
0.000000001
 43
0.0000000001
 40
0.0
 40
0.0
 40
0.0
 40
0.0
 40
1.0
 40
1.0
 40
1.0
 40
1.0
 10
8.02355910517369
 20
26.4474068603551
 30
64.95000000000001
 10
8.144278381989359
 20
26.490664741925
 30
64.95000000000001
 10
8.272040371341809
 20
26.51279678842791
 30
64.95000000000001
 10
8.407849749638049
 20
26.51279678842791
 30
64.95000000000001
  0
ELLIPSE
  5
441
330
70
100
AcDbEntity
  8
RFID Module Enclosre 3.2 Face Plate v3_Sketch1
100
AcDbEllipse
 10
-47.06550768652269
 20
-19.7452028181146
 30
64.95000000000001
 11
36.56273771769168
 21
46.95312954788645
 31
0.0
210
0.0
220
0.0
230
0.9999999999999998
 40
0.1109948911126797
 41
6.249742082779147
 42
6.369403593552733
  0
SPLINE
  5
442
330
70
100
AcDbEntity
  8
RFID Module Enclosre 3.2 Face Plate v3_Sketch1
100
AcDbSpline
210
0.0
220
0.0
230
1.0
 70
     8
 71
     3
 72
     8
 73
     4
 74
     0
 42
0.000000001
 43
0.0000000001
 40
0.0
 40
0.0
 40
0.0
 40
0.0
 40
1.0
 40
1.0
 40
1.0
 40
1.0
 10
-11.2744740844488
 20
26.773349521769
 30
64.95000000000001
 10
-11.336845378214
 20
26.773349521769
 30
64.95000000000001
 10
-11.453541344315
 20
26.75624776493111
 30
64.95000000000001
 10
-11.6225480248512
 20
26.7230496951767
 30
64.95000000000001
  0
LINE
  5
443
330
70
100
AcDbEntity
  8
RFID Module Enclosre 3.2 Face Plate v3_Sketch1
100
AcDbLine
 10
-10.89018267247
 20
21.7312953953691
 30
64.95000000000001
 11
-10.89018267247
 21
26.0993321524383
 31
64.95000000000001
  0
SPLINE
  5
444
330
70
100
AcDbEntity
  8
RFID Module Enclosre 3.2 Face Plate v3_Sketch1
100
AcDbSpline
210
0.0
220
0.0
230
1.0
 70
     8
 71
     3
 72
     8
 73
     4
 74
     0
 42
0.000000001
 43
0.0000000001
 40
0.0
 40
0.0
 40
0.0
 40
0.0
 40
1.0
 40
1.0
 40
1.0
 40
1.0
 10
-11.6557476296344
 20
27.28137807735671
 30
64.95000000000001
 10
-11.6195332281157
 20
27.29546196740131
 30
64.95000000000001
 10
-11.5772800229528
 20
27.3105520688819
 30
64.95000000000001
 10
-11.5289910842034
 20
27.32463595892661
 30
64.95000000000001
  0
SPLINE
  5
445
330
70
100
AcDbEntity
  8
RFID Module Enclosre 3.2 Face Plate v3_Sketch1
100
AcDbSpline
210
0.0
220
0.0
230
1.0
 70
     8
 71
     3
 72
     8
 73
     4
 74
     0
 42
0.000000001
 43
0.0000000001
 40
0.0
 40
0.0
 40
0.0
 40
0.0
 40
1.0
 40
1.0
 40
1.0
 40
1.0
 10
-11.2744740844488
 20
26.773349521769
 30
64.95000000000001
 10
-11.336845378214
 20
26.773349521769
 30
64.95000000000001
 10
-11.453541344315
 20
26.75624776493111
 30
64.95000000000001
 10
-11.6225480248512
 20
26.7230496951767
 30
64.95000000000001
  0
LINE
  5
446
330
70
100
AcDbEntity
  8
RFID Module Enclosre 3.2 Face Plate v3_Sketch1
100
AcDbLine
 10
-11.6225480248512
 20
26.7230496951767
 30
64.95000000000001
 11
-11.7171119444493
 21
27.2592460308538
 31
64.95000000000001
  0
LINE
  5
447
330
70
100
AcDbEntity
  8
RFID Module Enclosre 3.2 Face Plate v3_Sketch1
100
AcDbLine
 10
-10.1075159584677
 20
21.8329008762323
 30
64.95000000000001
 11
-10.89018267247
 21
21.7312953953691
 31
64.95000000000001
  0
ELLIPSE
  5
448
330
70
100
AcDbEntity
  8
RFID Module Enclosre 3.2 Face Plate v3_Sketch1
100
AcDbEllipse
 10
-47.06550768652269
 20
-19.7452028181146
 30
64.95000000000001
 11
36.56273771769168
 21
46.95312954788645
 31
0.0
210
0.0
220
0.0
230
0.9999999999999998
 40
0.1109948911126797
 41
6.249742082779147
 42
6.369403593552732
  0
LINE
  5
449
330
70
100
AcDbEntity
  8
RFID Module Enclosre 3.2 Face Plate v3_Sketch1
100
AcDbLine
 10
-10.1095283813395
 20
21.8349132991041
 30
64.95000000000001
 11
-10.1075159584677
 21
21.8329008762323
 31
64.95000000000001
  0
SPLINE
  5
44A
330
70
100
AcDbEntity
  8
RFID Module Enclosre 3.2 Face Plate v3_Sketch1
100
AcDbSpline
210
0.0
220
0.0
230
1.0
 70
     8
 71
     2
 72
     6
 73
     3
 74
     0
 42
0.000000001
 43
0.0000000001
 40
0.0
 40
0.0
 40
0.0
 40
1.0
 40
1.0
 40
1.0
 10
-11.7171119444493
 20
27.2592460308538
 30
64.95000000000001
 10
-11.6919620311531
 20
27.2662879758761
 30
64.95000000000001
 10
-11.6557476296344
 20
27.28137807735671
 30
64.95000000000001
  0
ELLIPSE
  5
44B
330
70
100
AcDbEntity
  8
RFID Module Enclosre 3.2 Face Plate v3_Sketch1
100
AcDbEllipse
 10
-4.833077324367559
 20
22.1855151744017
 30
64.95000000000001
 11
7.031156332233765
 21
-4.91092796501037
 31
0.0
210
0.0
220
0.0
230
1.0
 40
0.2420514126505787
 41
2.807989268845995
 42
2.95797312240717
  0
ELLIPSE
  5
44C
330
70
100
AcDbEntity
  8
RFID Module Enclosre 3.2 Face Plate v3_Sketch1
100
AcDbEllipse
 10
-553.356690684401
 20
-924.6711514908669
 30
64.95000000000001
 11
-542.2475773459159
 21
-951.403961081699
 31
0.0
210
0.0
220
0.0
230
1.0
 40
0.0161974252250606
 41
3.113181007285181
 42
3.150824029512737
  0
ENDSEC
  0
SECTION
  2
OBJECTS
  0
DICTIONARY
  5
C
330
0
100
AcDbDictionary
281
     1
  3
ACAD_COLOR
350
63
  3
ACAD_DETAILVIEWSTYLE
350
6A
  3
ACAD_GROUP
350
D
  3
ACAD_LAYOUT
350
62
  3
ACAD_MATERIAL
350
10
  3
ACAD_MLEADERSTYLE
350
66
  3
ACAD_MLINESTYLE
350
5F
  3
ACAD_PLOTSETTINGS
350
61
  3
ACAD_PLOTSTYLENAME
350
E
  3
ACAD_SCALELIST
350
42
  3
ACAD_SECTIONVIEWSTYLE
350
68
  3
ACAD_TABLESTYLE
350
64
  3
ACAD_VISUALSTYLE
350
29
  3
ACDB_RECOMPOSE_DATA
350
455
  3
AcDbVariableDictionary
350
44D
  0
DICTIONARY
  5
63
102
{ACAD_REACTORS
330
C
102
}
330
C
100
AcDbDictionary
281
     1
  0
DICTIONARY
  5
6A
102
{ACAD_REACTORS
330
C
102
}
330
C
100
AcDbDictionary
281
     1
  3
Imperial24
350
6B
  0
DICTIONARY
  5
D
102
{ACAD_REACTORS
330
C
102
}
330
C
100
AcDbDictionary
281
     1
  0
DICTIONARY
  5
62
102
{ACAD_REACTORS
330
C
102
}
330
C
100
AcDbDictionary
281
     1
  3
Layout1
350
6F
  3
Layout2
350
77
  3
Model
350
73
  0
DICTIONARY
  5
10
102
{ACAD_REACTORS
330
C
102
}
330
C
100
AcDbDictionary
281
     1
  3
ByBlock
350
19
  3
ByLayer
350
11
  3
Global
350
21
  0
DICTIONARY
  5
66
102
{ACAD_REACTORS
330
C
102
}
330
C
100
AcDbDictionary
281
     1
  3
Standard
350
67
  0
DICTIONARY
  5
5F
102
{ACAD_REACTORS
330
C
102
}
330
C
100
AcDbDictionary
281
     1
  3
Standard
350
60
  0
DICTIONARY
  5
61
102
{ACAD_REACTORS
330
C
102
}
330
C
100
AcDbDictionary
281
     1
  0
ACDBDICTIONARYWDFLT
  5
E
102
{ACAD_REACTORS
330
C
102
}
330
C
100
AcDbDictionary
281
     1
  3
Normal
350
F
100
AcDbDictionaryWithDefault
340
F
  0
DICTIONARY
  5
42
102
{ACAD_REACTORS
330
C
102
}
330
C
100
AcDbDictionary
281
     1
  3
A0
350
43
  3
A1
350
44
  3
A2
350
45
  3
A3
350
46
  3
A4
350
47
  3
A5
350
48
  3
A6
350
49
  3
A7
350
4A
  3
A8
350
4B
  3
A9
350
4C
  3
B0
350
4D
  3
B1
350
4E
  3
B2
350
4F
  3
B3
350
50
  3
B4
350
51
  3
B5
350
52
  3
B6
350
53
  0
DICTIONARY
  5
68
102
{ACAD_REACTORS
330
C
102
}
330
C
100
AcDbDictionary
281
     1
  3
Imperial24
350
69
  0
DICTIONARY
  5
64
102
{ACAD_REACTORS
330
C
102
}
330
C
100
AcDbDictionary
281
     1
  3
Standard
350
65
  0
DICTIONARY
  5
29
102
{ACAD_REACTORS
330
C
102
}
330
C
100
AcDbDictionary
281
     1
  3
2dWireframe
350
2F
  3
Basic
350
2E
  3
Brighten
350
35
  3
ColorChange
350
39
  3
Conceptual
350
32
  3
Dim
350
34
  3
EdgeColorOff
350
41
  3
Facepattern
350
38
  3
Flat
350
2A
  3
FlatWithEdges
350
2B
  3
Gouraud
350
2C
  3
GouraudWithEdges
350
2D
  3
Hidden
350
31
  3
JitterOff
350
3F
  3
Linepattern
350
37
  3
OverhangOff
350
40
  3
Realistic
350
33
  3
Shaded
350
3E
  3
Shaded with edges
350
3D
  3
Shades of Gray
350
3A
  3
Sketchy
350
3B
  3
Thicken
350
36
  3
Wireframe
350
30
  3
X-Ray
350
3C
  0
XRECORD
  5
455
102
{ACAD_REACTORS
330
C
102
}
330
C
100
AcDbXrecord
280
     1
 90
        1
330
65
  0
DICTIONARY
  5
44D
102
{ACAD_REACTORS
330
C
102
}
330
C
100
AcDbDictionary
281
     1
  3
CANNOSCALE
350
452
  3
CMLEADERSTYLE
350
44F
  3
CTABLESTYLE
350
44E
  3
CVIEWDETAILSTYLE
350
450
  3
CVIEWSECTIONSTYLE
350
451
  0
ACDBDETAILVIEWSTYLE
  5
6B
102
{ACAD_XDICTIONARY
360
458
102
}
102
{ACAD_REACTORS
330
6A
102
}
330
6A
100
AcDbModelDocViewStyle
 70
     0
  3
Imperial24
290
     0
100
AcDbDetailViewStyle
 70
     0
 71
     0
 90
        3
 71
     1
340
55
 62
   256
 40
0.24
340
0
 62
   256
 40
0.24
300

 40
0.36
280
     3
 71
     2
340
5D
 90
       25
 62
   256
 71
     3
340
55
 62
   256
 40
0.24
 90
        1
 40
0.75
 90
        1
300
%<\AcVar ViewType \f "%tc1">% %<\AcVar ViewDetailId>%\PSCALE %<\AcVar ViewScale \f "%sn">%
 71
     4
340
5D
 90
       25
 62
   256
340
5D
 90
       25
 62
   256
280
     0
  0
LAYOUT
  5
6F
102
{ACAD_REACTORS
330
62
102
}
330
62
100
AcDbPlotSettings
  1

  2

  4

  6

 40
0.0
 41
0.0
 42
0.0
 43
0.0
 44
0.0
 45
0.0
 46
0.0
 47
0.0
 48
0.0
 49
0.0
140
0.0
141
0.0
142
1.0
143
1.0
 70
   688
 72
     0
 73
     0
 74
     5
  7

 75
    16
147
1.0
 76
     0
 77
     2
 78
   300
148
0.0
149
0.0
100
AcDbLayout
  1
Layout1
 70
     1
 71
     1
 10
0.0
 20
0.0
 11
12.0
 21
9.0
 12
0.0
 22
0.0
 32
0.0
 14
0.0
 24
0.0
 34
0.0
 15
0.0
 25
0.0
 35
0.0
146
0.0
 13
0.0
 23
0.0
 33
0.0
 16
1.0
 26
0.0
 36
0.0
 17
0.0
 27
1.0
 37
0.0
 76
     0
330
6C
  0
LAYOUT
  5
77
102
{ACAD_REACTORS
330
62
102
}
330
62
100
AcDbPlotSettings
  1

  2

  4

  6

 40
0.0
 41
0.0
 42
0.0
 43
0.0
 44
0.0
 45
0.0
 46
0.0
 47
0.0
 48
0.0
 49
0.0
140
0.0
141
0.0
142
1.0
143
1.0
 70
   688
 72
     0
 73
     0
 74
     5
  7

 75
    16
147
1.0
 76
     0
 77
     2
 78
   300
148
0.0
149
0.0
100
AcDbLayout
  1
Layout2
 70
     1
 71
     2
 10
0.0
 20
0.0
 11
12.0
 21
9.0
 12
0.0
 22
0.0
 32
0.0
 14
0.0
 24
0.0
 34
0.0
 15
0.0
 25
0.0
 35
0.0
146
0.0
 13
0.0
 23
0.0
 33
0.0
 16
1.0
 26
0.0
 36
0.0
 17
0.0
 27
1.0
 37
0.0
 76
     0
330
74
  0
LAYOUT
  5
73
102
{ACAD_REACTORS
330
62
102
}
330
62
100
AcDbPlotSettings
  1

  2

  4

  6

 40
0.0
 41
0.0
 42
0.0
 43
0.0
 44
0.0
 45
0.0
 46
0.0
 47
0.0
 48
0.0
 49
0.0
140
0.0
141
0.0
142
1.0
143
1.0
 70
  1712
 72
     0
 73
     0
 74
     0
  7

 75
     0
147
1.0
 76
     0
 77
     2
 78
   300
148
0.0
149
0.0
100
AcDbLayout
  1
Model
 70
     1
 71
     0
 10
0.0
 20
0.0
 11
12.0
 21
9.0
 12
0.0
 22
0.0
 32
0.0
 14
0.0
 24
0.0
 34
0.0
 15
0.0
 25
0.0
 35
0.0
146
0.0
 13
0.0
 23
0.0
 33
0.0
 16
1.0
 26
0.0
 36
0.0
 17
0.0
 27
1.0
 37
0.0
 76
     0
330
70
  0
MATERIAL
  5
19
102
{ACAD_XDICTIONARY
360
1A
102
}
102
{ACAD_REACTORS
330
10
102
}
330
10
100
AcDbMaterial
  1
ByBlock
 72
     0
 43
0.0208333333333333
 43
0.0
 43
0.0
 43
0.0
 43
0.0
 43
0.0208333333333333
 43
0.0
 43
0.0
 43
0.0
 43
0.0
 43
1.0
 43
0.0
 43
0.0
 43
0.0
 43
0.0
 43
1.0
 77
     0
 47
0.0208333333333333
 47
0.0
 47
0.0
 47
0.0
 47
0.0
 47
0.0208333333333333
 47
0.0
 47
0.0
 47
0.0
 47
0.0
 47
1.0
 47
0.0
 47
0.0
 47
0.0
 47
0.0
 47
1.0
171
     0
 49
0.0208333333333333
 49
0.0
 49
0.0
 49
0.0
 49
0.0
 49
0.0208333333333333
 49
0.0
 49
0.0
 49
0.0
 49
0.0
 49
1.0
 49
0.0
 49
0.0
 49
0.0
 49
0.0
 49
1.0
175
     0
142
0.0208333333333333
142
0.0
142
0.0
142
0.0
142
0.0
142
0.0208333333333333
142
0.0
142
0.0
142
0.0
142
0.0
142
1.0
142
0.0
142
0.0
142
0.0
142
0.0
142
1.0
179
     0
144
0.0208333333333333
144
0.0
144
0.0
144
0.0
144
0.0
144
0.0208333333333333
144
0.0
144
0.0
144
0.0
144
0.0
144
1.0
144
0.0
144
0.0
144
0.0
144
0.0
144
1.0
147
0.0208333333333333
147
0.0
147
0.0
147
0.0
147
0.0
147
0.0208333333333333
147
0.0
147
0.0
147
0.0
147
0.0
147
1.0
147
0.0
147
0.0
147
0.0
147
0.0
147
1.0
  0
MATERIAL
  5
11
102
{ACAD_XDICTIONARY
360
12
102
}
102
{ACAD_REACTORS
330
10
102
}
330
10
100
AcDbMaterial
  1
ByLayer
 72
     0
 43
0.0208333333333333
 43
0.0
 43
0.0
 43
0.0
 43
0.0
 43
0.0208333333333333
 43
0.0
 43
0.0
 43
0.0
 43
0.0
 43
1.0
 43
0.0
 43
0.0
 43
0.0
 43
0.0
 43
1.0
 77
     0
 47
0.0208333333333333
 47
0.0
 47
0.0
 47
0.0
 47
0.0
 47
0.0208333333333333
 47
0.0
 47
0.0
 47
0.0
 47
0.0
 47
1.0
 47
0.0
 47
0.0
 47
0.0
 47
0.0
 47
1.0
171
     0
 49
0.0208333333333333
 49
0.0
 49
0.0
 49
0.0
 49
0.0
 49
0.0208333333333333
 49
0.0
 49
0.0
 49
0.0
 49
0.0
 49
1.0
 49
0.0
 49
0.0
 49
0.0
 49
0.0
 49
1.0
175
     0
142
0.0208333333333333
142
0.0
142
0.0
142
0.0
142
0.0
142
0.0208333333333333
142
0.0
142
0.0
142
0.0
142
0.0
142
1.0
142
0.0
142
0.0
142
0.0
142
0.0
142
1.0
179
     0
144
0.0208333333333333
144
0.0
144
0.0
144
0.0
144
0.0
144
0.0208333333333333
144
0.0
144
0.0
144
0.0
144
0.0
144
1.0
144
0.0
144
0.0
144
0.0
144
0.0
144
1.0
147
0.0208333333333333
147
0.0
147
0.0
147
0.0
147
0.0
147
0.0208333333333333
147
0.0
147
0.0
147
0.0
147
0.0
147
1.0
147
0.0
147
0.0
147
0.0
147
0.0
147
1.0
  0
MATERIAL
  5
21
102
{ACAD_XDICTIONARY
360
22
102
}
102
{ACAD_REACTORS
330
10
102
}
330
10
100
AcDbMaterial
  1
Global
 72
     0
 43
0.0208333333333333
 43
0.0
 43
0.0
 43
0.0
 43
0.0
 43
0.0208333333333333
 43
0.0
 43
0.0
 43
0.0
 43
0.0
 43
1.0
 43
0.0
 43
0.0
 43
0.0
 43
0.0
 43
1.0
 77
     0
 47
0.0208333333333333
 47
0.0
 47
0.0
 47
0.0
 47
0.0
 47
0.0208333333333333
 47
0.0
 47
0.0
 47
0.0
 47
0.0
 47
1.0
 47
0.0
 47
0.0
 47
0.0
 47
0.0
 47
1.0
171
     0
 49
0.0208333333333333
 49
0.0
 49
0.0
 49
0.0
 49
0.0
 49
0.0208333333333333
 49
0.0
 49
0.0
 49
0.0
 49
0.0
 49
1.0
 49
0.0
 49
0.0
 49
0.0
 49
0.0
 49
1.0
175
     0
142
0.0208333333333333
142
0.0
142
0.0
142
0.0
142
0.0
142
0.0208333333333333
142
0.0
142
0.0
142
0.0
142
0.0
142
1.0
142
0.0
142
0.0
142
0.0
142
0.0
142
1.0
179
     0
144
0.0208333333333333
144
0.0
144
0.0
144
0.0
144
0.0
144
0.0208333333333333
144
0.0
144
0.0
144
0.0
144
0.0
144
1.0
144
0.0
144
0.0
144
0.0
144
0.0
144
1.0
147
0.0208333333333333
147
0.0
147
0.0
147
0.0
147
0.0
147
0.0208333333333333
147
0.0
147
0.0
147
0.0
147
0.0
147
1.0
147
0.0
147
0.0
147
0.0
147
0.0
147
1.0
  0
MLEADERSTYLE
  5
67
102
{ACAD_REACTORS
330
66
102
}
330
66
100
AcDbMLeaderStyle
179
     2
170
     2
171
     1
172
     0
 90
        2
 40
0.0
 41
0.0
173
     1
 91
-1056964608
340
5B
 92
       -2
290
     1
 42
0.09
291
     1
 43
0.36
  3
Standard
 44
0.18
300

342
55
174
     1
178
     6
175
     1
176
     0
 93
-1056964608
 45
0.18
292
     0
297
     0
 46
0.18
 94
-1056964608
 47
1.0
 49
1.0
140
1.0
293
     1
141
0.0
294
     1
177
     0
142
1.0
295
     0
296
     0
143
0.125
271
     0
272
     9
273
     9
298
     1
  0
MLINESTYLE
  5
60
102
{ACAD_REACTORS
330
5F
102
}
330
5F
100
AcDbMlineStyle
  2
STANDARD
 70
     0
  3

 62
   256
 51
90.0
 52
90.0
 71
     2
 49
0.5
 62
   256
  6
BYLAYER
 49
-0.5
 62
   256
  6
BYLAYER
  0
ACDBPLACEHOLDER
  5
F
102
{ACAD_REACTORS
330
E
102
}
330
E
  0
SCALE
  5
43
102
{ACAD_REACTORS
330
42
102
}
330
42
100
AcDbScale
 70
     0
300
1:1
140
1.0
141
1.0
290
     1
  0
SCALE
  5
44
102
{ACAD_REACTORS
330
42
102
}
330
42
100
AcDbScale
 70
     0
300
1/128" = 1'-0"
140
0.0078125
141
12.0
290
     0
  0
SCALE
  5
45
102
{ACAD_REACTORS
330
42
102
}
330
42
100
AcDbScale
 70
     0
300
1/64" = 1'-0"
140
0.015625
141
12.0
290
     0
  0
SCALE
  5
46
102
{ACAD_REACTORS
330
42
102
}
330
42
100
AcDbScale
 70
     0
300
1/32" = 1'-0"
140
0.03125
141
12.0
290
     0
  0
SCALE
  5
47
102
{ACAD_REACTORS
330
42
102
}
330
42
100
AcDbScale
 70
     0
300
1/16" = 1'-0"
140
0.0625
141
12.0
290
     0
  0
SCALE
  5
48
102
{ACAD_REACTORS
330
42
102
}
330
42
100
AcDbScale
 70
     0
300
3/32" = 1'-0"
140
0.09375
141
12.0
290
     0
  0
SCALE
  5
49
102
{ACAD_REACTORS
330
42
102
}
330
42
100
AcDbScale
 70
     0
300
1/8" = 1'-0"
140
0.125
141
12.0
290
     0
  0
SCALE
  5
4A
102
{ACAD_REACTORS
330
42
102
}
330
42
100
AcDbScale
 70
     0
300
3/16" = 1'-0"
140
0.1875
141
12.0
290
     0
  0
SCALE
  5
4B
102
{ACAD_REACTORS
330
42
102
}
330
42
100
AcDbScale
 70
     0
300
1/4" = 1'-0"
140
0.25
141
12.0
290
     0
  0
SCALE
  5
4C
102
{ACAD_REACTORS
330
42
102
}
330
42
100
AcDbScale
 70
     0
300
3/8" = 1'-0"
140
0.375
141
12.0
290
     0
  0
SCALE
  5
4D
102
{ACAD_REACTORS
330
42
102
}
330
42
100
AcDbScale
 70
     0
300
1/2" = 1'-0"
140
0.5
141
12.0
290
     0
  0
SCALE
  5
4E
102
{ACAD_REACTORS
330
42
102
}
330
42
100
AcDbScale
 70
     0
300
3/4" = 1'-0"
140
0.75
141
12.0
290
     0
  0
SCALE
  5
4F
102
{ACAD_REACTORS
330
42
102
}
330
42
100
AcDbScale
 70
     0
300
1" = 1'-0"
140
1.0
141
12.0
290
     0
  0
SCALE
  5
50
102
{ACAD_REACTORS
330
42
102
}
330
42
100
AcDbScale
 70
     0
300
1-1/2" = 1'-0"
140
1.5
141
12.0
290
     0
  0
SCALE
  5
51
102
{ACAD_REACTORS
330
42
102
}
330
42
100
AcDbScale
 70
     0
300
3" = 1'-0"
140
3.0
141
12.0
290
     0
  0
SCALE
  5
52
102
{ACAD_REACTORS
330
42
102
}
330
42
100
AcDbScale
 70
     0
300
6" = 1'-0"
140
6.0
141
12.0
290
     0
  0
SCALE
  5
53
102
{ACAD_REACTORS
330
42
102
}
330
42
100
AcDbScale
 70
     0
300
1'-0" = 1'-0"
140
12.0
141
12.0
290
     0
  0
ACDBSECTIONVIEWSTYLE
  5
69
102
{ACAD_XDICTIONARY
360
456
102
}
102
{ACAD_REACTORS
330
68
102
}
330
68
100
AcDbModelDocViewStyle
 70
     0
  3
Imperial24
290
     0
100
AcDbSectionViewStyle
 70
     0
 71
     0
 90
       78
 71
     1
340
55
 62
   256
 40
0.24
340
0
340
0
 62
   256
 40
0.24
300
I, O, Q, S, X, Z
 40
0.48
 90
        3
 40
0.18
 90
        1
 71
     2
340
5D
 90
       25
 62
   256
340
5D
 90
       50
 62
   256
 40
0.24
 40
0.0
 40
0.24
 71
     3
340
55
 62
   256
 40
0.24
 90
        1
 40
0.75
 90
        1
300
%<\AcVar ViewType \f "%tc1">% %<\AcVar ViewSectionStartId>%-%<\AcVar ViewSectionEndId>%\PSCALE %<\AcVar ViewScale \f "%sn">%
 71
     4
 62
   256
 62
   257
300
ANSI31
 40
1.0
 90
        0
290
     0
290
     0
 90
        6
 40
0.0
 40
1.570796326794896
 40
0.2617993877991494
 40
1.308996938995747
 40
-0.2617993877991494
 40
1.832595714594046
  0
TABLESTYLE
  5
65
102
{ACAD_XDICTIONARY
360
453
102
}
102
{ACAD_REACTORS
330
64
102
}
330
64
100
AcDbTableStyle
280
     0
  3
Standard
 70
     0
 71
     0
 40
0.06
 41
0.06
280
     0
281
     0
  7
Standard
140
0.18
170
     2
 62
     0
 63
     7
283
     0
 90
      512
 91
        0
  1

274
    -2
284
     1
 64
     0
275
    -2
285
     1
 65
     0
276
    -2
286
     1
 66
     0
277
    -2
287
     1
 67
     0
278
    -2
288
     1
 68
     0
279
    -2
289
     1
 69
     0
  7
Standard
140
0.25
170
     5
 62
     0
 63
     7
283
     0
 90
      512
 91
        0
  1

274
    -2
284
     1
 64
     0
275
    -2
285
     1
 65
     0
276
    -2
286
     1
 66
     0
277
    -2
287
     1
 67
     0
278
    -2
288
     1
 68
     0
279
    -2
289
     1
 69
     0
  7
Standard
140
0.18
170
     5
 62
     0
 63
     7
283
     0
 90
      512
 91
        0
  1

274
    -2
284
     1
 64
     0
275
    -2
285
     1
 65
     0
276
    -2
286
     1
 66
     0
277
    -2
287
     1
 67
     0
278
    -2
288
     1
 68
     0
279
    -2
289
     1
 69
     0
  0
VISUALSTYLE
  5
2F
102
{ACAD_REACTORS
330
29
102
}
330
29
100
AcDbVisualStyle
  2
2dWireframe
 70
     4
177
     3
291
     0
 70
    58
 90
        0
176
     1
 90
        2
176
     1
 90
        0
176
     1
 90
        0
176
     1
 40
0.6
176
     1
 40
30.0
176
     1
 62
     7
420
 16777215
176
     1
 90
        1
176
     1
 90
        4
176
     1
 62
     7
176
     1
 62
   257
176
     1
 90
        1
176
     1
 90
        1
176
     1
 40
1.0
176
     1
 90
        0
176
     1
 62
   257
176
     1
 40
1.0
176
     1
 90
        1
176
     1
 90
        6
176
     1
 90
        2
176
     1
 62
     7
176
     1
 90
        5
176
     1
 90
        0
176
     1
 90
        0
176
     1
290
     0
176
     1
 90
        1
176
     1
 40
0.0
176
     1
 90
        0
176
     1
290
     1
176
     1
290
     1
176
     1
290
     0
176
     1
290
     0
176
     1
290
     0
176
     1
290
     0
176
     1
290
     0
176
     1
290
     0
176
     1
290
     0
176
     1
 90
       50
176
     1
 40
0.0
176
     1
 40
1.0
176
     1
 90
        0
176
     1
 62
    18
420
        0
176
     1
 90
       50
176
     1
 90
        3
176
     1
 62
     5
420
      255
176
     1
290
     0
176
     1
 90
       50
176
     1
 90
       50
176
     1
 90
       50
176
     1
290
     0
176
     1
 90
       50
176
     1
 62
   256
176
     0
 40
1.0
176
     0
 90
        2
176
     1
  1
strokes_ogs.tif
176
     1
290
     0
176
     1
 40
1.0
176
     1
 40
1.0
176
     1
1001
ACAD
1000
AcDbSavedByObjectVersion
1070
     0
  0
VISUALSTYLE
  5
2E
102
{ACAD_REACTORS
330
29
102
}
330
29
100
AcDbVisualStyle
  2
Basic
 70
     7
177
     3
291
     1
 70
    58
 90
        1
176
     1
 90
        0
176
     1
 90
        1
176
     1
 90
        0
176
     1
 40
0.6
176
     1
 40
30.0
176
     1
 62
     7
420
 16777215
176
     1
 90
        0
176
     1
 90
        4
176
     1
 62
     7
176
     1
 62
   257
176
     1
 90
        1
176
     1
 90
        1
176
     1
 40
1.0
176
     1
 90
        8
176
     1
 62
     7
176
     1
 40
1.0
176
     1
 90
        1
176
     1
 90
        6
176
     1
 90
        2
176
     1
 62
     7
176
     1
 90
        5
176
     1
 90
        0
176
     1
 90
        0
176
     1
290
     0
176
     1
 90
        1
176
     1
 40
0.0
176
     1
 90
        0
176
     1
290
     0
176
     1
290
     1
176
     1
290
     1
176
     1
290
     0
176
     1
290
     0
176
     1
290
     0
176
     1
290
     0
176
     1
290
     0
176
     1
290
     0
176
     1
 90
       50
176
     1
 40
0.0
176
     1
 40
1.0
176
     1
 90
        0
176
     1
 62
    18
420
        0
176
     1
 90
       50
176
     1
 90
        3
176
     1
 62
     5
420
      255
176
     1
290
     0
176
     1
 90
       50
176
     1
 90
       50
176
     1
 90
       50
176
     1
290
     0
176
     1
 90
       50
176
     1
 62
   256
176
     0
 40
1.0
176
     0
 90
        2
176
     1
  1
strokes_ogs.tif
176
     1
290
     0
176
     1
 40
1.0
176
     1
 40
1.0
176
     1
1001
ACAD
1000
AcDbSavedByObjectVersion
1070
     0
  0
VISUALSTYLE
  5
35
102
{ACAD_REACTORS
330
29
102
}
330
29
100
AcDbVisualStyle
  2
Brighten
 70
    12
177
     3
291
     1
 70
    58
 90
        2
176
     1
 90
        2
176
     1
 90
        0
176
     1
 90
        0
176
     1
 40
0.6
176
     1
 40
30.0
176
     1
 62
     7
420
 16777215
176
     1
 90
        1
176
     1
 90
        4
176
     1
 62
     7
176
     1
 62
   257
176
     1
 90
        1
176
     1
 90
        1
176
     1
 40
1.0
176
     1
 90
        8
176
     1
 62
     7
176
     1
 40
1.0
176
     1
 90
        1
176
     1
 90
        6
176
     1
 90
        2
176
     1
 62
     7
176
     1
 90
        5
176
     1
 90
        0
176
     1
 90
        0
176
     1
290
     0
176
     1
 90
        1
176
     1
 40
50.0
176
     1
 90
        0
176
     1
290
     0
176
     1
290
     1
176
     1
290
     1
176
     1
290
     0
176
     1
290
     0
176
     1
290
     0
176
     1
290
     0
176
     1
290
     0
176
     1
290
     0
176
     1
 90
       50
176
     1
 40
0.0
176
     1
 40
1.0
176
     1
 90
        0
176
     1
 62
    18
420
        0
176
     1
 90
       50
176
     1
 90
        3
176
     1
 62
     5
420
      255
176
     1
290
     0
176
     1
 90
       50
176
     1
 90
       50
176
     1
 90
       50
176
     1
290
     0
176
     1
 90
       50
176
     1
 62
   256
176
     0
 40
1.0
176
     0
 90
        2
176
     1
  1
strokes_ogs.tif
176
     1
290
     0
176
     1
 40
1.0
176
     1
 40
1.0
176
     1
1001
ACAD
1000
AcDbSavedByObjectVersion
1070
     0
  0
VISUALSTYLE
  5
39
102
{ACAD_REACTORS
330
29
102
}
330
29
100
AcDbVisualStyle
  2
ColorChange
 70
    16
177
     3
291
     1
 70
    58
 90
        2
176
     1
 90
        2
176
     1
 90
        3
176
     1
 90
        0
176
     1
 40
0.6
176
     1
 40
30.0
176
     1
 62
     8
420
  8421504
176
     1
 90
        1
176
     1
 90
        4
176
     1
 62
     7
176
     1
 62
   257
176
     1
 90
        1
176
     1
 90
        1
176
     1
 40
1.0
176
     1
 90
        8
176
     1
 62
     8
420
  8421504
176
     1
 40
1.0
176
     1
 90
        1
176
     1
 90
        6
176
     1
 90
        2
176
     1
 62
     7
176
     1
 90
        5
176
     1
 90
        0
176
     1
 90
        0
176
     1
290
     0
176
     1
 90
        1
176
     1
 40
0.0
176
     1
 90
        0
176
     1
290
     0
176
     1
290
     1
176
     1
290
     1
176
     1
290
     0
176
     1
290
     0
176
     1
290
     0
176
     1
290
     0
176
     1
290
     0
176
     1
290
     0
176
     1
 90
       50
176
     1
 40
0.0
176
     1
 40
1.0
176
     1
 90
        0
176
     1
 62
    18
420
        0
176
     1
 90
       50
176
     1
 90
        3
176
     1
 62
     5
420
      255
176
     1
290
     0
176
     1
 90
       50
176
     1
 90
       50
176
     1
 90
       50
176
     1
290
     0
176
     1
 90
       50
176
     1
 62
   256
176
     0
 40
1.0
176
     0
 90
        2
176
     1
  1
strokes_ogs.tif
176
     1
290
     0
176
     1
 40
1.0
176
     1
 40
1.0
176
     1
1001
ACAD
1000
AcDbSavedByObjectVersion
1070
     0
  0
VISUALSTYLE
  5
32
102
{ACAD_REACTORS
330
29
102
}
330
29
100
AcDbVisualStyle
  2
Conceptual
 70
     9
177
     3
291
     0
 70
    58
 90
        3
176
     1
 90
        2
176
     1
 90
        0
176
     1
 90
        0
176
     1
 40
0.6
176
     1
 40
30.0
176
     1
 62
     7
420
 16777215
176
     1
 90
        2
176
     1
 90
        2
176
     1
 62
     7
176
     1
 62
   257
176
     1
 90
        1
176
     1
 90
        1
176
     1
 40
179.0
176
     1
 90
        8
176
     1
 62
     7
176
     1
 40
1.0
176
     1
 90
        1
176
     1
 90
        6
176
     1
 90
        2
176
     1
 62
     7
176
     1
 90
        3
176
     1
 90
        0
176
     1
 90
        0
176
     1
290
     0
176
     1
 90
        1
176
     1
 40
0.0
176
     1
 90
        0
176
     1
290
     0
176
     1
290
     1
176
     1
290
     1
176
     1
290
     0
176
     1
290
     0
176
     1
290
     0
176
     1
290
     0
176
     1
290
     0
176
     1
290
     0
176
     1
 90
       50
176
     1
 40
0.0
176
     1
 40
1.0
176
     1
 90
        0
176
     1
 62
    18
420
        0
176
     1
 90
       50
176
     1
 90
        3
176
     1
 62
     5
420
      255
176
     1
290
     0
176
     1
 90
       50
176
     1
 90
       50
176
     1
 90
       50
176
     1
290
     0
176
     1
 90
       50
176
     1
 62
   256
176
     0
 40
1.0
176
     0
 90
        2
176
     1
  1
strokes_ogs.tif
176
     1
290
     0
176
     1
 40
1.0
176
     1
 40
1.0
176
     1
1001
ACAD
1000
AcDbSavedByObjectVersion
1070
     0
  0
VISUALSTYLE
  5
34
102
{ACAD_REACTORS
330
29
102
}
330
29
100
AcDbVisualStyle
  2
Dim
 70
    11
177
     3
291
     1
 70
    58
 90
        2
176
     1
 90
        2
176
     1
 90
        0
176
     1
 90
        0
176
     1
 40
0.6
176
     1
 40
30.0
176
     1
 62
     7
420
 16777215
176
     1
 90
        1
176
     1
 90
        4
176
     1
 62
     7
176
     1
 62
   257
176
     1
 90
        1
176
     1
 90
        1
176
     1
 40
1.0
176
     1
 90
        8
176
     1
 62
     7
176
     1
 40
1.0
176
     1
 90
        1
176
     1
 90
        6
176
     1
 90
        2
176
     1
 62
     7
176
     1
 90
        5
176
     1
 90
        0
176
     1
 90
        0
176
     1
290
     0
176
     1
 90
        1
176
     1
 40
-50.0
176
     1
 90
        0
176
     1
290
     0
176
     1
290
     1
176
     1
290
     1
176
     1
290
     0
176
     1
290
     0
176
     1
290
     0
176
     1
290
     0
176
     1
290
     0
176
     1
290
     0
176
     1
 90
       50
176
     1
 40
0.0
176
     1
 40
1.0
176
     1
 90
        0
176
     1
 62
    18
420
        0
176
     1
 90
       50
176
     1
 90
        3
176
     1
 62
     5
420
      255
176
     1
290
     0
176
     1
 90
       50
176
     1
 90
       50
176
     1
 90
       50
176
     1
290
     0
176
     1
 90
       50
176
     1
 62
   256
176
     0
 40
1.0
176
     0
 90
        2
176
     1
  1
strokes_ogs.tif
176
     1
290
     0
176
     1
 40
1.0
176
     1
 40
1.0
176
     1
1001
ACAD
1000
AcDbSavedByObjectVersion
1070
     0
  0
VISUALSTYLE
  5
41
102
{ACAD_REACTORS
330
29
102
}
330
29
100
AcDbVisualStyle
  2
EdgeColorOff
 70
    22
177
     3
291
     1
 70
    58
 90
        2
176
     0
 90
        2
176
     0
 90
        0
176
     0
 90
        0
176
     0
 40
0.6
176
     0
 40
30.0
176
     0
 62
     7
420
 16777215
176
     0
 90
        1
176
     0
 90
        4
176
     0
 62
     7
176
     0
 62
   257
176
     0
 90
        1
176
     0
 90
        1
176
     0
 40
1.0
176
     0
 90
        8
176
     2
 62
     7
176
     0
 40
1.0
176
     0
 90
        1
176
     0
 90
        6
176
     0
 90
        2
176
     0
 62
     7
176
     0
 90
        5
176
     0
 90
        0
176
     0
 90
        0
176
     0
290
     0
176
     0
 90
        1
176
     0
 40
0.0
176
     0
 90
        0
176
     0
290
     0
176
     0
290
     1
176
     0
290
     1
176
     0
290
     0
176
     0
290
     0
176
     0
290
     0
176
     0
290
     0
176
     0
290
     0
176
     0
290
     0
176
     0
 90
       50
176
     0
 40
0.0
176
     0
 40
1.0
176
     0
 90
        0
176
     0
 62
    18
420
        0
176
     0
 90
       50
176
     0
 90
        3
176
     0
 62
     5
420
      255
176
     0
290
     0
176
     0
 90
       50
176
     0
 90
       50
176
     0
 90
       50
176
     0
290
     0
176
     0
 90
       50
176
     0
 62
   256
176
     0
 40
1.0
176
     0
 90
        2
176
     0
  1
strokes_ogs.tif
176
     0
290
     0
176
     0
 40
1.0
176
     0
 40
1.0
176
     0
1001
ACAD
1000
AcDbSavedByObjectVersion
1070
     0
  0
VISUALSTYLE
  5
38
102
{ACAD_REACTORS
330
29
102
}
330
29
100
AcDbVisualStyle
  2
Facepattern
 70
    15
177
     3
291
     1
 70
    58
 90
        2
176
     1
 90
        2
176
     1
 90
        0
176
     1
 90
        0
176
     1
 40
0.6
176
     1
 40
30.0
176
     1
 62
     7
420
 16777215
176
     1
 90
        1
176
     1
 90
        4
176
     1
 62
     7
176
     1
 62
   257
176
     1
 90
        1
176
     1
 90
        1
176
     1
 40
1.0
176
     1
 90
        8
176
     1
 62
     7
176
     1
 40
1.0
176
     1
 90
        1
176
     1
 90
        6
176
     1
 90
        2
176
     1
 62
     7
176
     1
 90
        5
176
     1
 90
        0
176
     1
 90
        0
176
     1
290
     0
176
     1
 90
        1
176
     1
 40
0.0
176
     1
 90
        0
176
     1
290
     0
176
     1
290
     1
176
     1
290
     1
176
     1
290
     0
176
     1
290
     0
176
     1
290
     0
176
     1
290
     0
176
     1
290
     0
176
     1
290
     0
176
     1
 90
       50
176
     1
 40
0.0
176
     1
 40
1.0
176
     1
 90
        0
176
     1
 62
    18
420
        0
176
     1
 90
       50
176
     1
 90
        3
176
     1
 62
     5
420
      255
176
     1
290
     0
176
     1
 90
       50
176
     1
 90
       50
176
     1
 90
       50
176
     1
290
     0
176
     1
 90
       50
176
     1
 62
   256
176
     0
 40
1.0
176
     0
 90
        2
176
     1
  1
strokes_ogs.tif
176
     1
290
     0
176
     1
 40
1.0
176
     1
 40
1.0
176
     1
1001
ACAD
1000
AcDbSavedByObjectVersion
1070
     0
  0
VISUALSTYLE
  5
2A
102
{ACAD_REACTORS
330
29
102
}
330
29
100
AcDbVisualStyle
  2
Flat
 70
     0
177
     3
291
     1
 70
    58
 90
        2
176
     1
 90
        1
176
     1
 90
        1
176
     1
 90
        2
176
     1
 40
0.6
176
     1
 40
30.0
176
     1
 62
     7
420
 16777215
176
     1
 90
        0
176
     1
 90
        0
176
     1
 62
     7
176
     1
 62
   257
176
     1
 90
        1
176
     1
 90
        1
176
     1
 40
1.0
176
     1
 90
        8
176
     1
 62
     7
176
     1
 40
1.0
176
     1
 90
        1
176
     1
 90
        6
176
     1
 90
        2
176
     1
 62
     7
176
     1
 90
        5
176
     1
 90
        0
176
     1
 90
        0
176
     1
290
     0
176
     1
 90
       13
176
     1
 40
0.0
176
     1
 90
        0
176
     1
290
     0
176
     1
290
     1
176
     1
290
     1
176
     1
290
     0
176
     1
290
     0
176
     1
290
     0
176
     1
290
     0
176
     1
290
     0
176
     1
290
     0
176
     1
 90
       50
176
     1
 40
0.0
176
     1
 40
1.0
176
     1
 90
        0
176
     1
 62
    18
420
        0
176
     1
 90
       50
176
     1
 90
        3
176
     1
 62
     5
420
      255
176
     1
290
     0
176
     1
 90
       50
176
     1
 90
       50
176
     1
 90
       50
176
     1
290
     0
176
     1
 90
       50
176
     1
 62
   256
176
     0
 40
1.0
176
     0
 90
        2
176
     1
  1
strokes_ogs.tif
176
     1
290
     0
176
     1
 40
1.0
176
     1
 40
1.0
176
     1
1001
ACAD
1000
AcDbSavedByObjectVersion
1070
     0
  0
VISUALSTYLE
  5
2B
102
{ACAD_REACTORS
330
29
102
}
330
29
100
AcDbVisualStyle
  2
FlatWithEdges
 70
     1
177
     3
291
     1
 70
    58
 90
        2
176
     1
 90
        1
176
     1
 90
        1
176
     1
 90
        2
176
     1
 40
0.6
176
     1
 40
30.0
176
     1
 62
     7
420
 16777215
176
     1
 90
        1
176
     1
 90
        0
176
     1
 62
     7
176
     1
 62
   257
176
     1
 90
        1
176
     1
 90
        1
176
     1
 40
1.0
176
     1
 90
        0
176
     1
 62
   257
176
     1
 40
1.0
176
     1
 90
        1
176
     1
 90
        6
176
     1
 90
        2
176
     1
 62
     7
176
     1
 90
        5
176
     1
 90
        0
176
     1
 90
        0
176
     1
290
     0
176
     1
 90
       13
176
     1
 40
0.0
176
     1
 90
        0
176
     1
290
     0
176
     1
290
     1
176
     1
290
     1
176
     1
290
     0
176
     1
290
     0
176
     1
290
     0
176
     1
290
     0
176
     1
290
     0
176
     1
290
     0
176
     1
 90
       50
176
     1
 40
0.0
176
     1
 40
1.0
176
     1
 90
        0
176
     1
 62
    18
420
        0
176
     1
 90
       50
176
     1
 90
        3
176
     1
 62
     5
420
      255
176
     1
290
     0
176
     1
 90
       50
176
     1
 90
       50
176
     1
 90
       50
176
     1
290
     0
176
     1
 90
       50
176
     1
 62
   256
176
     0
 40
1.0
176
     0
 90
        2
176
     1
  1
strokes_ogs.tif
176
     1
290
     0
176
     1
 40
1.0
176
     1
 40
1.0
176
     1
1001
ACAD
1000
AcDbSavedByObjectVersion
1070
     0
  0
VISUALSTYLE
  5
2C
102
{ACAD_REACTORS
330
29
102
}
330
29
100
AcDbVisualStyle
  2
Gouraud
 70
     2
177
     3
291
     1
 70
    58
 90
        2
176
     1
 90
        2
176
     1
 90
        1
176
     1
 90
        2
176
     1
 40
0.6
176
     1
 40
30.0
176
     1
 62
     7
420
 16777215
176
     1
 90
        0
176
     1
 90
        0
176
     1
 62
     7
176
     1
 62
   257
176
     1
 90
        1
176
     1
 90
        1
176
     1
 40
1.0
176
     1
 90
        0
176
     1
 62
     7
176
     1
 40
1.0
176
     1
 90
        1
176
     1
 90
        6
176
     1
 90
        2
176
     1
 62
     7
176
     1
 90
        5
176
     1
 90
        0
176
     1
 90
        0
176
     1
290
     0
176
     1
 90
       13
176
     1
 40
0.0
176
     1
 90
        0
176
     1
290
     0
176
     1
290
     1
176
     1
290
     1
176
     1
290
     0
176
     1
290
     0
176
     1
290
     0
176
     1
290
     0
176
     1
290
     0
176
     1
290
     0
176
     1
 90
       50
176
     1
 40
0.0
176
     1
 40
1.0
176
     1
 90
        0
176
     1
 62
    18
420
        0
176
     1
 90
       50
176
     1
 90
        3
176
     1
 62
     5
420
      255
176
     1
290
     0
176
     1
 90
       50
176
     1
 90
       50
176
     1
 90
       50
176
     1
290
     0
176
     1
 90
       50
176
     1
 62
   256
176
     0
 40
1.0
176
     0
 90
        2
176
     1
  1
strokes_ogs.tif
176
     1
290
     0
176
     1
 40
1.0
176
     1
 40
1.0
176
     1
1001
ACAD
1000
AcDbSavedByObjectVersion
1070
     0
  0
VISUALSTYLE
  5
2D
102
{ACAD_REACTORS
330
29
102
}
330
29
100
AcDbVisualStyle
  2
GouraudWithEdges
 70
     3
177
     3
291
     1
 70
    58
 90
        2
176
     1
 90
        2
176
     1
 90
        1
176
     1
 90
        2
176
     1
 40
0.6
176
     1
 40
30.0
176
     1
 62
     7
420
 16777215
176
     1
 90
        1
176
     1
 90
        0
176
     1
 62
     7
176
     1
 62
   257
176
     1
 90
        1
176
     1
 90
        1
176
     1
 40
1.0
176
     1
 90
        0
176
     1
 62
   257
176
     1
 40
1.0
176
     1
 90
        1
176
     1
 90
        6
176
     1
 90
        2
176
     1
 62
     7
176
     1
 90
        5
176
     1
 90
        0
176
     1
 90
        0
176
     1
290
     0
176
     1
 90
       13
176
     1
 40
0.0
176
     1
 90
        0
176
     1
290
     0
176
     1
290
     1
176
     1
290
     1
176
     1
290
     0
176
     1
290
     0
176
     1
290
     0
176
     1
290
     0
176
     1
290
     0
176
     1
290
     0
176
     1
 90
       50
176
     1
 40
0.0
176
     1
 40
1.0
176
     1
 90
        0
176
     1
 62
    18
420
        0
176
     1
 90
       50
176
     1
 90
        3
176
     1
 62
     5
420
      255
176
     1
290
     0
176
     1
 90
       50
176
     1
 90
       50
176
     1
 90
       50
176
     1
290
     0
176
     1
 90
       50
176
     1
 62
   256
176
     0
 40
1.0
176
     0
 90
        2
176
     1
  1
strokes_ogs.tif
176
     1
290
     0
176
     1
 40
1.0
176
     1
 40
1.0
176
     1
1001
ACAD
1000
AcDbSavedByObjectVersion
1070
     0
  0
VISUALSTYLE
  5
31
102
{ACAD_REACTORS
330
29
102
}
330
29
100
AcDbVisualStyle
  2
Hidden
 70
     6
177
     3
291
     0
 70
    58
 90
        1
176
     1
 90
        2
176
     1
 90
        2
176
     1
 90
        0
176
     1
 40
0.6
176
     1
 40
30.0
176
     1
 62
     7
420
 16777215
176
     1
 90
        2
176
     1
 90
        2
176
     1
 62
     7
176
     1
 62
   257
176
     1
 90
        2
176
     1
 90
        1
176
     1
 40
40.0
176
     1
 90
        0
176
     1
 62
   257
176
     1
 40
1.0
176
     1
 90
        1
176
     1
 90
        6
176
     1
 90
        2
176
     1
 62
     7
176
     1
 90
        3
176
     1
 90
        0
176
     1
 90
        0
176
     1
290
     0
176
     1
 90
        1
176
     1
 40
0.0
176
     1
 90
        0
176
     1
290
     0
176
     1
290
     1
176
     1
290
     1
176
     1
290
     0
176
     1
290
     0
176
     1
290
     0
176
     1
290
     0
176
     1
290
     0
176
     1
290
     0
176
     1
 90
       50
176
     1
 40
0.0
176
     1
 40
1.0
176
     1
 90
        0
176
     1
 62
    18
420
        0
176
     1
 90
       50
176
     1
 90
        3
176
     1
 62
     5
420
      255
176
     1
290
     0
176
     1
 90
       50
176
     1
 90
       50
176
     1
 90
       50
176
     1
290
     0
176
     1
 90
       50
176
     1
 62
   256
176
     0
 40
1.0
176
     0
 90
        2
176
     1
  1
strokes_ogs.tif
176
     1
290
     0
176
     1
 40
1.0
176
     1
 40
1.0
176
     1
1001
ACAD
1000
AcDbSavedByObjectVersion
1070
     0
  0
VISUALSTYLE
  5
3F
102
{ACAD_REACTORS
330
29
102
}
330
29
100
AcDbVisualStyle
  2
JitterOff
 70
    20
177
     3
291
     1
 70
    58
 90
        2
176
     0
 90
        2
176
     0
 90
        0
176
     0
 90
        0
176
     0
 40
0.6
176
     0
 40
30.0
176
     0
 62
     7
420
 16777215
176
     0
 90
        1
176
     0
 90
        4
176
     0
 62
     7
176
     0
 62
   257
176
     0
 90
        1
176
     0
 90
        1
176
     0
 40
1.0
176
     0
 90
       10
176
     2
 62
     7
176
     0
 40
1.0
176
     0
 90
        1
176
     0
 90
        6
176
     0
 90
        2
176
     0
 62
     7
176
     0
 90
        5
176
     0
 90
        0
176
     0
 90
        0
176
     0
290
     0
176
     0
 90
        1
176
     0
 40
0.0
176
     0
 90
        0
176
     0
290
     0
176
     0
290
     1
176
     0
290
     1
176
     0
290
     0
176
     0
290
     0
176
     0
290
     0
176
     0
290
     0
176
     0
290
     0
176
     0
290
     0
176
     0
 90
       50
176
     0
 40
0.0
176
     0
 40
1.0
176
     0
 90
        0
176
     0
 62
    18
420
        0
176
     0
 90
       50
176
     0
 90
        3
176
     0
 62
     5
420
      255
176
     0
290
     0
176
     0
 90
       50
176
     0
 90
       50
176
     0
 90
       50
176
     0
290
     0
176
     0
 90
       50
176
     0
 62
   256
176
     0
 40
1.0
176
     0
 90
        2
176
     0
  1
strokes_ogs.tif
176
     0
290
     0
176
     0
 40
1.0
176
     0
 40
1.0
176
     0
1001
ACAD
1000
AcDbSavedByObjectVersion
1070
     0
  0
VISUALSTYLE
  5
37
102
{ACAD_REACTORS
330
29
102
}
330
29
100
AcDbVisualStyle
  2
Linepattern
 70
    14
177
     3
291
     1
 70
    58
 90
        2
176
     1
 90
        2
176
     1
 90
        0
176
     1
 90
        0
176
     1
 40
0.6
176
     1
 40
30.0
176
     1
 62
     7
420
 16777215
176
     1
 90
        1
176
     1
 90
        4
176
     1
 62
     7
176
     1
 62
   257
176
     1
 90
        7
176
     1
 90
        7
176
     1
 40
1.0
176
     1
 90
        8
176
     1
 62
     7
176
     1
 40
1.0
176
     1
 90
        1
176
     1
 90
        6
176
     1
 90
        2
176
     1
 62
     7
176
     1
 90
        5
176
     1
 90
        0
176
     1
 90
        0
176
     1
290
     0
176
     1
 90
        1
176
     1
 40
0.0
176
     1
 90
        0
176
     1
290
     0
176
     1
290
     1
176
     1
290
     1
176
     1
290
     0
176
     1
290
     0
176
     1
290
     0
176
     1
290
     0
176
     1
290
     0
176
     1
290
     0
176
     1
 90
       50
176
     1
 40
0.0
176
     1
 40
1.0
176
     1
 90
        0
176
     1
 62
    18
420
        0
176
     1
 90
       50
176
     1
 90
        3
176
     1
 62
     5
420
      255
176
     1
290
     0
176
     1
 90
       50
176
     1
 90
       50
176
     1
 90
       50
176
     1
290
     0
176
     1
 90
       50
176
     1
 62
   256
176
     0
 40
1.0
176
     0
 90
        2
176
     1
  1
strokes_ogs.tif
176
     1
290
     0
176
     1
 40
1.0
176
     1
 40
1.0
176
     1
1001
ACAD
1000
AcDbSavedByObjectVersion
1070
     0
  0
VISUALSTYLE
  5
40
102
{ACAD_REACTORS
330
29
102
}
330
29
100
AcDbVisualStyle
  2
OverhangOff
 70
    21
177
     3
291
     1
 70
    58
 90
        2
176
     0
 90
        2
176
     0
 90
        0
176
     0
 90
        0
176
     0
 40
0.6
176
     0
 40
30.0
176
     0
 62
     7
420
 16777215
176
     0
 90
        1
176
     0
 90
        4
176
     0
 62
     7
176
     0
 62
   257
176
     0
 90
        1
176
     0
 90
        1
176
     0
 40
1.0
176
     0
 90
        9
176
     2
 62
     7
176
     0
 40
1.0
176
     0
 90
        1
176
     0
 90
        6
176
     0
 90
        2
176
     0
 62
     7
176
     0
 90
        5
176
     0
 90
        0
176
     0
 90
        0
176
     0
290
     0
176
     0
 90
        1
176
     0
 40
0.0
176
     0
 90
        0
176
     0
290
     0
176
     0
290
     1
176
     0
290
     1
176
     0
290
     0
176
     0
290
     0
176
     0
290
     0
176
     0
290
     0
176
     0
290
     0
176
     0
290
     0
176
     0
 90
       50
176
     0
 40
0.0
176
     0
 40
1.0
176
     0
 90
        0
176
     0
 62
    18
420
        0
176
     0
 90
       50
176
     0
 90
        3
176
     0
 62
     5
420
      255
176
     0
290
     0
176
     0
 90
       50
176
     0
 90
       50
176
     0
 90
       50
176
     0
290
     0
176
     0
 90
       50
176
     0
 62
   256
176
     0
 40
1.0
176
     0
 90
        2
176
     0
  1
strokes_ogs.tif
176
     0
290
     0
176
     0
 40
1.0
176
     0
 40
1.0
176
     0
1001
ACAD
1000
AcDbSavedByObjectVersion
1070
     0
  0
VISUALSTYLE
  5
33
102
{ACAD_REACTORS
330
29
102
}
330
29
100
AcDbVisualStyle
  2
Realistic
 70
     8
177
     3
291
     0
 70
    58
 90
        2
176
     1
 90
        3
176
     1
 90
        0
176
     1
 90
        2
176
     1
 40
0.6
176
     1
 40
30.0
176
     1
 62
     7
420
 16777215
176
     1
 90
        0
176
     1
 90
        0
176
     1
 62
     7
176
     1
 62
   257
176
     1
 90
        1
176
     1
 90
        1
176
     1
 40
1.0
176
     1
 90
        8
176
     1
 62
   257
176
     1
 40
1.0
176
     1
 90
        1
176
     1
 90
        6
176
     1
 90
        2
176
     1
 62
     7
176
     1
 90
        3
176
     1
 90
        0
176
     1
 90
        0
176
     1
290
     0
176
     1
 90
       13
176
     1
 40
0.0
176
     1
 90
        0
176
     1
290
     0
176
     1
290
     1
176
     1
290
     1
176
     1
290
     0
176
     1
290
     0
176
     1
290
     0
176
     1
290
     0
176
     1
290
     0
176
     1
290
     0
176
     1
 90
       50
176
     1
 40
0.0
176
     1
 40
1.0
176
     1
 90
        0
176
     1
 62
    18
420
        0
176
     1
 90
       50
176
     1
 90
        3
176
     1
 62
     5
420
      255
176
     1
290
     0
176
     1
 90
       50
176
     1
 90
       50
176
     1
 90
       50
176
     1
290
     0
176
     1
 90
       50
176
     1
 62
   256
176
     0
 40
1.0
176
     0
 90
        2
176
     1
  1
strokes_ogs.tif
176
     1
290
     0
176
     1
 40
1.0
176
     1
 40
1.0
176
     1
1001
ACAD
1000
AcDbSavedByObjectVersion
1070
     0
  0
VISUALSTYLE
  5
3E
102
{ACAD_REACTORS
330
29
102
}
330
29
100
AcDbVisualStyle
  2
Shaded
 70
    27
177
     3
291
     0
 70
    58
 90
        2
176
     1
 90
        2
176
     1
 90
        1
176
     1
 90
        2
176
     1
 40
0.6
176
     1
 40
30.0
176
     1
 62
     7
420
 16777215
176
     1
 90
        0
176
     1
 90
        4
176
     1
 62
     7
176
     1
 62
   257
176
     1
 90
        1
176
     1
 90
        1
176
     1
 40
1.0
176
     1
 90
        8
176
     1
 62
   257
176
     1
 40
1.0
176
     1
 90
        1
176
     1
 90
        6
176
     1
 90
        2
176
     1
 62
     8
420
  7895160
176
     1
 90
        3
176
     1
 90
        0
176
     1
 90
        0
176
     1
290
     0
176
     1
 90
        5
176
     1
 40
0.0
176
     1
 90
        0
176
     1
290
     0
176
     1
290
     1
176
     1
290
     1
176
     1
290
     0
176
     1
290
     0
176
     1
290
     0
176
     1
290
     0
176
     1
290
     0
176
     1
290
     0
176
     1
 90
       50
176
     1
 40
0.0
176
     1
 40
1.0
176
     1
 90
        0
176
     1
 62
    18
420
        0
176
     1
 90
       50
176
     1
 90
        3
176
     1
 62
     5
420
      255
176
     1
290
     0
176
     1
 90
       50
176
     1
 90
       50
176
     1
 90
       50
176
     1
290
     0
176
     1
 90
       50
176
     1
 62
   256
176
     0
 40
1.0
176
     0
 90
        2
176
     1
  1
strokes_ogs.tif
176
     1
290
     0
176
     1
 40
1.0
176
     1
 40
1.0
176
     1
1001
ACAD
1000
AcDbSavedByObjectVersion
1070
     0
  0
VISUALSTYLE
  5
3D
102
{ACAD_REACTORS
330
29
102
}
330
29
100
AcDbVisualStyle
  2
Shaded with edges
 70
    26
177
     3
291
     0
 70
    58
 90
        2
176
     1
 90
        2
176
     1
 90
        1
176
     1
 90
        2
176
     1
 40
0.6
176
     1
 40
30.0
176
     1
 62
     7
420
 16777215
176
     1
 90
        1
176
     1
 90
        2
176
     1
 62
     7
176
     1
 62
   257
176
     1
 90
        2
176
     1
 90
        1
176
     1
 40
1.0
176
     1
 90
        8
176
     1
 62
   257
176
     1
 40
1.0
176
     1
 90
        1
176
     1
 90
        6
176
     1
 90
        2
176
     1
 62
     7
176
     1
 90
        3
176
     1
 90
        0
176
     1
 90
        0
176
     1
290
     0
176
     1
 90
        5
176
     1
 40
0.0
176
     1
 90
        0
176
     1
290
     0
176
     1
290
     1
176
     1
290
     1
176
     1
290
     0
176
     1
290
     0
176
     1
290
     0
176
     1
290
     0
176
     1
290
     0
176
     1
290
     0
176
     1
 90
       50
176
     1
 40
0.0
176
     1
 40
1.0
176
     1
 90
        0
176
     1
 62
    18
420
        0
176
     1
 90
       50
176
     1
 90
        3
176
     1
 62
     5
420
      255
176
     1
290
     0
176
     1
 90
       50
176
     1
 90
       50
176
     1
 90
       50
176
     1
290
     0
176
     1
 90
       50
176
     1
 62
   256
176
     0
 40
1.0
176
     0
 90
        2
176
     1
  1
strokes_ogs.tif
176
     1
290
     0
176
     1
 40
1.0
176
     1
 40
1.0
176
     1
1001
ACAD
1000
AcDbSavedByObjectVersion
1070
     0
  0
VISUALSTYLE
  5
3A
102
{ACAD_REACTORS
330
29
102
}
330
29
100
AcDbVisualStyle
  2
Shades of Gray
 70
    23
177
     3
291
     0
 70
    58
 90
        2
176
     1
 90
        2
176
     1
 90
        3
176
     1
 90
        0
176
     1
 40
0.6
176
     1
 40
30.0
176
     1
 62
     7
420
 16777215
176
     1
 90
        2
176
     1
 90
        2
176
     1
 62
     7
176
     1
 62
     7
176
     1
 90
        1
176
     1
 90
        1
176
     1
 40
40.0
176
     1
 90
        8
176
     1
 62
     7
176
     1
 40
1.0
176
     1
 90
        1
176
     1
 90
        6
176
     1
 90
        2
176
     1
 62
     7
176
     1
 90
        3
176
     1
 90
        0
176
     1
 90
        0
176
     1
290
     0
176
     1
 90
        1
176
     1
 40
0.0
176
     1
 90
        0
176
     1
290
     0
176
     1
290
     1
176
     1
290
     1
176
     1
290
     0
176
     1
290
     0
176
     1
290
     0
176
     1
290
     0
176
     1
290
     0
176
     1
290
     0
176
     1
 90
       50
176
     1
 40
0.0
176
     1
 40
1.0
176
     1
 90
        0
176
     1
 62
    18
420
        0
176
     1
 90
       50
176
     1
 90
        3
176
     1
 62
     5
420
      255
176
     1
290
     0
176
     1
 90
       50
176
     1
 90
       50
176
     1
 90
       50
176
     1
290
     0
176
     1
 90
       50
176
     1
 62
   256
176
     0
 40
1.0
176
     0
 90
        2
176
     1
  1
strokes_ogs.tif
176
     1
290
     0
176
     1
 40
1.0
176
     1
 40
1.0
176
     1
1001
ACAD
1000
AcDbSavedByObjectVersion
1070
     0
  0
VISUALSTYLE
  5
3B
102
{ACAD_REACTORS
330
29
102
}
330
29
100
AcDbVisualStyle
  2
Sketchy
 70
    24
177
     3
291
     0
 70
    58
 90
        1
176
     1
 90
        2
176
     1
 90
        2
176
     1
 90
        0
176
     1
 40
0.6
176
     1
 40
30.0
176
     1
 62
     7
420
 16777215
176
     1
 90
        2
176
     1
 90
        2
176
     1
 62
     7
176
     1
 62
     7
176
     1
 90
        1
176
     1
 90
        1
176
     1
 40
40.0
176
     1
 90
       11
176
     1
 62
     7
176
     1
 40
1.0
176
     1
 90
        1
176
     1
 90
        6
176
     1
 90
        2
176
     1
 62
     7
176
     1
 90
        6
176
     1
 90
        0
176
     1
 90
        0
176
     1
290
     0
176
     1
 90
        1
176
     1
 40
0.0
176
     1
 90
        0
176
     1
290
     0
176
     1
290
     1
176
     1
290
     1
176
     1
290
     0
176
     1
290
     0
176
     1
290
     0
176
     1
290
     0
176
     1
290
     0
176
     1
290
     0
176
     1
 90
       50
176
     1
 40
0.0
176
     1
 40
1.0
176
     1
 90
        0
176
     1
 62
    18
420
        0
176
     1
 90
       50
176
     1
 90
        3
176
     1
 62
     5
420
      255
176
     1
290
     0
176
     1
 90
       50
176
     1
 90
       50
176
     1
 90
       50
176
     1
290
     0
176
     1
 90
       50
176
     1
 62
   256
176
     0
 40
1.0
176
     0
 90
        2
176
     1
  1
strokes_ogs.tif
176
     1
290
     0
176
     1
 40
1.0
176
     1
 40
1.0
176
     1
1001
ACAD
1000
AcDbSavedByObjectVersion
1070
     0
  0
VISUALSTYLE
  5
36
102
{ACAD_REACTORS
330
29
102
}
330
29
100
AcDbVisualStyle
  2
Thicken
 70
    13
177
     3
291
     1
 70
    58
 90
        2
176
     1
 90
        2
176
     1
 90
        0
176
     1
 90
        0
176
     1
 40
0.6
176
     1
 40
30.0
176
     1
 62
     7
420
 16777215
176
     1
 90
        1
176
     1
 90
        4
176
     1
 62
     7
176
     1
 62
   257
176
     1
 90
        1
176
     1
 90
        1
176
     1
 40
1.0
176
     1
 90
       12
176
     1
 62
     7
176
     1
 40
1.0
176
     1
 90
        1
176
     1
 90
        6
176
     1
 90
        2
176
     1
 62
     7
176
     1
 90
        5
176
     1
 90
        0
176
     1
 90
        0
176
     1
290
     0
176
     1
 90
        1
176
     1
 40
0.0
176
     1
 90
        0
176
     1
290
     0
176
     1
290
     1
176
     1
290
     1
176
     1
290
     0
176
     1
290
     0
176
     1
290
     0
176
     1
290
     0
176
     1
290
     0
176
     1
290
     0
176
     1
 90
       50
176
     1
 40
0.0
176
     1
 40
1.0
176
     1
 90
        0
176
     1
 62
    18
420
        0
176
     1
 90
       50
176
     1
 90
        3
176
     1
 62
     5
420
      255
176
     1
290
     0
176
     1
 90
       50
176
     1
 90
       50
176
     1
 90
       50
176
     1
290
     0
176
     1
 90
       50
176
     1
 62
   256
176
     0
 40
1.0
176
     0
 90
        2
176
     1
  1
strokes_ogs.tif
176
     1
290
     0
176
     1
 40
1.0
176
     1
 40
1.0
176
     1
1001
ACAD
1000
AcDbSavedByObjectVersion
1070
     0
  0
VISUALSTYLE
  5
30
102
{ACAD_REACTORS
330
29
102
}
330
29
100
AcDbVisualStyle
  2
Wireframe
 70
     5
177
     3
291
     0
 70
    58
 90
        0
176
     1
 90
        2
176
     1
 90
        0
176
     1
 90
        0
176
     1
 40
0.6
176
     1
 40
30.0
176
     1
 62
     7
420
 16777215
176
     1
 90
        1
176
     1
 90
        4
176
     1
 62
     7
176
     1
 62
   257
176
     1
 90
        1
176
     1
 90
        1
176
     1
 40
1.0
176
     1
 90
        0
176
     1
 62
   257
176
     1
 40
1.0
176
     1
 90
        1
176
     1
 90
        6
176
     1
 90
        2
176
     1
 62
     7
176
     1
 90
        3
176
     1
 90
        0
176
     1
 90
        0
176
     1
290
     0
176
     1
 90
        1
176
     1
 40
0.0
176
     1
 90
        0
176
     1
290
     0
176
     1
290
     1
176
     1
290
     1
176
     1
290
     0
176
     1
290
     0
176
     1
290
     0
176
     1
290
     0
176
     1
290
     0
176
     1
290
     0
176
     1
 90
       50
176
     1
 40
0.0
176
     1
 40
1.0
176
     1
 90
        0
176
     1
 62
    18
420
        0
176
     1
 90
       50
176
     1
 90
        3
176
     1
 62
     5
420
      255
176
     1
290
     0
176
     1
 90
       50
176
     1
 90
       50
176
     1
 90
       50
176
     1
290
     0
176
     1
 90
       50
176
     1
 62
   256
176
     0
 40
1.0
176
     0
 90
        2
176
     1
  1
strokes_ogs.tif
176
     1
290
     0
176
     1
 40
1.0
176
     1
 40
1.0
176
     1
1001
ACAD
1000
AcDbSavedByObjectVersion
1070
     0
  0
VISUALSTYLE
  5
3C
102
{ACAD_REACTORS
330
29
102
}
330
29
100
AcDbVisualStyle
  2
X-Ray
 70
    25
177
     3
291
     0
 70
    58
 90
        2
176
     1
 90
        2
176
     1
 90
        1
176
     1
 90
        1
176
     1
 40
0.5
176
     1
 40
30.0
176
     1
 62
     7
420
 16777215
176
     1
 90
        1
176
     1
 90
        0
176
     1
 62
     7
176
     1
 62
   257
176
     1
 90
        1
176
     1
 90
        1
176
     1
 40
1.0
176
     1
 90
        8
176
     1
 62
     7
176
     1
 40
1.0
176
     1
 90
        1
176
     1
 90
        6
176
     1
 90
        2
176
     1
 62
     7
176
     1
 90
        3
176
     1
 90
        0
176
     1
 90
        0
176
     1
290
     0
176
     1
 90
       13
176
     1
 40
0.0
176
     1
 90
        0
176
     1
290
     0
176
     1
290
     1
176
     1
290
     1
176
     1
290
     0
176
     1
290
     0
176
     1
290
     0
176
     1
290
     0
176
     1
290
     0
176
     1
290
     0
176
     1
 90
       50
176
     1
 40
0.0
176
     1
 40
1.0
176
     1
 90
        0
176
     1
 62
    18
420
        0
176
     1
 90
       50
176
     1
 90
        3
176
     1
 62
     5
420
      255
176
     1
290
     0
176
     1
 90
       50
176
     1
 90
       50
176
     1
 90
       50
176
     1
290
     0
176
     1
 90
       50
176
     1
 62
   256
176
     0
 40
1.0
176
     0
 90
        2
176
     1
  1
strokes_ogs.tif
176
     1
290
     0
176
     1
 40
1.0
176
     1
 40
1.0
176
     1
1001
ACAD
1000
AcDbSavedByObjectVersion
1070
     0
  0
DICTIONARYVAR
  5
452
102
{ACAD_REACTORS
330
44D
102
}
330
44D
100
DictionaryVariables
280
     0
  1
1:1
  0
DICTIONARYVAR
  5
44F
102
{ACAD_REACTORS
330
44D
102
}
330
44D
100
DictionaryVariables
280
     0
  1
STANDARD
  0
DICTIONARYVAR
  5
44E
102
{ACAD_REACTORS
330
44D
102
}
330
44D
100
DictionaryVariables
280
     0
  1
STANDARD
  0
DICTIONARYVAR
  5
450
102
{ACAD_REACTORS
330
44D
102
}
330
44D
100
DictionaryVariables
280
     0
  1
Imperial24
  0
DICTIONARYVAR
  5
451
102
{ACAD_REACTORS
330
44D
102
}
330
44D
100
DictionaryVariables
280
     0
  1
Imperial24
  0
DICTIONARY
  5
458
330
6B
100
AcDbDictionary
280
     1
281
     1
  3
ACAD_XREC_ROUNDTRIP
360
459
  0
DICTIONARY
  5
1A
330
19
100
AcDbDictionary
280
     1
281
     1
  3
BUMPTILE
360
1C
  3
DIFFUSETILE
360
1B
  3
OPACITYTILE
360
1F
  3
REFLECTIONTILE
360
1E
  3
REFRACTIONTILE
360
20
  3
SPECULARTILE
360
1D
  0
DICTIONARY
  5
12
330
11
100
AcDbDictionary
280
     1
281
     1
  3
BUMPTILE
360
14
  3
DIFFUSETILE
360
13
  3
OPACITYTILE
360
17
  3
REFLECTIONTILE
360
16
  3
REFRACTIONTILE
360
18
  3
SPECULARTILE
360
15
  0
DICTIONARY
  5
22
330
21
100
AcDbDictionary
280
     1
281
     1
  3
BUMPTILE
360
24
  3
DIFFUSETILE
360
23
  3
OPACITYTILE
360
27
  3
REFLECTIONTILE
360
26
  3
REFRACTIONTILE
360
28
  3
SPECULARTILE
360
25
  0
DICTIONARY
  5
456
330
69
100
AcDbDictionary
280
     1
281
     1
  3
ACAD_XREC_ROUNDTRIP
360
457
  0
DICTIONARY
  5
453
330
65
100
AcDbDictionary
280
     1
281
     1
  3
ACAD_ROUNDTRIP_2008_TABLESTYLE_CELLSTYLEMAP
360
454
  0
XRECORD
  5
459
102
{ACAD_REACTORS
330
458
102
}
330
458
100
AcDbXrecord
280
     1
102
DISPLAYNAME
  1
Imperial24
102
FLAGS
 90
        0
  0
XRECORD
  5
1C
102
{ACAD_REACTORS
330
1A
102
}
330
1A
100
AcDbXrecord
280
     1
270
     1
271
     1
  0
XRECORD
  5
1B
102
{ACAD_REACTORS
330
1A
102
}
330
1A
100
AcDbXrecord
280
     1
270
     1
271
     1
  0
XRECORD
  5
1F
102
{ACAD_REACTORS
330
1A
102
}
330
1A
100
AcDbXrecord
280
     1
270
     1
271
     1
  0
XRECORD
  5
1E
102
{ACAD_REACTORS
330
1A
102
}
330
1A
100
AcDbXrecord
280
     1
270
     1
271
     1
  0
XRECORD
  5
20
102
{ACAD_REACTORS
330
1A
102
}
330
1A
100
AcDbXrecord
280
     1
270
     1
271
     1
  0
XRECORD
  5
1D
102
{ACAD_REACTORS
330
1A
102
}
330
1A
100
AcDbXrecord
280
     1
270
     1
271
     1
  0
XRECORD
  5
14
102
{ACAD_REACTORS
330
12
102
}
330
12
100
AcDbXrecord
280
     1
270
     1
271
     1
  0
XRECORD
  5
13
102
{ACAD_REACTORS
330
12
102
}
330
12
100
AcDbXrecord
280
     1
270
     1
271
     1
  0
XRECORD
  5
17
102
{ACAD_REACTORS
330
12
102
}
330
12
100
AcDbXrecord
280
     1
270
     1
271
     1
  0
XRECORD
  5
16
102
{ACAD_REACTORS
330
12
102
}
330
12
100
AcDbXrecord
280
     1
270
     1
271
     1
  0
XRECORD
  5
18
102
{ACAD_REACTORS
330
12
102
}
330
12
100
AcDbXrecord
280
     1
270
     1
271
     1
  0
XRECORD
  5
15
102
{ACAD_REACTORS
330
12
102
}
330
12
100
AcDbXrecord
280
     1
270
     1
271
     1
  0
XRECORD
  5
24
102
{ACAD_REACTORS
330
22
102
}
330
22
100
AcDbXrecord
280
     1
270
     1
271
     1
  0
XRECORD
  5
23
102
{ACAD_REACTORS
330
22
102
}
330
22
100
AcDbXrecord
280
     1
270
     1
271
     1
  0
XRECORD
  5
27
102
{ACAD_REACTORS
330
22
102
}
330
22
100
AcDbXrecord
280
     1
270
     1
271
     1
  0
XRECORD
  5
26
102
{ACAD_REACTORS
330
22
102
}
330
22
100
AcDbXrecord
280
     1
270
     1
271
     1
  0
XRECORD
  5
28
102
{ACAD_REACTORS
330
22
102
}
330
22
100
AcDbXrecord
280
     1
270
     1
271
     1
  0
XRECORD
  5
25
102
{ACAD_REACTORS
330
22
102
}
330
22
100
AcDbXrecord
280
     1
270
     1
271
     1
  0
XRECORD
  5
457
102
{ACAD_REACTORS
330
456
102
}
330
456
100
AcDbXrecord
280
     1
102
DISPLAYNAME
  1
Imperial24
102
FLAGS
 90
        0
  0
CELLSTYLEMAP
  5
454
102
{ACAD_REACTORS
330
453
102
}
330
453
100
AcDbCellStyleMap
 90
        3
300
CELLSTYLE
  1
TABLEFORMAT_BEGIN
 90
        5
170
     1
 91
        0
 92
    32768
 62
   257
 93
        1
300
CONTENTFORMAT
  1
CONTENTFORMAT_BEGIN
 90
        0
 91
        0
 92
      512
 93
        0
300

 40
0.0
140
1.0
 94
        5
 62
     0
340
55
144
0.25
309
CONTENTFORMAT_END
171
     0
 94
        0
309
TABLEFORMAT_END
  1
CELLSTYLE_BEGIN
 90
        1
 91
        1
300
_TITLE
309
CELLSTYLE_END
300
CELLSTYLE
  1
TABLEFORMAT_BEGIN
 90
        5
170
     1
 91
        0
 92
        0
 62
   257
 93
        1
300
CONTENTFORMAT
  1
CONTENTFORMAT_BEGIN
 90
        0
 91
        0
 92
      512
 93
        0
300

 40
0.0
140
1.0
 94
        5
 62
     0
340
55
144
0.18
309
CONTENTFORMAT_END
171
     0
 94
        0
309
TABLEFORMAT_END
  1
CELLSTYLE_BEGIN
 90
        2
 91
        1
300
_HEADER
309
CELLSTYLE_END
300
CELLSTYLE
  1
TABLEFORMAT_BEGIN
 90
        5
170
     1
 91
        0
 92
        0
 62
   257
 93
        1
300
CONTENTFORMAT
  1
CONTENTFORMAT_BEGIN
 90
        0
 91
        0
 92
      512
 93
        0
300

 40
0.0
140
1.0
 94
        2
 62
     0
340
55
144
0.18
309
CONTENTFORMAT_END
171
     0
 94
        0
309
TABLEFORMAT_END
  1
CELLSTYLE_BEGIN
 90
        3
 91
        2
300
_DATA
309
CELLSTYLE_END
  0
ENDSEC
  0
EOF
