ISO-10303-21;
HEADER;
FILE_DESCRIPTION (( 'STEP AP214' ),
    '1' );
FILE_NAME ('CTS3-32.768-12.5-20-R.STEP',
    '2025-01-08T11:23:04',
    ( '' ),
    ( '' ),
    'SwSTEP 2.0',
    'SolidWorks 2021',
    '' );
FILE_SCHEMA (( 'AUTOMOTIVE_DESIGN' ));
ENDSEC;

DATA;
#1 = EDGE_CURVE ( 'NONE', #1529, #1081, #1225, .T. ) ;
#2 = CARTESIAN_POINT ( 'NONE',  ( 1.600000000000000089, 0.000000000000000000, 0.7500000000000000000 ) ) ;
#3 = ADVANCED_FACE ( 'NONE', ( #2084 ), #1234, .F. ) ;
#4 = AXIS2_PLACEMENT_3D ( 'NONE', #2121, #1582, #1262 ) ;
#5 = ORIENTED_EDGE ( 'NONE', *, *, #1964, .F. ) ;
#6 = EDGE_CURVE ( 'NONE', #1040, #1028, #1904, .T. ) ;
#7 = CARTESIAN_POINT ( 'NONE',  ( -0.8500000000000005329, 0.1499999999999999667, 0.4200000000000025935 ) ) ;
#8 = EDGE_LOOP ( 'NONE', ( #195, #1712, #469, #543, #54, #1166, #1309, #273, #870, #1142, #401, #681, #546, #1639, #1070, #255, #1711, #2038 ) ) ;
#9 = CARTESIAN_POINT ( 'NONE',  ( 1.520000000000000462, 1.765638989618750321, 0.5500000000000000444 ) ) ;
#10 = PRODUCT_DEFINITION ( 'UNKNOWN', '', #318, #189 ) ;
#11 = UNCERTAINTY_MEASURE_WITH_UNIT (LENGTH_MEASURE( 1.000000000000000082E-05 ), #2096, 'distance_accuracy_value', 'NONE');
#12 = VERTEX_POINT ( 'NONE', #2063 ) ;
#13 = LINE ( 'NONE', #1884, #1983 ) ;
#14 = ORIENTED_EDGE ( 'NONE', *, *, #657, .T. ) ;
#15 = CARTESIAN_POINT ( 'NONE',  ( 0.8500000000000006439, 0.1499999999999999944, -0.6699999999999995959 ) ) ;
#16 = VERTEX_POINT ( 'NONE', #1406 ) ;
#17 = DIRECTION ( 'NONE',  ( -1.000000000000000000, -0.000000000000000000, -0.000000000000000000 ) ) ;
#18 = ORIENTED_EDGE ( 'NONE', *, *, #1180, .F. ) ;
#19 = DIRECTION ( 'NONE',  ( -0.000000000000000000, 1.000000000000000000, -0.000000000000000000 ) ) ;
#20 = ORIENTED_EDGE ( 'NONE', *, *, #1310, .T. ) ;
#21 = PLANE ( 'NONE',  #57 ) ;
#22 = ORIENTED_EDGE ( 'NONE', *, *, #1394, .T. ) ;
#23 = LINE ( 'NONE', #1034, #515 ) ;
#24 = DIRECTION ( 'NONE',  ( -0.000000000000000000, 1.000000000000000000, 0.000000000000000000 ) ) ;
#25 = LINE ( 'NONE', #1704, #1516 ) ;
#26 = AXIS2_PLACEMENT_3D ( 'NONE', #2174, #834, #813 ) ;
#27 = CIRCLE ( 'NONE', #661, 0.1499999999999999667 ) ;
#28 = ORIENTED_EDGE ( 'NONE', *, *, #316, .T. ) ;
#29 = CARTESIAN_POINT ( 'NONE',  ( 1.599999999999999645, 0.6500000000000000222, 0.7500000000000000000 ) ) ;
#30 = VECTOR ( 'NONE', #1320, 1000.000000000000000 ) ;
#31 = ORIENTED_EDGE ( 'NONE', *, *, #1568, .F. ) ;
#32 = CARTESIAN_POINT ( 'NONE',  ( 1.520000000000000462, 0.1499999999999999944, -0.5500000000000000444 ) ) ;
#33 = EDGE_CURVE ( 'NONE', #640, #552, #894, .T. ) ;
#34 = LINE ( 'NONE', #1195, #2026 ) ;
#35 = FACE_OUTER_BOUND ( 'NONE', #1175, .T. ) ;
#36 = ORIENTED_EDGE ( 'NONE', *, *, #1152, .F. ) ;
#37 = ORIENTED_EDGE ( 'NONE', *, *, #1344, .F. ) ;
#38 = CARTESIAN_POINT ( 'NONE',  ( -0.8500000000000005329, 0.1499999999999999944, 0.4200000000000025935 ) ) ;
#39 = VECTOR ( 'NONE', #1933, 1000.000000000000000 ) ;
#40 = CARTESIAN_POINT ( 'NONE',  ( -1.400000000000000577, 0.1499999999999999667, 0.6700000000000000400 ) ) ;
#41 = FILL_AREA_STYLE ('',( #1556 ) ) ;
#42 = DIRECTION ( 'NONE',  ( -0.7071067811865512365, -0.000000000000000000, -0.7071067811865439090 ) ) ;
#43 = ORIENTED_EDGE ( 'NONE', *, *, #369, .T. ) ;
#44 = ORIENTED_EDGE ( 'NONE', *, *, #1703, .F. ) ;
#45 = CARTESIAN_POINT ( 'NONE',  ( 1.572535721577320800, 1.765638989618750321, 0.6025357215773206043 ) ) ;
#46 = DIRECTION ( 'NONE',  ( -0.000000000000000000, 1.000000000000000000, 0.000000000000000000 ) ) ;
#47 = ORIENTED_EDGE ( 'NONE', *, *, #484, .T. ) ;
#48 = ORIENTED_EDGE ( 'NONE', *, *, #1622, .T. ) ;
#49 = CARTESIAN_POINT ( 'NONE',  ( -1.100000000000000755, 0.000000000000000000, -0.6699999999999998179 ) ) ;
#50 = ORIENTED_EDGE ( 'NONE', *, *, #1650, .F. ) ;
#51 = PLANE ( 'NONE',  #1874 ) ;
#52 = LINE ( 'NONE', #322, #161 ) ;
#53 = FILL_AREA_STYLE ('',( #1359 ) ) ;
#54 = ORIENTED_EDGE ( 'NONE', *, *, #1501, .T. ) ;
#55 = LINE ( 'NONE', #398, #1224 ) ;
#56 = ADVANCED_FACE ( 'NONE', ( #1452 ), #1957, .F. ) ;
#57 = AXIS2_PLACEMENT_3D ( 'NONE', #842, #524, #199 ) ;
#58 = CARTESIAN_POINT ( 'NONE',  ( -1.100000000000000755, 0.000000000000000000, -0.6699999999999998179 ) ) ;
#59 = VECTOR ( 'NONE', #2179, 1000.000000000000000 ) ;
#60 =( NAMED_UNIT ( * ) PLANE_ANGLE_UNIT ( ) SI_UNIT ( $, .RADIAN. ) );
#61 = ORIENTED_EDGE ( 'NONE', *, *, #1002, .F. ) ;
#62 = CARTESIAN_POINT ( 'NONE',  ( -1.452535721577320915, 0.000000000000000000, -0.7225357215773205999 ) ) ;
#63 = CARTESIAN_POINT ( 'NONE',  ( 0.8500000000000004219, 1.765638989618750321, 0.6700000000000000400 ) ) ;
#64 = ORIENTED_EDGE ( 'NONE', *, *, #2181, .F. ) ;
#65 = CARTESIAN_POINT ( 'NONE',  ( -1.520000000000000462, 0.1499999999999999944, 0.5500000000000000444 ) ) ;
#66 = DIRECTION ( 'NONE',  ( 1.000000000000000000, 0.000000000000000000, 0.000000000000000000 ) ) ;
#67 = ADVANCED_FACE ( 'NONE', ( #1836 ), #312, .T. ) ;
#68 = VECTOR ( 'NONE', #1824, 1000.000000000000000 ) ;
#69 = VERTEX_POINT ( 'NONE', #767 ) ;
#70 = DIRECTION ( 'NONE',  ( -0.000000000000000000, -1.000000000000000000, -0.000000000000000000 ) ) ;
#71 = EDGE_CURVE ( 'NONE', #1881, #2097, #1634, .T. ) ;
#72 = LINE ( 'NONE', #1566, #1287 ) ;
#73 = EDGE_LOOP ( 'NONE', ( #2048, #2093, #1512, #1383 ) ) ;
#74 = AXIS2_PLACEMENT_3D ( 'NONE', #1810, #123, #806 ) ;
#75 = LINE ( 'NONE', #1447, #424 ) ;
#76 = ORIENTED_EDGE ( 'NONE', *, *, #1405, .F. ) ;
#77 = CARTESIAN_POINT ( 'NONE',  ( 1.520000000000000462, 0.000000000000000000, -0.5500000000000000444 ) ) ;
#78 = CARTESIAN_POINT ( 'NONE',  ( -1.520000000000000462, 0.1499999999999999944, -0.5500000000000000444 ) ) ;
#79 = ORIENTED_EDGE ( 'NONE', *, *, #1956, .F. ) ;
#80 = DIRECTION ( 'NONE',  ( -0.000000000000000000, -1.000000000000000000, -0.000000000000000000 ) ) ;
#81 = FACE_OUTER_BOUND ( 'NONE', #1928, .T. ) ;
#82 = ORIENTED_EDGE ( 'NONE', *, *, #616, .T. ) ;
#83 = DIRECTION ( 'NONE',  ( 0.000000000000000000, -1.000000000000000000, 0.000000000000000000 ) ) ;
#84 = ORIENTED_EDGE ( 'NONE', *, *, #103, .F. ) ;
#85 = LINE ( 'NONE', #1099, #1977 ) ;
#86 = CARTESIAN_POINT ( 'NONE',  ( 1.599999999999999645, 0.000000000000000000, 0.7500000000000000000 ) ) ;
#87 = CARTESIAN_POINT ( 'NONE',  ( 1.400000000000000577, 1.765638989618750321, 0.6700000000000000400 ) ) ;
#88 = DIRECTION ( 'NONE',  ( 0.000000000000000000, -1.000000000000000000, 0.000000000000000000 ) ) ;
#89 = DIRECTION ( 'NONE',  ( -1.000000000000000000, 0.000000000000000000, -0.000000000000000000 ) ) ;
#90 = AXIS2_PLACEMENT_3D ( 'NONE', #391, #1410, #2109 ) ;
#91 = ORIENTED_EDGE ( 'NONE', *, *, #1991, .T. ) ;
#92 = CARTESIAN_POINT ( 'NONE',  ( -1.520000000000000462, 1.765638989618750321, -0.5500000000000000444 ) ) ;
#93 = VECTOR ( 'NONE', #931, 1000.000000000000000 ) ;
#94 = EDGE_CURVE ( 'NONE', #2097, #502, #1796, .T. ) ;
#95 = CARTESIAN_POINT ( 'NONE',  ( -1.100000000000000533, 0.1499999999999999667, 0.6700000000000000400 ) ) ;
#96 = ORIENTED_EDGE ( 'NONE', *, *, #333, .T. ) ;
#97 = DIRECTION ( 'NONE',  ( -0.7071067811865453523, 0.000000000000000000, 0.7071067811865496822 ) ) ;
#98 = STYLED_ITEM ( 'NONE', ( #1163 ), #1023 ) ;
#99 = DIRECTION ( 'NONE',  ( 0.000000000000000000, 0.000000000000000000, -1.000000000000000000 ) ) ;
#100 = ADVANCED_FACE ( 'NONE', ( #101 ), #1659, .T. ) ;
#101 = FACE_OUTER_BOUND ( 'NONE', #1750, .T. ) ;
#102 = CARTESIAN_POINT ( 'NONE',  ( 1.452535721577320915, 0.1499999999999999944, 0.7225357215773207109 ) ) ;
#103 = EDGE_CURVE ( 'NONE', #2104, #1871, #124, .T. ) ;
#104 = CARTESIAN_POINT ( 'NONE',  ( 1.400000000000000577, 0.000000000000000000, 0.6700000000000000400 ) ) ;
#105 = AXIS2_PLACEMENT_3D ( 'NONE', #682, #559, #1335 ) ;
#106 =( NAMED_UNIT ( * ) PLANE_ANGLE_UNIT ( ) SI_UNIT ( $, .RADIAN. ) );
#107 = ORIENTED_EDGE ( 'NONE', *, *, #1622, .F. ) ;
#108 = DIRECTION ( 'NONE',  ( 1.000000000000000000, -0.000000000000000000, -0.000000000000000000 ) ) ;
#109 = ORIENTED_EDGE ( 'NONE', *, *, #710, .F. ) ;
#110 = VECTOR ( 'NONE', #1001, 1000.000000000000000 ) ;
#111 = ORIENTED_EDGE ( 'NONE', *, *, #230, .F. ) ;
#112 = DIRECTION ( 'NONE',  ( -0.000000000000000000, -1.000000000000000000, -0.000000000000000000 ) ) ;
#113 = LINE ( 'NONE', #1461, #1101 ) ;
#114 = CARTESIAN_POINT ( 'NONE',  ( 1.400000000000000577, 0.1499999999999999944, -0.6700000000000000400 ) ) ;
#115 = CARTESIAN_POINT ( 'NONE',  ( 1.520000000000000462, 0.1499999999999999944, -0.5500000000000000444 ) ) ;
#116 = DIRECTION ( 'NONE',  ( 0.000000000000000000, 0.000000000000000000, -1.000000000000000000 ) ) ;
#117 = DIRECTION ( 'NONE',  ( 0.000000000000000000, 0.000000000000000000, -1.000000000000000000 ) ) ;
#118 = ORIENTED_EDGE ( 'NONE', *, *, #1993, .F. ) ;
#119 = DIRECTION ( 'NONE',  ( -0.000000000000000000, -1.000000000000000000, -0.000000000000000000 ) ) ;
#120 = ORIENTED_EDGE ( 'NONE', *, *, #1310, .F. ) ;
#121 = EDGE_LOOP ( 'NONE', ( #1422, #802, #220, #1274, #1685, #120, #1740, #2017, #1345, #1514 ) ) ;
#122 = CYLINDRICAL_SURFACE ( 'NONE', #2075, 0.1499999999999999667 ) ;
#123 = DIRECTION ( 'NONE',  ( 0.000000000000000000, 1.000000000000000000, 0.000000000000000000 ) ) ;
#124 = LINE ( 'NONE', #1648, #1477 ) ;
#125 = DIRECTION ( 'NONE',  ( -1.000000000000000000, 0.000000000000000000, 0.000000000000000000 ) ) ;
#126 = CARTESIAN_POINT ( 'NONE',  ( -1.400000000000000577, 0.000000000000000000, 0.6700000000000000400 ) ) ;
#127 = FACE_OUTER_BOUND ( 'NONE', #1204, .T. ) ;
#128 = CIRCLE ( 'NONE', #1015, 0.05000000000000002359 ) ;
#129 = CARTESIAN_POINT ( 'NONE',  ( 1.452535721577320915, 1.765638989618750321, 0.7225357215773207109 ) ) ;
#130 = VECTOR ( 'NONE', #119, 1000.000000000000000 ) ;
#131 = ORIENTED_EDGE ( 'NONE', *, *, #2126, .F. ) ;
#132 = CARTESIAN_POINT ( 'NONE',  ( -1.600000000000000533, 0.000000000000000000, 0.7500000000000000000 ) ) ;
#133 = ADVANCED_FACE ( 'NONE', ( #465 ), #1289, .T. ) ;
#134 = LINE ( 'NONE', #1947, #628 ) ;
#135 = CARTESIAN_POINT ( 'NONE',  ( -1.369999999999999440, 0.5999999999999999778, 0.5200000000000000178 ) ) ;
#136 = DIRECTION ( 'NONE',  ( 1.290716872006545631E-16, 0.000000000000000000, 1.000000000000000000 ) ) ;
#137 = ADVANCED_FACE ( 'NONE', ( #2161 ), #453, .F. ) ;
#138 = EDGE_LOOP ( 'NONE', ( #79, #855, #91, #176 ) ) ;
#139 = DIRECTION ( 'NONE',  ( 0.7071067811865453523, 0.000000000000000000, 0.7071067811865496822 ) ) ;
#140 = EDGE_LOOP ( 'NONE', ( #954, #1325, #1540, #141 ) ) ;
#141 = ORIENTED_EDGE ( 'NONE', *, *, #944, .T. ) ;
#142 = LINE ( 'NONE', #470, #1624 ) ;
#143 = VECTOR ( 'NONE', #332, 1000.000000000000000 ) ;
#144 = EDGE_LOOP ( 'NONE', ( #1334, #999, #891, #1680 ) ) ;
#145 = CARTESIAN_POINT ( 'NONE',  ( 0.8500000000000006439, 0.1499999999999999667, -0.6699999999999998179 ) ) ;
#146 = DIRECTION ( 'NONE',  ( 0.000000000000000000, -0.000000000000000000, 1.000000000000000000 ) ) ;
#147 = CARTESIAN_POINT ( 'NONE',  ( 0.8500000000000004219, 0.000000000000000000, 0.6700000000000000400 ) ) ;
#148 = ORIENTED_EDGE ( 'NONE', *, *, #1169, .T. ) ;
#149 = PLANE ( 'NONE',  #914 ) ;
#150 = ORIENTED_EDGE ( 'NONE', *, *, #33, .F. ) ;
#151 = ORIENTED_EDGE ( 'NONE', *, *, #373, .F. ) ;
#152 = CARTESIAN_POINT ( 'NONE',  ( 0.8500000000000004219, 0.1499999999999999944, 0.6700000000000000400 ) ) ;
#153 = EDGE_CURVE ( 'NONE', #625, #2122, #645, .T. ) ;
#154 = DIRECTION ( 'NONE',  ( -0.000000000000000000, -1.000000000000000000, -0.000000000000000000 ) ) ;
#155 = ORIENTED_EDGE ( 'NONE', *, *, #1779, .T. ) ;
#156 = CARTESIAN_POINT ( 'NONE',  ( 1.520000000000000462, 0.000000000000000000, -0.5500000000000000444 ) ) ;
#157 = EDGE_CURVE ( 'NONE', #1909, #169, #134, .T. ) ;
#158 = ORIENTED_EDGE ( 'NONE', *, *, #789, .F. ) ;
#159 = ADVANCED_FACE ( 'NONE', ( #795 ), #2127, .F. ) ;
#160 = CARTESIAN_POINT ( 'NONE',  ( -1.400000000000000577, 0.000000000000000000, -0.6700000000000000400 ) ) ;
#161 = VECTOR ( 'NONE', #1004, 1000.000000000000000 ) ;
#162 = AXIS2_PLACEMENT_3D ( 'NONE', #474, #2171, #136 ) ;
#163 = VERTEX_POINT ( 'NONE', #634 ) ;
#164 = EDGE_CURVE ( 'NONE', #304, #1096, #1303, .T. ) ;
#165 = CIRCLE ( 'NONE', #770, 0.1500000000000000777 ) ;
#166 = LINE ( 'NONE', #482, #1401 ) ;
#167 = VECTOR ( 'NONE', #1683, 1000.000000000000000 ) ;
#168 = AXIS2_PLACEMENT_3D ( 'NONE', #1332, #319, #1000 ) ;
#169 = VERTEX_POINT ( 'NONE', #1277 ) ;
#170 = VECTOR ( 'NONE', #2108, 1000.000000000000000 ) ;
#171 = PRESENTATION_LAYER_ASSIGNMENT (  '', '', ( #98 ) ) ;
#172 = VERTEX_POINT ( 'NONE', #431 ) ;
#173 = DIRECTION ( 'NONE',  ( -0.000000000000000000, 1.000000000000000000, -0.000000000000000000 ) ) ;
#174 = EDGE_CURVE ( 'NONE', #586, #936, #1111, .T. ) ;
#175 = ORIENTED_EDGE ( 'NONE', *, *, #1505, .T. ) ;
#176 = ORIENTED_EDGE ( 'NONE', *, *, #1573, .T. ) ;
#177 = DIRECTION ( 'NONE',  ( -0.7071067811865496822, 0.000000000000000000, 0.7071067811865453523 ) ) ;
#178 = ORIENTED_EDGE ( 'NONE', *, *, #1897, .F. ) ;
#179 = CIRCLE ( 'NONE', #1480, 0.1499999999999999667 ) ;
#180 = EDGE_LOOP ( 'NONE', ( #1820, #1679, #1098, #361 ) ) ;
#181 = FACE_OUTER_BOUND ( 'NONE', #1211, .T. ) ;
#182 = DIRECTION ( 'NONE',  ( 0.000000000000000000, 0.000000000000000000, -1.000000000000000000 ) ) ;
#183 = LINE ( 'NONE', #1875, #733 ) ;
#184 = ORIENTED_EDGE ( 'NONE', *, *, #392, .F. ) ;
#185 = AXIS2_PLACEMENT_3D ( 'NONE', #1792, #1075, #663 ) ;
#186 = VECTOR ( 'NONE', #1251, 1000.000000000000000 ) ;
#187 = DIRECTION ( 'NONE',  ( 0.7071067811865424657, 0.000000000000000000, -0.7071067811865526798 ) ) ;
#188 = CARTESIAN_POINT ( 'NONE',  ( 1.572535721577320356, 0.1499999999999999667, -0.6025357215773204933 ) ) ;
#189 = PRODUCT_DEFINITION_CONTEXT ( 'detailed design', #291, 'design' ) ;
#190 = ORIENTED_EDGE ( 'NONE', *, *, #671, .F. ) ;
#191 =( NAMED_UNIT ( * ) PLANE_ANGLE_UNIT ( ) SI_UNIT ( $, .RADIAN. ) );
#192 = CARTESIAN_POINT ( 'NONE',  ( -1.100000000000000755, 0.000000000000000000, -0.6699999999999998179 ) ) ;
#193 = DIRECTION ( 'NONE',  ( 0.000000000000000000, 0.000000000000000000, -1.000000000000000000 ) ) ;
#194 = EDGE_CURVE ( 'NONE', #172, #226, #1823, .T. ) ;
#195 = ORIENTED_EDGE ( 'NONE', *, *, #2126, .T. ) ;
#196 = DIRECTION ( 'NONE',  ( 0.7071067811865424657, -0.000000000000000000, 0.7071067811865526798 ) ) ;
#197 = ORIENTED_EDGE ( 'NONE', *, *, #550, .T. ) ;
#198 = ADVANCED_FACE ( 'NONE', ( #980 ), #472, .T. ) ;
#199 = DIRECTION ( 'NONE',  ( 0.000000000000000000, -0.000000000000000000, -1.000000000000000000 ) ) ;
#200 = PRESENTATION_STYLE_ASSIGNMENT (( #2188 ) ) ;
#201 = CARTESIAN_POINT ( 'NONE',  ( -1.400000000000000577, 0.1499999999999999944, 0.6700000000000000400 ) ) ;
#202 = MECHANICAL_DESIGN_GEOMETRIC_PRESENTATION_REPRESENTATION (  '', ( #1929 ), #1714 ) ;
#203 = ADVANCED_FACE ( 'NONE', ( #837 ), #1528, .F. ) ;
#204 = VERTEX_POINT ( 'NONE', #1842 ) ;
#205 = STYLED_ITEM ( 'NONE', ( #200 ), #1079 ) ;
#206 = DIRECTION ( 'NONE',  ( -0.000000000000000000, -1.000000000000000000, -0.000000000000000000 ) ) ;
#207 = VERTEX_POINT ( 'NONE', #1348 ) ;
#208 = ORIENTED_EDGE ( 'NONE', *, *, #2065, .F. ) ;
#209 = ORIENTED_EDGE ( 'NONE', *, *, #654, .T. ) ;
#210 = PRESENTATION_STYLE_ASSIGNMENT (( #584 ) ) ;
#211 = ORIENTED_EDGE ( 'NONE', *, *, #1076, .T. ) ;
#212 = LINE ( 'NONE', #573, #1411 ) ;
#213 = AXIS2_PLACEMENT_3D ( 'NONE', #1549, #718, #1901 ) ;
#214 = DIRECTION ( 'NONE',  ( 0.000000000000000000, 0.000000000000000000, 1.000000000000000000 ) ) ;
#215 = ORIENTED_EDGE ( 'NONE', *, *, #1296, .T. ) ;
#216 = EDGE_LOOP ( 'NONE', ( #1108, #658, #1780, #577 ) ) ;
#217 = AXIS2_PLACEMENT_3D ( 'NONE', #1357, #363, #1872 ) ;
#218 = EDGE_CURVE ( 'NONE', #1040, #1297, #25, .T. ) ;
#219 = VECTOR ( 'NONE', #1185, 1000.000000000000000 ) ;
#220 = ORIENTED_EDGE ( 'NONE', *, *, #657, .F. ) ;
#221 = CARTESIAN_POINT ( 'NONE',  ( 1.600000000000000533, 0.1499999999999999944, -0.7500000000000000000 ) ) ;
#222 = DIRECTION ( 'NONE',  ( 0.000000000000000000, -1.000000000000000000, 0.000000000000000000 ) ) ;
#223 = EDGE_LOOP ( 'NONE', ( #1033, #1250, #956, #335 ) ) ;
#224 = PLANE ( 'NONE',  #701 ) ;
#225 = ADVANCED_FACE ( 'NONE', ( #704 ), #342, .F. ) ;
#226 = VERTEX_POINT ( 'NONE', #2027 ) ;
#227 = DIRECTION ( 'NONE',  ( 0.7071067811865496822, 0.000000000000000000, -0.7071067811865453523 ) ) ;
#228 = DIRECTION ( 'NONE',  ( 0.000000000000000000, 0.000000000000000000, -1.000000000000000000 ) ) ;
#229 = EDGE_CURVE ( 'NONE', #942, #1069, #2051, .T. ) ;
#230 = EDGE_CURVE ( 'NONE', #2185, #1102, #2074, .T. ) ;
#231 = AXIS2_PLACEMENT_3D ( 'NONE', #774, #1281, #1238 ) ;
#232 = ORIENTED_EDGE ( 'NONE', *, *, #849, .T. ) ;
#233 = LINE ( 'NONE', #1737, #702 ) ;
#234 = VECTOR ( 'NONE', #294, 1000.000000000000000 ) ;
#235 = STYLED_ITEM ( 'NONE', ( #210 ), #346 ) ;
#236 = LINE ( 'NONE', #896, #1968 ) ;
#237 = AXIS2_PLACEMENT_3D ( 'NONE', #1056, #1226, #1217 ) ;
#238 = AXIS2_PLACEMENT_3D ( 'NONE', #274, #957, #792 ) ;
#239 = FILL_AREA_STYLE ('',( #1446 ) ) ;
#240 = VERTEX_POINT ( 'NONE', #530 ) ;
#241 = ORIENTED_EDGE ( 'NONE', *, *, #365, .F. ) ;
#242 = CARTESIAN_POINT ( 'NONE',  ( -1.519999999999999352, 0.5999999999999999778, 0.6700000000000000400 ) ) ;
#243 = ORIENTED_EDGE ( 'NONE', *, *, #1603, .F. ) ;
#244 = CARTESIAN_POINT ( 'NONE',  ( -1.520000000000000462, 0.1499999999999999944, -0.5500000000000000444 ) ) ;
#245 = CIRCLE ( 'NONE', #2149, 0.1499999999999999667 ) ;
#246 = ORIENTED_EDGE ( 'NONE', *, *, #992, .T. ) ;
#247 = CARTESIAN_POINT ( 'NONE',  ( 1.452535721577320915, 0.1499999999999999667, 0.7225357215773207109 ) ) ;
#248 = CARTESIAN_POINT ( 'NONE',  ( 1.400000000000000577, 0.1499999999999999944, 0.6700000000000000400 ) ) ;
#249 = PLANE ( 'NONE',  #307 ) ;
#250 = ORIENTED_EDGE ( 'NONE', *, *, #1671, .T. ) ;
#251 = PLANE ( 'NONE',  #555 ) ;
#252 = CARTESIAN_POINT ( 'NONE',  ( 1.600000000000000533, 0.1499999999999999944, -0.7500000000000000000 ) ) ;
#253 = CIRCLE ( 'NONE', #2060, 0.05000000000000002359 ) ;
#254 = CIRCLE ( 'NONE', #1524, 0.04999999999999991257 ) ;
#255 = ORIENTED_EDGE ( 'NONE', *, *, #1509, .T. ) ;
#256 = CARTESIAN_POINT ( 'NONE',  ( -1.369999999999999440, 0.6500000000000000222, -0.6199999999999999956 ) ) ;
#257 = ADVANCED_FACE ( 'NONE', ( #1506 ), #1372, .F. ) ;
#258 = FACE_OUTER_BOUND ( 'NONE', #1739, .T. ) ;
#259 = ORIENTED_EDGE ( 'NONE', *, *, #860, .F. ) ;
#260 = PLANE ( 'NONE',  #1418 ) ;
#261 = CARTESIAN_POINT ( 'NONE',  ( 1.400000000000000577, 0.000000000000000000, -0.6700000000000000400 ) ) ;
#262 = EDGE_LOOP ( 'NONE', ( #1319, #685, #330, #434 ) ) ;
#263 = DIRECTION ( 'NONE',  ( -0.7071067811865496822, 0.000000000000000000, -0.7071067811865453523 ) ) ;
#264 = EDGE_CURVE ( 'NONE', #1604, #1595, #850, .T. ) ;
#265 = DIRECTION ( 'NONE',  ( 0.7071067811865453523, 0.000000000000000000, 0.7071067811865496822 ) ) ;
#266 = DIRECTION ( 'NONE',  ( 0.000000000000000000, 1.000000000000000000, -0.000000000000000000 ) ) ;
#267 = LINE ( 'NONE', #1157, #947 ) ;
#268 = CIRCLE ( 'NONE', #231, 0.04999999999999991257 ) ;
#269 = CIRCLE ( 'NONE', #1510, 0.1499999999999999667 ) ;
#270 = LINE ( 'NONE', #1433, #1267 ) ;
#271 = AXIS2_PLACEMENT_3D ( 'NONE', #1208, #1517, #2005 ) ;
#272 = ORIENTED_EDGE ( 'NONE', *, *, #1088, .F. ) ;
#273 = ORIENTED_EDGE ( 'NONE', *, *, #1811, .T. ) ;
#274 = CARTESIAN_POINT ( 'NONE',  ( -1.600000000000000533, 0.000000000000000000, -0.7500000000000000000 ) ) ;
#275 = CARTESIAN_POINT ( 'NONE',  ( 1.469999999999999751, 0.6500000000000000222, 0.000000000000000000 ) ) ;
#276 = VERTEX_POINT ( 'NONE', #1198 ) ;
#277 = ADVANCED_FACE ( 'NONE', ( #872 ), #1538, .T. ) ;
#278 = AXIS2_PLACEMENT_3D ( 'NONE', #1123, #279, #993 ) ;
#279 = DIRECTION ( 'NONE',  ( -7.228014483236698528E-16, 0.000000000000000000, 1.000000000000000000 ) ) ;
#280 = PLANE ( 'NONE',  #344 ) ;
#281 = DIRECTION ( 'NONE',  ( -0.000000000000000000, -1.000000000000000000, -0.000000000000000000 ) ) ;
#282 = ORIENTED_EDGE ( 'NONE', *, *, #295, .T. ) ;
#283 = LINE ( 'NONE', #1628, #1473 ) ;
#284 = ORIENTED_EDGE ( 'NONE', *, *, #1761, .F. ) ;
#285 = AXIS2_PLACEMENT_3D ( 'NONE', #1214, #24, #353 ) ;
#286 = VERTEX_POINT ( 'NONE', #514 ) ;
#287 = VECTOR ( 'NONE', #899, 1000.000000000000000 ) ;
#288 = DIRECTION ( 'NONE',  ( -0.000000000000000000, 1.000000000000000000, 0.000000000000000000 ) ) ;
#289 = CARTESIAN_POINT ( 'NONE',  ( -1.100000000000000755, 0.1499999999999999944, -0.6699999999999998179 ) ) ;
#290 = CARTESIAN_POINT ( 'NONE',  ( -1.520000000000000462, 0.000000000000000000, -0.5500000000000000444 ) ) ;
#291 = APPLICATION_CONTEXT ( 'automotive_design' ) ;
#292 = CARTESIAN_POINT ( 'NONE',  ( 0.000000000000000000, 0.5999999999999999778, 0.6199999999999999956 ) ) ;
#293 = ORIENTED_EDGE ( 'NONE', *, *, #1773, .F. ) ;
#294 = DIRECTION ( 'NONE',  ( 0.000000000000000000, -1.000000000000000000, 0.000000000000000000 ) ) ;
#295 = EDGE_CURVE ( 'NONE', #297, #204, #1665, .T. ) ;
#296 = ORIENTED_EDGE ( 'NONE', *, *, #423, .T. ) ;
#297 = VERTEX_POINT ( 'NONE', #145 ) ;
#298 =( LENGTH_UNIT ( ) NAMED_UNIT ( * ) SI_UNIT ( .MILLI., .METRE. ) );
#299 = EDGE_CURVE ( 'NONE', #427, #394, #1187, .T. ) ;
#300 = CARTESIAN_POINT ( 'NONE',  ( -1.600000000000000533, 0.000000000000000000, 0.7500000000000000000 ) ) ;
#301 = DIRECTION ( 'NONE',  ( -0.000000000000000000, -1.000000000000000000, -0.000000000000000000 ) ) ;
#302 = PLANE ( 'NONE',  #1362 ) ;
#303 = CARTESIAN_POINT ( 'NONE',  ( 1.400000000000000577, 0.1499999999999999667, 0.6700000000000000400 ) ) ;
#304 = VERTEX_POINT ( 'NONE', #1176 ) ;
#305 = VECTOR ( 'NONE', #2120, 1000.000000000000000 ) ;
#306 = CARTESIAN_POINT ( 'NONE',  ( -1.600000000000000533, 0.000000000000000000, -0.7500000000000002220 ) ) ;
#307 = AXIS2_PLACEMENT_3D ( 'NONE', #2113, #955, #592 ) ;
#308 = ORIENTED_EDGE ( 'NONE', *, *, #608, .F. ) ;
#309 =( GEOMETRIC_REPRESENTATION_CONTEXT ( 3 ) GLOBAL_UNCERTAINTY_ASSIGNED_CONTEXT ( ( #11 ) ) GLOBAL_UNIT_ASSIGNED_CONTEXT ( ( #2096, #1044, #1561 ) ) REPRESENTATION_CONTEXT ( 'NONE', 'WORKASPACE' ) );
#310 = CARTESIAN_POINT ( 'NONE',  ( 1.450000000000000178, 0.000000000000000000, -0.7500000000000000000 ) ) ;
#311 = CARTESIAN_POINT ( 'NONE',  ( 1.400000000000000577, 0.000000000000000000, -0.6700000000000000400 ) ) ;
#312 = PLANE ( 'NONE',  #846 ) ;
#313 = FACE_OUTER_BOUND ( 'NONE', #1579, .T. ) ;
#314 = LINE ( 'NONE', #1638, #445 ) ;
#315 = EDGE_LOOP ( 'NONE', ( #1827, #1690, #343, #48 ) ) ;
#316 = EDGE_CURVE ( 'NONE', #1491, #1663, #863, .T. ) ;
#317 = ORIENTED_EDGE ( 'NONE', *, *, #1169, .F. ) ;
#318 = PRODUCT_DEFINITION_FORMATION_WITH_SPECIFIED_SOURCE ( 'ANY', '', #1048, .NOT_KNOWN. ) ;
#319 = DIRECTION ( 'NONE',  ( -0.000000000000000000, 1.000000000000000000, 0.000000000000000000 ) ) ;
#320 = VECTOR ( 'NONE', #1119, 1000.000000000000000 ) ;
#321 = DIRECTION ( 'NONE',  ( -0.000000000000000000, 1.000000000000000000, -0.000000000000000000 ) ) ;
#322 = CARTESIAN_POINT ( 'NONE',  ( -0.8500000000000005329, 0.1499999999999999944, 0.4200000000000025935 ) ) ;
#323 = VERTEX_POINT ( 'NONE', #1677 ) ;
#324 = CARTESIAN_POINT ( 'NONE',  ( -1.400000000000000577, 0.000000000000000000, 0.6700000000000000400 ) ) ;
#325 = EDGE_CURVE ( 'NONE', #1698, #240, #334, .T. ) ;
#326 = LINE ( 'NONE', #129, #2111 ) ;
#327 = EDGE_CURVE ( 'NONE', #1450, #640, #1694, .T. ) ;
#328 = VECTOR ( 'NONE', #717, 1000.000000000000000 ) ;
#329 = EDGE_CURVE ( 'NONE', #169, #1261, #166, .T. ) ;
#330 = ORIENTED_EDGE ( 'NONE', *, *, #1956, .T. ) ;
#331 = DIRECTION ( 'NONE',  ( 0.000000000000000000, 0.000000000000000000, -1.000000000000000000 ) ) ;
#332 = DIRECTION ( 'NONE',  ( 0.000000000000000000, 0.000000000000000000, -1.000000000000000000 ) ) ;
#333 = EDGE_CURVE ( 'NONE', #1881, #385, #183, .T. ) ;
#334 = LINE ( 'NONE', #1852, #2180 ) ;
#335 = ORIENTED_EDGE ( 'NONE', *, *, #1805, .T. ) ;
#336 = DIRECTION ( 'NONE',  ( 0.000000000000000000, 1.000000000000000000, 0.000000000000000000 ) ) ;
#337 = LINE ( 'NONE', #534, #341 ) ;
#338 = ORIENTED_EDGE ( 'NONE', *, *, #1537, .T. ) ;
#339 = DIRECTION ( 'NONE',  ( 0.000000000000000000, 0.000000000000000000, 1.000000000000000000 ) ) ;
#340 = CARTESIAN_POINT ( 'NONE',  ( -1.600000000000000533, 0.5999999999999999778, 0.5999999999999999778 ) ) ;
#341 = VECTOR ( 'NONE', #222, 1000.000000000000000 ) ;
#342 = CYLINDRICAL_SURFACE ( 'NONE', #1055, 0.1500000000000000777 ) ;
#343 = ORIENTED_EDGE ( 'NONE', *, *, #1964, .T. ) ;
#344 = AXIS2_PLACEMENT_3D ( 'NONE', #1112, #1958, #1290 ) ;
#345 = ORIENTED_EDGE ( 'NONE', *, *, #360, .T. ) ;
#346 = MANIFOLD_SOLID_BREP ( 'Boss-Extrude2[2]', #1022 ) ;
#347 = PLANE ( 'NONE',  #1327 ) ;
#348 = ORIENTED_EDGE ( 'NONE', *, *, #583, .T. ) ;
#349 = CARTESIAN_POINT ( 'NONE',  ( 1.600000000000000533, 1.765638989618750321, -0.7500000000000000000 ) ) ;
#350 = ORIENTED_EDGE ( 'NONE', *, *, #425, .T. ) ;
#351 = AXIS2_PLACEMENT_3D ( 'NONE', #558, #1781, #1118 ) ;
#352 = DIRECTION ( 'NONE',  ( -0.7071067811865424657, 0.000000000000000000, 0.7071067811865526798 ) ) ;
#353 = DIRECTION ( 'NONE',  ( 0.000000000000000000, -0.000000000000000000, 1.000000000000000000 ) ) ;
#354 = DIRECTION ( 'NONE',  ( 1.000000000000000000, -0.000000000000000000, 0.000000000000000000 ) ) ;
#355 = ORIENTED_EDGE ( 'NONE', *, *, #218, .F. ) ;
#356 = ADVANCED_FACE ( 'NONE', ( #127 ), #2040, .F. ) ;
#357 = ORIENTED_EDGE ( 'NONE', *, *, #1568, .T. ) ;
#358 = CARTESIAN_POINT ( 'NONE',  ( 1.400000000000000577, 0.1499999999999999944, -0.6700000000000000400 ) ) ;
#359 =( NAMED_UNIT ( * ) SI_UNIT ( $, .STERADIAN. ) SOLID_ANGLE_UNIT ( ) );
#360 = EDGE_CURVE ( 'NONE', #586, #207, #1987, .T. ) ;
#361 = ORIENTED_EDGE ( 'NONE', *, *, #1207, .T. ) ;
#362 = ORIENTED_EDGE ( 'NONE', *, *, #822, .T. ) ;
#363 = DIRECTION ( 'NONE',  ( 0.000000000000000000, 1.000000000000000000, -0.000000000000000000 ) ) ;
#364 = CARTESIAN_POINT ( 'NONE',  ( -1.572535721577320356, 0.000000000000000000, -0.6025357215773206043 ) ) ;
#365 = EDGE_CURVE ( 'NONE', #610, #1491, #1793, .T. ) ;
#366 = ADVANCED_BREP_SHAPE_REPRESENTATION ( 'CTS3-32.768-12.5-20-R', ( #1023, #346, #1817, #1079, #639 ), #1748 ) ;
#367 = DIRECTION ( 'NONE',  ( 0.000000000000000000, -1.000000000000000000, 0.000000000000000000 ) ) ;
#368 = ORIENTED_EDGE ( 'NONE', *, *, #484, .F. ) ;
#369 = EDGE_CURVE ( 'NONE', #1745, #1490, #165, .T. ) ;
#370 = ORIENTED_EDGE ( 'NONE', *, *, #1671, .F. ) ;
#371 = CARTESIAN_POINT ( 'NONE',  ( -1.572535721577320800, 0.000000000000000000, 0.6025357215773206043 ) ) ;
#372 = CARTESIAN_POINT ( 'NONE',  ( 1.572535721577320800, 0.000000000000000000, 0.6025357215773206043 ) ) ;
#373 = EDGE_CURVE ( 'NONE', #1069, #1846, #1498, .T. ) ;
#374 = CARTESIAN_POINT ( 'NONE',  ( 1.520000000000000462, 0.1499999999999999667, -0.5500000000000000444 ) ) ;
#375 = CARTESIAN_POINT ( 'NONE',  ( 1.520000000000000462, 0.1499999999999999944, 0.5500000000000000444 ) ) ;
#376 = AXIS2_PLACEMENT_3D ( 'NONE', #2056, #496, #1857 ) ;
#377 = VERTEX_POINT ( 'NONE', #2008 ) ;
#378 = VECTOR ( 'NONE', #623, 999.9999999999998863 ) ;
#379 = VERTEX_POINT ( 'NONE', #1668 ) ;
#380 = AXIS2_PLACEMENT_3D ( 'NONE', #817, #2150, #605 ) ;
#381 = DIRECTION ( 'NONE',  ( -0.000000000000000000, -1.000000000000000000, -0.000000000000000000 ) ) ;
#382 = PLANE ( 'NONE',  #1832 ) ;
#383 = EDGE_LOOP ( 'NONE', ( #1367, #843, #1006, #197 ) ) ;
#384 = CARTESIAN_POINT ( 'NONE',  ( 1.519999999999999574, 0.5999999999999999778, 0.6700000000000000400 ) ) ;
#385 = VERTEX_POINT ( 'NONE', #1961 ) ;
#386 =( GEOMETRIC_REPRESENTATION_CONTEXT ( 3 ) GLOBAL_UNCERTAINTY_ASSIGNED_CONTEXT ( ( #455 ) ) GLOBAL_UNIT_ASSIGNED_CONTEXT ( ( #1592, #106, #1094 ) ) REPRESENTATION_CONTEXT ( 'NONE', 'WORKASPACE' ) );
#387 = CARTESIAN_POINT ( 'NONE',  ( 1.450000000000000178, 0.000000000000000000, -0.7500000000000000000 ) ) ;
#388 = DIRECTION ( 'NONE',  ( 0.7071067811865496822, -0.000000000000000000, 0.7071067811865453523 ) ) ;
#389 = EDGE_CURVE ( 'NONE', #1518, #505, #314, .T. ) ;
#390 = VECTOR ( 'NONE', #499, 1000.000000000000000 ) ;
#391 = CARTESIAN_POINT ( 'NONE',  ( -1.369999999999999440, 0.5999999999999999778, 0.5200000000000000178 ) ) ;
#392 = EDGE_CURVE ( 'NONE', #1653, #1698, #444, .T. ) ;
#393 = ORIENTED_EDGE ( 'NONE', *, *, #1805, .F. ) ;
#394 = VERTEX_POINT ( 'NONE', #786 ) ;
#395 = DIRECTION ( 'NONE',  ( -0.7071067811865424657, 0.000000000000000000, -0.7071067811865526798 ) ) ;
#396 = LINE ( 'NONE', #86, #1812 ) ;
#397 = DIRECTION ( 'NONE',  ( 0.000000000000000000, -1.000000000000000000, 0.000000000000000000 ) ) ;
#398 = CARTESIAN_POINT ( 'NONE',  ( 0.000000000000000000, 0.6500000000000000222, 0.6199999999999999956 ) ) ;
#399 = DIRECTION ( 'NONE',  ( 0.000000000000000000, 0.000000000000000000, 1.000000000000000000 ) ) ;
#400 = DIRECTION ( 'NONE',  ( 0.000000000000000000, 0.000000000000000000, 1.000000000000000000 ) ) ;
#401 = ORIENTED_EDGE ( 'NONE', *, *, #1180, .T. ) ;
#402 = CARTESIAN_POINT ( 'NONE',  ( -1.520000000000000462, 0.1499999999999999944, 0.5500000000000000444 ) ) ;
#403 = AXIS2_PLACEMENT_3D ( 'NONE', #941, #920, #1228 ) ;
#404 = CARTESIAN_POINT ( 'NONE',  ( -1.520000000000000462, 1.765638989618750321, -0.5500000000000000444 ) ) ;
#405 = LINE ( 'NONE', #895, #93 ) ;
#406 = CIRCLE ( 'NONE', #2146, 0.1500000000000000777 ) ;
#407 = VECTOR ( 'NONE', #187, 1000.000000000000000 ) ;
#408 = DIRECTION ( 'NONE',  ( -0.000000000000000000, -1.000000000000000000, -0.000000000000000000 ) ) ;
#409 = ORIENTED_EDGE ( 'NONE', *, *, #693, .F. ) ;
#410 = SURFACE_SIDE_STYLE ('',( #609 ) ) ;
#411 = ORIENTED_EDGE ( 'NONE', *, *, #822, .F. ) ;
#412 = ORIENTED_EDGE ( 'NONE', *, *, #1210, .T. ) ;
#413 = CARTESIAN_POINT ( 'NONE',  ( 1.400000000000000577, 0.000000000000000000, 0.6700000000000000400 ) ) ;
#414 = DIRECTION ( 'NONE',  ( 1.000000000000000000, 0.000000000000000000, 0.000000000000000000 ) ) ;
#415 = VERTEX_POINT ( 'NONE', #1479 ) ;
#416 = FACE_OUTER_BOUND ( 'NONE', #492, .T. ) ;
#417 = DIRECTION ( 'NONE',  ( 0.7071067811865453523, 0.000000000000000000, 0.7071067811865496822 ) ) ;
#418 = EDGE_CURVE ( 'NONE', #1943, #1881, #1488, .T. ) ;
#419 = VERTEX_POINT ( 'NONE', #1316 ) ;
#420 = DIRECTION ( 'NONE',  ( -0.000000000000000000, -0.000000000000000000, 1.000000000000000000 ) ) ;
#421 = ADVANCED_FACE ( 'NONE', ( #656 ), #1997, .F. ) ;
#422 = DIRECTION ( 'NONE',  ( 1.000000000000000000, -0.000000000000000000, -0.000000000000000000 ) ) ;
#423 = EDGE_CURVE ( 'NONE', #1529, #752, #1139, .T. ) ;
#424 = VECTOR ( 'NONE', #1908, 1000.000000000000000 ) ;
#425 = EDGE_CURVE ( 'NONE', #1980, #878, #475, .T. ) ;
#426 = DIRECTION ( 'NONE',  ( -0.000000000000000000, -1.000000000000000000, -0.000000000000000000 ) ) ;
#427 = VERTEX_POINT ( 'NONE', #324 ) ;
#428 = DIRECTION ( 'NONE',  ( 0.000000000000000000, -0.000000000000000000, 1.000000000000000000 ) ) ;
#429 = CARTESIAN_POINT ( 'NONE',  ( 1.400000000000000577, 0.1499999999999999944, 0.6700000000000000400 ) ) ;
#430 = VECTOR ( 'NONE', #1536, 1000.000000000000000 ) ;
#431 = CARTESIAN_POINT ( 'NONE',  ( -1.450000000000000622, 0.000000000000000000, 0.7500000000000000000 ) ) ;
#432 = CARTESIAN_POINT ( 'NONE',  ( -1.400000000000000577, 0.1499999999999999944, -0.6700000000000000400 ) ) ;
#433 = CARTESIAN_POINT ( 'NONE',  ( 1.599999999999999645, 0.000000000000000000, -0.6000000000000001998 ) ) ;
#434 = ORIENTED_EDGE ( 'NONE', *, *, #1921, .T. ) ;
#435 = LINE ( 'NONE', #49, #622 ) ;
#436 = EDGE_CURVE ( 'NONE', #1525, #1696, #799, .T. ) ;
#437 = PLANE ( 'NONE',  #1591 ) ;
#438 = DIRECTION ( 'NONE',  ( -0.7071067811865496822, 0.000000000000000000, 0.7071067811865453523 ) ) ;
#439 = VERTEX_POINT ( 'NONE', #1652 ) ;
#440 = CARTESIAN_POINT ( 'NONE',  ( 1.599999999999999645, 0.5999999999999999778, 0.5999999999999999778 ) ) ;
#441 = CYLINDRICAL_SURFACE ( 'NONE', #1135, 0.04999999999999991257 ) ;
#442 = CARTESIAN_POINT ( 'NONE',  ( -1.520000000000000462, 1.765638989618750321, 0.5500000000000000444 ) ) ;
#443 = VECTOR ( 'NONE', #1249, 1000.000000000000000 ) ;
#444 = LINE ( 'NONE', #2172, #378 ) ;
#445 = VECTOR ( 'NONE', #1280, 1000.000000000000000 ) ;
#446 = DIRECTION ( 'NONE',  ( -0.000000000000000000, -1.000000000000000000, -0.000000000000000000 ) ) ;
#447 = CLOSED_SHELL ( 'NONE', ( #2076, #3, #1215, #461, #652, #1237, #421, #2134, #1504, #56, #959, #1026, #720, #719 ) ) ;
#448 = EDGE_CURVE ( 'NONE', #1547, #1490, #1894, .T. ) ;
#449 = ORIENTED_EDGE ( 'NONE', *, *, #2099, .F. ) ;
#450 = AXIS2_PLACEMENT_3D ( 'NONE', #2094, #1608, #730 ) ;
#451 =( NAMED_UNIT ( * ) SI_UNIT ( $, .STERADIAN. ) SOLID_ANGLE_UNIT ( ) );
#452 = PLANE ( 'NONE',  #74 ) ;
#453 = PLANE ( 'NONE',  #2148 ) ;
#454 = PLANE ( 'NONE',  #1294 ) ;
#455 = UNCERTAINTY_MEASURE_WITH_UNIT (LENGTH_MEASURE( 1.000000000000000082E-05 ), #1592, 'distance_accuracy_value', 'NONE');
#456 = AXIS2_PLACEMENT_3D ( 'NONE', #1402, #263, #97 ) ;
#457 = DIRECTION ( 'NONE',  ( 0.000000000000000000, 0.000000000000000000, 1.000000000000000000 ) ) ;
#458 = CARTESIAN_POINT ( 'NONE',  ( -1.100000000000000755, 1.765638989618750321, -0.6699999999999998179 ) ) ;
#459 = ADVANCED_FACE ( 'NONE', ( #1867 ), #2018, .F. ) ;
#460 = CARTESIAN_POINT ( 'NONE',  ( 1.572535721577320356, 1.765638989618750321, -0.6025357215773206043 ) ) ;
#461 = ADVANCED_FACE ( 'NONE', ( #503 ), #2064, .F. ) ;
#462 = CIRCLE ( 'NONE', #892, 0.1499999999999999667 ) ;
#463 = VECTOR ( 'NONE', #1324, 1000.000000000000000 ) ;
#464 = ADVANCED_FACE ( 'NONE', ( #1189 ), #347, .T. ) ;
#465 = FACE_OUTER_BOUND ( 'NONE', #1627, .T. ) ;
#466 = PLANE ( 'NONE',  #1025 ) ;
#467 = MECHANICAL_DESIGN_GEOMETRIC_PRESENTATION_REPRESENTATION (  '', ( #205 ), #1912 ) ;
#468 = CARTESIAN_POINT ( 'NONE',  ( 1.452535721577320915, 0.000000000000000000, 0.7225357215773207109 ) ) ;
#469 = ORIENTED_EDGE ( 'NONE', *, *, #1735, .T. ) ;
#470 = CARTESIAN_POINT ( 'NONE',  ( 1.400000000000000577, 0.1499999999999999667, -0.6700000000000000400 ) ) ;
#471 = LINE ( 'NONE', #1831, #1944 ) ;
#472 = PLANE ( 'NONE',  #278 ) ;
#473 = FACE_OUTER_BOUND ( 'NONE', #1879, .T. ) ;
#474 = CARTESIAN_POINT ( 'NONE',  ( -0.8500000000000005329, 1.765638989618750321, 0.4200000000000025935 ) ) ;
#475 = LINE ( 'NONE', #1326, #2004 ) ;
#476 = VECTOR ( 'NONE', #1513, 1000.000000000000000 ) ;
#477 = ORIENTED_EDGE ( 'NONE', *, *, #1993, .T. ) ;
#478 = ORIENTED_EDGE ( 'NONE', *, *, #789, .T. ) ;
#479 = PRESENTATION_LAYER_ASSIGNMENT (  '', '', ( #235 ) ) ;
#480 = FACE_OUTER_BOUND ( 'NONE', #315, .T. ) ;
#481 = AXIS2_PLACEMENT_3D ( 'NONE', #500, #154, #848 ) ;
#482 = CARTESIAN_POINT ( 'NONE',  ( -1.400000000000000577, 0.000000000000000000, -0.6700000000000000400 ) ) ;
#483 = ORIENTED_EDGE ( 'NONE', *, *, #1603, .T. ) ;
#484 = EDGE_CURVE ( 'NONE', #593, #567, #1888, .T. ) ;
#485 = CARTESIAN_POINT ( 'NONE',  ( 1.400000000000000577, 1.765638989618750321, -0.6700000000000000400 ) ) ;
#486 = EDGE_CURVE ( 'NONE', #1723, #501, #27, .T. ) ;
#487 = EDGE_LOOP ( 'NONE', ( #2187, #2156, #1542, #2007 ) ) ;
#488 = DIRECTION ( 'NONE',  ( 0.7071067811865453523, 0.000000000000000000, -0.7071067811865496822 ) ) ;
#489 = DIRECTION ( 'NONE',  ( 1.000000000000000000, 0.000000000000000000, 7.228014483236699514E-16 ) ) ;
#490 = CIRCLE ( 'NONE', #1417, 0.1499999999999999667 ) ;
#491 = CARTESIAN_POINT ( 'NONE',  ( 1.600000000000000089, 0.000000000000000000, -0.7500000000000002220 ) ) ;
#492 = EDGE_LOOP ( 'NONE', ( #572, #1339, #155, #1353 ) ) ;
#493 = CARTESIAN_POINT ( 'NONE',  ( -1.452535721577320915, 0.000000000000000000, -0.7225357215773205999 ) ) ;
#494 = EDGE_LOOP ( 'NONE', ( #1521, #1786, #209, #1930, #1531, #513, #215, #243 ) ) ;
#495 = DIRECTION ( 'NONE',  ( -0.000000000000000000, -1.000000000000000000, -0.000000000000000000 ) ) ;
#496 = DIRECTION ( 'NONE',  ( -0.000000000000000000, -1.000000000000000000, 0.000000000000000000 ) ) ;
#497 = ORIENTED_EDGE ( 'NONE', *, *, #549, .F. ) ;
#498 = CARTESIAN_POINT ( 'NONE',  ( -1.469999999999999529, 0.6500000000000000222, 0.5200000000000000178 ) ) ;
#499 = DIRECTION ( 'NONE',  ( 0.7071067811865453523, -0.000000000000000000, -0.7071067811865496822 ) ) ;
#500 = CARTESIAN_POINT ( 'NONE',  ( 1.369999999999999662, 0.5999999999999999778, -0.5200000000000000178 ) ) ;
#501 = VERTEX_POINT ( 'NONE', #1212 ) ;
#502 = VERTEX_POINT ( 'NONE', #1520 ) ;
#503 = FACE_OUTER_BOUND ( 'NONE', #1806, .T. ) ;
#504 = SURFACE_SIDE_STYLE ('',( #1041 ) ) ;
#505 = VERTEX_POINT ( 'NONE', #371 ) ;
#506 = VECTOR ( 'NONE', #953, 1000.000000000000000 ) ;
#507 = ORIENTED_EDGE ( 'NONE', *, *, #1788, .T. ) ;
#508 = CARTESIAN_POINT ( 'NONE',  ( 0.8500000000000006439, 0.000000000000000000, -0.6699999999999995959 ) ) ;
#509 = LINE ( 'NONE', #201, #390 ) ;
#510 = EDGE_CURVE ( 'NONE', #1363, #878, #1030, .T. ) ;
#511 = VECTOR ( 'NONE', #997, 1000.000000000000000 ) ;
#512 = AXIS2_PLACEMENT_3D ( 'NONE', #2054, #495, #853 ) ;
#513 = ORIENTED_EDGE ( 'NONE', *, *, #1181, .F. ) ;
#514 = CARTESIAN_POINT ( 'NONE',  ( -1.369999999999999440, 0.5999999999999999778, -0.6700000000000000400 ) ) ;
#515 = VECTOR ( 'NONE', #1526, 1000.000000000000000 ) ;
#516 = EDGE_LOOP ( 'NONE', ( #976, #977, #907, #2157 ) ) ;
#517 = EDGE_CURVE ( 'NONE', #593, #520, #670, .T. ) ;
#518 = VECTOR ( 'NONE', #80, 1000.000000000000000 ) ;
#519 = CARTESIAN_POINT ( 'NONE',  ( 1.400000000000000577, 1.765638989618750321, 0.6700000000000000400 ) ) ;
#520 = VERTEX_POINT ( 'NONE', #1047 ) ;
#521 = LINE ( 'NONE', #1553, #1716 ) ;
#522 = VERTEX_POINT ( 'NONE', #1361 ) ;
#523 = EDGE_CURVE ( 'NONE', #567, #763, #521, .T. ) ;
#524 = DIRECTION ( 'NONE',  ( 0.000000000000000000, -1.000000000000000000, 0.000000000000000000 ) ) ;
#525 = ORIENTED_EDGE ( 'NONE', *, *, #6, .T. ) ;
#526 = VECTOR ( 'NONE', #796, 1000.000000000000000 ) ;
#527 = ORIENTED_EDGE ( 'NONE', *, *, #1242, .F. ) ;
#528 = CARTESIAN_POINT ( 'NONE',  ( -1.520000000000000462, 0.000000000000000000, 0.5500000000000000444 ) ) ;
#529 = ORIENTED_EDGE ( 'NONE', *, *, #620, .T. ) ;
#530 = CARTESIAN_POINT ( 'NONE',  ( -0.8500000000000005329, 0.000000000000000000, 0.4200000000000025935 ) ) ;
#531 = ORIENTED_EDGE ( 'NONE', *, *, #1151, .T. ) ;
#532 = DIRECTION ( 'NONE',  ( 0.000000000000000000, 0.000000000000000000, 1.000000000000000000 ) ) ;
#533 = ORIENTED_EDGE ( 'NONE', *, *, #369, .F. ) ;
#534 = CARTESIAN_POINT ( 'NONE',  ( -1.400000000000000577, 0.1499999999999999944, -0.6700000000000000400 ) ) ;
#535 = CARTESIAN_POINT ( 'NONE',  ( 1.452535721577320915, 0.1499999999999999667, -0.7225357215773204889 ) ) ;
#536 = ORIENTED_EDGE ( 'NONE', *, *, #1306, .F. ) ;
#537 = VERTEX_POINT ( 'NONE', #1179 ) ;
#538 = LINE ( 'NONE', #866, #1899 ) ;
#539 = EDGE_CURVE ( 'NONE', #537, #1653, #1855, .T. ) ;
#540 = LINE ( 'NONE', #708, #1221 ) ;
#541 = CARTESIAN_POINT ( 'NONE',  ( -1.100000000000000755, 0.1499999999999999944, -0.6699999999999998179 ) ) ;
#542 = CARTESIAN_POINT ( 'NONE',  ( -1.100000000000000755, 0.000000000000000000, -0.6699999999999998179 ) ) ;
#543 = ORIENTED_EDGE ( 'NONE', *, *, #1727, .T. ) ;
#544 = CIRCLE ( 'NONE', #1616, 0.1499999999999999667 ) ;
#545 = VECTOR ( 'NONE', #1800, 1000.000000000000000 ) ;
#546 = ORIENTED_EDGE ( 'NONE', *, *, #373, .T. ) ;
#547 = CLOSED_SHELL ( 'NONE', ( #137, #1049, #755, #833, #963, #2021, #2089, #1718, #2168, #1937 ) ) ;
#548 = CARTESIAN_POINT ( 'NONE',  ( -1.520000000000000462, 0.000000000000000000, 0.5500000000000000444 ) ) ;
#549 = EDGE_CURVE ( 'NONE', #1040, #752, #1366, .T. ) ;
#550 = EDGE_CURVE ( 'NONE', #2070, #752, #538, .T. ) ;
#551 = PLANE ( 'NONE',  #403 ) ;
#552 = VERTEX_POINT ( 'NONE', #7 ) ;
#553 = AXIS2_PLACEMENT_3D ( 'NONE', #404, #915, #732 ) ;
#554 = DIRECTION ( 'NONE',  ( 0.000000000000000000, 0.000000000000000000, -1.000000000000000000 ) ) ;
#555 = AXIS2_PLACEMENT_3D ( 'NONE', #1768, #937, #428 ) ;
#556 = EDGE_CURVE ( 'NONE', #942, #679, #1708, .T. ) ;
#557 = EDGE_LOOP ( 'NONE', ( #272, #2077, #1864, #31, #150, #1614, #1011, #259, #1598, #722, #642, #284 ) ) ;
#558 = CARTESIAN_POINT ( 'NONE',  ( 0.000000000000000000, 0.000000000000000000, 0.000000000000000000 ) ) ;
#559 = DIRECTION ( 'NONE',  ( -7.228014483236699514E-16, 0.000000000000000000, 1.000000000000000000 ) ) ;
#560 = SURFACE_SIDE_STYLE ('',( #929 ) ) ;
#561 = ORIENTED_EDGE ( 'NONE', *, *, #523, .F. ) ;
#562 = DIRECTION ( 'NONE',  ( 1.618212197739559622E-16, 0.000000000000000000, -1.000000000000000000 ) ) ;
#563 = AXIS2_PLACEMENT_3D ( 'NONE', #252, #1437, #2116 ) ;
#564 = VECTOR ( 'NONE', #1605, 1000.000000000000000 ) ;
#565 = DIRECTION ( 'NONE',  ( -0.7071067811865513475, 0.000000000000000000, 0.7071067811865437980 ) ) ;
#566 = SHAPE_DEFINITION_REPRESENTATION ( #1395, #366 ) ;
#567 = VERTEX_POINT ( 'NONE', #684 ) ;
#568 = LINE ( 'NONE', #1778, #984 ) ;
#569 = ORIENTED_EDGE ( 'NONE', *, *, #1896, .F. ) ;
#570 = DIRECTION ( 'NONE',  ( 0.000000000000000000, 0.000000000000000000, 1.000000000000000000 ) ) ;
#571 = LINE ( 'NONE', #275, #787 ) ;
#572 = ORIENTED_EDGE ( 'NONE', *, *, #960, .F. ) ;
#573 = CARTESIAN_POINT ( 'NONE',  ( 1.572535721577320356, 0.1499999999999999944, -0.6025357215773206043 ) ) ;
#574 = DIRECTION ( 'NONE',  ( -0.7071067811865512365, -0.000000000000000000, -0.7071067811865439090 ) ) ;
#575 = APPLICATION_PROTOCOL_DEFINITION ( 'draft international standard', 'automotive_design', 1998, #1911 ) ;
#576 = ORIENTED_EDGE ( 'NONE', *, *, #2117, .F. ) ;
#577 = ORIENTED_EDGE ( 'NONE', *, *, #800, .T. ) ;
#578 = EDGE_CURVE ( 'NONE', #728, #586, #885, .T. ) ;
#579 = CARTESIAN_POINT ( 'NONE',  ( -1.100000000000000533, 0.1499999999999999944, 0.6700000000000000400 ) ) ;
#580 = ORIENTED_EDGE ( 'NONE', *, *, #2009, .F. ) ;
#581 = CARTESIAN_POINT ( 'NONE',  ( 1.572535721577320356, 0.000000000000000000, -0.6025357215773206043 ) ) ;
#582 = DIRECTION ( 'NONE',  ( 0.000000000000000000, 1.000000000000000000, -0.000000000000000000 ) ) ;
#583 = EDGE_CURVE ( 'NONE', #878, #610, #1057, .T. ) ;
#584 = SURFACE_STYLE_USAGE ( .BOTH. , #560 ) ;
#585 = AXIS2_PLACEMENT_3D ( 'NONE', #1396, #46, #399 ) ;
#586 = VERTEX_POINT ( 'NONE', #1202 ) ;
#587 = CARTESIAN_POINT ( 'NONE',  ( 1.599999999999999645, 0.5999999999999999778, -0.6000000000000001998 ) ) ;
#588 = CIRCLE ( 'NONE', #1543, 0.1500000000000000777 ) ;
#589 = VECTOR ( 'NONE', #1039, 1000.000000000000000 ) ;
#590 = CARTESIAN_POINT ( 'NONE',  ( 1.520000000000000462, 0.000000000000000000, 0.5500000000000000444 ) ) ;
#591 = LINE ( 'NONE', #1776, #506 ) ;
#592 = DIRECTION ( 'NONE',  ( -1.000000000000000000, 0.000000000000000000, -0.000000000000000000 ) ) ;
#593 = VERTEX_POINT ( 'NONE', #875 ) ;
#594 = FACE_OUTER_BOUND ( 'NONE', #8, .T. ) ;
#595 = CARTESIAN_POINT ( 'NONE',  ( 1.469999999999999973, 0.6500000000000000222, 0.5200000000000000178 ) ) ;
#596 = DIRECTION ( 'NONE',  ( 0.000000000000000000, 1.000000000000000000, 0.000000000000000000 ) ) ;
#597 = DIRECTION ( 'NONE',  ( 0.7071067811865453523, 0.000000000000000000, -0.7071067811865496822 ) ) ;
#598 = PLANE ( 'NONE',  #1190 ) ;
#599 = VECTOR ( 'NONE', #2103, 999.9999999999998863 ) ;
#600 = LINE ( 'NONE', #1787, #1557 ) ;
#601 = ORIENTED_EDGE ( 'NONE', *, *, #392, .T. ) ;
#602 = DIRECTION ( 'NONE',  ( -0.000000000000000000, 1.000000000000000000, 0.000000000000000000 ) ) ;
#603 = FACE_OUTER_BOUND ( 'NONE', #140, .T. ) ;
#604 = ORIENTED_EDGE ( 'NONE', *, *, #1761, .T. ) ;
#605 = DIRECTION ( 'NONE',  ( 0.000000000000000000, 0.000000000000000000, 1.000000000000000000 ) ) ;
#606 = DIRECTION ( 'NONE',  ( 0.000000000000000000, 0.000000000000000000, 1.000000000000000000 ) ) ;
#607 = CARTESIAN_POINT ( 'NONE',  ( -1.520000000000000462, 0.1499999999999999667, -0.5500000000000000444 ) ) ;
#608 = EDGE_CURVE ( 'NONE', #1018, #1412, #1880, .T. ) ;
#609 = SURFACE_STYLE_FILL_AREA ( #239 ) ;
#610 = VERTEX_POINT ( 'NONE', #1259 ) ;
#611 = DIRECTION ( 'NONE',  ( 0.000000000000000000, -1.000000000000000000, 0.000000000000000000 ) ) ;
#612 = ORIENTED_EDGE ( 'NONE', *, *, #1302, .F. ) ;
#613 = EDGE_LOOP ( 'NONE', ( #561, #368, #1243, #991 ) ) ;
#614 = DIRECTION ( 'NONE',  ( 0.7071067811865512365, 0.000000000000000000, -0.7071067811865439090 ) ) ;
#615 = CARTESIAN_POINT ( 'NONE',  ( 1.520000000000000462, 0.1499999999999999944, -0.5500000000000000444 ) ) ;
#616 = EDGE_CURVE ( 'NONE', #1146, #276, #1746, .T. ) ;
#617 = DIRECTION ( 'NONE',  ( 0.7071067811865512365, 0.000000000000000000, 0.7071067811865439090 ) ) ;
#618 = CARTESIAN_POINT ( 'NONE',  ( 0.000000000000000000, 0.5999999999999999778, -0.6199999999999999956 ) ) ;
#619 = CIRCLE ( 'NONE', #659, 0.09999999999999999167 ) ;
#620 = EDGE_CURVE ( 'NONE', #1938, #1490, #405, .T. ) ;
#621 = CARTESIAN_POINT ( 'NONE',  ( 1.520000000000000462, 0.1499999999999999944, -0.5500000000000000444 ) ) ;
#622 = VECTOR ( 'NONE', #1741, 1000.000000000000000 ) ;
#623 = DIRECTION ( 'NONE',  ( 0.7071067811865512365, 0.000000000000000000, -0.7071067811865439090 ) ) ;
#624 = EDGE_CURVE ( 'NONE', #226, #1081, #1078, .T. ) ;
#625 = VERTEX_POINT ( 'NONE', #1393 ) ;
#626 = EDGE_CURVE ( 'NONE', #2023, #419, #55, .T. ) ;
#627 = DIRECTION ( 'NONE',  ( 0.000000000000000000, 0.000000000000000000, 1.000000000000000000 ) ) ;
#628 = VECTOR ( 'NONE', #1136, 1000.000000000000000 ) ;
#629 = EDGE_LOOP ( 'NONE', ( #241, #1953, #1990, #2030, #178, #1247, #580, #1507, #1922, #1794 ) ) ;
#630 = ORIENTED_EDGE ( 'NONE', *, *, #264, .T. ) ;
#631 = AXIS2_PLACEMENT_3D ( 'NONE', #618, #1995, #606 ) ;
#632 = LINE ( 'NONE', #805, #30 ) ;
#633 = ORIENTED_EDGE ( 'NONE', *, *, #94, .T. ) ;
#634 = CARTESIAN_POINT ( 'NONE',  ( -1.452535721577320915, 0.1499999999999999667, -0.7225357215773205999 ) ) ;
#635 = FACE_OUTER_BOUND ( 'NONE', #516, .T. ) ;
#636 = AXIS2_PLACEMENT_3D ( 'NONE', #135, #301, #1798 ) ;
#637 = DIRECTION ( 'NONE',  ( 0.000000000000000000, -1.000000000000000000, 0.000000000000000000 ) ) ;
#638 = DIRECTION ( 'NONE',  ( 1.000000000000000000, 0.000000000000000000, -7.885106708985487062E-16 ) ) ;
#639 = AXIS2_PLACEMENT_3D ( 'NONE', #1785, #1068, #2087 ) ;
#640 = VERTEX_POINT ( 'NONE', #1103 ) ;
#641 = ORIENTED_EDGE ( 'NONE', *, *, #989, .F. ) ;
#642 = ORIENTED_EDGE ( 'NONE', *, *, #1408, .F. ) ;
#643 =( NAMED_UNIT ( * ) PLANE_ANGLE_UNIT ( ) SI_UNIT ( $, .RADIAN. ) );
#644 = CARTESIAN_POINT ( 'NONE',  ( -1.100000000000000755, 0.1499999999999999667, -0.6699999999999998179 ) ) ;
#645 = LINE ( 'NONE', #1475, #1584 ) ;
#646 = CARTESIAN_POINT ( 'NONE',  ( -1.400000000000000577, 0.1499999999999999944, 0.6700000000000000400 ) ) ;
#647 = FACE_OUTER_BOUND ( 'NONE', #487, .T. ) ;
#648 = CARTESIAN_POINT ( 'NONE',  ( -1.400000000000000577, 0.1499999999999999667, 0.6700000000000000400 ) ) ;
#649 = DIRECTION ( 'NONE',  ( 0.000000000000000000, 1.000000000000000000, -0.000000000000000000 ) ) ;
#650 = ORIENTED_EDGE ( 'NONE', *, *, #1550, .T. ) ;
#651 = CARTESIAN_POINT ( 'NONE',  ( 1.450000000000000178, 0.5999999999999999778, -0.7500000000000000000 ) ) ;
#652 = ADVANCED_FACE ( 'NONE', ( #1923 ), #757, .F. ) ;
#653 = CARTESIAN_POINT ( 'NONE',  ( 0.8500000000000006439, 0.1499999999999999667, -0.6699999999999995959 ) ) ;
#654 = EDGE_CURVE ( 'NONE', #1146, #286, #269, .T. ) ;
#655 = PLANE ( 'NONE',  #699 ) ;
#656 = FACE_OUTER_BOUND ( 'NONE', #262, .T. ) ;
#657 = EDGE_CURVE ( 'NONE', #207, #297, #233, .T. ) ;
#658 = ORIENTED_EDGE ( 'NONE', *, *, #1088, .T. ) ;
#659 = AXIS2_PLACEMENT_3D ( 'NONE', #2141, #1150, #1127 ) ;
#660 = LINE ( 'NONE', #1295, #234 ) ;
#661 = AXIS2_PLACEMENT_3D ( 'NONE', #1013, #206, #532 ) ;
#662 = FILL_AREA_STYLE_COLOUR ( '', #773 ) ;
#663 = DIRECTION ( 'NONE',  ( 0.000000000000000000, 0.000000000000000000, -1.000000000000000000 ) ) ;
#664 = VECTOR ( 'NONE', #2139, 1000.000000000000000 ) ;
#665 = MECHANICAL_DESIGN_GEOMETRIC_PRESENTATION_REPRESENTATION (  '', ( #98 ), #2182 ) ;
#666 = DIRECTION ( 'NONE',  ( -0.7071067811865453523, -0.000000000000000000, 0.7071067811865496822 ) ) ;
#667 = ORIENTED_EDGE ( 'NONE', *, *, #2164, .F. ) ;
#668 = PLANE ( 'NONE',  #105 ) ;
#669 = VERTEX_POINT ( 'NONE', #548 ) ;
#670 = LINE ( 'NONE', #2031, #1834 ) ;
#671 = EDGE_CURVE ( 'NONE', #1655, #1547, #1939, .T. ) ;
#672 = EDGE_LOOP ( 'NONE', ( #1728, #1672, #47, #1468, #1400, #232, #2080, #1555 ) ) ;
#673 = VECTOR ( 'NONE', #1572, 1000.000000000000000 ) ;
#674 = EDGE_LOOP ( 'NONE', ( #208, #1129, #1435, #1391, #744, #50, #1177, #857, #61, #76, #1132, #1263 ) ) ;
#675 = VERTEX_POINT ( 'NONE', #256 ) ;
#676 =( LENGTH_UNIT ( ) NAMED_UNIT ( * ) SI_UNIT ( .MILLI., .METRE. ) );
#677 = LINE ( 'NONE', #689, #1633 ) ;
#678 = AXIS2_PLACEMENT_3D ( 'NONE', #1186, #1021, #1692 ) ;
#679 = VERTEX_POINT ( 'NONE', #940 ) ;
#680 = DIRECTION ( 'NONE',  ( -0.000000000000000000, 1.000000000000000000, -0.000000000000000000 ) ) ;
#681 = ORIENTED_EDGE ( 'NONE', *, *, #1152, .T. ) ;
#682 = CARTESIAN_POINT ( 'NONE',  ( -1.100000000000000755, 1.765638989618750321, -0.6699999999999998179 ) ) ;
#683 = ORIENTED_EDGE ( 'NONE', *, *, #1646, .F. ) ;
#684 = CARTESIAN_POINT ( 'NONE',  ( -1.572535721577320356, 0.000000000000000000, -0.6025357215773206043 ) ) ;
#685 = ORIENTED_EDGE ( 'NONE', *, *, #327, .T. ) ;
#686 = ORIENTED_EDGE ( 'NONE', *, *, #758, .T. ) ;
#687 = EDGE_CURVE ( 'NONE', #1184, #69, #1612, .T. ) ;
#688 = CARTESIAN_POINT ( 'NONE',  ( 1.600000000000000533, 1.765638989618750321, 0.7500000000000000000 ) ) ;
#689 = CARTESIAN_POINT ( 'NONE',  ( -1.600000000000000533, 0.000000000000000000, -0.7500000000000000000 ) ) ;
#690 = EDGE_LOOP ( 'NONE', ( #1588, #2133, #1790, #1669, #612, #250 ) ) ;
#691 = DIRECTION ( 'NONE',  ( -0.000000000000000000, -1.000000000000000000, -0.000000000000000000 ) ) ;
#692 = ORIENTED_EDGE ( 'NONE', *, *, #710, .T. ) ;
#693 = EDGE_CURVE ( 'NONE', #790, #865, #212, .T. ) ;
#694 = VERTEX_POINT ( 'NONE', #1269 ) ;
#695 = CARTESIAN_POINT ( 'NONE',  ( 1.520000000000000462, 1.765638989618750321, -0.5500000000000000444 ) ) ;
#696 = EDGE_LOOP ( 'NONE', ( #1676, #1500, #1161, #775 ) ) ;
#697 = CARTESIAN_POINT ( 'NONE',  ( -1.520000000000000462, 0.000000000000000000, -0.5500000000000000444 ) ) ;
#698 = EDGE_LOOP ( 'NONE', ( #716, #1317, #1349, #1178, #1673, #1742, #1095, #1005 ) ) ;
#699 = AXIS2_PLACEMENT_3D ( 'NONE', #621, #1455, #457 ) ;
#700 = LINE ( 'NONE', #508, #794 ) ;
#701 = AXIS2_PLACEMENT_3D ( 'NONE', #63, #739, #1413 ) ;
#702 = VECTOR ( 'NONE', #562, 1000.000000000000000 ) ;
#703 = COLOUR_RGB ( '',0.2509803921568627416, 0.2509803921568627416, 0.2509803921568627416 ) ;
#704 = FACE_OUTER_BOUND ( 'NONE', #1893, .T. ) ;
#705 = EDGE_LOOP ( 'NONE', ( #667, #1988, #827, #246 ) ) ;
#706 = VERTEX_POINT ( 'NONE', #1564 ) ;
#707 = DIRECTION ( 'NONE',  ( 0.000000000000000000, 0.000000000000000000, 1.000000000000000000 ) ) ;
#708 = CARTESIAN_POINT ( 'NONE',  ( -1.400000000000000577, 0.1499999999999999944, 0.6700000000000000400 ) ) ;
#709 =( NAMED_UNIT ( * ) SI_UNIT ( $, .STERADIAN. ) SOLID_ANGLE_UNIT ( ) );
#710 = EDGE_CURVE ( 'NONE', #204, #1663, #745, .T. ) ;
#711 = VECTOR ( 'NONE', #1097, 1000.000000000000000 ) ;
#712 = ORIENTED_EDGE ( 'NONE', *, *, #1861, .F. ) ;
#713 = ORIENTED_EDGE ( 'NONE', *, *, #1270, .F. ) ;
#714 = DIRECTION ( 'NONE',  ( 0.7071067811865424657, -0.000000000000000000, 0.7071067811865526798 ) ) ;
#715 =( LENGTH_UNIT ( ) NAMED_UNIT ( * ) SI_UNIT ( .MILLI., .METRE. ) );
#716 = ORIENTED_EDGE ( 'NONE', *, *, #1374, .T. ) ;
#717 = DIRECTION ( 'NONE',  ( 0.000000000000000000, 0.000000000000000000, 1.000000000000000000 ) ) ;
#718 = DIRECTION ( 'NONE',  ( 0.000000000000000000, 1.000000000000000000, -0.000000000000000000 ) ) ;
#719 = ADVANCED_FACE ( 'NONE', ( #1227 ), #1235, .F. ) ;
#720 = ADVANCED_FACE ( 'NONE', ( #2119 ), #1948, .F. ) ;
#721 = EDGE_CURVE ( 'NONE', #379, #1282, #2085, .T. ) ;
#722 = ORIENTED_EDGE ( 'NONE', *, *, #1610, .F. ) ;
#723 = CARTESIAN_POINT ( 'NONE',  ( 1.400000000000000577, 1.765638989618750321, -0.6700000000000000400 ) ) ;
#724 = CARTESIAN_POINT ( 'NONE',  ( -1.600000000000000533, 0.5999999999999999778, -0.6000000000000001998 ) ) ;
#725 = EDGE_CURVE ( 'NONE', #12, #865, #1429, .T. ) ;
#726 = CARTESIAN_POINT ( 'NONE',  ( 0.8500000000000006439, 1.765638989618750321, -0.6699999999999995959 ) ) ;
#727 = CARTESIAN_POINT ( 'NONE',  ( 0.8500000000000004219, 0.1499999999999999944, 0.6700000000000000400 ) ) ;
#728 = VERTEX_POINT ( 'NONE', #247 ) ;
#729 = CIRCLE ( 'NONE', #1967, 0.1500000000000000777 ) ;
#730 = DIRECTION ( 'NONE',  ( -1.000000000000000000, 0.000000000000000000, 0.000000000000000000 ) ) ;
#731 = CARTESIAN_POINT ( 'NONE',  ( 1.600000000000000089, 0.000000000000000000, -0.7500000000000002220 ) ) ;
#732 = DIRECTION ( 'NONE',  ( 0.000000000000000000, 0.000000000000000000, -1.000000000000000000 ) ) ;
#733 = VECTOR ( 'NONE', #691, 1000.000000000000000 ) ;
#734 = AXIS2_PLACEMENT_3D ( 'NONE', #1502, #1630, #488 ) ;
#735 = CARTESIAN_POINT ( 'NONE',  ( -1.520000000000000462, 1.765638989618750321, 0.5500000000000000444 ) ) ;
#736 = VECTOR ( 'NONE', #614, 999.9999999999998863 ) ;
#737 = LINE ( 'NONE', #1906, #443 ) ;
#738 = EDGE_LOOP ( 'NONE', ( #109, #1903, #477, #28 ) ) ;
#739 = DIRECTION ( 'NONE',  ( 1.000000000000000000, -0.000000000000000000, 1.618212197739559622E-16 ) ) ;
#740 = VECTOR ( 'NONE', #1571, 1000.000000000000000 ) ;
#741 = ORIENTED_EDGE ( 'NONE', *, *, #1002, .T. ) ;
#742 = FACE_OUTER_BOUND ( 'NONE', #1535, .T. ) ;
#743 = DIRECTION ( 'NONE',  ( -0.000000000000000000, -1.000000000000000000, -0.000000000000000000 ) ) ;
#744 = ORIENTED_EDGE ( 'NONE', *, *, #329, .F. ) ;
#745 = LINE ( 'NONE', #723, #518 ) ;
#746 = CIRCLE ( 'NONE', #1523, 0.1500000000000000777 ) ;
#747 = CARTESIAN_POINT ( 'NONE',  ( 0.8500000000000006439, 0.000000000000000000, -0.6699999999999995959 ) ) ;
#748 = EDGE_CURVE ( 'NONE', #1886, #1297, #2098, .T. ) ;
#749 = EDGE_LOOP ( 'NONE', ( #1830, #111, #22, #897 ) ) ;
#750 = LINE ( 'NONE', #384, #186 ) ;
#751 = LINE ( 'NONE', #1072, #1233 ) ;
#752 = VERTEX_POINT ( 'NONE', #587 ) ;
#753 = FACE_OUTER_BOUND ( 'NONE', #1298, .T. ) ;
#754 = CARTESIAN_POINT ( 'NONE',  ( -1.520000000000000462, 0.1499999999999999944, -0.5500000000000000444 ) ) ;
#755 = ADVANCED_FACE ( 'NONE', ( #635 ), #441, .T. ) ;
#756 = ORIENTED_EDGE ( 'NONE', *, *, #1807, .F. ) ;
#757 = PLANE ( 'NONE',  #1658 ) ;
#758 = EDGE_CURVE ( 'NONE', #1168, #439, #784, .T. ) ;
#759 = CARTESIAN_POINT ( 'NONE',  ( 1.520000000000000462, 0.000000000000000000, 0.5500000000000000444 ) ) ;
#760 = DIRECTION ( 'NONE',  ( 0.000000000000000000, -1.000000000000000000, 0.000000000000000000 ) ) ;
#761 = ADVANCED_FACE ( 'NONE', ( #1783 ), #466, .T. ) ;
#762 = LINE ( 'NONE', #242, #1307 ) ;
#763 = VERTEX_POINT ( 'NONE', #290 ) ;
#764 = PLANE ( 'NONE',  #351 ) ;
#765 = EDGE_CURVE ( 'NONE', #1450, #1467, #1975, .T. ) ;
#766 = AXIS2_PLACEMENT_3D ( 'NONE', #886, #1007, #1219 ) ;
#767 = CARTESIAN_POINT ( 'NONE',  ( 1.572535721577320800, 0.000000000000000000, 0.6025357215773206043 ) ) ;
#768 = DIRECTION ( 'NONE',  ( 1.000000000000000000, 0.000000000000000000, 0.000000000000000000 ) ) ;
#769 = CIRCLE ( 'NONE', #1833, 0.1500000000000000777 ) ;
#770 = AXIS2_PLACEMENT_3D ( 'NONE', #985, #965, #821 ) ;
#771 = AXIS2_PLACEMENT_3D ( 'NONE', #114, #1268, #1974 ) ;
#772 = FACE_OUTER_BOUND ( 'NONE', #1231, .T. ) ;
#773 = COLOUR_RGB ( '',1.000000000000000000, 0.8117647058823529438, 0.5019607843137254832 ) ;
#774 = CARTESIAN_POINT ( 'NONE',  ( -1.469999999999999529, 0.5999999999999999778, 0.5200000000000000178 ) ) ;
#775 = ORIENTED_EDGE ( 'NONE', *, *, #693, .T. ) ;
#776 = DIRECTION ( 'NONE',  ( -0.7071067811865424657, 0.000000000000000000, -0.7071067811865526798 ) ) ;
#777 = CARTESIAN_POINT ( 'NONE',  ( 1.520000000000000462, 1.765638989618750321, 0.5500000000000000444 ) ) ;
#778 = ORIENTED_EDGE ( 'NONE', *, *, #1, .T. ) ;
#779 = CARTESIAN_POINT ( 'NONE',  ( -1.520000000000000462, 0.1499999999999999944, -0.5500000000000000444 ) ) ;
#780 = CARTESIAN_POINT ( 'NONE',  ( 1.600000000000000533, 0.1499999999999999667, 0.7500000000000000000 ) ) ;
#781 = ORIENTED_EDGE ( 'NONE', *, *, #1735, .F. ) ;
#782 = EDGE_CURVE ( 'NONE', #16, #163, #179, .T. ) ;
#783 = DIRECTION ( 'NONE',  ( 0.000000000000000000, -0.000000000000000000, 1.000000000000000000 ) ) ;
#784 = LINE ( 'NONE', #1156, #819 ) ;
#785 = DIRECTION ( 'NONE',  ( -0.000000000000000000, 1.000000000000000000, -0.000000000000000000 ) ) ;
#786 = CARTESIAN_POINT ( 'NONE',  ( -1.100000000000000533, 0.000000000000000000, 0.6700000000000000400 ) ) ;
#787 = VECTOR ( 'NONE', #1245, 1000.000000000000000 ) ;
#788 = DIRECTION ( 'NONE',  ( 0.000000000000000000, 0.000000000000000000, -1.000000000000000000 ) ) ;
#789 = EDGE_CURVE ( 'NONE', #790, #625, #245, .T. ) ;
#790 = VERTEX_POINT ( 'NONE', #1476 ) ;
#791 = EDGE_LOOP ( 'NONE', ( #823, #630, #1090, #370, #1388, #778, #1351, #1767 ) ) ;
#792 = DIRECTION ( 'NONE',  ( 0.000000000000000000, 0.000000000000000000, 1.000000000000000000 ) ) ;
#793 = EDGE_CURVE ( 'NONE', #502, #385, #973, .T. ) ;
#794 = VECTOR ( 'NONE', #879, 1000.000000000000000 ) ;
#795 = FACE_OUTER_BOUND ( 'NONE', #672, .T. ) ;
#796 = DIRECTION ( 'NONE',  ( -0.7071067811865512365, -0.000000000000000000, -0.7071067811865439090 ) ) ;
#797 = EDGE_CURVE ( 'NONE', #1272, #276, #1693, .T. ) ;
#798 = CARTESIAN_POINT ( 'NONE',  ( 1.400000000000000577, 0.1499999999999999944, -0.6700000000000000400 ) ) ;
#799 = LINE ( 'NONE', #1816, #882 ) ;
#800 = EDGE_CURVE ( 'NONE', #1696, #502, #815, .T. ) ;
#801 = ORIENTED_EDGE ( 'NONE', *, *, #1560, .F. ) ;
#802 = ORIENTED_EDGE ( 'NONE', *, *, #295, .F. ) ;
#803 = ORIENTED_EDGE ( 'NONE', *, *, #1024, .F. ) ;
#804 = EDGE_LOOP ( 'NONE', ( #876, #1567, #1705, #1428 ) ) ;
#805 = CARTESIAN_POINT ( 'NONE',  ( -1.452535721577320915, 1.765638989618750321, -0.7225357215773205999 ) ) ;
#806 = DIRECTION ( 'NONE',  ( 0.000000000000000000, -0.000000000000000000, 1.000000000000000000 ) ) ;
#807 = DIRECTION ( 'NONE',  ( -0.000000000000000000, -1.000000000000000000, -0.000000000000000000 ) ) ;
#808 = DIRECTION ( 'NONE',  ( -0.7071067811865526798, 0.000000000000000000, -0.7071067811865424657 ) ) ;
#809 = PRESENTATION_LAYER_ASSIGNMENT (  '', '', ( #841 ) ) ;
#810 = CARTESIAN_POINT ( 'NONE',  ( -1.600000000000000533, 0.000000000000000000, 0.7500000000000000000 ) ) ;
#811 = VECTOR ( 'NONE', #2010, 1000.000000000000000 ) ;
#812 = VECTOR ( 'NONE', #381, 1000.000000000000000 ) ;
#813 = DIRECTION ( 'NONE',  ( 1.000000000000000000, 0.000000000000000000, 0.000000000000000000 ) ) ;
#814 = ORIENTED_EDGE ( 'NONE', *, *, #486, .F. ) ;
#815 = CIRCLE ( 'NONE', #1404, 0.1499999999999999667 ) ;
#816 = DIRECTION ( 'NONE',  ( 0.000000000000000000, 1.000000000000000000, 0.000000000000000000 ) ) ;
#817 = CARTESIAN_POINT ( 'NONE',  ( -1.600000000000000533, 0.000000000000000000, -0.7500000000000002220 ) ) ;
#818 = DIRECTION ( 'NONE',  ( 0.000000000000000000, -1.000000000000000000, 0.000000000000000000 ) ) ;
#819 = VECTOR ( 'NONE', #1149, 1000.000000000000000 ) ;
#820 = CARTESIAN_POINT ( 'NONE',  ( -1.452535721577320915, 0.1499999999999999667, 0.7225357215773204889 ) ) ;
#821 = DIRECTION ( 'NONE',  ( 0.000000000000000000, 0.000000000000000000, 1.000000000000000000 ) ) ;
#822 = EDGE_CURVE ( 'NONE', #522, #1168, #2151, .T. ) ;
#823 = ORIENTED_EDGE ( 'NONE', *, *, #825, .F. ) ;
#824 = LINE ( 'NONE', #2135, #1751 ) ;
#825 = EDGE_CURVE ( 'NONE', #1604, #415, #2140, .T. ) ;
#826 = ORIENTED_EDGE ( 'NONE', *, *, #797, .F. ) ;
#827 = ORIENTED_EDGE ( 'NONE', *, *, #103, .T. ) ;
#828 = FILL_AREA_STYLE ('',( #662 ) ) ;
#829 = ADVANCED_FACE ( 'NONE', ( #2162 ), #454, .T. ) ;
#830 = CARTESIAN_POINT ( 'NONE',  ( 1.600000000000000533, 0.1499999999999999944, 0.7500000000000000000 ) ) ;
#831 = DIRECTION ( 'NONE',  ( 0.000000000000000000, 0.000000000000000000, 1.000000000000000000 ) ) ;
#832 = CARTESIAN_POINT ( 'NONE',  ( 1.599999999999999645, 0.5999999999999999778, 0.7500000000000000000 ) ) ;
#833 = ADVANCED_FACE ( 'NONE', ( #1660 ), #1453, .T. ) ;
#834 = DIRECTION ( 'NONE',  ( 0.000000000000000000, 0.000000000000000000, 1.000000000000000000 ) ) ;
#835 = PLANE ( 'NONE',  #734 ) ;
#836 = PLANE ( 'NONE',  #1381 ) ;
#837 = FACE_OUTER_BOUND ( 'NONE', #1117, .T. ) ;
#838 = ADVANCED_FACE ( 'NONE', ( #473 ), #280, .F. ) ;
#839 = ORIENTED_EDGE ( 'NONE', *, *, #1706, .T. ) ;
#840 = DIRECTION ( 'NONE',  ( 0.000000000000000000, -1.000000000000000000, 0.000000000000000000 ) ) ;
#841 = STYLED_ITEM ( 'NONE', ( #922 ), #366 ) ;
#842 = CARTESIAN_POINT ( 'NONE',  ( 1.600000000000000533, 0.000000000000000000, -0.7500000000000000000 ) ) ;
#843 = ORIENTED_EDGE ( 'NONE', *, *, #1229, .T. ) ;
#844 = DIRECTION ( 'NONE',  ( 0.000000000000000000, 1.000000000000000000, 0.000000000000000000 ) ) ;
#845 = LINE ( 'NONE', #1483, #2055 ) ;
#846 = AXIS2_PLACEMENT_3D ( 'NONE', #1442, #961, #265 ) ;
#847 = CIRCLE ( 'NONE', #2079, 0.1500000000000000777 ) ;
#848 = DIRECTION ( 'NONE',  ( 0.000000000000000000, 0.000000000000000000, 1.000000000000000000 ) ) ;
#849 = EDGE_CURVE ( 'NONE', #1938, #1297, #1587, .T. ) ;
#850 = CIRCLE ( 'NONE', #2083, 0.1499999999999999667 ) ;
#851 = FACE_OUTER_BOUND ( 'NONE', #144, .T. ) ;
#852 = VERTEX_POINT ( 'NONE', #65 ) ;
#853 = DIRECTION ( 'NONE',  ( 0.000000000000000000, 0.000000000000000000, -1.000000000000000000 ) ) ;
#854 = VECTOR ( 'NONE', #570, 1000.000000000000000 ) ;
#855 = ORIENTED_EDGE ( 'NONE', *, *, #33, .T. ) ;
#856 = PLANE ( 'NONE',  #910 ) ;
#857 = ORIENTED_EDGE ( 'NONE', *, *, #1573, .F. ) ;
#858 = DIRECTION ( 'NONE',  ( 0.000000000000000000, -0.000000000000000000, 1.000000000000000000 ) ) ;
#859 = CARTESIAN_POINT ( 'NONE',  ( -1.572535721577320800, 0.1499999999999999667, 0.6025357215773206043 ) ) ;
#860 = EDGE_CURVE ( 'NONE', #163, #1909, #1935, .T. ) ;
#861 = VECTOR ( 'NONE', #900, 1000.000000000000000 ) ;
#862 = ADVANCED_FACE ( 'NONE', ( #742 ), #764, .F. ) ;
#863 = LINE ( 'NONE', #1333, #951 ) ;
#864 = VERTEX_POINT ( 'NONE', #1074 ) ;
#865 = VERTEX_POINT ( 'NONE', #581 ) ;
#866 = CARTESIAN_POINT ( 'NONE',  ( 1.599999999999999645, 0.000000000000000000, -0.6000000000000001998 ) ) ;
#867 = VERTEX_POINT ( 'NONE', #1232 ) ;
#868 = ORIENTED_EDGE ( 'NONE', *, *, #1220, .F. ) ;
#869 = FACE_OUTER_BOUND ( 'NONE', #629, .T. ) ;
#870 = ORIENTED_EDGE ( 'NONE', *, *, #1550, .F. ) ;
#871 = LINE ( 'NONE', #1720, #430 ) ;
#872 = FACE_OUTER_BOUND ( 'NONE', #1060, .T. ) ;
#873 = ORIENTED_EDGE ( 'NONE', *, *, #299, .F. ) ;
#874 = VERTEX_POINT ( 'NONE', #1954 ) ;
#875 = CARTESIAN_POINT ( 'NONE',  ( -1.572535721577320356, 0.1499999999999999944, -0.6025357215773208264 ) ) ;
#876 = ORIENTED_EDGE ( 'NONE', *, *, #1113, .T. ) ;
#877 = CARTESIAN_POINT ( 'NONE',  ( 0.8500000000000004219, 0.000000000000000000, 0.6700000000000000400 ) ) ;
#878 = VERTEX_POINT ( 'NONE', #77 ) ;
#879 = DIRECTION ( 'NONE',  ( -1.000000000000000000, -0.000000000000000000, 7.885106708985486076E-16 ) ) ;
#880 = LINE ( 'NONE', #375, #1171 ) ;
#881 = CIRCLE ( 'NONE', #1158, 0.1500000000000000777 ) ;
#882 = VECTOR ( 'NONE', #975, 1000.000000000000000 ) ;
#883 = ORIENTED_EDGE ( 'NONE', *, *, #849, .F. ) ;
#884 = EDGE_LOOP ( 'NONE', ( #2169, #296, #497, #1205, #883, #529, #533, #1707 ) ) ;
#885 = LINE ( 'NONE', #1218, #1439 ) ;
#886 = CARTESIAN_POINT ( 'NONE',  ( 1.369999999999999885, 0.5999999999999999778, 0.6199999999999999956 ) ) ;
#887 = ADVANCED_FACE ( 'NONE', ( #416 ), #437, .T. ) ;
#888 = ORIENTED_EDGE ( 'NONE', *, *, #2099, .T. ) ;
#889 = DIRECTION ( 'NONE',  ( -1.000000000000000000, 0.000000000000000000, -7.228014483236698528E-16 ) ) ;
#890 = ADVANCED_FACE ( 'NONE', ( #594 ), #251, .F. ) ;
#891 = ORIENTED_EDGE ( 'NONE', *, *, #765, .T. ) ;
#892 = AXIS2_PLACEMENT_3D ( 'NONE', #780, #582, #228 ) ;
#893 = EDGE_LOOP ( 'NONE', ( #84, #1552, #2183, #1012 ) ) ;
#894 = LINE ( 'NONE', #930, #1868 ) ;
#895 = CARTESIAN_POINT ( 'NONE',  ( -1.600000000000000533, 0.5999999999999999778, -0.7500000000000000000 ) ) ;
#896 = CARTESIAN_POINT ( 'NONE',  ( -0.8500000000000006439, 1.765638989618750321, -0.4200000000000023159 ) ) ;
#897 = ORIENTED_EDGE ( 'NONE', *, *, #2059, .F. ) ;
#898 = ORIENTED_EDGE ( 'NONE', *, *, #748, .T. ) ;
#899 = DIRECTION ( 'NONE',  ( -0.7071067811865453523, -0.000000000000000000, 0.7071067811865496822 ) ) ;
#900 = DIRECTION ( 'NONE',  ( -0.000000000000000000, -0.000000000000000000, -1.000000000000000000 ) ) ;
#901 = ORIENTED_EDGE ( 'NONE', *, *, #1897, .T. ) ;
#902 = DIRECTION ( 'NONE',  ( 0.7071067811865453523, 0.000000000000000000, 0.7071067811865496822 ) ) ;
#903 = CARTESIAN_POINT ( 'NONE',  ( 1.520000000000000462, 0.1499999999999999944, -0.5500000000000000444 ) ) ;
#904 = ORIENTED_EDGE ( 'NONE', *, *, #782, .T. ) ;
#905 = DIRECTION ( 'NONE',  ( -0.000000000000000000, -1.000000000000000000, -0.000000000000000000 ) ) ;
#906 = LINE ( 'NONE', #1058, #1578 ) ;
#907 = ORIENTED_EDGE ( 'NONE', *, *, #1600, .F. ) ;
#908 = LINE ( 'NONE', #1106, #1141 ) ;
#909 = DIRECTION ( 'NONE',  ( 0.000000000000000000, -1.000000000000000000, 0.000000000000000000 ) ) ;
#910 = AXIS2_PLACEMENT_3D ( 'NONE', #9, #177, #1378 ) ;
#911 = ORIENTED_EDGE ( 'NONE', *, *, #1991, .F. ) ;
#912 = CARTESIAN_POINT ( 'NONE',  ( 1.400000000000000577, 0.000000000000000000, 0.6700000000000000400 ) ) ;
#913 = FACE_OUTER_BOUND ( 'NONE', #121, .T. ) ;
#914 = AXIS2_PLACEMENT_3D ( 'NONE', #485, #2154, #1966 ) ;
#915 = DIRECTION ( 'NONE',  ( 1.000000000000000000, 0.000000000000000000, 0.000000000000000000 ) ) ;
#916 = CIRCLE ( 'NONE', #238, 0.1499999999999999667 ) ;
#917 = CARTESIAN_POINT ( 'NONE',  ( 1.450000000000000178, 0.000000000000000000, 0.7500000000000000000 ) ) ;
#918 = EDGE_CURVE ( 'NONE', #1360, #867, #1804, .T. ) ;
#919 = VECTOR ( 'NONE', #70, 1000.000000000000000 ) ;
#920 = DIRECTION ( 'NONE',  ( 0.000000000000000000, 0.000000000000000000, -1.000000000000000000 ) ) ;
#921 = UNCERTAINTY_MEASURE_WITH_UNIT (LENGTH_MEASURE( 1.000000000000000082E-05 ), #298, 'distance_accuracy_value', 'NONE');
#922 = PRESENTATION_STYLE_ASSIGNMENT (( #1963 ) ) ;
#923 = ORIENTED_EDGE ( 'NONE', *, *, #539, .T. ) ;
#924 = EDGE_CURVE ( 'NONE', #520, #852, #1919, .T. ) ;
#925 = FACE_OUTER_BOUND ( 'NONE', #1199, .T. ) ;
#926 = AXIS2_PLACEMENT_3D ( 'NONE', #779, #2081, #395 ) ;
#927 = ORIENTED_EDGE ( 'NONE', *, *, #1733, .T. ) ;
#928 = DIRECTION ( 'NONE',  ( -0.000000000000000000, 1.000000000000000000, 0.000000000000000000 ) ) ;
#929 = SURFACE_STYLE_FILL_AREA ( #53 ) ;
#930 = CARTESIAN_POINT ( 'NONE',  ( -0.8500000000000005329, 0.1499999999999999667, 0.4200000000000025935 ) ) ;
#931 = DIRECTION ( 'NONE',  ( 0.000000000000000000, 0.000000000000000000, 1.000000000000000000 ) ) ;
#932 = EDGE_CURVE ( 'NONE', #694, #1184, #1436, .T. ) ;
#933 = DIRECTION ( 'NONE',  ( -0.000000000000000000, -1.000000000000000000, -0.000000000000000000 ) ) ;
#934 = CARTESIAN_POINT ( 'NONE',  ( -1.600000000000000533, 0.000000000000000000, -0.6000000000000001998 ) ) ;
#935 = CIRCLE ( 'NONE', #217, 0.1499999999999999667 ) ;
#936 = VERTEX_POINT ( 'NONE', #912 ) ;
#937 = DIRECTION ( 'NONE',  ( -0.000000000000000000, 1.000000000000000000, 0.000000000000000000 ) ) ;
#938 = LINE ( 'NONE', #754, #320 ) ;
#939 = ORIENTED_EDGE ( 'NONE', *, *, #1505, .F. ) ;
#940 = CARTESIAN_POINT ( 'NONE',  ( 0.8500000000000004219, 0.1499999999999999944, 0.6700000000000000400 ) ) ;
#941 = CARTESIAN_POINT ( 'NONE',  ( 1.400000000000000577, 1.765638989618750321, 0.6700000000000000400 ) ) ;
#942 = VERTEX_POINT ( 'NONE', #1244 ) ;
#943 = DIRECTION ( 'NONE',  ( 0.000000000000000000, -1.000000000000000000, 0.000000000000000000 ) ) ;
#944 = EDGE_CURVE ( 'NONE', #852, #1518, #2115, .T. ) ;
#945 = ORIENTED_EDGE ( 'NONE', *, *, #1839, .T. ) ;
#946 = DIRECTION ( 'NONE',  ( 0.000000000000000000, 1.000000000000000000, -0.000000000000000000 ) ) ;
#947 = VECTOR ( 'NONE', #1799, 1000.000000000000000 ) ;
#948 = CARTESIAN_POINT ( 'NONE',  ( -1.400000000000000577, 1.765638989618750321, 0.6700000000000000400 ) ) ;
#949 = CARTESIAN_POINT ( 'NONE',  ( -1.600000000000000533, 0.000000000000000000, 0.7500000000000000000 ) ) ;
#950 = VECTOR ( 'NONE', #1589, 1000.000000000000000 ) ;
#951 = VECTOR ( 'NONE', #666, 1000.000000000000000 ) ;
#952 = CYLINDRICAL_SURFACE ( 'NONE', #1472, 0.1500000000000000777 ) ;
#953 = DIRECTION ( 'NONE',  ( -1.000000000000000000, 0.000000000000000000, -7.228014483236698528E-16 ) ) ;
#954 = ORIENTED_EDGE ( 'NONE', *, *, #1641, .F. ) ;
#955 = DIRECTION ( 'NONE',  ( 0.000000000000000000, 0.000000000000000000, -1.000000000000000000 ) ) ;
#956 = ORIENTED_EDGE ( 'NONE', *, *, #1266, .T. ) ;
#957 = DIRECTION ( 'NONE',  ( -0.000000000000000000, -1.000000000000000000, -0.000000000000000000 ) ) ;
#958 = CARTESIAN_POINT ( 'NONE',  ( 1.369999999999999885, 0.6500000000000000222, -0.6199999999999999956 ) ) ;
#959 = ADVANCED_FACE ( 'NONE', ( #753 ), #1448, .F. ) ;
#960 = EDGE_CURVE ( 'NONE', #1284, #415, #85, .T. ) ;
#961 = DIRECTION ( 'NONE',  ( -0.7071067811865496822, 0.000000000000000000, 0.7071067811865453523 ) ) ;
#962 = DIRECTION ( 'NONE',  ( -0.7071067811865424657, 0.000000000000000000, 0.7071067811865526798 ) ) ;
#963 = ADVANCED_FACE ( 'NONE', ( #1109 ), #51, .T. ) ;
#964 = CYLINDRICAL_SURFACE ( 'NONE', #2110, 0.05000000000000002359 ) ;
#965 = DIRECTION ( 'NONE',  ( 0.000000000000000000, 1.000000000000000000, 0.000000000000000000 ) ) ;
#966 = VECTOR ( 'NONE', #42, 1000.000000000000000 ) ;
#967 = ORIENTED_EDGE ( 'NONE', *, *, #517, .F. ) ;
#968 = CARTESIAN_POINT ( 'NONE',  ( 1.600000000000000089, 0.000000000000000000, -0.7500000000000002220 ) ) ;
#969 = ORIENTED_EDGE ( 'NONE', *, *, #1788, .F. ) ;
#970 = FACE_OUTER_BOUND ( 'NONE', #216, .T. ) ;
#971 = CIRCLE ( 'NONE', #1774, 0.1500000000000000777 ) ;
#972 = DIRECTION ( 'NONE',  ( -0.7071067811865439090, 0.000000000000000000, 0.7071067811865512365 ) ) ;
#973 = LINE ( 'NONE', #1985, #68 ) ;
#974 = FACE_OUTER_BOUND ( 'NONE', #674, .T. ) ;
#975 = DIRECTION ( 'NONE',  ( -0.000000000000000000, -1.000000000000000000, -0.000000000000000000 ) ) ;
#976 = ORIENTED_EDGE ( 'NONE', *, *, #918, .T. ) ;
#977 = ORIENTED_EDGE ( 'NONE', *, *, #1181, .T. ) ;
#978 = ORIENTED_EDGE ( 'NONE', *, *, #1902, .T. ) ;
#979 = LINE ( 'NONE', #644, #1342 ) ;
#980 = FACE_OUTER_BOUND ( 'NONE', #1336, .T. ) ;
#981 = CARTESIAN_POINT ( 'NONE',  ( -1.100000000000000755, 0.1499999999999999944, -0.6699999999999998179 ) ) ;
#982 = VECTOR ( 'NONE', #281, 1000.000000000000000 ) ;
#983 = ADVANCED_FACE ( 'NONE', ( #1945 ), #1910, .T. ) ;
#984 = VECTOR ( 'NONE', #1082, 1000.000000000000000 ) ;
#985 = CARTESIAN_POINT ( 'NONE',  ( -1.600000000000000533, 0.5999999999999999778, 0.7500000000000000000 ) ) ;
#986 = VECTOR ( 'NONE', #1407, 1000.000000000000000 ) ;
#987 = ORIENTED_EDGE ( 'NONE', *, *, #539, .F. ) ;
#988 = CARTESIAN_POINT ( 'NONE',  ( -1.600000000000000533, 0.000000000000000000, -0.7500000000000002220 ) ) ;
#989 = EDGE_CURVE ( 'NONE', #675, #304, #1203, .T. ) ;
#990 = DIRECTION ( 'NONE',  ( 0.7071067811865453523, 0.000000000000000000, -0.7071067811865496822 ) ) ;
#991 = ORIENTED_EDGE ( 'NONE', *, *, #1337, .T. ) ;
#992 = EDGE_CURVE ( 'NONE', #1871, #669, #1426, .T. ) ;
#993 = DIRECTION ( 'NONE',  ( 1.000000000000000000, 0.000000000000000000, 7.228014483236698528E-16 ) ) ;
#994 = CARTESIAN_POINT ( 'NONE',  ( -1.519999999999999352, 0.5999999999999999778, -0.6700000000000000400 ) ) ;
#995 = CARTESIAN_POINT ( 'NONE',  ( 1.520000000000000462, 0.1499999999999999944, -0.5500000000000000444 ) ) ;
#996 = DIRECTION ( 'NONE',  ( -1.000000000000000000, 0.000000000000000000, 0.000000000000000000 ) ) ;
#997 = DIRECTION ( 'NONE',  ( 0.7071067811865453523, 0.000000000000000000, -0.7071067811865496822 ) ) ;
#998 = AXIS2_PLACEMENT_3D ( 'NONE', #1347, #1527, #1223 ) ;
#999 = ORIENTED_EDGE ( 'NONE', *, *, #1444, .T. ) ;
#1000 = DIRECTION ( 'NONE',  ( 0.000000000000000000, 0.000000000000000000, 1.000000000000000000 ) ) ;
#1001 = DIRECTION ( 'NONE',  ( 1.000000000000000000, 0.000000000000000000, 0.000000000000000000 ) ) ;
#1002 = EDGE_CURVE ( 'NONE', #377, #1046, #1144, .T. ) ;
#1003 = DIRECTION ( 'NONE',  ( 1.000000000000000000, 0.000000000000000000, -7.885106708985487062E-16 ) ) ;
#1004 = DIRECTION ( 'NONE',  ( -1.290716872006545385E-16, 0.000000000000000000, -1.000000000000000000 ) ) ;
#1005 = ORIENTED_EDGE ( 'NONE', *, *, #1432, .T. ) ;
#1006 = ORIENTED_EDGE ( 'NONE', *, *, #1302, .T. ) ;
#1007 = DIRECTION ( 'NONE',  ( 1.000000000000000000, 0.000000000000000000, 0.000000000000000000 ) ) ;
#1008 = SURFACE_SIDE_STYLE ('',( #1548 ) ) ;
#1009 = ADVANCED_FACE ( 'NONE', ( #1992 ), #1299, .T. ) ;
#1010 = DIRECTION ( 'NONE',  ( 0.000000000000000000, -1.000000000000000000, 0.000000000000000000 ) ) ;
#1011 = ORIENTED_EDGE ( 'NONE', *, *, #1444, .F. ) ;
#1012 = ORIENTED_EDGE ( 'NONE', *, *, #1931, .T. ) ;
#1013 = CARTESIAN_POINT ( 'NONE',  ( -1.600000000000000533, 0.1499999999999999944, 0.7500000000000000000 ) ) ;
#1014 = ORIENTED_EDGE ( 'NONE', *, *, #1063, .T. ) ;
#1015 = AXIS2_PLACEMENT_3D ( 'NONE', #1699, #1017, #1898 ) ;
#1016 = ADVANCED_FACE ( 'NONE', ( #1674 ), #1285, .F. ) ;
#1017 = DIRECTION ( 'NONE',  ( 1.000000000000000000, 0.000000000000000000, 0.000000000000000000 ) ) ;
#1018 = VERTEX_POINT ( 'NONE', #1133 ) ;
#1019 = EDGE_CURVE ( 'NONE', #204, #1073, #142, .T. ) ;
#1020 = LINE ( 'NONE', #374, #328 ) ;
#1021 = DIRECTION ( 'NONE',  ( -0.000000000000000000, 1.000000000000000000, 0.000000000000000000 ) ) ;
#1022 = CLOSED_SHELL ( 'NONE', ( #1877, #1016, #838, #1889, #1851, #1236, #1924, #1695, #356, #1770, #1835, #1322 ) ) ;
#1023 = MANIFOLD_SOLID_BREP ( 'Boss-Extrude2[1]', #447 ) ;
#1024 = EDGE_CURVE ( 'NONE', #172, #1499, #847, .T. ) ;
#1025 = AXIS2_PLACEMENT_3D ( 'NONE', #115, #808, #962 ) ;
#1026 = ADVANCED_FACE ( 'NONE', ( #970 ), #122, .F. ) ;
#1027 = DIRECTION ( 'NONE',  ( 0.000000000000000000, 0.000000000000000000, 1.000000000000000000 ) ) ;
#1028 = VERTEX_POINT ( 'NONE', #310 ) ;
#1029 = EDGE_LOOP ( 'NONE', ( #1188, #1062, #536, #1756 ) ) ;
#1030 = LINE ( 'NONE', #695, #812 ) ;
#1031 = AXIS2_PLACEMENT_3D ( 'NONE', #735, #388, #597 ) ;
#1032 = ORIENTED_EDGE ( 'NONE', *, *, #1950, .T. ) ;
#1033 = ORIENTED_EDGE ( 'NONE', *, *, #1727, .F. ) ;
#1034 = CARTESIAN_POINT ( 'NONE',  ( 0.8500000000000006439, 0.000000000000000000, -0.6699999999999995959 ) ) ;
#1035 = CIRCLE ( 'NONE', #213, 0.1499999999999999667 ) ;
#1036 = DIRECTION ( 'NONE',  ( -1.000000000000000000, 0.000000000000000000, 0.000000000000000000 ) ) ;
#1037 = ORIENTED_EDGE ( 'NONE', *, *, #1160, .T. ) ;
#1038 = ORIENTED_EDGE ( 'NONE', *, *, #229, .F. ) ;
#1039 = DIRECTION ( 'NONE',  ( 1.000000000000000000, 0.000000000000000000, 0.000000000000000000 ) ) ;
#1040 = VERTEX_POINT ( 'NONE', #651 ) ;
#1041 = SURFACE_STYLE_FILL_AREA ( #1213 ) ;
#1042 = DIRECTION ( 'NONE',  ( 0.000000000000000000, 0.000000000000000000, -1.000000000000000000 ) ) ;
#1043 = FACE_OUTER_BOUND ( 'NONE', #690, .T. ) ;
#1044 =( NAMED_UNIT ( * ) PLANE_ANGLE_UNIT ( ) SI_UNIT ( $, .RADIAN. ) );
#1045 = EDGE_CURVE ( 'NONE', #163, #1261, #632, .T. ) ;
#1046 = VERTEX_POINT ( 'NONE', #1471 ) ;
#1047 = CARTESIAN_POINT ( 'NONE',  ( -1.520000000000000462, 0.1499999999999999944, -0.5500000000000000444 ) ) ;
#1048 = PRODUCT ( 'CTS3-32.768-12.5-20-R', 'CTS3-32.768-12.5-20-R', '', ( #1602 ) ) ;
#1049 = ADVANCED_FACE ( 'NONE', ( #2001 ), #1126, .T. ) ;
#1050 = CARTESIAN_POINT ( 'NONE',  ( 1.369999999999999885, 0.5999999999999999778, 0.6700000000000000400 ) ) ;
#1051 = VECTOR ( 'NONE', #1279, 1000.000000000000000 ) ;
#1052 = LINE ( 'NONE', #542, #966 ) ;
#1053 = ADVANCED_FACE ( 'NONE', ( #480 ), #835, .T. ) ;
#1054 = VECTOR ( 'NONE', #1541, 1000.000000000000000 ) ;
#1055 = AXIS2_PLACEMENT_3D ( 'NONE', #491, #680, #1863 ) ;
#1056 = CARTESIAN_POINT ( 'NONE',  ( 1.600000000000000089, 0.5999999999999999778, 0.7500000000000000000 ) ) ;
#1057 = LINE ( 'NONE', #156, #407 ) ;
#1058 = CARTESIAN_POINT ( 'NONE',  ( 1.452535721577320915, 1.765638989618750321, -0.7225357215773205999 ) ) ;
#1059 = ORIENTED_EDGE ( 'NONE', *, *, #448, .T. ) ;
#1060 = EDGE_LOOP ( 'NONE', ( #158, #527, #2069, #1965, #1687, #1065, #969, #1373, #1559, #449 ) ) ;
#1061 = LINE ( 'NONE', #1196, #861 ) ;
#1062 = ORIENTED_EDGE ( 'NONE', *, *, #624, .T. ) ;
#1063 = EDGE_CURVE ( 'NONE', #1261, #1469, #916, .T. ) ;
#1064 = CIRCLE ( 'NONE', #185, 0.05000000000000002359 ) ;
#1065 = ORIENTED_EDGE ( 'NONE', *, *, #1779, .F. ) ;
#1066 = DIRECTION ( 'NONE',  ( -0.7071067811865453523, 0.000000000000000000, -0.7071067811865496822 ) ) ;
#1067 = LINE ( 'NONE', #58, #1926 ) ;
#1068 = DIRECTION ( 'NONE',  ( 0.000000000000000000, 0.000000000000000000, 1.000000000000000000 ) ) ;
#1069 = VERTEX_POINT ( 'NONE', #1460 ) ;
#1070 = ORIENTED_EDGE ( 'NONE', *, *, #960, .T. ) ;
#1071 = LINE ( 'NONE', #1916, #2092 ) ;
#1072 = CARTESIAN_POINT ( 'NONE',  ( 1.400000000000000577, 0.1499999999999999944, 0.6700000000000000400 ) ) ;
#1073 = VERTEX_POINT ( 'NONE', #535 ) ;
#1074 = CARTESIAN_POINT ( 'NONE',  ( 1.469999999999999751, 0.6500000000000000222, -0.5200000000000000178 ) ) ;
#1075 = DIRECTION ( 'NONE',  ( 1.000000000000000000, -0.000000000000000000, 0.000000000000000000 ) ) ;
#1076 = EDGE_CURVE ( 'NONE', #1663, #1979, #23, .T. ) ;
#1077 = ORIENTED_EDGE ( 'NONE', *, *, #1869, .T. ) ;
#1078 = LINE ( 'NONE', #917, #950 ) ;
#1079 = MANIFOLD_SOLID_BREP ( 'Split1[2]', #1511 ) ;
#1080 = CARTESIAN_POINT ( 'NONE',  ( -1.369999999999999440, 0.6500000000000000222, 0.6199999999999999956 ) ) ;
#1081 = VERTEX_POINT ( 'NONE', #1883 ) ;
#1082 = DIRECTION ( 'NONE',  ( 0.000000000000000000, -1.000000000000000000, 0.000000000000000000 ) ) ;
#1083 = AXIS2_PLACEMENT_3D ( 'NONE', #688, #1354, #1522 ) ;
#1084 = EDGE_LOOP ( 'NONE', ( #36, #308, #531, #1934 ) ) ;
#1085 = CARTESIAN_POINT ( 'NONE',  ( 0.000000000000000000, 0.6500000000000000222, 0.000000000000000000 ) ) ;
#1086 = DIRECTION ( 'NONE',  ( 0.000000000000000000, 0.000000000000000000, 1.000000000000000000 ) ) ;
#1087 = PRESENTATION_LAYER_ASSIGNMENT (  '', '', ( #1929 ) ) ;
#1088 = EDGE_CURVE ( 'NONE', #2097, #1525, #935, .T. ) ;
#1089 = VECTOR ( 'NONE', #840, 1000.000000000000000 ) ;
#1090 = ORIENTED_EDGE ( 'NONE', *, *, #1703, .T. ) ;
#1091 = CARTESIAN_POINT ( 'NONE',  ( -1.600000000000000533, 0.000000000000000000, 0.7500000000000000000 ) ) ;
#1092 = CARTESIAN_POINT ( 'NONE',  ( -1.100000000000000533, 0.1499999999999999944, 0.6700000000000000400 ) ) ;
#1093 = ORIENTED_EDGE ( 'NONE', *, *, #153, .F. ) ;
#1094 =( NAMED_UNIT ( * ) SI_UNIT ( $, .STERADIAN. ) SOLID_ANGLE_UNIT ( ) );
#1095 = ORIENTED_EDGE ( 'NONE', *, *, #626, .T. ) ;
#1096 = VERTEX_POINT ( 'NONE', #498 ) ;
#1097 = DIRECTION ( 'NONE',  ( 0.000000000000000000, -1.000000000000000000, 0.000000000000000000 ) ) ;
#1098 = ORIENTED_EDGE ( 'NONE', *, *, #721, .T. ) ;
#1099 = CARTESIAN_POINT ( 'NONE',  ( 1.400000000000000577, 0.000000000000000000, 0.6700000000000000400 ) ) ;
#1100 = CARTESIAN_POINT ( 'NONE',  ( -1.450000000000000622, 0.5999999999999999778, -0.7500000000000000000 ) ) ;
#1101 = VECTOR ( 'NONE', #743, 1000.000000000000000 ) ;
#1102 = VERTEX_POINT ( 'NONE', #1369 ) ;
#1103 = CARTESIAN_POINT ( 'NONE',  ( -0.8500000000000007550, 0.1499999999999999667, -0.4200000000000023159 ) ) ;
#1104 = FACE_OUTER_BOUND ( 'NONE', #1551, .T. ) ;
#1105 = EDGE_CURVE ( 'NONE', #505, #1547, #971, .T. ) ;
#1106 = CARTESIAN_POINT ( 'NONE',  ( -1.452535721577320915, 0.1499999999999999944, -0.7225357215773205999 ) ) ;
#1107 = CARTESIAN_POINT ( 'NONE',  ( 1.600000000000000089, 0.000000000000000000, 0.7500000000000000000 ) ) ;
#1108 = ORIENTED_EDGE ( 'NONE', *, *, #94, .F. ) ;
#1109 = FACE_OUTER_BOUND ( 'NONE', #698, .T. ) ;
#1110 = DIRECTION ( 'NONE',  ( 1.000000000000000000, 0.000000000000000000, -0.000000000000000000 ) ) ;
#1111 = LINE ( 'NONE', #87, #1802 ) ;
#1112 = CARTESIAN_POINT ( 'NONE',  ( 1.520000000000000462, 1.765638989618750321, -0.5500000000000000444 ) ) ;
#1113 = EDGE_CURVE ( 'NONE', #286, #675, #253, .T. ) ;
#1114 = DIRECTION ( 'NONE',  ( 0.000000000000000000, 1.000000000000000000, 0.000000000000000000 ) ) ;
#1115 = EDGE_CURVE ( 'NONE', #1363, #694, #1020, .T. ) ;
#1116 = FACE_OUTER_BOUND ( 'NONE', #1331, .T. ) ;
#1117 = EDGE_LOOP ( 'NONE', ( #1998, #1722, #1808, #1059 ) ) ;
#1118 = DIRECTION ( 'NONE',  ( 0.000000000000000000, -0.000000000000000000, 1.000000000000000000 ) ) ;
#1119 = DIRECTION ( 'NONE',  ( 0.000000000000000000, -1.000000000000000000, 0.000000000000000000 ) ) ;
#1120 = EDGE_CURVE ( 'NONE', #1979, #706, #2037, .T. ) ;
#1121 = ORIENTED_EDGE ( 'NONE', *, *, #932, .T. ) ;
#1122 = VECTOR ( 'NONE', #1497, 1000.000000000000000 ) ;
#1123 = CARTESIAN_POINT ( 'NONE',  ( -1.100000000000000755, 0.1499999999999999944, -0.6699999999999998179 ) ) ;
#1124 = CARTESIAN_POINT ( 'NONE',  ( -1.100000000000000755, 1.765638989618750321, -0.6699999999999998179 ) ) ;
#1125 = MECHANICAL_DESIGN_GEOMETRIC_PRESENTATION_REPRESENTATION (  '', ( #235 ), #309 ) ;
#1126 = TOROIDAL_SURFACE ( 'NONE', #168, 0.09999999999999999167, 0.05000000000000000278 ) ;
#1127 = DIRECTION ( 'NONE',  ( 0.000000000000000000, 0.000000000000000000, 1.000000000000000000 ) ) ;
#1128 = VECTOR ( 'NONE', #1420, 1000.000000000000000 ) ;
#1129 = ORIENTED_EDGE ( 'NONE', *, *, #992, .F. ) ;
#1130 = ORIENTED_EDGE ( 'NONE', *, *, #2160, .F. ) ;
#1131 = VECTOR ( 'NONE', #397, 1000.000000000000000 ) ;
#1132 = ORIENTED_EDGE ( 'NONE', *, *, #793, .F. ) ;
#1133 = CARTESIAN_POINT ( 'NONE',  ( 1.400000000000000577, 0.1499999999999999944, -0.6700000000000000400 ) ) ;
#1134 = LINE ( 'NONE', #2002, #110 ) ;
#1135 = AXIS2_PLACEMENT_3D ( 'NONE', #1837, #1814, #125 ) ;
#1136 = DIRECTION ( 'NONE',  ( -0.000000000000000000, -1.000000000000000000, -0.000000000000000000 ) ) ;
#1137 = DIRECTION ( 'NONE',  ( -0.7071067811865453523, 0.000000000000000000, 0.7071067811865496822 ) ) ;
#1138 = DIRECTION ( 'NONE',  ( 1.000000000000000000, 0.000000000000000000, -0.000000000000000000 ) ) ;
#1139 = LINE ( 'NONE', #832, #1546 ) ;
#1140 = VECTOR ( 'NONE', #909, 1000.000000000000000 ) ;
#1141 = VECTOR ( 'NONE', #1729, 1000.000000000000000 ) ;
#1142 = ORIENTED_EDGE ( 'NONE', *, *, #1270, .T. ) ;
#1143 = VERTEX_POINT ( 'NONE', #1710 ) ;
#1144 = LINE ( 'NONE', #2176, #736 ) ;
#1145 = DIRECTION ( 'NONE',  ( -0.000000000000000000, -1.000000000000000000, -0.000000000000000000 ) ) ;
#1146 = VERTEX_POINT ( 'NONE', #1691 ) ;
#1147 = ADVANCED_FACE ( 'NONE', ( #181 ), #1859, .F. ) ;
#1148 = DIRECTION ( 'NONE',  ( 0.000000000000000000, 0.000000000000000000, 1.000000000000000000 ) ) ;
#1149 = DIRECTION ( 'NONE',  ( 0.000000000000000000, -1.000000000000000000, 0.000000000000000000 ) ) ;
#1150 = DIRECTION ( 'NONE',  ( -0.000000000000000000, 1.000000000000000000, 0.000000000000000000 ) ) ;
#1151 = EDGE_CURVE ( 'NONE', #1018, #942, #871, .T. ) ;
#1152 = EDGE_CURVE ( 'NONE', #1412, #1069, #700, .T. ) ;
#1153 = VERTEX_POINT ( 'NONE', #1515 ) ;
#1154 = CARTESIAN_POINT ( 'NONE',  ( 1.520000000000000462, 0.1499999999999999944, 0.5500000000000000444 ) ) ;
#1155 = DIRECTION ( 'NONE',  ( 0.000000000000000000, 0.000000000000000000, -1.000000000000000000 ) ) ;
#1156 = CARTESIAN_POINT ( 'NONE',  ( -1.100000000000000755, 0.1499999999999999944, -0.6699999999999998179 ) ) ;
#1157 = CARTESIAN_POINT ( 'NONE',  ( -1.520000000000000462, 0.000000000000000000, 0.5500000000000000444 ) ) ;
#1158 = AXIS2_PLACEMENT_3D ( 'NONE', #988, #1819, #1662 ) ;
#1159 = VECTOR ( 'NONE', #2046, 1000.000000000000000 ) ;
#1160 = EDGE_CURVE ( 'NONE', #1866, #1363, #34, .T. ) ;
#1161 = ORIENTED_EDGE ( 'NONE', *, *, #1242, .T. ) ;
#1162 = DIRECTION ( 'NONE',  ( -1.290716872006545385E-16, 0.000000000000000000, -1.000000000000000000 ) ) ;
#1163 = PRESENTATION_STYLE_ASSIGNMENT (( #1173 ) ) ;
#1164 = DIRECTION ( 'NONE',  ( -0.7071067811865453523, 0.000000000000000000, -0.7071067811865496822 ) ) ;
#1165 = PLANE ( 'NONE',  #2014 ) ;
#1166 = ORIENTED_EDGE ( 'NONE', *, *, #1534, .T. ) ;
#1167 = DIRECTION ( 'NONE',  ( -0.000000000000000000, -0.000000000000000000, -1.000000000000000000 ) ) ;
#1168 = VERTEX_POINT ( 'NONE', #541 ) ;
#1169 = EDGE_CURVE ( 'NONE', #1146, #304, #254, .T. ) ;
#1170 = CARTESIAN_POINT ( 'NONE',  ( -1.100000000000000533, 1.765638989618750321, 0.6700000000000000400 ) ) ;
#1171 = VECTOR ( 'NONE', #2025, 1000.000000000000000 ) ;
#1172 = VERTEX_POINT ( 'NONE', #160 ) ;
#1173 = SURFACE_STYLE_USAGE ( .BOTH. , #1971 ) ;
#1174 = DIRECTION ( 'NONE',  ( 1.000000000000000000, 0.000000000000000000, -7.885106708985485090E-16 ) ) ;
#1175 = EDGE_LOOP ( 'NONE', ( #911, #357, #927, #741 ) ) ;
#1176 = CARTESIAN_POINT ( 'NONE',  ( -1.469999999999999529, 0.6500000000000000222, -0.5200000000000000178 ) ) ;
#1177 = ORIENTED_EDGE ( 'NONE', *, *, #1921, .F. ) ;
#1178 = ORIENTED_EDGE ( 'NONE', *, *, #989, .T. ) ;
#1179 = CARTESIAN_POINT ( 'NONE',  ( -1.400000000000000577, 0.1499999999999999944, 0.6700000000000000400 ) ) ;
#1180 = EDGE_CURVE ( 'NONE', #2122, #1412, #1346, .T. ) ;
#1181 = EDGE_CURVE ( 'NONE', #867, #1102, #750, .T. ) ;
#1182 = EDGE_CURVE ( 'NONE', #1938, #1655, #1071, .T. ) ;
#1183 = ORIENTED_EDGE ( 'NONE', *, *, #174, .T. ) ;
#1184 = VERTEX_POINT ( 'NONE', #1753 ) ;
#1185 = DIRECTION ( 'NONE',  ( -1.618212197739559376E-16, -0.000000000000000000, 1.000000000000000000 ) ) ;
#1186 = CARTESIAN_POINT ( 'NONE',  ( -1.369999999999999440, 0.6500000000000000222, 0.5200000000000000178 ) ) ;
#1187 = LINE ( 'NONE', #1496, #59 ) ;
#1188 = ORIENTED_EDGE ( 'NONE', *, *, #194, .T. ) ;
#1189 = FACE_OUTER_BOUND ( 'NONE', #223, .T. ) ;
#1190 = AXIS2_PLACEMENT_3D ( 'NONE', #1613, #1271, #89 ) ;
#1191 = VECTOR ( 'NONE', #1847, 999.9999999999998863 ) ;
#1192 = CYLINDRICAL_SURFACE ( 'NONE', #1083, 0.1499999999999999667 ) ;
#1193 = AXIS2_PLACEMENT_3D ( 'NONE', #458, #2131, #1293 ) ;
#1194 = ORIENTED_EDGE ( 'NONE', *, *, #1220, .T. ) ;
#1195 = CARTESIAN_POINT ( 'NONE',  ( 1.520000000000000462, 0.1499999999999999667, -0.5500000000000000444 ) ) ;
#1196 = CARTESIAN_POINT ( 'NONE',  ( 1.520000000000000462, 0.000000000000000000, -0.5500000000000000444 ) ) ;
#1197 = AXIS2_PLACEMENT_3D ( 'NONE', #1255, #946, #1618 ) ;
#1198 = CARTESIAN_POINT ( 'NONE',  ( -1.519999999999999352, 0.5999999999999999778, 0.5200000000000000178 ) ) ;
#1199 = EDGE_LOOP ( 'NONE', ( #1969, #2114, #317, #82 ) ) ;
#1200 = FACE_OUTER_BOUND ( 'NONE', #1887, .T. ) ;
#1201 = ORIENTED_EDGE ( 'NONE', *, *, #6, .F. ) ;
#1202 = CARTESIAN_POINT ( 'NONE',  ( 1.400000000000000577, 0.1499999999999999667, 0.6700000000000001510 ) ) ;
#1203 = CIRCLE ( 'NONE', #1763, 0.09999999999999999167 ) ;
#1204 = EDGE_LOOP ( 'NONE', ( #868, #282, #692, #211 ) ) ;
#1205 = ORIENTED_EDGE ( 'NONE', *, *, #218, .T. ) ;
#1206 = CARTESIAN_POINT ( 'NONE',  ( 0.8500000000000004219, 0.000000000000000000, 0.6700000000000000400 ) ) ;
#1207 = EDGE_CURVE ( 'NONE', #1282, #1216, #908, .T. ) ;
#1208 = CARTESIAN_POINT ( 'NONE',  ( 1.600000000000000533, 0.1499999999999999944, -0.7500000000000000000 ) ) ;
#1209 = ORIENTED_EDGE ( 'NONE', *, *, #71, .T. ) ;
#1210 = EDGE_CURVE ( 'NONE', #936, #2101, #1777, .T. ) ;
#1211 = EDGE_LOOP ( 'NONE', ( #5, #2049, #967, #2036, #1913, #1414, #411, #2032, #184, #987, #939, #814 ) ) ;
#1212 = CARTESIAN_POINT ( 'NONE',  ( -1.452535721577320915, 0.1499999999999999944, 0.7225357215773205999 ) ) ;
#1213 = FILL_AREA_STYLE ('',( #1999 ) ) ;
#1214 = CARTESIAN_POINT ( 'NONE',  ( 0.000000000000000000, 0.000000000000000000, 0.000000000000000000 ) ) ;
#1215 = ADVANCED_FACE ( 'NONE', ( #1581 ), #260, .F. ) ;
#1216 = VERTEX_POINT ( 'NONE', #62 ) ;
#1217 = DIRECTION ( 'NONE',  ( 0.000000000000000000, 0.000000000000000000, -1.000000000000000000 ) ) ;
#1218 = CARTESIAN_POINT ( 'NONE',  ( 1.400000000000000577, 0.1499999999999999667, 0.6700000000000000400 ) ) ;
#1219 = DIRECTION ( 'NONE',  ( 0.000000000000000000, 0.000000000000000000, -1.000000000000000000 ) ) ;
#1220 = EDGE_CURVE ( 'NONE', #297, #1979, #1222, .T. ) ;
#1221 = VECTOR ( 'NONE', #2022, 1000.000000000000000 ) ;
#1222 = LINE ( 'NONE', #726, #463 ) ;
#1223 = DIRECTION ( 'NONE',  ( -0.7071067811865512365, 0.000000000000000000, 0.7071067811865439090 ) ) ;
#1224 = VECTOR ( 'NONE', #768, 1000.000000000000000 ) ;
#1225 = CIRCLE ( 'NONE', #237, 0.1500000000000000777 ) ;
#1226 = DIRECTION ( 'NONE',  ( 0.000000000000000000, 1.000000000000000000, -0.000000000000000000 ) ) ;
#1227 = FACE_OUTER_BOUND ( 'NONE', #557, .T. ) ;
#1228 = DIRECTION ( 'NONE',  ( -1.000000000000000000, 0.000000000000000000, -0.000000000000000000 ) ) ;
#1229 = EDGE_CURVE ( 'NONE', #1529, #874, #2082, .T. ) ;
#1230 = FACE_OUTER_BOUND ( 'NONE', #1539, .T. ) ;
#1231 = EDGE_LOOP ( 'NONE', ( #355, #525, #650, #898 ) ) ;
#1232 = CARTESIAN_POINT ( 'NONE',  ( 1.519999999999999574, 0.5999999999999999778, 0.5200000000000000178 ) ) ;
#1233 = VECTOR ( 'NONE', #943, 1000.000000000000000 ) ;
#1234 = PLANE ( 'NONE',  #553 ) ;
#1235 = PLANE ( 'NONE',  #1973 ) ;
#1236 = ADVANCED_FACE ( 'NONE', ( #1200 ), #1165, .F. ) ;
#1237 = ADVANCED_FACE ( 'NONE', ( #851 ), #668, .F. ) ;
#1238 = DIRECTION ( 'NONE',  ( -1.000000000000000000, 0.000000000000000000, 0.000000000000000000 ) ) ;
#1239 = ORIENTED_EDGE ( 'NONE', *, *, #436, .F. ) ;
#1240 = EDGE_CURVE ( 'NONE', #2185, #286, #1350, .T. ) ;
#1241 = LINE ( 'NONE', #777, #1843 ) ;
#1242 = EDGE_CURVE ( 'NONE', #1392, #790, #2029, .T. ) ;
#1243 = ORIENTED_EDGE ( 'NONE', *, *, #517, .T. ) ;
#1244 = CARTESIAN_POINT ( 'NONE',  ( 0.8500000000000006439, 0.1499999999999999944, -0.6699999999999995959 ) ) ;
#1245 = DIRECTION ( 'NONE',  ( 0.000000000000000000, 0.000000000000000000, -1.000000000000000000 ) ) ;
#1246 = PRODUCT_RELATED_PRODUCT_CATEGORY ( 'part', '', ( #1048 ) ) ;
#1247 = ORIENTED_EDGE ( 'NONE', *, *, #1210, .F. ) ;
#1248 = CARTESIAN_POINT ( 'NONE',  ( -1.450000000000000622, 0.000000000000000000, -0.7500000000000000000 ) ) ;
#1249 = DIRECTION ( 'NONE',  ( 0.7071067811865424657, -0.000000000000000000, 0.7071067811865526798 ) ) ;
#1250 = ORIENTED_EDGE ( 'NONE', *, *, #325, .F. ) ;
#1251 = DIRECTION ( 'NONE',  ( 0.000000000000000000, 0.000000000000000000, -1.000000000000000000 ) ) ;
#1252 = CARTESIAN_POINT ( 'NONE',  ( -1.572535721577320800, 0.000000000000000000, 0.6025357215773206043 ) ) ;
#1253 = MECHANICAL_DESIGN_GEOMETRIC_PRESENTATION_REPRESENTATION (  '', ( #841 ), #386 ) ;
#1254 = ORIENTED_EDGE ( 'NONE', *, *, #2009, .T. ) ;
#1255 = CARTESIAN_POINT ( 'NONE',  ( -1.600000000000000533, 0.5999999999999999778, -0.7500000000000002220 ) ) ;
#1256 = VECTOR ( 'NONE', #139, 1000.000000000000000 ) ;
#1257 = AXIS2_PLACEMENT_3D ( 'NONE', #1305, #1845, #2142 ) ;
#1258 = ORIENTED_EDGE ( 'NONE', *, *, #1896, .T. ) ;
#1259 = CARTESIAN_POINT ( 'NONE',  ( 1.572535721577320356, 0.000000000000000000, -0.6025357215773206043 ) ) ;
#1260 = DIRECTION ( 'NONE',  ( -0.000000000000000000, -1.000000000000000000, -0.000000000000000000 ) ) ;
#1261 = VERTEX_POINT ( 'NONE', #493 ) ;
#1262 = DIRECTION ( 'NONE',  ( -1.000000000000000000, 0.000000000000000000, 0.000000000000000000 ) ) ;
#1263 = ORIENTED_EDGE ( 'NONE', *, *, #800, .F. ) ;
#1264 = DIRECTION ( 'NONE',  ( 0.000000000000000000, -0.000000000000000000, 1.000000000000000000 ) ) ;
#1265 = CARTESIAN_POINT ( 'NONE',  ( 1.369999999999999885, 0.5999999999999999778, 0.5200000000000000178 ) ) ;
#1266 = EDGE_CURVE ( 'NONE', #1698, #522, #52, .T. ) ;
#1267 = VECTOR ( 'NONE', #1952, 1000.000000000000000 ) ;
#1268 = DIRECTION ( 'NONE',  ( 0.7071067811865496822, 0.000000000000000000, 0.7071067811865453523 ) ) ;
#1269 = CARTESIAN_POINT ( 'NONE',  ( 1.520000000000000462, 0.1499999999999999667, 0.5500000000000000444 ) ) ;
#1270 = EDGE_CURVE ( 'NONE', #1028, #2122, #729, .T. ) ;
#1271 = DIRECTION ( 'NONE',  ( 0.000000000000000000, 0.000000000000000000, -1.000000000000000000 ) ) ;
#1272 = VERTEX_POINT ( 'NONE', #1597 ) ;
#1273 = DIRECTION ( 'NONE',  ( 0.000000000000000000, 1.000000000000000000, -0.000000000000000000 ) ) ;
#1274 = ORIENTED_EDGE ( 'NONE', *, *, #360, .F. ) ;
#1275 = DIRECTION ( 'NONE',  ( 0.7071067811865453523, 0.000000000000000000, 0.7071067811865496822 ) ) ;
#1276 = DIRECTION ( 'NONE',  ( -0.000000000000000000, 0.000000000000000000, -1.000000000000000000 ) ) ;
#1277 = CARTESIAN_POINT ( 'NONE',  ( -1.400000000000000577, 0.000000000000000000, -0.6700000000000000400 ) ) ;
#1278 = DIRECTION ( 'NONE',  ( 0.000000000000000000, 0.000000000000000000, -1.000000000000000000 ) ) ;
#1279 = DIRECTION ( 'NONE',  ( -0.7071067811865453523, -0.000000000000000000, -0.7071067811865496822 ) ) ;
#1280 = DIRECTION ( 'NONE',  ( -0.7071067811865453523, 0.000000000000000000, 0.7071067811865496822 ) ) ;
#1281 = DIRECTION ( 'NONE',  ( 0.000000000000000000, 0.000000000000000000, -1.000000000000000000 ) ) ;
#1282 = VERTEX_POINT ( 'NONE', #1427 ) ;
#1283 = LINE ( 'NONE', #1978, #511 ) ;
#1284 = VERTEX_POINT ( 'NONE', #1769 ) ;
#1285 = PLANE ( 'NONE',  #1797 ) ;
#1286 = CARTESIAN_POINT ( 'NONE',  ( -1.100000000000000755, 0.1499999999999999667, -0.6699999999999998179 ) ) ;
#1287 = VECTOR ( 'NONE', #1430, 1000.000000000000000 ) ;
#1288 = TOROIDAL_SURFACE ( 'NONE', #90, 0.09999999999999999167, 0.05000000000000000278 ) ;
#1289 = PLANE ( 'NONE',  #771 ) ;
#1290 = DIRECTION ( 'NONE',  ( 0.000000000000000000, 0.000000000000000000, 1.000000000000000000 ) ) ;
#1291 = COLOUR_RGB ( '',1.000000000000000000, 0.8117647058823529438, 0.5019607843137254832 ) ;
#1292 = FACE_OUTER_BOUND ( 'NONE', #2107, .T. ) ;
#1293 = DIRECTION ( 'NONE',  ( 0.7071067811865512365, 0.000000000000000000, 0.7071067811865439090 ) ) ;
#1294 = AXIS2_PLACEMENT_3D ( 'NONE', #646, #1649, #1137 ) ;
#1295 = CARTESIAN_POINT ( 'NONE',  ( -1.100000000000000533, 0.1499999999999999944, 0.6700000000000000400 ) ) ;
#1296 = EDGE_CURVE ( 'NONE', #867, #1829, #490, .T. ) ;
#1297 = VERTEX_POINT ( 'NONE', #1100 ) ;
#1298 = EDGE_LOOP ( 'NONE', ( #2041, #1209, #633, #1848 ) ) ;
#1299 = PLANE ( 'NONE',  #1330 ) ;
#1300 = VECTOR ( 'NONE', #818, 1000.000000000000000 ) ;
#1301 = ORIENTED_EDGE ( 'NONE', *, *, #1632, .T. ) ;
#1302 = EDGE_CURVE ( 'NONE', #874, #2070, #396, .T. ) ;
#1303 = LINE ( 'NONE', #1984, #1621 ) ;
#1304 = DIRECTION ( 'NONE',  ( 1.445602896647339508E-15, 0.000000000000000000, -1.000000000000000000 ) ) ;
#1305 = CARTESIAN_POINT ( 'NONE',  ( 1.600000000000000533, 0.000000000000000000, -0.7500000000000000000 ) ) ;
#1306 = EDGE_CURVE ( 'NONE', #1745, #1081, #1416, .T. ) ;
#1307 = VECTOR ( 'NONE', #414, 1000.000000000000000 ) ;
#1308 = CARTESIAN_POINT ( 'NONE',  ( -1.100000000000000533, 0.000000000000000000, 0.6700000000000000400 ) ) ;
#1309 = ORIENTED_EDGE ( 'NONE', *, *, #1465, .T. ) ;
#1310 = EDGE_CURVE ( 'NONE', #1184, #728, #462, .T. ) ;
#1311 = DIRECTION ( 'NONE',  ( -0.7071067811865424657, 0.000000000000000000, 0.7071067811865526798 ) ) ;
#1312 = ORIENTED_EDGE ( 'NONE', *, *, #1405, .T. ) ;
#1313 = DIRECTION ( 'NONE',  ( -1.000000000000000000, 0.000000000000000000, -0.000000000000000000 ) ) ;
#1314 = CARTESIAN_POINT ( 'NONE',  ( -1.600000000000000533, 0.1499999999999999667, -0.7500000000000000000 ) ) ;
#1315 = LINE ( 'NONE', #798, #1397 ) ;
#1316 = CARTESIAN_POINT ( 'NONE',  ( 1.369999999999999885, 0.6500000000000000222, 0.6199999999999999956 ) ) ;
#1317 = ORIENTED_EDGE ( 'NONE', *, *, #2059, .T. ) ;
#1318 = FACE_OUTER_BOUND ( 'NONE', #1759, .T. ) ;
#1319 = ORIENTED_EDGE ( 'NONE', *, *, #765, .F. ) ;
#1320 = DIRECTION ( 'NONE',  ( -0.000000000000000000, -1.000000000000000000, -0.000000000000000000 ) ) ;
#1321 = CARTESIAN_POINT ( 'NONE',  ( -1.600000000000000533, 0.6500000000000000222, 0.7500000000000000000 ) ) ;
#1322 = ADVANCED_FACE ( 'NONE', ( #913 ), #1609, .F. ) ;
#1323 = CIRCLE ( 'NONE', #766, 0.05000000000000002359 ) ;
#1324 = DIRECTION ( 'NONE',  ( -0.000000000000000000, -1.000000000000000000, -0.000000000000000000 ) ) ;
#1325 = ORIENTED_EDGE ( 'NONE', *, *, #1337, .F. ) ;
#1326 = CARTESIAN_POINT ( 'NONE',  ( 1.520000000000000462, 0.000000000000000000, -0.5500000000000000444 ) ) ;
#1327 = AXIS2_PLACEMENT_3D ( 'NONE', #38, #1686, #1376 ) ;
#1328 = AXIS2_PLACEMENT_3D ( 'NONE', #289, #972, #617 ) ;
#1329 = ORIENTED_EDGE ( 'NONE', *, *, #418, .T. ) ;
#1330 = AXIS2_PLACEMENT_3D ( 'NONE', #152, #1809, #1492 ) ;
#1331 = EDGE_LOOP ( 'NONE', ( #873, #569, #923, #1368 ) ) ;
#1332 = CARTESIAN_POINT ( 'NONE',  ( 1.369999999999999662, 0.5999999999999999778, -0.5200000000000000178 ) ) ;
#1333 = CARTESIAN_POINT ( 'NONE',  ( 1.400000000000000577, 0.000000000000000000, -0.6700000000000000400 ) ) ;
#1334 = ORIENTED_EDGE ( 'NONE', *, *, #157, .F. ) ;
#1335 = DIRECTION ( 'NONE',  ( 1.000000000000000000, 0.000000000000000000, 7.228014483236699514E-16 ) ) ;
#1336 = EDGE_LOOP ( 'NONE', ( #1771, #2143, #2019, #978 ) ) ;
#1337 = EDGE_CURVE ( 'NONE', #520, #763, #938, .T. ) ;
#1338 = CARTESIAN_POINT ( 'NONE',  ( -1.600000000000000533, 0.000000000000000000, 0.5999999999999999778 ) ) ;
#1339 = ORIENTED_EDGE ( 'NONE', *, *, #1632, .F. ) ;
#1340 = ORIENTED_EDGE ( 'NONE', *, *, #608, .T. ) ;
#1341 = CYLINDRICAL_SURFACE ( 'NONE', #1364, 0.1499999999999999667 ) ;
#1342 = VECTOR ( 'NONE', #489, 1000.000000000000000 ) ;
#1343 = VERTEX_POINT ( 'NONE', #958 ) ;
#1344 = EDGE_CURVE ( 'NONE', #207, #706, #113, .T. ) ;
#1345 = ORIENTED_EDGE ( 'NONE', *, *, #1160, .F. ) ;
#1346 = LINE ( 'NONE', #2024, #287 ) ;
#1347 = CARTESIAN_POINT ( 'NONE',  ( -1.100000000000000533, 1.765638989618750321, 0.6700000000000000400 ) ) ;
#1348 = CARTESIAN_POINT ( 'NONE',  ( 0.8500000000000004219, 0.1499999999999999667, 0.6700000000000000400 ) ) ;
#1349 = ORIENTED_EDGE ( 'NONE', *, *, #1577, .T. ) ;
#1350 = LINE ( 'NONE', #994, #1631 ) ;
#1351 = ORIENTED_EDGE ( 'NONE', *, *, #624, .F. ) ;
#1352 = DIRECTION ( 'NONE',  ( -0.7071067811865453523, 0.000000000000000000, -0.7071067811865496822 ) ) ;
#1353 = ORIENTED_EDGE ( 'NONE', *, *, #825, .T. ) ;
#1354 = DIRECTION ( 'NONE',  ( -0.000000000000000000, -1.000000000000000000, -0.000000000000000000 ) ) ;
#1355 = UNCERTAINTY_MEASURE_WITH_UNIT (LENGTH_MEASURE( 1.000000000000000082E-05 ), #715, 'distance_accuracy_value', 'NONE');
#1356 = ORIENTED_EDGE ( 'NONE', *, *, #389, .T. ) ;
#1357 = CARTESIAN_POINT ( 'NONE',  ( -1.600000000000000533, 0.1499999999999999667, 0.7500000000000000000 ) ) ;
#1358 = ORIENTED_EDGE ( 'NONE', *, *, #1765, .T. ) ;
#1359 = FILL_AREA_STYLE_COLOUR ( '', #1291 ) ;
#1360 = VERTEX_POINT ( 'NONE', #595 ) ;
#1361 = CARTESIAN_POINT ( 'NONE',  ( -0.8500000000000006439, 0.1499999999999999944, -0.4200000000000023159 ) ) ;
#1362 = AXIS2_PLACEMENT_3D ( 'NONE', #1838, #1114, #146 ) ;
#1363 = VERTEX_POINT ( 'NONE', #2106 ) ;
#1364 = AXIS2_PLACEMENT_3D ( 'NONE', #349, #2047, #2186 ) ;
#1365 = SURFACE_STYLE_USAGE ( .BOTH. , #504 ) ;
#1366 = CIRCLE ( 'NONE', #2178, 0.1500000000000000777 ) ;
#1367 = ORIENTED_EDGE ( 'NONE', *, *, #423, .F. ) ;
#1368 = ORIENTED_EDGE ( 'NONE', *, *, #1730, .T. ) ;
#1369 = CARTESIAN_POINT ( 'NONE',  ( 1.519999999999999574, 0.5999999999999999778, -0.5200000000000000178 ) ) ;
#1370 = CARTESIAN_POINT ( 'NONE',  ( 1.600000000000000089, 0.000000000000000000, 0.7500000000000000000 ) ) ;
#1371 = ADVANCED_FACE ( 'NONE', ( #1619 ), #2125, .T. ) ;
#1372 = CYLINDRICAL_SURFACE ( 'NONE', #1688, 0.1500000000000000777 ) ;
#1373 = ORIENTED_EDGE ( 'NONE', *, *, #556, .F. ) ;
#1374 = EDGE_CURVE ( 'NONE', #1360, #864, #571, .T. ) ;
#1375 = EDGE_LOOP ( 'NONE', ( #683, #1121, #1642, #1032 ) ) ;
#1376 = DIRECTION ( 'NONE',  ( 1.290716872006545385E-16, 0.000000000000000000, 1.000000000000000000 ) ) ;
#1377 = ADVANCED_FACE ( 'NONE', ( #603 ), #1449, .T. ) ;
#1378 = DIRECTION ( 'NONE',  ( 0.7071067811865453523, 0.000000000000000000, 0.7071067811865496822 ) ) ;
#1379 = ORIENTED_EDGE ( 'NONE', *, *, #510, .F. ) ;
#1380 = DIRECTION ( 'NONE',  ( 1.000000000000000000, -0.000000000000000000, 0.000000000000000000 ) ) ;
#1381 = AXIS2_PLACEMENT_3D ( 'NONE', #1503, #1822, #1174 ) ;
#1382 = CARTESIAN_POINT ( 'NONE',  ( 1.452535721577320915, 0.000000000000000000, -0.7225357215773205999 ) ) ;
#1383 = ORIENTED_EDGE ( 'NONE', *, *, #329, .T. ) ;
#1384 = ORIENTED_EDGE ( 'NONE', *, *, #1438, .F. ) ;
#1385 = ADVANCED_FACE ( 'NONE', ( #1955 ), #1920, .T. ) ;
#1386 = CARTESIAN_POINT ( 'NONE',  ( -1.400000000000000577, 0.1499999999999999944, 0.6700000000000000400 ) ) ;
#1387 = LINE ( 'NONE', #32, #476 ) ;
#1388 = ORIENTED_EDGE ( 'NONE', *, *, #1229, .F. ) ;
#1389 = CARTESIAN_POINT ( 'NONE',  ( -1.600000000000000533, 0.1499999999999999944, 0.7500000000000000000 ) ) ;
#1390 = DIRECTION ( 'NONE',  ( -0.7071067811865453523, 0.000000000000000000, -0.7071067811865496822 ) ) ;
#1391 = ORIENTED_EDGE ( 'NONE', *, *, #1063, .F. ) ;
#1392 = VERTEX_POINT ( 'NONE', #615 ) ;
#1393 = CARTESIAN_POINT ( 'NONE',  ( 1.452535721577320915, 0.1499999999999999944, -0.7225357215773205999 ) ) ;
#1394 = EDGE_CURVE ( 'NONE', #2185, #1343, #1064, .T. ) ;
#1395 = PRODUCT_DEFINITION_SHAPE ( 'NONE', 'NONE',  #10 ) ;
#1396 = CARTESIAN_POINT ( 'NONE',  ( -1.369999999999999440, 0.5999999999999999778, -0.5200000000000000178 ) ) ;
#1397 = VECTOR ( 'NONE', #1478, 1000.000000000000000 ) ;
#1398 = CARTESIAN_POINT ( 'NONE',  ( 1.572535721577320800, 0.1499999999999999944, 0.6025357215773203823 ) ) ;
#1399 = VECTOR ( 'NONE', #996, 1000.000000000000000 ) ;
#1400 = ORIENTED_EDGE ( 'NONE', *, *, #1182, .F. ) ;
#1401 = VECTOR ( 'NONE', #1164, 1000.000000000000000 ) ;
#1402 = CARTESIAN_POINT ( 'NONE',  ( -1.400000000000000577, 1.765638989618750321, 0.6700000000000000400 ) ) ;
#1403 = CARTESIAN_POINT ( 'NONE',  ( 1.599999999999999645, 0.000000000000000000, 0.5999999999999999778 ) ) ;
#1404 = AXIS2_PLACEMENT_3D ( 'NONE', #949, #1463, #2128 ) ;
#1405 = EDGE_CURVE ( 'NONE', #385, #377, #1134, .T. ) ;
#1406 = CARTESIAN_POINT ( 'NONE',  ( -1.572535721577320356, 0.1499999999999999667, -0.6025357215773204933 ) ) ;
#1407 = DIRECTION ( 'NONE',  ( -0.000000000000000000, -0.000000000000000000, 1.000000000000000000 ) ) ;
#1408 = EDGE_CURVE ( 'NONE', #1153, #2104, #1981, .T. ) ;
#1409 = VECTOR ( 'NONE', #367, 1000.000000000000000 ) ;
#1410 = DIRECTION ( 'NONE',  ( -0.000000000000000000, 1.000000000000000000, 0.000000000000000000 ) ) ;
#1411 = VECTOR ( 'NONE', #88, 1000.000000000000000 ) ;
#1412 = VERTEX_POINT ( 'NONE', #311 ) ;
#1413 = DIRECTION ( 'NONE',  ( 1.618212197739559622E-16, 0.000000000000000000, -1.000000000000000000 ) ) ;
#1414 = ORIENTED_EDGE ( 'NONE', *, *, #2189, .F. ) ;
#1415 = CARTESIAN_POINT ( 'NONE',  ( 1.400000000000000577, 0.1499999999999999944, 0.6700000000000000400 ) ) ;
#1416 = LINE ( 'NONE', #1946, #1731 ) ;
#1417 = AXIS2_PLACEMENT_3D ( 'NONE', #1265, #1586, #1744 ) ;
#1418 = AXIS2_PLACEMENT_3D ( 'NONE', #92, #1431, #776 ) ;
#1419 = ORIENTED_EDGE ( 'NONE', *, *, #1641, .T. ) ;
#1420 = DIRECTION ( 'NONE',  ( 0.7071067811865424657, 0.000000000000000000, -0.7071067811865526798 ) ) ;
#1421 = CARTESIAN_POINT ( 'NONE',  ( -0.8500000000000005329, 1.765638989618750321, 0.4200000000000025935 ) ) ;
#1422 = ORIENTED_EDGE ( 'NONE', *, *, #1019, .F. ) ;
#1423 = ORIENTED_EDGE ( 'NONE', *, *, #486, .T. ) ;
#1424 = LINE ( 'NONE', #1755, #39 ) ;
#1425 = ORIENTED_EDGE ( 'NONE', *, *, #918, .F. ) ;
#1426 = LINE ( 'NONE', #2105, #1689 ) ;
#1427 = CARTESIAN_POINT ( 'NONE',  ( -1.452535721577320915, 0.1499999999999999944, -0.7225357215773205999 ) ) ;
#1428 = ORIENTED_EDGE ( 'NONE', *, *, #1240, .T. ) ;
#1429 = LINE ( 'NONE', #1914, #1128 ) ;
#1430 = DIRECTION ( 'NONE',  ( -0.7071067811865453523, 0.000000000000000000, 0.7071067811865496822 ) ) ;
#1431 = DIRECTION ( 'NONE',  ( 0.7071067811865526798, 0.000000000000000000, -0.7071067811865424657 ) ) ;
#1432 = EDGE_CURVE ( 'NONE', #419, #1360, #1451, .T. ) ;
#1433 = CARTESIAN_POINT ( 'NONE',  ( 0.000000000000000000, 0.6500000000000000222, -0.6199999999999999956 ) ) ;
#1434 = VECTOR ( 'NONE', #1626, 1000.000000000000000 ) ;
#1435 = ORIENTED_EDGE ( 'NONE', *, *, #1931, .F. ) ;
#1436 = LINE ( 'NONE', #1585, #740 ) ;
#1437 = DIRECTION ( 'NONE',  ( 0.000000000000000000, -1.000000000000000000, 0.000000000000000000 ) ) ;
#1438 = EDGE_CURVE ( 'NONE', #16, #1469, #845, .T. ) ;
#1439 = VECTOR ( 'NONE', #1352, 1000.000000000000000 ) ;
#1440 = PRESENTATION_LAYER_ASSIGNMENT (  '', '', ( #205 ) ) ;
#1441 = ADVANCED_FACE ( 'NONE', ( #1645 ), #836, .T. ) ;
#1442 = CARTESIAN_POINT ( 'NONE',  ( -1.400000000000000577, 0.1499999999999999944, -0.6700000000000000400 ) ) ;
#1443 = DIRECTION ( 'NONE',  ( 0.000000000000000000, -0.000000000000000000, -1.000000000000000000 ) ) ;
#1444 = EDGE_CURVE ( 'NONE', #1909, #1450, #979, .T. ) ;
#1445 = CARTESIAN_POINT ( 'NONE',  ( -1.100000000000000533, 0.1499999999999999667, 0.6699999999999999289 ) ) ;
#1446 = FILL_AREA_STYLE_COLOUR ( '', #1789 ) ;
#1447 = CARTESIAN_POINT ( 'NONE',  ( -1.520000000000000462, 0.1499999999999999667, -0.5500000000000000444 ) ) ;
#1448 = PLANE ( 'NONE',  #456 ) ;
#1449 = PLANE ( 'NONE',  #2016 ) ;
#1450 = VERTEX_POINT ( 'NONE', #1286 ) ;
#1451 = CIRCLE ( 'NONE', #1700, 0.1000000000000000472 ) ;
#1452 = FACE_OUTER_BOUND ( 'NONE', #2061, .T. ) ;
#1453 = CYLINDRICAL_SURFACE ( 'NONE', #631, 0.05000000000000002359 ) ;
#1454 = ADVANCED_FACE ( 'NONE', ( #1850 ), #452, .T. ) ;
#1455 = DIRECTION ( 'NONE',  ( -1.000000000000000000, 0.000000000000000000, 0.000000000000000000 ) ) ;
#1456 = DIRECTION ( 'NONE',  ( -1.000000000000000000, 0.000000000000000000, 0.000000000000000000 ) ) ;
#1457 = LINE ( 'NONE', #460, #811 ) ;
#1458 = EDGE_LOOP ( 'NONE', ( #2028, #1495, #507, #1301 ) ) ;
#1459 = VERTEX_POINT ( 'NONE', #1154 ) ;
#1460 = CARTESIAN_POINT ( 'NONE',  ( 0.8500000000000006439, 0.000000000000000000, -0.6699999999999995959 ) ) ;
#1461 = CARTESIAN_POINT ( 'NONE',  ( 0.8500000000000004219, 1.765638989618750321, 0.6700000000000000400 ) ) ;
#1462 = CARTESIAN_POINT ( 'NONE',  ( -1.400000000000000577, 0.1499999999999999667, 0.6700000000000000400 ) ) ;
#1463 = DIRECTION ( 'NONE',  ( -0.000000000000000000, -1.000000000000000000, -0.000000000000000000 ) ) ;
#1464 = LINE ( 'NONE', #126, #1434 ) ;
#1465 = EDGE_CURVE ( 'NONE', #1172, #1216, #471, .T. ) ;
#1466 = DIRECTION ( 'NONE',  ( 7.885106708985487062E-16, -0.000000000000000000, 1.000000000000000000 ) ) ;
#1467 = VERTEX_POINT ( 'NONE', #192 ) ;
#1468 = ORIENTED_EDGE ( 'NONE', *, *, #1801, .F. ) ;
#1469 = VERTEX_POINT ( 'NONE', #364 ) ;
#1470 = ORIENTED_EDGE ( 'NONE', *, *, #174, .F. ) ;
#1471 = CARTESIAN_POINT ( 'NONE',  ( -0.8500000000000005329, 0.000000000000000000, 0.4200000000000025935 ) ) ;
#1472 = AXIS2_PLACEMENT_3D ( 'NONE', #810, #785, #831 ) ;
#1473 = VECTOR ( 'NONE', #108, 1000.000000000000000 ) ;
#1474 = EDGE_CURVE ( 'NONE', #1595, #1459, #880, .T. ) ;
#1475 = CARTESIAN_POINT ( 'NONE',  ( 1.452535721577320915, 0.1499999999999999944, -0.7225357215773205999 ) ) ;
#1476 = CARTESIAN_POINT ( 'NONE',  ( 1.572535721577320356, 0.1499999999999999944, -0.6025357215773206043 ) ) ;
#1477 = VECTOR ( 'NONE', #807, 1000.000000000000000 ) ;
#1478 = DIRECTION ( 'NONE',  ( -0.7071067811865453523, -0.000000000000000000, 0.7071067811865496822 ) ) ;
#1479 = CARTESIAN_POINT ( 'NONE',  ( 1.452535721577320915, 0.000000000000000000, 0.7225357215773207109 ) ) ;
#1480 = AXIS2_PLACEMENT_3D ( 'NONE', #1314, #266, #1304 ) ;
#1481 = LINE ( 'NONE', #1170, #130 ) ;
#1482 = ORIENTED_EDGE ( 'NONE', *, *, #1730, .F. ) ;
#1483 = CARTESIAN_POINT ( 'NONE',  ( -1.572535721577320356, 1.765638989618750321, -0.6025357215773206043 ) ) ;
#1484 = VECTOR ( 'NONE', #1625, 1000.000000000000000 ) ;
#1485 = DIRECTION ( 'NONE',  ( -0.000000000000000000, -1.000000000000000000, -0.000000000000000000 ) ) ;
#1486 = DIRECTION ( 'NONE',  ( -0.000000000000000000, -1.000000000000000000, 0.000000000000000000 ) ) ;
#1487 = LINE ( 'NONE', #1949, #2177 ) ;
#1488 = LINE ( 'NONE', #648, #2043 ) ;
#1489 = CARTESIAN_POINT ( 'NONE',  ( -1.450000000000000622, 0.5999999999999999778, 0.7500000000000000000 ) ) ;
#1490 = VERTEX_POINT ( 'NONE', #340 ) ;
#1491 = VERTEX_POINT ( 'NONE', #1382 ) ;
#1492 = DIRECTION ( 'NONE',  ( 1.618212197739559376E-16, 0.000000000000000000, -1.000000000000000000 ) ) ;
#1493 = CARTESIAN_POINT ( 'NONE',  ( 1.369999999999999885, 0.6500000000000000222, 0.5200000000000000178 ) ) ;
#1494 = ADVANCED_FACE ( 'NONE', ( #1043 ), #2068, .F. ) ;
#1495 = ORIENTED_EDGE ( 'NONE', *, *, #1576, .F. ) ;
#1496 = CARTESIAN_POINT ( 'NONE',  ( -1.400000000000000577, 0.000000000000000000, 0.6700000000000000400 ) ) ;
#1497 = DIRECTION ( 'NONE',  ( 1.000000000000000000, -0.000000000000000000, -0.000000000000000000 ) ) ;
#1498 = LINE ( 'NONE', #147, #545 ) ;
#1499 = VERTEX_POINT ( 'NONE', #1558 ) ;
#1500 = ORIENTED_EDGE ( 'NONE', *, *, #2062, .F. ) ;
#1501 = EDGE_CURVE ( 'NONE', #1143, #439, #1052, .T. ) ;
#1502 = CARTESIAN_POINT ( 'NONE',  ( -1.520000000000000462, 0.1499999999999999944, 0.5500000000000000444 ) ) ;
#1503 = CARTESIAN_POINT ( 'NONE',  ( 0.8500000000000006439, 0.1499999999999999944, -0.6699999999999995959 ) ) ;
#1504 = ADVANCED_FACE ( 'NONE', ( #35 ), #1732, .F. ) ;
#1505 = EDGE_CURVE ( 'NONE', #501, #537, #509, .T. ) ;
#1506 = FACE_OUTER_BOUND ( 'NONE', #791, .T. ) ;
#1507 = ORIENTED_EDGE ( 'NONE', *, *, #1120, .F. ) ;
#1508 = CARTESIAN_POINT ( 'NONE',  ( 0.8500000000000004219, 0.1499999999999999944, 0.6700000000000000400 ) ) ;
#1509 = EDGE_CURVE ( 'NONE', #415, #226, #746, .T. ) ;
#1510 = AXIS2_PLACEMENT_3D ( 'NONE', #1599, #905, #1575 ) ;
#1511 = CLOSED_SHELL ( 'NONE', ( #890, #862, #1494, #2102, #159, #225, #257, #2034, #459, #2035, #203, #133, #1441, #1009, #1371, #887, #1385, #2155, #761, #277, #1053, #829, #1647, #1959, #464, #100, #198, #67, #983, #1377, #1147, #1454 ) ) ;
#1512 = ORIENTED_EDGE ( 'NONE', *, *, #157, .T. ) ;
#1513 = DIRECTION ( 'NONE',  ( -0.000000000000000000, -0.000000000000000000, -1.000000000000000000 ) ) ;
#1514 = ORIENTED_EDGE ( 'NONE', *, *, #1537, .F. ) ;
#1515 = CARTESIAN_POINT ( 'NONE',  ( -1.520000000000000462, 0.1499999999999999667, 0.5500000000000000444 ) ) ;
#1516 = VECTOR ( 'NONE', #1036, 1000.000000000000000 ) ;
#1517 = DIRECTION ( 'NONE',  ( 0.000000000000000000, -1.000000000000000000, 0.000000000000000000 ) ) ;
#1518 = VERTEX_POINT ( 'NONE', #528 ) ;
#1519 = EDGE_LOOP ( 'NONE', ( #1841, #20, #2045, #901 ) ) ;
#1520 = CARTESIAN_POINT ( 'NONE',  ( -1.452535721577320915, 0.000000000000000000, 0.7225357215773205999 ) ) ;
#1521 = ORIENTED_EDGE ( 'NONE', *, *, #797, .T. ) ;
#1522 = DIRECTION ( 'NONE',  ( 0.000000000000000000, 0.000000000000000000, -1.000000000000000000 ) ) ;
#1523 = AXIS2_PLACEMENT_3D ( 'NONE', #1370, #2058, #182 ) ;
#1524 = AXIS2_PLACEMENT_3D ( 'NONE', #1849, #331, #1682 ) ;
#1525 = VERTEX_POINT ( 'NONE', #859 ) ;
#1526 = DIRECTION ( 'NONE',  ( -1.000000000000000000, -0.000000000000000000, 7.885106708985486076E-16 ) ) ;
#1527 = DIRECTION ( 'NONE',  ( -0.7071067811865439090, 0.000000000000000000, -0.7071067811865512365 ) ) ;
#1528 = PLANE ( 'NONE',  #2006 ) ;
#1529 = VERTEX_POINT ( 'NONE', #1721 ) ;
#1530 = DIRECTION ( 'NONE',  ( -0.7071067811865453523, 0.000000000000000000, -0.7071067811865496822 ) ) ;
#1531 = ORIENTED_EDGE ( 'NONE', *, *, #230, .T. ) ;
#1532 = DIRECTION ( 'NONE',  ( -1.000000000000000000, 0.000000000000000000, 0.000000000000000000 ) ) ;
#1533 = ORIENTED_EDGE ( 'NONE', *, *, #550, .F. ) ;
#1534 = EDGE_CURVE ( 'NONE', #439, #1172, #13, .T. ) ;
#1535 = EDGE_LOOP ( 'NONE', ( #1356, #2013, #190, #2088, #1611, #1419 ) ) ;
#1536 = DIRECTION ( 'NONE',  ( -1.000000000000000000, -0.000000000000000000, 7.885106708985486076E-16 ) ) ;
#1537 = EDGE_CURVE ( 'NONE', #1073, #1866, #1035, .T. ) ;
#1538 = PLANE ( 'NONE',  #271 ) ;
#1539 = EDGE_LOOP ( 'NONE', ( #37, #14, #1194, #2000 ) ) ;
#1540 = ORIENTED_EDGE ( 'NONE', *, *, #924, .T. ) ;
#1541 = DIRECTION ( 'NONE',  ( -1.618212197739559376E-16, -0.000000000000000000, 1.000000000000000000 ) ) ;
#1542 = ORIENTED_EDGE ( 'NONE', *, *, #1892, .T. ) ;
#1543 = AXIS2_PLACEMENT_3D ( 'NONE', #306, #649, #788 ) ;
#1544 = CARTESIAN_POINT ( 'NONE',  ( -1.450000000000000622, 0.000000000000000000, -0.7500000000000000000 ) ) ;
#1545 = EDGE_CURVE ( 'NONE', #323, #12, #1061, .T. ) ;
#1546 = VECTOR ( 'NONE', #117, 1000.000000000000000 ) ;
#1547 = VERTEX_POINT ( 'NONE', #1569 ) ;
#1548 = SURFACE_STYLE_FILL_AREA ( #41 ) ;
#1549 = CARTESIAN_POINT ( 'NONE',  ( 1.600000000000000533, 0.1499999999999999667, -0.7500000000000000000 ) ) ;
#1550 = EDGE_CURVE ( 'NONE', #1028, #1886, #677, .T. ) ;
#1551 = EDGE_LOOP ( 'NONE', ( #148, #641, #1856, #1724 ) ) ;
#1552 = ORIENTED_EDGE ( 'NONE', *, *, #1610, .T. ) ;
#1553 = CARTESIAN_POINT ( 'NONE',  ( -1.520000000000000462, 0.000000000000000000, -0.5500000000000000444 ) ) ;
#1554 = FACE_OUTER_BOUND ( 'NONE', #1375, .T. ) ;
#1555 = ORIENTED_EDGE ( 'NONE', *, *, #1811, .F. ) ;
#1556 = FILL_AREA_STYLE_COLOUR ( '', #703 ) ;
#1557 = VECTOR ( 'NONE', #400, 1000.000000000000000 ) ;
#1558 = CARTESIAN_POINT ( 'NONE',  ( -1.452535721577320915, 0.000000000000000000, 0.7225357215773205999 ) ) ;
#1559 = ORIENTED_EDGE ( 'NONE', *, *, #1151, .F. ) ;
#1560 = EDGE_CURVE ( 'NONE', #1096, #2023, #2090, .T. ) ;
#1561 =( NAMED_UNIT ( * ) SI_UNIT ( $, .STERADIAN. ) SOLID_ANGLE_UNIT ( ) );
#1562 = ORIENTED_EDGE ( 'NONE', *, *, #365, .T. ) ;
#1563 = ORIENTED_EDGE ( 'NONE', *, *, #1733, .F. ) ;
#1564 = CARTESIAN_POINT ( 'NONE',  ( 0.8500000000000004219, 0.000000000000000000, 0.6700000000000000400 ) ) ;
#1565 = AXIS2_PLACEMENT_3D ( 'NONE', #1389, #2067, #858 ) ;
#1566 = CARTESIAN_POINT ( 'NONE',  ( -1.520000000000000462, 0.1499999999999999944, 0.5500000000000000444 ) ) ;
#1567 = ORIENTED_EDGE ( 'NONE', *, *, #1577, .F. ) ;
#1568 = EDGE_CURVE ( 'NONE', #552, #1943, #1873, .T. ) ;
#1569 = CARTESIAN_POINT ( 'NONE',  ( -1.600000000000000533, 0.000000000000000000, 0.5999999999999999778 ) ) ;
#1570 = EDGE_LOOP ( 'NONE', ( #107, #1423, #839, #803, #576, #43, #1876, #2011 ) ) ;
#1571 = DIRECTION ( 'NONE',  ( 0.7071067811865453523, 0.000000000000000000, 0.7071067811865496822 ) ) ;
#1572 = DIRECTION ( 'NONE',  ( 0.7071067811865424657, 0.000000000000000000, -0.7071067811865526798 ) ) ;
#1573 = EDGE_CURVE ( 'NONE', #1046, #1858, #1424, .T. ) ;
#1574 = ORIENTED_EDGE ( 'NONE', *, *, #578, .T. ) ;
#1575 = DIRECTION ( 'NONE',  ( 0.000000000000000000, 0.000000000000000000, 1.000000000000000000 ) ) ;
#1576 = EDGE_CURVE ( 'NONE', #679, #1846, #2078, .T. ) ;
#1577 = EDGE_CURVE ( 'NONE', #1343, #675, #270, .T. ) ;
#1578 = VECTOR ( 'NONE', #1260, 1000.000000000000000 ) ;
#1579 = EDGE_LOOP ( 'NONE', ( #1077, #1607, #1425, #2136 ) ) ;
#1580 = VECTOR ( 'NONE', #1882, 1000.000000000000000 ) ;
#1581 = FACE_OUTER_BOUND ( 'NONE', #893, .T. ) ;
#1582 = DIRECTION ( 'NONE',  ( 0.000000000000000000, 0.000000000000000000, -1.000000000000000000 ) ) ;
#1583 = EDGE_LOOP ( 'NONE', ( #131, #1853, #175, #1258 ) ) ;
#1584 = VECTOR ( 'NONE', #1623, 1000.000000000000000 ) ;
#1585 = CARTESIAN_POINT ( 'NONE',  ( 1.520000000000000462, 0.1499999999999999667, 0.5500000000000000444 ) ) ;
#1586 = DIRECTION ( 'NONE',  ( -0.000000000000000000, -1.000000000000000000, -0.000000000000000000 ) ) ;
#1587 = CIRCLE ( 'NONE', #1197, 0.1500000000000000777 ) ;
#1588 = ORIENTED_EDGE ( 'NONE', *, *, #2160, .T. ) ;
#1589 = DIRECTION ( 'NONE',  ( -0.000000000000000000, 1.000000000000000000, -0.000000000000000000 ) ) ;
#1590 = PLANE ( 'NONE',  #2144 ) ;
#1591 = AXIS2_PLACEMENT_3D ( 'NONE', #1415, #227, #2124 ) ;
#1592 =( LENGTH_UNIT ( ) NAMED_UNIT ( * ) SI_UNIT ( .MILLI., .METRE. ) );
#1593 = ORIENTED_EDGE ( 'NONE', *, *, #1045, .T. ) ;
#1594 = CYLINDRICAL_SURFACE ( 'NONE', #26, 0.04999999999999991257 ) ;
#1595 = VERTEX_POINT ( 'NONE', #1398 ) ;
#1596 = DIRECTION ( 'NONE',  ( 0.000000000000000000, 0.000000000000000000, 1.000000000000000000 ) ) ;
#1597 = CARTESIAN_POINT ( 'NONE',  ( -1.369999999999999440, 0.5999999999999999778, 0.6700000000000000400 ) ) ;
#1598 = ORIENTED_EDGE ( 'NONE', *, *, #782, .F. ) ;
#1599 = CARTESIAN_POINT ( 'NONE',  ( -1.369999999999999440, 0.5999999999999999778, -0.5200000000000000178 ) ) ;
#1600 = EDGE_CURVE ( 'NONE', #864, #1102, #1907, .T. ) ;
#1601 = CARTESIAN_POINT ( 'NONE',  ( -1.400000000000000577, 0.1499999999999999667, -0.6700000000000001510 ) ) ;
#1602 = PRODUCT_CONTEXT ( 'NONE', #1911, 'mechanical' ) ;
#1603 = EDGE_CURVE ( 'NONE', #1272, #1829, #762, .T. ) ;
#1604 = VERTEX_POINT ( 'NONE', #1917 ) ;
#1605 = DIRECTION ( 'NONE',  ( 0.7071067811865453523, 0.000000000000000000, 0.7071067811865496822 ) ) ;
#1606 = CARTESIAN_POINT ( 'NONE',  ( 1.572535721577320800, 0.1499999999999999944, 0.6025357215773206043 ) ) ;
#1607 = ORIENTED_EDGE ( 'NONE', *, *, #1296, .F. ) ;
#1608 = DIRECTION ( 'NONE',  ( 0.000000000000000000, 0.000000000000000000, -1.000000000000000000 ) ) ;
#1609 = PLANE ( 'NONE',  #563 ) ;
#1610 = EDGE_CURVE ( 'NONE', #2104, #16, #75, .T. ) ;
#1611 = ORIENTED_EDGE ( 'NONE', *, *, #523, .T. ) ;
#1612 = LINE ( 'NONE', #45, #919 ) ;
#1613 = CARTESIAN_POINT ( 'NONE',  ( -1.600000000000000533, 0.6500000000000000222, 0.7500000000000000000 ) ) ;
#1614 = ORIENTED_EDGE ( 'NONE', *, *, #327, .F. ) ;
#1615 = CARTESIAN_POINT ( 'NONE',  ( -1.572535721577320800, 0.1499999999999999944, 0.6025357215773206043 ) ) ;
#1616 = AXIS2_PLACEMENT_3D ( 'NONE', #1915, #408, #2073 ) ;
#1617 = ORIENTED_EDGE ( 'NONE', *, *, #1646, .T. ) ;
#1618 = DIRECTION ( 'NONE',  ( 0.000000000000000000, 0.000000000000000000, -1.000000000000000000 ) ) ;
#1619 = FACE_OUTER_BOUND ( 'NONE', #1458, .T. ) ;
#1620 = AXIS2_PLACEMENT_3D ( 'NONE', #29, #1532, #707 ) ;
#1621 = VECTOR ( 'NONE', #1148, 1000.000000000000000 ) ;
#1622 = EDGE_CURVE ( 'NONE', #1723, #505, #1766, .T. ) ;
#1623 = DIRECTION ( 'NONE',  ( 0.000000000000000000, -1.000000000000000000, 0.000000000000000000 ) ) ;
#1624 = VECTOR ( 'NONE', #990, 1000.000000000000000 ) ;
#1625 = DIRECTION ( 'NONE',  ( -0.000000000000000000, -1.000000000000000000, -0.000000000000000000 ) ) ;
#1626 = DIRECTION ( 'NONE',  ( 0.7071067811865453523, -0.000000000000000000, -0.7071067811865496822 ) ) ;
#1627 = EDGE_LOOP ( 'NONE', ( #18, #1093, #888, #1340 ) ) ;
#1628 = CARTESIAN_POINT ( 'NONE',  ( 1.400000000000000577, 0.1499999999999999944, 0.6700000000000000400 ) ) ;
#1629 = ORIENTED_EDGE ( 'NONE', *, *, #510, .T. ) ;
#1630 = DIRECTION ( 'NONE',  ( 0.7071067811865496822, 0.000000000000000000, 0.7071067811865453523 ) ) ;
#1631 = VECTOR ( 'NONE', #17, 1000.000000000000000 ) ;
#1632 = EDGE_CURVE ( 'NONE', #1918, #1284, #751, .T. ) ;
#1633 = VECTOR ( 'NONE', #1860, 1000.000000000000000 ) ;
#1634 = LINE ( 'NONE', #1462, #664 ) ;
#1635 = CARTESIAN_POINT ( 'NONE',  ( 1.600000000000000533, 0.1499999999999999944, -0.7500000000000000000 ) ) ;
#1636 = UNCERTAINTY_MEASURE_WITH_UNIT (LENGTH_MEASURE( 1.000000000000000082E-05 ), #2132, 'distance_accuracy_value', 'NONE');
#1637 = DIRECTION ( 'NONE',  ( 1.000000000000000000, 0.000000000000000000, 0.000000000000000000 ) ) ;
#1638 = CARTESIAN_POINT ( 'NONE',  ( -1.520000000000000462, 0.000000000000000000, 0.5500000000000000444 ) ) ;
#1639 = ORIENTED_EDGE ( 'NONE', *, *, #2129, .T. ) ;
#1640 = LINE ( 'NONE', #1840, #1657 ) ;
#1641 = EDGE_CURVE ( 'NONE', #763, #1518, #600, .T. ) ;
#1642 = ORIENTED_EDGE ( 'NONE', *, *, #687, .T. ) ;
#1643 = ORIENTED_EDGE ( 'NONE', *, *, #1765, .F. ) ;
#1644 = SURFACE_STYLE_FILL_AREA ( #828 ) ;
#1645 = FACE_OUTER_BOUND ( 'NONE', #1084, .T. ) ;
#1646 = EDGE_CURVE ( 'NONE', #694, #1980, #1241, .T. ) ;
#1647 = ADVANCED_FACE ( 'NONE', ( #1116 ), #249, .T. ) ;
#1648 = CARTESIAN_POINT ( 'NONE',  ( -1.520000000000000462, 1.765638989618750321, -0.5500000000000000444 ) ) ;
#1649 = DIRECTION ( 'NONE',  ( -0.7071067811865496822, 0.000000000000000000, -0.7071067811865453523 ) ) ;
#1650 = EDGE_CURVE ( 'NONE', #1467, #169, #435, .T. ) ;
#1651 = DIRECTION ( 'NONE',  ( 0.000000000000000000, -1.000000000000000000, 0.000000000000000000 ) ) ;
#1652 = CARTESIAN_POINT ( 'NONE',  ( -1.100000000000000755, 0.000000000000000000, -0.6699999999999998179 ) ) ;
#1653 = VERTEX_POINT ( 'NONE', #579 ) ;
#1654 = LINE ( 'NONE', #1308, #1191 ) ;
#1655 = VERTEX_POINT ( 'NONE', #934 ) ;
#1656 = AXIS2_PLACEMENT_3D ( 'NONE', #2163, #1976, #1986 ) ;
#1657 = VECTOR ( 'NONE', #1162, 1000.000000000000000 ) ;
#1658 = AXIS2_PLACEMENT_3D ( 'NONE', #1760, #1772, #1725 ) ;
#1659 = PLANE ( 'NONE',  #1328 ) ;
#1660 = FACE_OUTER_BOUND ( 'NONE', #804, .T. ) ;
#1661 = PLANE ( 'NONE',  #162 ) ;
#1662 = DIRECTION ( 'NONE',  ( 0.000000000000000000, 0.000000000000000000, -1.000000000000000000 ) ) ;
#1663 = VERTEX_POINT ( 'NONE', #261 ) ;
#1664 = CARTESIAN_POINT ( 'NONE',  ( -1.600000000000000533, 1.765638989618750321, 0.7500000000000000000 ) ) ;
#1665 = LINE ( 'NONE', #653, #1900 ) ;
#1666 = AXIS2_PLACEMENT_3D ( 'NONE', #2138, #438, #417 ) ;
#1667 = LINE ( 'NONE', #104, #1122 ) ;
#1668 = CARTESIAN_POINT ( 'NONE',  ( -1.400000000000000577, 0.1499999999999999944, -0.6700000000000000400 ) ) ;
#1669 = ORIENTED_EDGE ( 'NONE', *, *, #1807, .T. ) ;
#1670 = FACE_OUTER_BOUND ( 'NONE', #738, .T. ) ;
#1671 = EDGE_CURVE ( 'NONE', #874, #1818, #406, .T. ) ;
#1672 = ORIENTED_EDGE ( 'NONE', *, *, #1962, .T. ) ;
#1673 = ORIENTED_EDGE ( 'NONE', *, *, #164, .T. ) ;
#1674 = FACE_OUTER_BOUND ( 'NONE', #2167, .T. ) ;
#1675 = DIRECTION ( 'NONE',  ( 0.000000000000000000, 0.000000000000000000, 1.000000000000000000 ) ) ;
#1676 = ORIENTED_EDGE ( 'NONE', *, *, #725, .F. ) ;
#1677 = CARTESIAN_POINT ( 'NONE',  ( 1.520000000000000462, 0.000000000000000000, 0.5500000000000000444 ) ) ;
#1678 = DIRECTION ( 'NONE',  ( 0.000000000000000000, 1.000000000000000000, 0.000000000000000000 ) ) ;
#1679 = ORIENTED_EDGE ( 'NONE', *, *, #1902, .F. ) ;
#1680 = ORIENTED_EDGE ( 'NONE', *, *, #1650, .T. ) ;
#1681 = CARTESIAN_POINT ( 'NONE',  ( -0.8500000000000006439, 0.000000000000000000, -0.4200000000000023159 ) ) ;
#1682 = DIRECTION ( 'NONE',  ( -1.000000000000000000, 0.000000000000000000, 0.000000000000000000 ) ) ;
#1683 = DIRECTION ( 'NONE',  ( 0.7071067811865512365, 0.000000000000000000, 0.7071067811865439090 ) ) ;
#1684 = TOROIDAL_SURFACE ( 'NONE', #585, 0.09999999999999999167, 0.05000000000000000278 ) ;
#1685 = ORIENTED_EDGE ( 'NONE', *, *, #578, .F. ) ;
#1686 = DIRECTION ( 'NONE',  ( -1.000000000000000000, 0.000000000000000000, 1.290716872006545385E-16 ) ) ;
#1687 = ORIENTED_EDGE ( 'NONE', *, *, #264, .F. ) ;
#1688 = AXIS2_PLACEMENT_3D ( 'NONE', #2, #321, #1027 ) ;
#1689 = VECTOR ( 'NONE', #2158, 1000.000000000000000 ) ;
#1690 = ORIENTED_EDGE ( 'NONE', *, *, #944, .F. ) ;
#1691 = CARTESIAN_POINT ( 'NONE',  ( -1.519999999999999352, 0.5999999999999999778, -0.5200000000000000178 ) ) ;
#1692 = DIRECTION ( 'NONE',  ( 0.000000000000000000, 0.000000000000000000, 1.000000000000000000 ) ) ;
#1693 = CIRCLE ( 'NONE', #636, 0.1499999999999999667 ) ;
#1694 = LINE ( 'NONE', #2170, #167 ) ;
#1695 = ADVANCED_FACE ( 'NONE', ( #1230 ), #224, .F. ) ;
#1696 = VERTEX_POINT ( 'NONE', #1252 ) ;
#1697 = CARTESIAN_POINT ( 'NONE',  ( 1.600000000000000089, 0.5999999999999999778, -0.7500000000000002220 ) ) ;
#1698 = VERTEX_POINT ( 'NONE', #2091 ) ;
#1699 = CARTESIAN_POINT ( 'NONE',  ( -1.369999999999999440, 0.5999999999999999778, 0.6199999999999999956 ) ) ;
#1700 = AXIS2_PLACEMENT_3D ( 'NONE', #1493, #288, #1675 ) ;
#1701 = VECTOR ( 'NONE', #2044, 1000.000000000000000 ) ;
#1702 = CARTESIAN_POINT ( 'NONE',  ( -1.600000000000000533, 0.000000000000000000, 0.7500000000000000000 ) ) ;
#1703 = EDGE_CURVE ( 'NONE', #1595, #1818, #1942, .T. ) ;
#1704 = CARTESIAN_POINT ( 'NONE',  ( 1.599999999999999645, 0.5999999999999999778, -0.7500000000000000000 ) ) ;
#1705 = ORIENTED_EDGE ( 'NONE', *, *, #1394, .F. ) ;
#1706 = EDGE_CURVE ( 'NONE', #501, #1499, #568, .T. ) ;
#1707 = ORIENTED_EDGE ( 'NONE', *, *, #1306, .T. ) ;
#1708 = LINE ( 'NONE', #1508, #1054 ) ;
#1709 = PRESENTATION_STYLE_ASSIGNMENT (( #1365 ) ) ;
#1710 = CARTESIAN_POINT ( 'NONE',  ( -0.8500000000000006439, 0.000000000000000000, -0.4200000000000023159 ) ) ;
#1711 = ORIENTED_EDGE ( 'NONE', *, *, #194, .F. ) ;
#1712 = ORIENTED_EDGE ( 'NONE', *, *, #299, .T. ) ;
#1713 = DIRECTION ( 'NONE',  ( 0.000000000000000000, 0.000000000000000000, 1.000000000000000000 ) ) ;
#1714 =( GEOMETRIC_REPRESENTATION_CONTEXT ( 3 ) GLOBAL_UNCERTAINTY_ASSIGNED_CONTEXT ( ( #1355 ) ) GLOBAL_UNIT_ASSIGNED_CONTEXT ( ( #715, #1870, #359 ) ) REPRESENTATION_CONTEXT ( 'NONE', 'WORKASPACE' ) );
#1715 = CARTESIAN_POINT ( 'NONE',  ( 1.520000000000000462, 0.1499999999999999944, 0.5500000000000000444 ) ) ;
#1716 = VECTOR ( 'NONE', #196, 1000.000000000000000 ) ;
#1717 = VECTOR ( 'NONE', #1485, 1000.000000000000000 ) ;
#1718 = ADVANCED_FACE ( 'NONE', ( #925 ), #1594, .T. ) ;
#1719 = ORIENTED_EDGE ( 'NONE', *, *, #1344, .T. ) ;
#1720 = CARTESIAN_POINT ( 'NONE',  ( 0.8500000000000006439, 0.1499999999999999944, -0.6699999999999995959 ) ) ;
#1721 = CARTESIAN_POINT ( 'NONE',  ( 1.599999999999999645, 0.5999999999999999778, 0.5999999999999999778 ) ) ;
#1722 = ORIENTED_EDGE ( 'NONE', *, *, #1182, .T. ) ;
#1723 = VERTEX_POINT ( 'NONE', #1989 ) ;
#1724 = ORIENTED_EDGE ( 'NONE', *, *, #654, .F. ) ;
#1725 = DIRECTION ( 'NONE',  ( 0.7071067811865453523, 0.000000000000000000, 0.7071067811865496822 ) ) ;
#1726 = CARTESIAN_POINT ( 'NONE',  ( -1.600000000000000533, 0.6500000000000000222, -0.7500000000000000000 ) ) ;
#1727 = EDGE_CURVE ( 'NONE', #240, #1143, #1640, .T. ) ;
#1728 = ORIENTED_EDGE ( 'NONE', *, *, #1207, .F. ) ;
#1729 = DIRECTION ( 'NONE',  ( 0.000000000000000000, -1.000000000000000000, 0.000000000000000000 ) ) ;
#1730 = EDGE_CURVE ( 'NONE', #1653, #394, #660, .T. ) ;
#1731 = VECTOR ( 'NONE', #66, 1000.000000000000000 ) ;
#1732 = PLANE ( 'NONE',  #998 ) ;
#1733 = EDGE_CURVE ( 'NONE', #1943, #377, #1481, .T. ) ;
#1734 = ORIENTED_EDGE ( 'NONE', *, *, #549, .T. ) ;
#1735 = EDGE_CURVE ( 'NONE', #394, #240, #1654, .T. ) ;
#1736 = ORIENTED_EDGE ( 'NONE', *, *, #626, .F. ) ;
#1737 = CARTESIAN_POINT ( 'NONE',  ( 0.8500000000000004219, 0.1499999999999999667, 0.6700000000000000400 ) ) ;
#1738 = DIRECTION ( 'NONE',  ( -0.000000000000000000, -1.000000000000000000, -0.000000000000000000 ) ) ;
#1739 = EDGE_LOOP ( 'NONE', ( #64, #826, #712, #801 ) ) ;
#1740 = ORIENTED_EDGE ( 'NONE', *, *, #932, .F. ) ;
#1741 = DIRECTION ( 'NONE',  ( -1.000000000000000000, 0.000000000000000000, -7.228014483236698528E-16 ) ) ;
#1742 = ORIENTED_EDGE ( 'NONE', *, *, #1560, .T. ) ;
#1743 = CARTESIAN_POINT ( 'NONE',  ( -1.400000000000000577, 0.1499999999999999667, -0.6700000000000000400 ) ) ;
#1744 = DIRECTION ( 'NONE',  ( 0.000000000000000000, 0.000000000000000000, 1.000000000000000000 ) ) ;
#1745 = VERTEX_POINT ( 'NONE', #1489 ) ;
#1746 = LINE ( 'NONE', #2071, #2112 ) ;
#1747 = FACE_OUTER_BOUND ( 'NONE', #2053, .T. ) ;
#1748 =( GEOMETRIC_REPRESENTATION_CONTEXT ( 3 ) GLOBAL_UNCERTAINTY_ASSIGNED_CONTEXT ( ( #1636 ) ) GLOBAL_UNIT_ASSIGNED_CONTEXT ( ( #2132, #60, #1749 ) ) REPRESENTATION_CONTEXT ( 'NONE', 'WORKASPACE' ) );
#1749 =( NAMED_UNIT ( * ) SI_UNIT ( $, .STERADIAN. ) SOLID_ANGLE_UNIT ( ) );
#1750 = EDGE_LOOP ( 'NONE', ( #2173, #393, #362, #686 ) ) ;
#1751 = VECTOR ( 'NONE', #611, 1000.000000000000000 ) ;
#1752 = ORIENTED_EDGE ( 'NONE', *, *, #556, .T. ) ;
#1753 = CARTESIAN_POINT ( 'NONE',  ( 1.572535721577320800, 0.1499999999999999667, 0.6025357215773204933 ) ) ;
#1754 = AXIS2_PLACEMENT_3D ( 'NONE', #1826, #1466, #638 ) ;
#1755 = CARTESIAN_POINT ( 'NONE',  ( -0.8500000000000005329, 0.000000000000000000, 0.4200000000000025935 ) ) ;
#1756 = ORIENTED_EDGE ( 'NONE', *, *, #2117, .T. ) ;
#1757 = CARTESIAN_POINT ( 'NONE',  ( -1.369999999999999440, 0.6500000000000000222, -0.5200000000000000178 ) ) ;
#1758 = VECTOR ( 'NONE', #1275, 1000.000000000000000 ) ;
#1759 = EDGE_LOOP ( 'NONE', ( #118, #338, #1358, #1562 ) ) ;
#1760 = CARTESIAN_POINT ( 'NONE',  ( -1.400000000000000577, 1.765638989618750321, -0.6700000000000000400 ) ) ;
#1761 = EDGE_CURVE ( 'NONE', #1525, #1153, #1283, .T. ) ;
#1762 = LINE ( 'NONE', #1940, #2072 ) ;
#1763 = AXIS2_PLACEMENT_3D ( 'NONE', #1757, #928, #1596 ) ;
#1764 = APPLICATION_PROTOCOL_DEFINITION ( 'draft international standard', 'automotive_design', 1998, #291 ) ;
#1765 = EDGE_CURVE ( 'NONE', #1866, #610, #1457, .T. ) ;
#1766 = LINE ( 'NONE', #1615, #711 ) ;
#1767 = ORIENTED_EDGE ( 'NONE', *, *, #1509, .F. ) ;
#1768 = CARTESIAN_POINT ( 'NONE',  ( 0.000000000000000000, 0.000000000000000000, 0.000000000000000000 ) ) ;
#1769 = CARTESIAN_POINT ( 'NONE',  ( 1.400000000000000577, 0.000000000000000000, 0.6700000000000000400 ) ) ;
#1770 = ADVANCED_FACE ( 'NONE', ( #1670 ), #149, .F. ) ;
#1771 = ORIENTED_EDGE ( 'NONE', *, *, #1534, .F. ) ;
#1772 = DIRECTION ( 'NONE',  ( -0.7071067811865496822, 0.000000000000000000, 0.7071067811865453523 ) ) ;
#1773 = EDGE_CURVE ( 'NONE', #728, #2101, #326, .T. ) ;
#1774 = AXIS2_PLACEMENT_3D ( 'NONE', #1702, #844, #339 ) ;
#1775 = FACE_OUTER_BOUND ( 'NONE', #1029, .T. ) ;
#1776 = CARTESIAN_POINT ( 'NONE',  ( -1.100000000000000755, 0.1499999999999999944, -0.6699999999999998179 ) ) ;
#1777 = LINE ( 'NONE', #413, #564 ) ;
#1778 = CARTESIAN_POINT ( 'NONE',  ( -1.452535721577320915, 0.1499999999999999944, 0.7225357215773205999 ) ) ;
#1779 = EDGE_CURVE ( 'NONE', #1918, #1604, #2166, .T. ) ;
#1780 = ORIENTED_EDGE ( 'NONE', *, *, #436, .T. ) ;
#1781 = DIRECTION ( 'NONE',  ( -0.000000000000000000, 1.000000000000000000, 0.000000000000000000 ) ) ;
#1782 = DIRECTION ( 'NONE',  ( 1.000000000000000000, 0.000000000000000000, 0.000000000000000000 ) ) ;
#1783 = FACE_OUTER_BOUND ( 'NONE', #696, .T. ) ;
#1784 = LINE ( 'NONE', #995, #2039 ) ;
#1785 = CARTESIAN_POINT ( 'NONE',  ( 0.000000000000000000, 0.000000000000000000, 0.000000000000000000 ) ) ;
#1786 = ORIENTED_EDGE ( 'NONE', *, *, #616, .F. ) ;
#1787 = CARTESIAN_POINT ( 'NONE',  ( -1.520000000000000462, 0.000000000000000000, -0.5500000000000000444 ) ) ;
#1788 = EDGE_CURVE ( 'NONE', #679, #1918, #283, .T. ) ;
#1789 = COLOUR_RGB ( '',0.7921568627450980005, 0.8196078431372548767, 0.9333333333333333481 ) ;
#1790 = ORIENTED_EDGE ( 'NONE', *, *, #725, .T. ) ;
#1791 = DIRECTION ( 'NONE',  ( 0.000000000000000000, -1.000000000000000000, 0.000000000000000000 ) ) ;
#1792 = CARTESIAN_POINT ( 'NONE',  ( 1.369999999999999885, 0.5999999999999999778, -0.6199999999999999956 ) ) ;
#1793 = CIRCLE ( 'NONE', #1257, 0.1499999999999999667 ) ;
#1794 = ORIENTED_EDGE ( 'NONE', *, *, #316, .F. ) ;
#1795 = VECTOR ( 'NONE', #1782, 1000.000000000000000 ) ;
#1796 = LINE ( 'NONE', #2118, #1717 ) ;
#1797 = AXIS2_PLACEMENT_3D ( 'NONE', #2137, #1821, #1311 ) ;
#1798 = DIRECTION ( 'NONE',  ( 0.000000000000000000, 0.000000000000000000, 1.000000000000000000 ) ) ;
#1799 = DIRECTION ( 'NONE',  ( -0.7071067811865453523, 0.000000000000000000, 0.7071067811865496822 ) ) ;
#1800 = DIRECTION ( 'NONE',  ( -1.618212197739559376E-16, -0.000000000000000000, 1.000000000000000000 ) ) ;
#1801 = EDGE_CURVE ( 'NONE', #1655, #567, #588, .T. ) ;
#1802 = VECTOR ( 'NONE', #1994, 1000.000000000000000 ) ;
#1803 = EDGE_LOOP ( 'NONE', ( #1239, #604, #1982, #2175 ) ) ;
#1804 = CIRCLE ( 'NONE', #450, 0.04999999999999991257 ) ;
#1805 = EDGE_CURVE ( 'NONE', #522, #1143, #824, .T. ) ;
#1806 = EDGE_LOOP ( 'NONE', ( #1384, #904, #1593, #1014 ) ) ;
#1807 = EDGE_CURVE ( 'NONE', #865, #2070, #769, .T. ) ;
#1808 = ORIENTED_EDGE ( 'NONE', *, *, #671, .T. ) ;
#1809 = DIRECTION ( 'NONE',  ( 1.000000000000000000, 0.000000000000000000, 1.618212197739559376E-16 ) ) ;
#1810 = CARTESIAN_POINT ( 'NONE',  ( 1.599999999999999645, 0.5999999999999999778, 0.5999999999999999778 ) ) ;
#1811 = EDGE_CURVE ( 'NONE', #1216, #1886, #881, .T. ) ;
#1812 = VECTOR ( 'NONE', #99, 1000.000000000000000 ) ;
#1813 = DIRECTION ( 'NONE',  ( 1.290716872006545631E-16, 0.000000000000000000, 1.000000000000000000 ) ) ;
#1814 = DIRECTION ( 'NONE',  ( 0.000000000000000000, 0.000000000000000000, -1.000000000000000000 ) ) ;
#1815 = CARTESIAN_POINT ( 'NONE',  ( 1.520000000000000462, 0.000000000000000000, 0.5500000000000000444 ) ) ;
#1816 = CARTESIAN_POINT ( 'NONE',  ( -1.572535721577320800, 1.765638989618750321, 0.6025357215773206043 ) ) ;
#1817 = MANIFOLD_SOLID_BREP ( 'Split1[1]', #547 ) ;
#1818 = VERTEX_POINT ( 'NONE', #372 ) ;
#1819 = DIRECTION ( 'NONE',  ( 0.000000000000000000, 1.000000000000000000, -0.000000000000000000 ) ) ;
#1820 = ORIENTED_EDGE ( 'NONE', *, *, #1465, .F. ) ;
#1821 = DIRECTION ( 'NONE',  ( -0.7071067811865526798, 0.000000000000000000, -0.7071067811865424657 ) ) ;
#1822 = DIRECTION ( 'NONE',  ( 7.885106708985485090E-16, 0.000000000000000000, 1.000000000000000000 ) ) ;
#1823 = LINE ( 'NONE', #300, #1795 ) ;
#1824 = DIRECTION ( 'NONE',  ( 0.7071067811865453523, -0.000000000000000000, -0.7071067811865496822 ) ) ;
#1825 = FACE_OUTER_BOUND ( 'NONE', #1570, .T. ) ;
#1826 = CARTESIAN_POINT ( 'NONE',  ( 0.8500000000000006439, 1.765638989618750321, -0.6699999999999995959 ) ) ;
#1827 = ORIENTED_EDGE ( 'NONE', *, *, #389, .F. ) ;
#1828 = CARTESIAN_POINT ( 'NONE',  ( 1.400000000000000577, 0.1499999999999999944, 0.6700000000000000400 ) ) ;
#1829 = VERTEX_POINT ( 'NONE', #1050 ) ;
#1830 = ORIENTED_EDGE ( 'NONE', *, *, #1600, .T. ) ;
#1831 = CARTESIAN_POINT ( 'NONE',  ( -1.400000000000000577, 0.000000000000000000, -0.6700000000000000400 ) ) ;
#1832 = AXIS2_PLACEMENT_3D ( 'NONE', #1726, #214, #1138 ) ;
#1833 = AXIS2_PLACEMENT_3D ( 'NONE', #968, #2145, #627 ) ;
#1834 = VECTOR ( 'NONE', #714, 1000.000000000000000 ) ;
#1835 = ADVANCED_FACE ( 'NONE', ( #1318 ), #1341, .F. ) ;
#1836 = FACE_OUTER_BOUND ( 'NONE', #180, .T. ) ;
#1837 = CARTESIAN_POINT ( 'NONE',  ( 1.469999999999999751, 0.5999999999999999778, 0.000000000000000000 ) ) ;
#1838 = CARTESIAN_POINT ( 'NONE',  ( -1.600000000000000533, 0.000000000000000000, 0.7500000000000000000 ) ) ;
#1839 = EDGE_CURVE ( 'NONE', #1459, #323, #2033, .T. ) ;
#1840 = CARTESIAN_POINT ( 'NONE',  ( -0.8500000000000005329, 0.000000000000000000, 0.4200000000000025935 ) ) ;
#1841 = ORIENTED_EDGE ( 'NONE', *, *, #687, .F. ) ;
#1842 = CARTESIAN_POINT ( 'NONE',  ( 1.400000000000000577, 0.1499999999999999667, -0.6700000000000000400 ) ) ;
#1843 = VECTOR ( 'NONE', #426, 1000.000000000000000 ) ;
#1844 = ORIENTED_EDGE ( 'NONE', *, *, #1861, .T. ) ;
#1845 = DIRECTION ( 'NONE',  ( -0.000000000000000000, -1.000000000000000000, 0.000000000000000000 ) ) ;
#1846 = VERTEX_POINT ( 'NONE', #877 ) ;
#1847 = DIRECTION ( 'NONE',  ( 0.7071067811865512365, 0.000000000000000000, -0.7071067811865439090 ) ) ;
#1848 = ORIENTED_EDGE ( 'NONE', *, *, #793, .T. ) ;
#1849 = CARTESIAN_POINT ( 'NONE',  ( -1.469999999999999529, 0.5999999999999999778, -0.5200000000000000178 ) ) ;
#1850 = FACE_OUTER_BOUND ( 'NONE', #884, .T. ) ;
#1851 = ADVANCED_FACE ( 'NONE', ( #1890 ), #1192, .F. ) ;
#1852 = CARTESIAN_POINT ( 'NONE',  ( -0.8500000000000005329, 0.1499999999999999944, 0.4200000000000025935 ) ) ;
#1853 = ORIENTED_EDGE ( 'NONE', *, *, #1706, .F. ) ;
#1854 = EDGE_LOOP ( 'NONE', ( #151, #1038, #1752, #2020 ) ) ;
#1855 = LINE ( 'NONE', #1386, #589 ) ;
#1856 = ORIENTED_EDGE ( 'NONE', *, *, #1113, .F. ) ;
#1857 = DIRECTION ( 'NONE',  ( 0.000000000000000000, 0.000000000000000000, -1.000000000000000000 ) ) ;
#1858 = VERTEX_POINT ( 'NONE', #1681 ) ;
#1859 = PLANE ( 'NONE',  #1565 ) ;
#1860 = DIRECTION ( 'NONE',  ( -1.000000000000000000, -0.000000000000000000, -0.000000000000000000 ) ) ;
#1861 = EDGE_CURVE ( 'NONE', #2023, #1272, #128, .T. ) ;
#1862 = TOROIDAL_SURFACE ( 'NONE', #1656, 0.09999999999999999167, 0.05000000000000000278 ) ;
#1863 = DIRECTION ( 'NONE',  ( 0.000000000000000000, 0.000000000000000000, 1.000000000000000000 ) ) ;
#1864 = ORIENTED_EDGE ( 'NONE', *, *, #418, .F. ) ;
#1865 = VECTOR ( 'NONE', #83, 1000.000000000000000 ) ;
#1866 = VERTEX_POINT ( 'NONE', #188 ) ;
#1867 = FACE_OUTER_BOUND ( 'NONE', #383, .T. ) ;
#1868 = VECTOR ( 'NONE', #1813, 1000.000000000000000 ) ;
#1869 = EDGE_CURVE ( 'NONE', #419, #1829, #1323, .T. ) ;
#1870 =( NAMED_UNIT ( * ) PLANE_ANGLE_UNIT ( ) SI_UNIT ( $, .RADIAN. ) );
#1871 = VERTEX_POINT ( 'NONE', #697 ) ;
#1872 = DIRECTION ( 'NONE',  ( 1.445602896647339508E-15, 0.000000000000000000, -1.000000000000000000 ) ) ;
#1873 = LINE ( 'NONE', #95, #599 ) ;
#1874 = AXIS2_PLACEMENT_3D ( 'NONE', #1085, #602, #1264 ) ;
#1875 = CARTESIAN_POINT ( 'NONE',  ( -1.400000000000000577, 1.765638989618750321, 0.6700000000000000400 ) ) ;
#1876 = ORIENTED_EDGE ( 'NONE', *, *, #448, .F. ) ;
#1877 = ADVANCED_FACE ( 'NONE', ( #869 ), #21, .T. ) ;
#1878 = DIRECTION ( 'NONE',  ( 0.7071067811865496822, 0.000000000000000000, -0.7071067811865453523 ) ) ;
#1879 = EDGE_LOOP ( 'NONE', ( #1379, #1891, #1617, #350 ) ) ;
#1880 = LINE ( 'NONE', #358, #1089 ) ;
#1881 = VERTEX_POINT ( 'NONE', #40 ) ;
#1882 = DIRECTION ( 'NONE',  ( 0.000000000000000000, -1.000000000000000000, 0.000000000000000000 ) ) ;
#1883 = CARTESIAN_POINT ( 'NONE',  ( 1.450000000000000178, 0.5999999999999999778, 0.7500000000000000000 ) ) ;
#1884 = CARTESIAN_POINT ( 'NONE',  ( -1.100000000000000755, 0.000000000000000000, -0.6699999999999998179 ) ) ;
#1885 = DIRECTION ( 'NONE',  ( 0.000000000000000000, 0.000000000000000000, -1.000000000000000000 ) ) ;
#1886 = VERTEX_POINT ( 'NONE', #1544 ) ;
#1887 = EDGE_LOOP ( 'NONE', ( #293, #1574, #1183, #412 ) ) ;
#1888 = LINE ( 'NONE', #2184, #1159 ) ;
#1889 = ADVANCED_FACE ( 'NONE', ( #1554 ), #856, .F. ) ;
#1890 = FACE_OUTER_BOUND ( 'NONE', #1519, .T. ) ;
#1891 = ORIENTED_EDGE ( 'NONE', *, *, #1115, .T. ) ;
#1892 = EDGE_CURVE ( 'NONE', #1459, #1392, #1387, .T. ) ;
#1893 = EDGE_LOOP ( 'NONE', ( #1970, #713, #1201, #1734, #1533, #756, #409, #478 ) ) ;
#1894 = LINE ( 'NONE', #1338, #1932 ) ;
#1895 = VECTOR ( 'NONE', #1738, 1000.000000000000000 ) ;
#1896 = EDGE_CURVE ( 'NONE', #537, #427, #540, .T. ) ;
#1897 = EDGE_CURVE ( 'NONE', #2101, #69, #2003, .T. ) ;
#1898 = DIRECTION ( 'NONE',  ( 0.000000000000000000, 0.000000000000000000, -1.000000000000000000 ) ) ;
#1899 = VECTOR ( 'NONE', #173, 1000.000000000000000 ) ;
#1900 = VECTOR ( 'NONE', #1003, 1000.000000000000000 ) ;
#1901 = DIRECTION ( 'NONE',  ( 1.445602896647339508E-15, 0.000000000000000000, -1.000000000000000000 ) ) ;
#1902 = EDGE_CURVE ( 'NONE', #379, #1172, #337, .T. ) ;
#1903 = ORIENTED_EDGE ( 'NONE', *, *, #1019, .T. ) ;
#1904 = LINE ( 'NONE', #387, #1131 ) ;
#1905 = DIRECTION ( 'NONE',  ( 0.000000000000000000, -1.000000000000000000, 0.000000000000000000 ) ) ;
#1906 = CARTESIAN_POINT ( 'NONE',  ( -1.520000000000000462, 0.000000000000000000, -0.5500000000000000444 ) ) ;
#1907 = CIRCLE ( 'NONE', #4, 0.04999999999999991257 ) ;
#1908 = DIRECTION ( 'NONE',  ( -0.7071067811865424657, 0.000000000000000000, -0.7071067811865526798 ) ) ;
#1909 = VERTEX_POINT ( 'NONE', #1601 ) ;
#1910 = PLANE ( 'NONE',  #926 ) ;
#1911 = APPLICATION_CONTEXT ( 'automotive_design' ) ;
#1912 =( GEOMETRIC_REPRESENTATION_CONTEXT ( 3 ) GLOBAL_UNCERTAINTY_ASSIGNED_CONTEXT ( ( #2066 ) ) GLOBAL_UNIT_ASSIGNED_CONTEXT ( ( #676, #191, #709 ) ) REPRESENTATION_CONTEXT ( 'NONE', 'WORKASPACE' ) );
#1913 = ORIENTED_EDGE ( 'NONE', *, *, #721, .F. ) ;
#1914 = CARTESIAN_POINT ( 'NONE',  ( 1.520000000000000462, 0.000000000000000000, -0.5500000000000000444 ) ) ;
#1915 = CARTESIAN_POINT ( 'NONE',  ( -1.600000000000000533, 0.1499999999999999944, -0.7500000000000000000 ) ) ;
#1916 = CARTESIAN_POINT ( 'NONE',  ( -1.600000000000000533, 0.000000000000000000, -0.6000000000000001998 ) ) ;
#1917 = CARTESIAN_POINT ( 'NONE',  ( 1.452535721577320915, 0.1499999999999999944, 0.7225357215773207109 ) ) ;
#1918 = VERTEX_POINT ( 'NONE', #248 ) ;
#1919 = LINE ( 'NONE', #244, #854 ) ;
#1920 = PLANE ( 'NONE',  #1666 ) ;
#1921 = EDGE_CURVE ( 'NONE', #1858, #1467, #1067, .T. ) ;
#1922 = ORIENTED_EDGE ( 'NONE', *, *, #1076, .F. ) ;
#1923 = FACE_OUTER_BOUND ( 'NONE', #73, .T. ) ;
#1924 = ADVANCED_FACE ( 'NONE', ( #81 ), #551, .F. ) ;
#1925 = LINE ( 'NONE', #1421, #1895 ) ;
#1926 = VECTOR ( 'NONE', #574, 1000.000000000000000 ) ;
#1927 = CARTESIAN_POINT ( 'NONE',  ( 1.369999999999999885, 0.5999999999999999778, -0.6700000000000000400 ) ) ;
#1928 = EDGE_LOOP ( 'NONE', ( #1470, #345, #1719, #1254 ) ) ;
#1929 = STYLED_ITEM ( 'NONE', ( #1709 ), #1817 ) ;
#1930 = ORIENTED_EDGE ( 'NONE', *, *, #1240, .F. ) ;
#1931 = EDGE_CURVE ( 'NONE', #1469, #1871, #737, .T. ) ;
#1932 = VECTOR ( 'NONE', #19, 1000.000000000000000 ) ;
#1933 = DIRECTION ( 'NONE',  ( -1.290716872006545385E-16, 0.000000000000000000, -1.000000000000000000 ) ) ;
#1934 = ORIENTED_EDGE ( 'NONE', *, *, #229, .T. ) ;
#1935 = LINE ( 'NONE', #1743, #1758 ) ;
#1936 = DIRECTION ( 'NONE',  ( -1.000000000000000000, 0.000000000000000000, 0.000000000000000000 ) ) ;
#1937 = ADVANCED_FACE ( 'NONE', ( #258 ), #1288, .T. ) ;
#1938 = VERTEX_POINT ( 'NONE', #724 ) ;
#1939 = LINE ( 'NONE', #1091, #986 ) ;
#1940 = CARTESIAN_POINT ( 'NONE',  ( 1.400000000000000577, 0.000000000000000000, 0.6700000000000000400 ) ) ;
#1941 = ORIENTED_EDGE ( 'NONE', *, *, #325, .T. ) ;
#1942 = LINE ( 'NONE', #1606, #1865 ) ;
#1943 = VERTEX_POINT ( 'NONE', #1445 ) ;
#1944 = VECTOR ( 'NONE', #1390, 1000.000000000000000 ) ;
#1945 = FACE_OUTER_BOUND ( 'NONE', #613, .T. ) ;
#1946 = CARTESIAN_POINT ( 'NONE',  ( -1.600000000000000533, 0.5999999999999999778, 0.7500000000000000000 ) ) ;
#1947 = CARTESIAN_POINT ( 'NONE',  ( -1.400000000000000577, 1.765638989618750321, -0.6700000000000000400 ) ) ;
#1948 = PLANE ( 'NONE',  #1031 ) ;
#1949 = CARTESIAN_POINT ( 'NONE',  ( -1.450000000000000622, 0.000000000000000000, 0.7500000000000000000 ) ) ;
#1950 = EDGE_CURVE ( 'NONE', #69, #1980, #2086, .T. ) ;
#1951 = ORIENTED_EDGE ( 'NONE', *, *, #1869, .F. ) ;
#1952 = DIRECTION ( 'NONE',  ( -1.000000000000000000, 0.000000000000000000, 0.000000000000000000 ) ) ;
#1953 = ORIENTED_EDGE ( 'NONE', *, *, #583, .F. ) ;
#1954 = CARTESIAN_POINT ( 'NONE',  ( 1.599999999999999645, 0.000000000000000000, 0.5999999999999999778 ) ) ;
#1955 = FACE_OUTER_BOUND ( 'NONE', #2165, .T. ) ;
#1956 = EDGE_CURVE ( 'NONE', #640, #1858, #236, .T. ) ;
#1957 = PLANE ( 'NONE',  #1972 ) ;
#1958 = DIRECTION ( 'NONE',  ( -1.000000000000000000, 0.000000000000000000, 0.000000000000000000 ) ) ;
#1959 = ADVANCED_FACE ( 'NONE', ( #1747 ), #1590, .T. ) ;
#1960 = LINE ( 'NONE', #442, #982 ) ;
#1961 = CARTESIAN_POINT ( 'NONE',  ( -1.400000000000000577, 0.000000000000000000, 0.6700000000000000400 ) ) ;
#1962 = EDGE_CURVE ( 'NONE', #1282, #593, #544, .T. ) ;
#1963 = SURFACE_STYLE_USAGE ( .BOTH. , #410 ) ;
#1964 = EDGE_CURVE ( 'NONE', #852, #1723, #72, .T. ) ;
#1965 = ORIENTED_EDGE ( 'NONE', *, *, #1474, .F. ) ;
#1966 = DIRECTION ( 'NONE',  ( 0.7071067811865453523, 0.000000000000000000, -0.7071067811865496822 ) ) ;
#1967 = AXIS2_PLACEMENT_3D ( 'NONE', #731, #1678, #1086 ) ;
#1968 = VECTOR ( 'NONE', #933, 1000.000000000000000 ) ;
#1969 = ORIENTED_EDGE ( 'NONE', *, *, #2181, .T. ) ;
#1970 = ORIENTED_EDGE ( 'NONE', *, *, #153, .T. ) ;
#1971 = SURFACE_SIDE_STYLE ('',( #1644 ) ) ;
#1972 = AXIS2_PLACEMENT_3D ( 'NONE', #948, #1155, #1313 ) ;
#1973 = AXIS2_PLACEMENT_3D ( 'NONE', #221, #1905, #1443 ) ;
#1974 = DIRECTION ( 'NONE',  ( 0.7071067811865453523, 0.000000000000000000, -0.7071067811865496822 ) ) ;
#1975 = LINE ( 'NONE', #1124, #1484 ) ;
#1976 = DIRECTION ( 'NONE',  ( -0.000000000000000000, 1.000000000000000000, 0.000000000000000000 ) ) ;
#1977 = VECTOR ( 'NONE', #902, 1000.000000000000000 ) ;
#1978 = CARTESIAN_POINT ( 'NONE',  ( -1.520000000000000462, 0.1499999999999999667, 0.5500000000000000444 ) ) ;
#1979 = VERTEX_POINT ( 'NONE', #747 ) ;
#1980 = VERTEX_POINT ( 'NONE', #590 ) ;
#1981 = LINE ( 'NONE', #2159, #143 ) ;
#1982 = ORIENTED_EDGE ( 'NONE', *, *, #2164, .T. ) ;
#1983 = VECTOR ( 'NONE', #889, 1000.000000000000000 ) ;
#1984 = CARTESIAN_POINT ( 'NONE',  ( -1.469999999999999529, 0.6500000000000000222, 0.000000000000000000 ) ) ;
#1985 = CARTESIAN_POINT ( 'NONE',  ( -1.400000000000000577, 0.000000000000000000, 0.6700000000000000400 ) ) ;
#1986 = DIRECTION ( 'NONE',  ( 0.000000000000000000, 0.000000000000000000, 1.000000000000000000 ) ) ;
#1987 = LINE ( 'NONE', #303, #1399 ) ;
#1988 = ORIENTED_EDGE ( 'NONE', *, *, #1408, .T. ) ;
#1989 = CARTESIAN_POINT ( 'NONE',  ( -1.572535721577320800, 0.1499999999999999944, 0.6025357215773206043 ) ) ;
#1990 = ORIENTED_EDGE ( 'NONE', *, *, #425, .F. ) ;
#1991 = EDGE_CURVE ( 'NONE', #552, #1046, #1925, .T. ) ;
#1992 = FACE_OUTER_BOUND ( 'NONE', #1854, .T. ) ;
#1993 = EDGE_CURVE ( 'NONE', #1073, #1491, #906, .T. ) ;
#1994 = DIRECTION ( 'NONE',  ( -0.000000000000000000, -1.000000000000000000, -0.000000000000000000 ) ) ;
#1995 = DIRECTION ( 'NONE',  ( -1.000000000000000000, 0.000000000000000000, 0.000000000000000000 ) ) ;
#1996 = CARTESIAN_POINT ( 'NONE',  ( 1.452535721577320915, 0.000000000000000000, -0.7225357215773205999 ) ) ;
#1997 = PLANE ( 'NONE',  #1193 ) ;
#1998 = ORIENTED_EDGE ( 'NONE', *, *, #620, .F. ) ;
#1999 = FILL_AREA_STYLE_COLOUR ( '', #2042 ) ;
#2000 = ORIENTED_EDGE ( 'NONE', *, *, #1120, .T. ) ;
#2001 = FACE_OUTER_BOUND ( 'NONE', #749, .T. ) ;
#2002 = CARTESIAN_POINT ( 'NONE',  ( -1.400000000000000577, 0.000000000000000000, 0.6700000000000000400 ) ) ;
#2003 = CIRCLE ( 'NONE', #376, 0.1499999999999999667 ) ;
#2004 = VECTOR ( 'NONE', #1167, 1000.000000000000000 ) ;
#2005 = DIRECTION ( 'NONE',  ( 0.000000000000000000, -0.000000000000000000, -1.000000000000000000 ) ) ;
#2006 = AXIS2_PLACEMENT_3D ( 'NONE', #1321, #354, #1885 ) ;
#2007 = ORIENTED_EDGE ( 'NONE', *, *, #2062, .T. ) ;
#2008 = CARTESIAN_POINT ( 'NONE',  ( -1.100000000000000533, 0.000000000000000000, 0.6700000000000000400 ) ) ;
#2009 = EDGE_CURVE ( 'NONE', #706, #936, #1762, .T. ) ;
#2010 = DIRECTION ( 'NONE',  ( -0.000000000000000000, -1.000000000000000000, -0.000000000000000000 ) ) ;
#2011 = ORIENTED_EDGE ( 'NONE', *, *, #1105, .F. ) ;
#2012 = DIRECTION ( 'NONE',  ( 0.000000000000000000, 0.000000000000000000, -1.000000000000000000 ) ) ;
#2013 = ORIENTED_EDGE ( 'NONE', *, *, #1105, .T. ) ;
#2014 = AXIS2_PLACEMENT_3D ( 'NONE', #519, #1878, #1530 ) ;
#2015 = DIRECTION ( 'NONE',  ( -0.000000000000000000, -1.000000000000000000, 0.000000000000000000 ) ) ;
#2016 = AXIS2_PLACEMENT_3D ( 'NONE', #78, #1110, #1276 ) ;
#2017 = ORIENTED_EDGE ( 'NONE', *, *, #1115, .F. ) ;
#2018 = PLANE ( 'NONE',  #1620 ) ;
#2019 = ORIENTED_EDGE ( 'NONE', *, *, #2189, .T. ) ;
#2020 = ORIENTED_EDGE ( 'NONE', *, *, #1576, .T. ) ;
#2021 = ADVANCED_FACE ( 'NONE', ( #1104 ), #1684, .T. ) ;
#2022 = DIRECTION ( 'NONE',  ( 0.000000000000000000, -1.000000000000000000, 0.000000000000000000 ) ) ;
#2023 = VERTEX_POINT ( 'NONE', #1080 ) ;
#2024 = CARTESIAN_POINT ( 'NONE',  ( 1.400000000000000577, 0.000000000000000000, -0.6700000000000000400 ) ) ;
#2025 = DIRECTION ( 'NONE',  ( -0.7071067811865453523, -0.000000000000000000, -0.7071067811865496822 ) ) ;
#2026 = VECTOR ( 'NONE', #352, 1000.000000000000000 ) ;
#2027 = CARTESIAN_POINT ( 'NONE',  ( 1.450000000000000178, 0.000000000000000000, 0.7500000000000000000 ) ) ;
#2028 = ORIENTED_EDGE ( 'NONE', *, *, #2129, .F. ) ;
#2029 = LINE ( 'NONE', #903, #673 ) ;
#2030 = ORIENTED_EDGE ( 'NONE', *, *, #1950, .F. ) ;
#2031 = CARTESIAN_POINT ( 'NONE',  ( -1.520000000000000462, 0.1499999999999999944, -0.5500000000000000444 ) ) ;
#2032 = ORIENTED_EDGE ( 'NONE', *, *, #1266, .F. ) ;
#2033 = LINE ( 'NONE', #1715, #1580 ) ;
#2034 = ADVANCED_FACE ( 'NONE', ( #1775 ), #598, .F. ) ;
#2035 = ADVANCED_FACE ( 'NONE', ( #772 ), #382, .F. ) ;
#2036 = ORIENTED_EDGE ( 'NONE', *, *, #1962, .F. ) ;
#2037 = LINE ( 'NONE', #1206, #219 ) ;
#2038 = ORIENTED_EDGE ( 'NONE', *, *, #1024, .T. ) ;
#2039 = VECTOR ( 'NONE', #637, 1000.000000000000000 ) ;
#2040 = PLANE ( 'NONE',  #1754 ) ;
#2041 = ORIENTED_EDGE ( 'NONE', *, *, #333, .F. ) ;
#2042 = COLOUR_RGB ( '',0.7921568627450980005, 0.8196078431372548767, 0.9333333333333333481 ) ;
#2043 = VECTOR ( 'NONE', #1456, 1000.000000000000000 ) ;
#2044 = DIRECTION ( 'NONE',  ( 0.000000000000000000, -1.000000000000000000, 0.000000000000000000 ) ) ;
#2045 = ORIENTED_EDGE ( 'NONE', *, *, #1773, .T. ) ;
#2046 = DIRECTION ( 'NONE',  ( 0.000000000000000000, -1.000000000000000000, 0.000000000000000000 ) ) ;
#2047 = DIRECTION ( 'NONE',  ( -0.000000000000000000, -1.000000000000000000, -0.000000000000000000 ) ) ;
#2048 = ORIENTED_EDGE ( 'NONE', *, *, #1045, .F. ) ;
#2049 = ORIENTED_EDGE ( 'NONE', *, *, #924, .F. ) ;
#2050 = VECTOR ( 'NONE', #1791, 1000.000000000000000 ) ;
#2051 = LINE ( 'NONE', #15, #1409 ) ;
#2052 = ORIENTED_EDGE ( 'NONE', *, *, #1474, .T. ) ;
#2053 = EDGE_LOOP ( 'NONE', ( #781, #1482, #601, #1941 ) ) ;
#2054 = CARTESIAN_POINT ( 'NONE',  ( -1.600000000000000533, 1.765638989618750321, -0.7500000000000000000 ) ) ;
#2055 = VECTOR ( 'NONE', #1145, 1000.000000000000000 ) ;
#2056 = CARTESIAN_POINT ( 'NONE',  ( 1.600000000000000533, 0.000000000000000000, 0.7500000000000000000 ) ) ;
#2057 = CARTESIAN_POINT ( 'NONE',  ( -1.369999999999999440, 0.5999999999999999778, -0.6199999999999999956 ) ) ;
#2058 = DIRECTION ( 'NONE',  ( 0.000000000000000000, 1.000000000000000000, -0.000000000000000000 ) ) ;
#2059 = EDGE_CURVE ( 'NONE', #864, #1343, #619, .T. ) ;
#2060 = AXIS2_PLACEMENT_3D ( 'NONE', #2057, #1380, #1042 ) ;
#2061 = EDGE_LOOP ( 'NONE', ( #1563, #1329, #96, #1312 ) ) ;
#2062 = EDGE_CURVE ( 'NONE', #1392, #12, #1784, .T. ) ;
#2063 = CARTESIAN_POINT ( 'NONE',  ( 1.520000000000000462, 0.000000000000000000, -0.5500000000000000444 ) ) ;
#2064 = CYLINDRICAL_SURFACE ( 'NONE', #512, 0.1499999999999999667 ) ;
#2065 = EDGE_CURVE ( 'NONE', #669, #1696, #267, .T. ) ;
#2066 = UNCERTAINTY_MEASURE_WITH_UNIT (LENGTH_MEASURE( 1.000000000000000082E-05 ), #676, 'distance_accuracy_value', 'NONE');
#2067 = DIRECTION ( 'NONE',  ( 0.000000000000000000, 1.000000000000000000, 0.000000000000000000 ) ) ;
#2068 = PLANE ( 'NONE',  #285 ) ;
#2069 = ORIENTED_EDGE ( 'NONE', *, *, #1892, .F. ) ;
#2070 = VERTEX_POINT ( 'NONE', #433 ) ;
#2071 = CARTESIAN_POINT ( 'NONE',  ( -1.519999999999999352, 0.5999999999999999778, 0.6700000000000000400 ) ) ;
#2072 = VECTOR ( 'NONE', #422, 1000.000000000000000 ) ;
#2073 = DIRECTION ( 'NONE',  ( 0.000000000000000000, 0.000000000000000000, 1.000000000000000000 ) ) ;
#2074 = CIRCLE ( 'NONE', #481, 0.1499999999999999667 ) ;
#2075 = AXIS2_PLACEMENT_3D ( 'NONE', #1664, #112, #2012 ) ;
#2076 = ADVANCED_FACE ( 'NONE', ( #974 ), #302, .F. ) ;
#2077 = ORIENTED_EDGE ( 'NONE', *, *, #71, .F. ) ;
#2078 = LINE ( 'NONE', #727, #1140 ) ;
#2079 = AXIS2_PLACEMENT_3D ( 'NONE', #132, #816, #2147 ) ;
#2080 = ORIENTED_EDGE ( 'NONE', *, *, #748, .F. ) ;
#2081 = DIRECTION ( 'NONE',  ( 0.7071067811865526798, 0.000000000000000000, -0.7071067811865424657 ) ) ;
#2082 = LINE ( 'NONE', #1403, #1701 ) ;
#2083 = AXIS2_PLACEMENT_3D ( 'NONE', #830, #2015, #193 ) ;
#2084 = FACE_OUTER_BOUND ( 'NONE', #705, .T. ) ;
#2085 = LINE ( 'NONE', #432, #2153 ) ;
#2086 = LINE ( 'NONE', #759, #305 ) ;
#2087 = DIRECTION ( 'NONE',  ( 1.000000000000000000, 0.000000000000000000, 0.000000000000000000 ) ) ;
#2088 = ORIENTED_EDGE ( 'NONE', *, *, #1801, .T. ) ;
#2089 = ADVANCED_FACE ( 'NONE', ( #313 ), #1862, .T. ) ;
#2090 = CIRCLE ( 'NONE', #678, 0.1000000000000000472 ) ;
#2091 = CARTESIAN_POINT ( 'NONE',  ( -0.8500000000000005329, 0.1499999999999999944, 0.4200000000000025935 ) ) ;
#2092 = VECTOR ( 'NONE', #760, 1000.000000000000000 ) ;
#2093 = ORIENTED_EDGE ( 'NONE', *, *, #860, .T. ) ;
#2094 = CARTESIAN_POINT ( 'NONE',  ( 1.469999999999999973, 0.5999999999999999778, 0.5200000000000000178 ) ) ;
#2095 = DIRECTION ( 'NONE',  ( -0.000000000000000000, 0.000000000000000000, -1.000000000000000000 ) ) ;
#2096 =( LENGTH_UNIT ( ) NAMED_UNIT ( * ) SI_UNIT ( .MILLI., .METRE. ) );
#2097 = VERTEX_POINT ( 'NONE', #820 ) ;
#2098 = LINE ( 'NONE', #1248, #170 ) ;
#2099 = EDGE_CURVE ( 'NONE', #625, #1018, #1315, .T. ) ;
#2100 = DIRECTION ( 'NONE',  ( -0.7071067811865437980, 0.000000000000000000, -0.7071067811865513475 ) ) ;
#2101 = VERTEX_POINT ( 'NONE', #468 ) ;
#2102 = ADVANCED_FACE ( 'NONE', ( #1825 ), #952, .F. ) ;
#2103 = DIRECTION ( 'NONE',  ( -0.7071067811865512365, 0.000000000000000000, 0.7071067811865439090 ) ) ;
#2104 = VERTEX_POINT ( 'NONE', #607 ) ;
#2105 = CARTESIAN_POINT ( 'NONE',  ( -1.520000000000000462, 0.000000000000000000, -0.5500000000000000444 ) ) ;
#2106 = CARTESIAN_POINT ( 'NONE',  ( 1.520000000000000462, 0.1499999999999999667, -0.5500000000000000444 ) ) ;
#2107 = EDGE_LOOP ( 'NONE', ( #1844, #483, #1951, #1736 ) ) ;
#2108 = DIRECTION ( 'NONE',  ( -0.000000000000000000, 1.000000000000000000, -0.000000000000000000 ) ) ;
#2109 = DIRECTION ( 'NONE',  ( 0.000000000000000000, 0.000000000000000000, 1.000000000000000000 ) ) ;
#2110 = AXIS2_PLACEMENT_3D ( 'NONE', #292, #1637, #116 ) ;
#2111 = VECTOR ( 'NONE', #446, 1000.000000000000000 ) ;
#2112 = VECTOR ( 'NONE', #420, 1000.000000000000000 ) ;
#2113 = CARTESIAN_POINT ( 'NONE',  ( -1.400000000000000577, 0.1499999999999999944, 0.6700000000000000400 ) ) ;
#2114 = ORIENTED_EDGE ( 'NONE', *, *, #164, .F. ) ;
#2115 = LINE ( 'NONE', #402, #2050 ) ;
#2116 = DIRECTION ( 'NONE',  ( 0.000000000000000000, -0.000000000000000000, -1.000000000000000000 ) ) ;
#2117 = EDGE_CURVE ( 'NONE', #1745, #172, #1487, .T. ) ;
#2118 = CARTESIAN_POINT ( 'NONE',  ( -1.452535721577320915, 1.765638989618750321, 0.7225357215773205999 ) ) ;
#2119 = FACE_OUTER_BOUND ( 'NONE', #1803, .T. ) ;
#2120 = DIRECTION ( 'NONE',  ( -0.7071067811865453523, -0.000000000000000000, -0.7071067811865496822 ) ) ;
#2121 = CARTESIAN_POINT ( 'NONE',  ( 1.469999999999999751, 0.5999999999999999778, -0.5200000000000000178 ) ) ;
#2122 = VERTEX_POINT ( 'NONE', #1996 ) ;
#2123 = AXIS2_PLACEMENT_3D ( 'NONE', #429, #2095, #1936 ) ;
#2124 = DIRECTION ( 'NONE',  ( -0.7071067811865453523, 0.000000000000000000, -0.7071067811865496822 ) ) ;
#2125 = PLANE ( 'NONE',  #2123 ) ;
#2126 = EDGE_CURVE ( 'NONE', #1499, #427, #1464, .T. ) ;
#2127 = CYLINDRICAL_SURFACE ( 'NONE', #380, 0.1500000000000000777 ) ;
#2128 = DIRECTION ( 'NONE',  ( 0.000000000000000000, 0.000000000000000000, 1.000000000000000000 ) ) ;
#2129 = EDGE_CURVE ( 'NONE', #1846, #1284, #1667, .T. ) ;
#2130 = LINE ( 'NONE', #1815, #1051 ) ;
#2131 = DIRECTION ( 'NONE',  ( -0.7071067811865439090, 0.000000000000000000, 0.7071067811865512365 ) ) ;
#2132 =( LENGTH_UNIT ( ) NAMED_UNIT ( * ) SI_UNIT ( .MILLI., .METRE. ) );
#2133 = ORIENTED_EDGE ( 'NONE', *, *, #1545, .T. ) ;
#2134 = ADVANCED_FACE ( 'NONE', ( #2152 ), #1661, .F. ) ;
#2135 = CARTESIAN_POINT ( 'NONE',  ( -0.8500000000000006439, 0.1499999999999999944, -0.4200000000000023159 ) ) ;
#2136 = ORIENTED_EDGE ( 'NONE', *, *, #1432, .F. ) ;
#2137 = CARTESIAN_POINT ( 'NONE',  ( 1.520000000000000462, 1.765638989618750321, -0.5500000000000000444 ) ) ;
#2138 = CARTESIAN_POINT ( 'NONE',  ( 1.520000000000000462, 0.1499999999999999944, 0.5500000000000000444 ) ) ;
#2139 = DIRECTION ( 'NONE',  ( -0.7071067811865453523, 0.000000000000000000, 0.7071067811865496822 ) ) ;
#2140 = LINE ( 'NONE', #102, #1300 ) ;
#2141 = CARTESIAN_POINT ( 'NONE',  ( 1.369999999999999662, 0.6500000000000000222, -0.5200000000000000178 ) ) ;
#2142 = DIRECTION ( 'NONE',  ( 0.000000000000000000, 0.000000000000000000, -1.000000000000000000 ) ) ;
#2143 = ORIENTED_EDGE ( 'NONE', *, *, #758, .F. ) ;
#2144 = AXIS2_PLACEMENT_3D ( 'NONE', #1092, #2100, #565 ) ;
#2145 = DIRECTION ( 'NONE',  ( 0.000000000000000000, 1.000000000000000000, 0.000000000000000000 ) ) ;
#2146 = AXIS2_PLACEMENT_3D ( 'NONE', #1107, #1273, #554 ) ;
#2147 = DIRECTION ( 'NONE',  ( 0.000000000000000000, 0.000000000000000000, 1.000000000000000000 ) ) ;
#2148 = AXIS2_PLACEMENT_3D ( 'NONE', #440, #596, #783 ) ;
#2149 = AXIS2_PLACEMENT_3D ( 'NONE', #1635, #1486, #1278 ) ;
#2150 = DIRECTION ( 'NONE',  ( -0.000000000000000000, 1.000000000000000000, -0.000000000000000000 ) ) ;
#2151 = LINE ( 'NONE', #981, #526 ) ;
#2152 = FACE_OUTER_BOUND ( 'NONE', #138, .T. ) ;
#2153 = VECTOR ( 'NONE', #1066, 1000.000000000000000 ) ;
#2154 = DIRECTION ( 'NONE',  ( 0.7071067811865496822, -0.000000000000000000, 0.7071067811865453523 ) ) ;
#2155 = ADVANCED_FACE ( 'NONE', ( #647 ), #655, .T. ) ;
#2156 = ORIENTED_EDGE ( 'NONE', *, *, #1839, .F. ) ;
#2157 = ORIENTED_EDGE ( 'NONE', *, *, #1374, .F. ) ;
#2158 = DIRECTION ( 'NONE',  ( 0.000000000000000000, 0.000000000000000000, 1.000000000000000000 ) ) ;
#2159 = CARTESIAN_POINT ( 'NONE',  ( -1.520000000000000462, 0.1499999999999999667, -0.5500000000000000444 ) ) ;
#2160 = EDGE_CURVE ( 'NONE', #1818, #323, #2130, .T. ) ;
#2161 = FACE_OUTER_BOUND ( 'NONE', #494, .T. ) ;
#2162 = FACE_OUTER_BOUND ( 'NONE', #1583, .T. ) ;
#2163 = CARTESIAN_POINT ( 'NONE',  ( 1.369999999999999885, 0.5999999999999999778, 0.5200000000000000178 ) ) ;
#2164 = EDGE_CURVE ( 'NONE', #1153, #669, #1960, .T. ) ;
#2165 = EDGE_LOOP ( 'NONE', ( #1130, #44, #2052, #945 ) ) ;
#2166 = LINE ( 'NONE', #1828, #1256 ) ;
#2167 = EDGE_LOOP ( 'NONE', ( #1643, #1037, #1629, #348 ) ) ;
#2168 = ADVANCED_FACE ( 'NONE', ( #1292 ), #964, .T. ) ;
#2169 = ORIENTED_EDGE ( 'NONE', *, *, #1, .F. ) ;
#2170 = CARTESIAN_POINT ( 'NONE',  ( -1.100000000000000755, 0.1499999999999999667, -0.6699999999999998179 ) ) ;
#2171 = DIRECTION ( 'NONE',  ( -1.000000000000000000, 0.000000000000000000, 1.290716872006545631E-16 ) ) ;
#2172 = CARTESIAN_POINT ( 'NONE',  ( -1.100000000000000533, 0.1499999999999999944, 0.6700000000000000400 ) ) ;
#2173 = ORIENTED_EDGE ( 'NONE', *, *, #1501, .F. ) ;
#2174 = CARTESIAN_POINT ( 'NONE',  ( -1.469999999999999529, 0.5999999999999999778, 0.000000000000000000 ) ) ;
#2175 = ORIENTED_EDGE ( 'NONE', *, *, #2065, .T. ) ;
#2176 = CARTESIAN_POINT ( 'NONE',  ( -1.100000000000000533, 0.000000000000000000, 0.6700000000000000400 ) ) ;
#2177 = VECTOR ( 'NONE', #1651, 1000.000000000000000 ) ;
#2178 = AXIS2_PLACEMENT_3D ( 'NONE', #1697, #336, #1713 ) ;
#2179 = DIRECTION ( 'NONE',  ( 1.000000000000000000, 0.000000000000000000, 0.000000000000000000 ) ) ;
#2180 = VECTOR ( 'NONE', #1010, 1000.000000000000000 ) ;
#2181 = EDGE_CURVE ( 'NONE', #276, #1096, #268, .T. ) ;
#2182 =( GEOMETRIC_REPRESENTATION_CONTEXT ( 3 ) GLOBAL_UNCERTAINTY_ASSIGNED_CONTEXT ( ( #921 ) ) GLOBAL_UNIT_ASSIGNED_CONTEXT ( ( #298, #643, #451 ) ) REPRESENTATION_CONTEXT ( 'NONE', 'WORKASPACE' ) );
#2183 = ORIENTED_EDGE ( 'NONE', *, *, #1438, .T. ) ;
#2184 = CARTESIAN_POINT ( 'NONE',  ( -1.572535721577320356, 0.1499999999999999944, -0.6025357215773206043 ) ) ;
#2185 = VERTEX_POINT ( 'NONE', #1927 ) ;
#2186 = DIRECTION ( 'NONE',  ( 0.000000000000000000, 0.000000000000000000, -1.000000000000000000 ) ) ;
#2187 = ORIENTED_EDGE ( 'NONE', *, *, #1545, .F. ) ;
#2188 = SURFACE_STYLE_USAGE ( .BOTH. , #1008 ) ;
#2189 = EDGE_CURVE ( 'NONE', #1168, #379, #591, .T. ) ;
ENDSEC;
END-ISO-10303-21;
